store,flyer_id,item_id,name,brand,price,original_price,pre_price_text,post_price_text,display_price,sale_story,valid_from,valid_to,page_number,left,top,right,bottom,cutout_image_url
Costco,8089499,1033968742,AT Vector Spinner Carry On by Samsonite,American Tourister,79.99,,,,$79.99,,2026-08-17T00:00:00-04:00,2026-08-23T23:59:59-04:00,,4546.48,-142.78,5365.68,-936.02,http://f.wishabi.net/page_items/430853249/1786991004/extra_large.jpg
Costco,8089499,1033968760,Aiden & Ivy Sereen 4-piece Modular Sofa with Ottoman,Aiden & Ivy Furniture,2199.99,,,,$2199.99,,2026-08-17T00:00:00-04:00,2026-08-23T23:59:59-04:00,,4260.92,-2000.41,4794.55,-2793.65,http://f.wishabi.net/page_items/430853253/1786991008/extra_large.jpg
Costco,8089499,1033968847,"Air Canada - Knox 2.0, Hard-Side Carry-On Spinner Luggage",Air Canada,159.99,,,,$159.99,,2026-08-17T00:00:00-04:00,2026-08-23T23:59:59-04:00,,1878.79,-2314.82,2412.42,-3108.06,http://f.wishabi.net/page_items/430853240/1786991007/extra_large.jpg
Costco,8089499,1033968729,All Clad EZ Clean 3.5 L (3.7 qt.) Pro Deep Fryer,All Clad,199.99,,,,$199.99,,2026-08-17T00:00:00-04:00,2026-08-23T23:59:59-04:00,,18177.8,-1071.59,18997.0,-1864.83,http://f.wishabi.net/page_items/430853350/1786991006/extra_large.jpg
Costco,8089499,1033968864,"Alpena Black Diamond Universal Fit Luxury Seat Cover, 2-pack",Alpena,119.99,,,,$119.99,,2026-08-17T00:00:00-04:00,2026-08-23T23:59:59-04:00,,6071.92,-3217.67,6605.55,-4010.91,http://f.wishabi.net/page_items/430853269/1786991011/extra_large.jpg
Costco,8089499,1033968849,"Alpena Black Padded Universal Fit Luxury Seat Cover, 2-pack",Alpena,129.99,,,,$129.99,,2026-08-17T00:00:00-04:00,2026-08-23T23:59:59-04:00,,6071.92,-1411.97,6605.55,-2205.21,http://f.wishabi.net/page_items/430853263/1786991006/extra_large.jpg
Costco,8089499,1033968846,"Alpena Grey Ultimate Universal Fit Luxury Seat Cover, 2-pack",Alpena,119.99,,,,$119.99,,2026-08-17T00:00:00-04:00,2026-08-23T23:59:59-04:00,,5500.79,-1411.97,6034.42,-2205.21,http://f.wishabi.net/page_items/430853262/1786991006/extra_large.jpg
Costco,8089499,1033968735,"Alpena Red Racer Universal Fit Luxury Seat Cover, 2-pack",Alpena,129.99,,,,$129.99,,2026-08-17T00:00:00-04:00,2026-08-23T23:59:59-04:00,,7311.79,-142.78,8130.99,-936.02,http://f.wishabi.net/page_items/430853273/1786991003/extra_large.jpg
Costco,8088337,1033909278,Always Infinity with FlexFoam Size 2 Menstrual Pads,Always,19.99,,,,$19.99,,2026-08-17T00:00:00-04:00,2026-08-23T23:59:59-04:00,,1878.79,-142.78,2697.99,-936.02,http://f.wishabi.net/page_items/430820220/1786975448/extra_large.jpg
Costco,8089499,1033968736,Amana 30 in. 4.8 cu ft. Electric 4 Element Range with Bake Assist,Amana,794.99,,,,$794.99,,2026-08-17T00:00:00-04:00,2026-08-23T23:59:59-04:00,,12744.8,-509.11,13278.4,-1302.35,http://f.wishabi.net/page_items/430853309/1786991003/extra_large.jpg
Costco,8089499,1033968906,Amana 30 in. 4.8 cu ft. White Electric Range with Self-Clean Option,Amana,794.99,,,,$794.99,,2026-08-17T00:00:00-04:00,2026-08-23T23:59:59-04:00,,15412.5,-1071.59,16231.7,-1864.83,http://f.wishabi.net/page_items/430853326/1786991006/extra_large.jpg
Costco,8089499,1033968853,Appollo Spencer Shower Base,Appollo,339.99,,,,$339.99,,2026-08-17T00:00:00-04:00,2026-08-23T23:59:59-04:00,,1878.79,-3217.67,2412.42,-4010.91,http://f.wishabi.net/page_items/430853243/1786991009/extra_large.jpg
Costco,8088337,1033909255,"Bachan's Japanese BBQ Sauce, 739 mL",Bachan's,12.99,,,,$12.99,,2026-08-17T00:00:00-04:00,2026-08-23T23:59:59-04:00,,7311.79,-2000.41,7845.42,-2793.65,http://f.wishabi.net/page_items/430820260/1786975451/extra_large.jpg
Costco,8089499,1033968965,Beautyrest 35.6 cm (14 in.) Hybrid Mattress,Beautyrest,699.99,,,,$699.99,,2026-08-17T00:00:00-04:00,2026-08-23T23:59:59-04:00,,21131.1,-3217.67,21664.7,-4010.91,http://f.wishabi.net/page_items/430853370/1786991013/extra_large.jpg
Costco,8089499,1033968764,"Bed & Room Porter Portrait Wall Bed with Desk and Two Side Towers, Queen",Bed & Room,3829.99,,,,$3829.99,,2026-08-17T00:00:00-04:00,2026-08-23T23:59:59-04:00,,4832.05,-2000.41,5365.68,-2793.65,http://f.wishabi.net/page_items/430853254/1786991009/extra_large.jpg
Costco,8088337,1033909264,"Bertolli Extra Light Tasting Olive Oil, 3 L",Bertolli,27.99,,,,$27.99,,2026-08-17T00:00:00-04:00,2026-08-23T23:59:59-04:00,,12744.8,-142.78,13564.0,-936.02,http://f.wishabi.net/page_items/430820292/1786975449/extra_large.jpg
Costco,8089499,1033968866,Black Bulldog - Grizzly 5 Truck Bed Slide,Black Bulldog,999.99,,,,$999.99,,2026-08-17T00:00:00-04:00,2026-08-23T23:59:59-04:00,,6643.05,-3217.67,7176.68,-4010.91,http://f.wishabi.net/page_items/430853270/1786991012/extra_large.jpg
Costco,8089499,1033968773,Black Bulldog - Grizzly 6 Truck Bed Slide,Black Bulldog,1049.99,,,,$1049.99,,2026-08-17T00:00:00-04:00,2026-08-23T23:59:59-04:00,,8454.05,-2000.41,8987.68,-2793.65,http://f.wishabi.net/page_items/430853279/1786991008/extra_large.jpg
Costco,8089499,1033968809,Borealis Outdoors - CAMP 1 Backpacking Gas Stove,Borealis Outdoors,99.99,,,,$99.99,,2026-08-17T00:00:00-04:00,2026-08-23T23:59:59-04:00,,10933.8,-142.78,11753.0,-936.02,http://f.wishabi.net/page_items/430853298/1786991003/extra_large.jpg
Costco,8089499,1033968834,Borealis Queen Cabinet Bed with Drawer & Mattress,Borealis,1299.99,,,,$1299.99,,2026-08-17T00:00:00-04:00,2026-08-23T23:59:59-04:00,,3021.05,-509.11,3554.68,-1302.35,http://f.wishabi.net/page_items/430853236/1786991004/extra_large.jpg
Costco,8088337,1033909245,"Bounce Select A Size Dryer Sheets, 400-count",Tide,15.99,,,,$15.99,,2026-08-17T00:00:00-04:00,2026-08-23T23:59:59-04:00,,3689.79,-2000.41,4223.42,-2793.65,http://f.wishabi.net/page_items/430820236/1786975451/extra_large.jpg
Costco,8088337,1033909308,"Brookside Dark Chocolate Açai & Blueberry Flavours, 850 g",Brookside,12.99,,,,$12.99,,2026-08-17T00:00:00-04:00,2026-08-23T23:59:59-04:00,,3021.05,-2929.22,3554.68,-3722.46,http://f.wishabi.net/page_items/430820229/1786975454/extra_large.jpg
Costco,8089499,1033968824,CSTCA0817261090021,,,,,,,,2026-08-17T00:00:00-04:00,2026-08-23T23:59:59-04:00,,16299.0,0.0,16300.4,-1.44,http://f.wishabi.net/page_items/430853333/1786991002/extra_large.jpg
Costco,8089499,1033968724,CSTCA0817261190122,,,,,,,,2026-08-17T00:00:00-04:00,2026-08-23T23:59:59-04:00,,18355.2,-3857.62,19676.3,-3932.62,http://f.wishabi.net/page_items/430853346/1786991002/extra_large.jpg
Costco,8089499,1033968726,CSTCA0817261190223,,,,,,,,2026-08-17T00:00:00-04:00,2026-08-23T23:59:59-04:00,,18110.0,0.0,18111.4,-1.44,http://f.wishabi.net/page_items/430853347/1786991003/extra_large.jpg
Costco,8089499,1033968916,CSTCA0817261290024,,,,,,,,2026-08-17T00:00:00-04:00,2026-08-23T23:59:59-04:00,,19921.0,0.0,19922.4,-1.44,http://f.wishabi.net/page_items/430853358/1786991002/extra_large.jpg
Costco,8089499,1033968756,CSTCA0817261390125,,,,,,,,2026-08-17T00:00:00-04:00,2026-08-23T23:59:59-04:00,,21977.2,-3857.62,23298.3,-3932.62,http://f.wishabi.net/page_items/430853371/1786991002/extra_large.jpg
Costco,8089499,1033968785,CSTCA0817261390226,,,,,,,,2026-08-17T00:00:00-04:00,2026-08-23T23:59:59-04:00,,21732.0,0.0,21733.4,-1.44,http://f.wishabi.net/page_items/430853372/1786991003/extra_large.jpg
Costco,8089499,1033968818,CSTCA0817261490027,,,,,,,,2026-08-17T00:00:00-04:00,2026-08-23T23:59:59-04:00,,23543.0,0.0,23544.4,-1.44,http://f.wishabi.net/page_items/430853383/1786991003/extra_large.jpg
Costco,8089499,1033968771,CSTCA0817261590128,,,,,,,,2026-08-17T00:00:00-04:00,2026-08-23T23:59:59-04:00,,25599.2,-3857.62,26920.3,-3932.62,http://f.wishabi.net/page_items/430853396/1786991003/extra_large.jpg
Costco,8089499,1033968786,CSTCA0817261590229,,,,,,,,2026-08-17T00:00:00-04:00,2026-08-23T23:59:59-04:00,,25354.0,0.0,25355.4,-1.44,http://f.wishabi.net/page_items/430853397/1786991004/extra_large.jpg
Costco,8089499,1033968702,CSTCA08172618056,,,,,,,,2026-08-17T00:00:00-04:00,2026-08-23T23:59:59-04:00,,67.79,-70.67,861.03,-269.7,http://f.wishabi.net/page_items/430853224/1786991002/extra_large.jpg
Costco,8089499,1033968811,CSTCA08172629009,,,,,,,,2026-08-17T00:00:00-04:00,2026-08-23T23:59:59-04:00,,1811.0,0.0,1812.44,-1.44,http://f.wishabi.net/page_items/430853233/1786991002/extra_large.jpg
Costco,8089499,1033968721,CSTCA081726390110,,,,,,,,2026-08-17T00:00:00-04:00,2026-08-23T23:59:59-04:00,,3867.18,-3857.62,5188.29,-3932.62,http://f.wishabi.net/page_items/430853246/1786991002/extra_large.jpg
Costco,8089499,1033968731,CSTCA081726390211,,,,,,,,2026-08-17T00:00:00-04:00,2026-08-23T23:59:59-04:00,,3622.0,0.0,3623.44,-1.44,http://f.wishabi.net/page_items/430853247/1786991003/extra_large.jpg
Costco,8089499,1033968814,CSTCA081726490012,,,,,,,,2026-08-17T00:00:00-04:00,2026-08-23T23:59:59-04:00,,5433.0,0.0,5434.44,-1.44,http://f.wishabi.net/page_items/430853258/1786991002/extra_large.jpg
Costco,8089499,1033968722,CSTCA081726590113,,,,,,,,2026-08-17T00:00:00-04:00,2026-08-23T23:59:59-04:00,,7489.18,-3857.62,8810.29,-3932.62,http://f.wishabi.net/page_items/430853271/1786991002/extra_large.jpg
Costco,8089499,1033968730,CSTCA081726590214,,,,,,,,2026-08-17T00:00:00-04:00,2026-08-23T23:59:59-04:00,,7244.0,0.0,7245.44,-1.44,http://f.wishabi.net/page_items/430853272/1786991003/extra_large.jpg
Costco,8089499,1033968723,CSTCA081726690015,,,,,,,,2026-08-17T00:00:00-04:00,2026-08-23T23:59:59-04:00,,9055.0,0.0,9056.44,-1.44,http://f.wishabi.net/page_items/430853283/1786991002/extra_large.jpg
Costco,8089499,1033968804,CSTCA081726790116,,,,,,,,2026-08-17T00:00:00-04:00,2026-08-23T23:59:59-04:00,,11111.2,-3857.62,12432.3,-3932.62,http://f.wishabi.net/page_items/430853296/1786991002/extra_large.jpg
Costco,8089499,1033968807,CSTCA081726790217,,,,,,,,2026-08-17T00:00:00-04:00,2026-08-23T23:59:59-04:00,,10866.0,0.0,10867.4,-1.44,http://f.wishabi.net/page_items/430853297/1786991003/extra_large.jpg
Costco,8089499,1033968725,CSTCA081726890018,,,,,,,,2026-08-17T00:00:00-04:00,2026-08-23T23:59:59-04:00,,12677.0,0.0,12678.4,-1.44,http://f.wishabi.net/page_items/430853308/1786991002/extra_large.jpg
Costco,8089499,1033968896,CSTCA081726990119,,,,,,,,2026-08-17T00:00:00-04:00,2026-08-23T23:59:59-04:00,,14733.2,-3857.62,16054.3,-3932.62,http://f.wishabi.net/page_items/430853321/1786991002/extra_large.jpg
Costco,8089499,1033968900,CSTCA081726990220,,,,,,,,2026-08-17T00:00:00-04:00,2026-08-23T23:59:59-04:00,,14488.0,0.0,14489.4,-1.44,http://f.wishabi.net/page_items/430853322/1786991003/extra_large.jpg
Costco,8089499,1033968703,CSTCA_COVER-BANNER_810-1,,,,,,,,2026-08-17T00:00:00-04:00,2026-08-23T23:59:59-04:00,,0.0,0.0,1.44,-1.44,http://f.wishabi.net/page_items/430853225/1786991002/extra_large.jpg
Costco,8088337,1033931034,CSTCG08172618056,,,,,,,,2026-08-17T00:00:00-04:00,2026-08-23T23:59:59-04:00,,67.79,-70.67,861.03,-269.7,http://f.wishabi.net/page_items/430824074/1786977478/extra_large.jpg
Costco,8088337,1033909274,CSTCG08172629019,,,,,,,,2026-08-17T00:00:00-04:00,2026-08-23T23:59:59-04:00,,2056.18,-3857.62,3377.29,-3932.62,http://f.wishabi.net/page_items/430820218/1786975447/extra_large.jpg
Costco,8088337,1033909276,CSTCG081726290210,,,,,,,,2026-08-17T00:00:00-04:00,2026-08-23T23:59:59-04:00,,1811.0,0.0,1812.44,-1.44,http://f.wishabi.net/page_items/430820219/1786975447/extra_large.jpg
Costco,8088337,1033909233,CSTCG081726390111,,,,,,,,2026-08-17T00:00:00-04:00,2026-08-23T23:59:59-04:00,,3867.18,-3857.62,5188.29,-3932.62,http://f.wishabi.net/page_items/430820230/1786975447/extra_large.jpg
Costco,8088337,1033909235,CSTCG081726390212,,,,,,,,2026-08-17T00:00:00-04:00,2026-08-23T23:59:59-04:00,,3622.0,0.0,3623.44,-1.44,http://f.wishabi.net/page_items/430820231/1786975448/extra_large.jpg
Costco,8088337,1033909279,CSTCG081726490113,,,,,,,,2026-08-17T00:00:00-04:00,2026-08-23T23:59:59-04:00,,5678.18,-3857.62,6999.29,-3932.62,http://f.wishabi.net/page_items/430820242/1786975447/extra_large.jpg
Costco,8088337,1033909283,CSTCG081726490214,,,,,,,,2026-08-17T00:00:00-04:00,2026-08-23T23:59:59-04:00,,5433.0,0.0,5434.44,-1.44,http://f.wishabi.net/page_items/430820243/1786975448/extra_large.jpg
Costco,8088337,1033909244,CSTCG081726590115,,,,,,,,2026-08-17T00:00:00-04:00,2026-08-23T23:59:59-04:00,,7489.18,-3857.62,8810.29,-3932.62,http://f.wishabi.net/page_items/430820254/1786975447/extra_large.jpg
Costco,8088337,1033909246,CSTCG081726590216,,,,,,,,2026-08-17T00:00:00-04:00,2026-08-23T23:59:59-04:00,,7244.0,0.0,7245.44,-1.44,http://f.wishabi.net/page_items/430820255/1786975448/extra_large.jpg
Costco,8088337,1033909275,CSTCG081726690117,,,,,,,,2026-08-17T00:00:00-04:00,2026-08-23T23:59:59-04:00,,9300.18,-3857.62,10621.3,-3932.62,http://f.wishabi.net/page_items/430820266/1786975447/extra_large.jpg
Costco,8088337,1033909277,CSTCG081726690218,,,,,,,,2026-08-17T00:00:00-04:00,2026-08-23T23:59:59-04:00,,9055.0,0.0,9056.44,-1.44,http://f.wishabi.net/page_items/430820267/1786975447/extra_large.jpg
Costco,8088337,1033909289,CSTCG081726790119,,,,,,,,2026-08-17T00:00:00-04:00,2026-08-23T23:59:59-04:00,,11111.2,-3857.62,12432.3,-3932.62,http://f.wishabi.net/page_items/430820278/1786975447/extra_large.jpg
Costco,8088337,1033909294,CSTCG081726790220,,,,,,,,2026-08-17T00:00:00-04:00,2026-08-23T23:59:59-04:00,,10866.0,0.0,10867.4,-1.44,http://f.wishabi.net/page_items/430820279/1786975448/extra_large.jpg
Costco,8088337,1033909262,CSTCG081726890121,,,,,,,,2026-08-17T00:00:00-04:00,2026-08-23T23:59:59-04:00,,12922.2,-3857.62,14243.3,-3932.62,http://f.wishabi.net/page_items/430820290/1786975447/extra_large.jpg
Costco,8088337,1033909263,CSTCG081726890222,,,,,,,,2026-08-17T00:00:00-04:00,2026-08-23T23:59:59-04:00,,12677.0,0.0,12678.4,-1.44,http://f.wishabi.net/page_items/430820291/1786975448/extra_large.jpg
Costco,8088337,1033909322,CSTCG081726990123,,,,,,,,2026-08-17T00:00:00-04:00,2026-08-23T23:59:59-04:00,,14733.2,-3857.62,16054.3,-3932.62,http://f.wishabi.net/page_items/430820302/1786975447/extra_large.jpg
Costco,8088337,1033909323,CSTCG081726990224,,,,,,,,2026-08-17T00:00:00-04:00,2026-08-23T23:59:59-04:00,,14488.0,0.0,14489.4,-1.44,http://f.wishabi.net/page_items/430820303/1786975448/extra_large.jpg
Costco,8088337,1033931035,CSTCG_COVER-BANNER_810_ENG-1,,,,,,,,2026-08-17T00:00:00-04:00,2026-08-23T23:59:59-04:00,,0.0,0.0,1.44,-1.44,http://f.wishabi.net/page_items/430824077/1786977479/extra_large.jpg
Costco,8089499,1033968909,Café 30 in. 5.7 cu ft. Dual Fuel Slide-in Front Control Range with True European Convection,Café,3494.99,,,,$3494.99,,2026-08-17T00:00:00-04:00,2026-08-23T23:59:59-04:00,,15698.0,-2000.41,16231.7,-2793.65,http://f.wishabi.net/page_items/430853329/1786991008/extra_large.jpg
Costco,8088337,1033909299,"Café William Organic Medium Roast Colombian Coffee Beans, 2 × 800 g",Café William,43.99,,,,$43.99,,2026-08-17T00:00:00-04:00,2026-08-23T23:59:59-04:00,,10933.8,-142.78,11753.0,-936.02,http://f.wishabi.net/page_items/430820280/1786975449/extra_large.jpg
Costco,8089499,1033968852,Camelion 3-pack Rechargeable LED Road Flares,Camelion,34.99,,,,$34.99,,2026-08-17T00:00:00-04:00,2026-08-23T23:59:59-04:00,,6643.05,-1411.97,7176.68,-2205.21,http://f.wishabi.net/page_items/430853264/1786991007/extra_large.jpg
Costco,8089499,1033968775,"Camelion Acorn Rechargeable Lantern, 3-pack",Camelion,38.99,,,,$38.99,,2026-08-17T00:00:00-04:00,2026-08-23T23:59:59-04:00,,9122.79,-3217.67,9656.42,-4010.91,http://f.wishabi.net/page_items/430853293/1786991008/extra_large.jpg
Costco,8088337,1033909318,"Cascade Power Clean Shine Boost, 115-count",Cascade,23.99,,,,$23.99,,2026-08-17T00:00:00-04:00,2026-08-23T23:59:59-04:00,,12076.0,-2000.41,12609.7,-2793.65,http://f.wishabi.net/page_items/430820286/1786975453/extra_large.jpg
Costco,8089499,1033968751,Casio G-SHOCK Black and Red Dial Men's Watch,Casio,249.99,,,,$249.99,,2026-08-17T00:00:00-04:00,2026-08-23T23:59:59-04:00,,4546.48,-1071.59,5365.68,-1864.83,http://f.wishabi.net/page_items/430853251/1786991006/extra_large.jpg
Costco,8088337,1033909321,"Celsius Vibes Energy Drink Variety Pack, 355 mL 18-pack",Celsius,31.99,,,,$31.99,,2026-08-17T00:00:00-04:00,2026-08-23T23:59:59-04:00,,12076.0,-2929.22,12609.7,-3722.46,http://f.wishabi.net/page_items/430820289/1786975455/extra_large.jpg
Costco,8089499,1033968850,"Champs - Vintage II, 3-piece Hardside Expandable Spinner Luggage Set",Champs,349.99,,,,$349.99,,2026-08-17T00:00:00-04:00,2026-08-23T23:59:59-04:00,,2449.92,-2314.82,2983.55,-3108.06,http://f.wishabi.net/page_items/430853241/1786991008/extra_large.jpg
Costco,8088337,1033909239,"Charmin Ultra Soft Toilet Paper Jumbo Rolls, 30 × 200 Sheets",Charmin,33.49,,,,$33.49,,2026-08-17T00:00:00-04:00,2026-08-23T23:59:59-04:00,,4546.48,-142.78,5365.68,-936.02,http://f.wishabi.net/page_items/430820233/1786975449/extra_large.jpg
Costco,8088337,1033909270,"Clif Bar Chocolate Chip Energy Bars, 10 × 68 g",Clif,12.99,,,,$12.99,,2026-08-17T00:00:00-04:00,2026-08-23T23:59:59-04:00,,13887.0,-2000.41,14420.7,-2793.65,http://f.wishabi.net/page_items/430820298/1786975453/extra_large.jpg
Costco,8088337,1033909265,"Clif Bar White Chocolate Flavoured Macadamia Nut, 10 × 68 g",Clif,12.99,,,,$12.99,,2026-08-17T00:00:00-04:00,2026-08-23T23:59:59-04:00,,13601.5,-142.78,14420.7,-936.02,http://f.wishabi.net/page_items/430820293/1786975450/extra_large.jpg
Costco,8089499,1033968805,Comfort Tech Elite Aurora - Medium 30.5 cm (12 in.) Double Foam Mattress,Comfort Tech,599.99,,,,$599.99,,2026-08-17T00:00:00-04:00,2026-08-23T23:59:59-04:00,,21799.8,-2929.22,22333.4,-3722.46,http://f.wishabi.net/page_items/430853380/1786991009/extra_large.jpg
Costco,8088337,1033909310,"Crunchmaster Multi-Grain Cracker, 567 g",Crunchmaster,11.49,,,,$11.49,,2026-08-17T00:00:00-04:00,2026-08-23T23:59:59-04:00,,10265.0,-2929.22,10798.7,-3722.46,http://f.wishabi.net/page_items/430820277/1786975454/extra_large.jpg
Costco,8089499,1033968745,"Cuisinart 3.8L Professional Deep Fryer, 1800W",Cuisinart,99.99,,,,$99.99,,2026-08-17T00:00:00-04:00,2026-08-23T23:59:59-04:00,,18177.8,-2929.22,18711.4,-3722.46,http://f.wishabi.net/page_items/430853355/1786991010/extra_large.jpg
Costco,8089499,1033968872,"Cuisinart 5-in-1 Griddler with Reversible Nonstick Grill and Griddle Plates, with Bonus Waffle Plates",Cuisinart,99.99,,,,$99.99,,2026-08-17T00:00:00-04:00,2026-08-23T23:59:59-04:00,,17509.1,-509.11,18042.7,-1302.35,http://f.wishabi.net/page_items/430853336/1786991004/extra_large.jpg
Costco,8089499,1033968885,Cuisinart Hot Air Popcorn Maker,Cuisinart,43.99,,,,$43.99,,2026-08-17T00:00:00-04:00,2026-08-23T23:59:59-04:00,,17509.1,-2314.82,18042.7,-3108.06,http://f.wishabi.net/page_items/430853342/1786991008/extra_large.jpg
Costco,8089499,1033968734,"Cuisinart One-Touch Vacuum Food Sealer, Dry & Moist Food Function",Cuisinart,89.99,,,,$89.99,,2026-08-17T00:00:00-04:00,2026-08-23T23:59:59-04:00,,18177.8,-2000.41,18711.4,-2793.65,http://f.wishabi.net/page_items/430853352/1786991007/extra_large.jpg
Costco,8089499,1033968894,Cuisinart Pastafecto Pasta & Bread Dough Maker,Cuisinart,139.99,,,,$139.99,,2026-08-17T00:00:00-04:00,2026-08-23T23:59:59-04:00,,17509.1,-3217.67,18042.7,-4010.91,http://f.wishabi.net/page_items/430853345/1786991010/extra_large.jpg
Costco,8089499,1033968733,Culinary Chef Electric 12 in. Pizza Oven with Adjustable Heat Control and Removable Pizza Stone,Culinary Chef,109.99,,,,$109.99,,2026-08-17T00:00:00-04:00,2026-08-23T23:59:59-04:00,,19034.5,-1071.59,19853.7,-1864.83,http://f.wishabi.net/page_items/430853351/1786991006/extra_large.jpg
Costco,8089499,1033968761,DK2 by Marlon Hitch-Mounted Platform E-Bike Carrier,DK2,449.99,,,,$449.99,,2026-08-17T00:00:00-04:00,2026-08-23T23:59:59-04:00,,7311.79,-2000.41,7845.42,-2793.65,http://f.wishabi.net/page_items/430853277/1786991006/extra_large.jpg
Costco,8088337,1033909250,"Dare Bear Paws Chocolate Chip Cookies, 40 Pouches",Dare,12.49,,,,$12.49,,2026-08-17T00:00:00-04:00,2026-08-23T23:59:59-04:00,,8168.48,-142.78,8987.68,-936.02,http://f.wishabi.net/page_items/430820257/1786975449/extra_large.jpg
Costco,8088337,1033909286,"Dawn Platinum Advanced Power, Dishwashing Liquid 2.66 L",Dawn,16.99,,,,$16.99,,2026-08-17T00:00:00-04:00,2026-08-23T23:59:59-04:00,,2735.48,-1071.59,3554.68,-1864.83,http://f.wishabi.net/page_items/430820223/1786975450/extra_large.jpg
Costco,8089499,1033968857,Disney Backpack and Lunch Bag Set,Disney,54.99,,,,$54.99,,2026-08-17T00:00:00-04:00,2026-08-23T23:59:59-04:00,,2449.92,-3217.67,2983.55,-4010.91,http://f.wishabi.net/page_items/430853244/1786991010/extra_large.jpg
Costco,8088337,1033909296,"Downy Soft Liquid Fabric Softener April Fresh 4.35 L, 251 Loads",Downy,19.99,,,,$19.99,,2026-08-17T00:00:00-04:00,2026-08-23T23:59:59-04:00,,9693.92,-2000.41,10227.5,-2793.65,http://f.wishabi.net/page_items/430820273/1786975451/extra_large.jpg
Costco,8088337,1033909258,"Downy Unstopables Fresh In-wash Scent Booster Beads, 1.13 kg",Downy,24.99,,,,$24.99,,2026-08-17T00:00:00-04:00,2026-08-23T23:59:59-04:00,,8454.05,-2000.41,8987.68,-2793.65,http://f.wishabi.net/page_items/430820262/1786975453/extra_large.jpg
Costco,8088337,1033909312,"Dr. Isabelle PhD Nutrition Discovery Ready-to-Eat Meal Box, 20-pack",Dr. Isabelle PhD Nutrition,159.99,,,,$159.99,,2026-08-17T00:00:00-04:00,2026-08-23T23:59:59-04:00,,11790.5,-1071.59,12609.7,-1864.83,http://f.wishabi.net/page_items/430820283/1786975451/extra_large.jpg
Costco,8088337,1033909282,"Dr. Isabelle PhD Nutrition Plant-Based Protein Bars, Crunchy Caramel, 30 x 50 g",Dr. Isabelle,44.99,,,,$44.99,,2026-08-17T00:00:00-04:00,2026-08-23T23:59:59-04:00,,9979.48,-142.78,10798.7,-936.02,http://f.wishabi.net/page_items/430820269/1786975449/extra_large.jpg
Costco,8088337,1033909256,"Dr. Isabelle PhD Nutrition Signature Ready-to-Eat Meal Box, 20-pack",Dr. Isabelle PhD Nutrition,159.99,,,,$159.99,,2026-08-17T00:00:00-04:00,2026-08-23T23:59:59-04:00,,4832.05,-2929.22,5365.68,-3722.46,http://f.wishabi.net/page_items/430820241/1786975454/extra_large.jpg
Costco,8089499,1033968842,Elegance Composite 12 ft. x 12 ft. Deck Kit,Elegance,1999.99,,,,$1999.99,,2026-08-17T00:00:00-04:00,2026-08-23T23:59:59-04:00,,2449.92,-1411.97,2983.55,-2205.21,http://f.wishabi.net/page_items/430853238/1786991006/extra_large.jpg
Costco,8089499,1033968904,Element 24 in. 3.7 cu ft. Electric Range,Element,599.99,,,,$599.99,,2026-08-17T00:00:00-04:00,2026-08-23T23:59:59-04:00,,14555.8,-1071.59,15375.0,-1864.83,http://f.wishabi.net/page_items/430853325/1786991005/extra_large.jpg
Costco,8089499,1033968770,Element 30 in. 5.0 cu ft. Electric Range with Adjustable Oven Rack,Element,699.99,,,,$699.99,,2026-08-17T00:00:00-04:00,2026-08-23T23:59:59-04:00,,13315.9,-2314.82,13849.5,-3108.06,http://f.wishabi.net/page_items/430853316/1786991008/extra_large.jpg
Costco,8089499,1033968854,Erickson 8.2 m (27 ft.) Ratchet Strap with Double J Hooks 2-pack,Erickson,44.99,,,,$44.99,,2026-08-17T00:00:00-04:00,2026-08-23T23:59:59-04:00,,5500.79,-2314.82,6034.42,-3108.06,http://f.wishabi.net/page_items/430853265/1786991008/extra_large.jpg
Costco,8089499,1033968777,Erickson O-Track Cargo Control System,Erickson,74.99,,,,$74.99,,2026-08-17T00:00:00-04:00,2026-08-23T23:59:59-04:00,,7311.79,-2929.22,7845.42,-3722.46,http://f.wishabi.net/page_items/430853280/1786991008/extra_large.jpg
Costco,8089499,1033968768,Erickson Retractable Ratchet Straps 4-pack,Erickson,64.99,,,,$64.99,,2026-08-17T00:00:00-04:00,2026-08-23T23:59:59-04:00,,7882.92,-2000.41,8416.55,-2793.65,http://f.wishabi.net/page_items/430853278/1786991007/extra_large.jpg
Costco,8089499,1033968781,"Erickson Tri Fold Steep Ramp, 454 kg (1000 lb.)",Erickson,179.99,,,,$179.99,,2026-08-17T00:00:00-04:00,2026-08-23T23:59:59-04:00,,7882.92,-2929.22,8416.55,-3722.46,http://f.wishabi.net/page_items/430853281/1786991009/extra_large.jpg
Costco,8089499,1033968728,Eurodib Single Heavy-duty Induction Cooker,Eurodib,319.99,,,,$319.99,,2026-08-17T00:00:00-04:00,2026-08-23T23:59:59-04:00,,19034.5,-142.78,19853.7,-936.02,http://f.wishabi.net/page_items/430853349/1786991005/extra_large.jpg
Costco,8089499,1033968833,Fanttik S200 Apex Tire Inflator,Fanttik,57.99,,,,$57.99,,2026-08-17T00:00:00-04:00,2026-08-23T23:59:59-04:00,,5500.79,-509.11,6034.42,-1302.35,http://f.wishabi.net/page_items/430853259/1786991003/extra_large.jpg
Costco,8088337,1033909260,"Febreze Air Refresher, Variety Pack, 4-count",Febreze,13.99,,,,$13.99,,2026-08-17T00:00:00-04:00,2026-08-23T23:59:59-04:00,,7882.92,-2929.22,8416.55,-3722.46,http://f.wishabi.net/page_items/430820264/1786975454/extra_large.jpg
Costco,8089499,1033968749,"Febreze Car Odor-Fighting Air Freshener Vent Clip, Mixed Pack, 2.2ml, 5 count",Febreze,19.99,,,,$19.99,,2026-08-17T00:00:00-04:00,2026-08-23T23:59:59-04:00,,7311.79,-1071.59,8130.99,-1864.83,http://f.wishabi.net/page_items/430853275/1786991005/extra_large.jpg
Costco,8088337,1033909243,"Finish Quantum Ultimate+ Dishwasher Detergent, 96 Tablets",Finish,23.99,,,,$23.99,,2026-08-17T00:00:00-04:00,2026-08-23T23:59:59-04:00,,4546.48,-1071.59,5365.68,-1864.83,http://f.wishabi.net/page_items/430820235/1786975450/extra_large.jpg
Costco,8088337,1033909305,"Finish Rinse Aid Quantum Ultra Jet-Dry, 374 washes",Finish,18.49,,,,$18.49,,2026-08-17T00:00:00-04:00,2026-08-23T23:59:59-04:00,,2449.92,-2929.22,2983.55,-3722.46,http://f.wishabi.net/page_items/430820228/1786975453/extra_large.jpg
Costco,8089499,1033968867,"FoodSaver Vacuum Sealer Kit with Bags, Rolls and Marinate Container",FoodSaver,139.99,,,,$139.99,,2026-08-17T00:00:00-04:00,2026-08-23T23:59:59-04:00,,16937.9,-509.11,17471.6,-1302.35,http://f.wishabi.net/page_items/430853335/1786991004/extra_large.jpg
Costco,8089499,1033968747,Frigidaire 30 in 5.3 cu ft. Electric 5-Burner Range with Even Baking Technology,Frigidaire,1192.99,,,,$1192.99,,2026-08-17T00:00:00-04:00,2026-08-23T23:59:59-04:00,,13887.0,-509.11,14420.7,-1302.35,http://f.wishabi.net/page_items/430853311/1786991004/extra_large.jpg
Costco,8089499,1033968763,Frigidaire 30 in 5.3 cu ft. Electric 5-Burner Range with Even Baking Technology,Frigidaire,972.99,,,,$972.99,,2026-08-17T00:00:00-04:00,2026-08-23T23:59:59-04:00,,13887.0,-1411.97,14420.7,-2205.21,http://f.wishabi.net/page_items/430853314/1786991006/extra_large.jpg
Costco,8089499,1033968783,Frigidaire 30 in 5.3 cu ft. Electric Freestanding Range with EvenTemp Cooktop,Frigidaire,992.99,,,,$992.99,,2026-08-17T00:00:00-04:00,2026-08-23T23:59:59-04:00,,13887.0,-3217.67,14420.7,-4010.91,http://f.wishabi.net/page_items/430853320/1786991011/extra_large.jpg
Costco,8089499,1033968776,Frigidaire Gallery 30 in 5.3 cu ft. Stainless Steel Electric 5-Burner Range with Total Convection,Frigidaire Gallery,1492.99,,,,$1492.99,,2026-08-17T00:00:00-04:00,2026-08-23T23:59:59-04:00,,13887.0,-2314.82,14420.7,-3108.06,http://f.wishabi.net/page_items/430853317/1786991008/extra_large.jpg
Costco,8089499,1033968902,Frigidaire Gallery 30 in 6.2 cu ft. Electric Total Convection 5-Burner Range with Air Fry,Frigidaire Gallery,1792.99,,,,$1792.99,,2026-08-17T00:00:00-04:00,2026-08-23T23:59:59-04:00,,15412.5,-142.78,16231.7,-936.02,http://f.wishabi.net/page_items/430853324/1786991004/extra_large.jpg
Costco,8089499,1033968707,Frigidaire Gallery 30 in. 6.2 cu.ft Slide-in Induction Front Control Range with Air fryer and Total Convection,Frigidaire Gallery,2192.99,,,,$2192.99,,2026-08-17T00:00:00-04:00,2026-08-23T23:59:59-04:00,,1210.05,-2278.76,1743.68,-3072.0,http://f.wishabi.net/page_items/430853229/1786991004/extra_large.jpg
Costco,8089499,1033968878,"Frigidaire Self Cleaning Ice Maker 11.8 kg (26 lb.), Stainless Steel with Scoop",Frigidaire,109.99,,,,$109.99,,2026-08-17T00:00:00-04:00,2026-08-23T23:59:59-04:00,,17509.1,-1411.97,18042.7,-2205.21,http://f.wishabi.net/page_items/430853339/1786991006/extra_large.jpg
Costco,8088337,1033909301,"Frito-Lay Flavoured Snacks, Variety Pack, 54 × 28 g",Frito-Lay,24.99,,,,$24.99,,2026-08-17T00:00:00-04:00,2026-08-23T23:59:59-04:00,,1878.79,-2929.22,2412.42,-3722.46,http://f.wishabi.net/page_items/430820227/1786975453/extra_large.jpg
Costco,8089499,1033968743,GE 30 in. 5.0 cu. ft. Electric Convection Range with No-Preheat Air Fry,GE,1144.99,,,,$1144.99,,2026-08-17T00:00:00-04:00,2026-08-23T23:59:59-04:00,,13315.9,-509.11,13849.5,-1302.35,http://f.wishabi.net/page_items/430853310/1786991004/extra_large.jpg
Costco,8088337,1033909268,Gain Liquid High Efficiency Cold Water + Oxi Fresh Water Frost 4.87 L 121 Loads,Gain,20.19,,,,$20.19,,2026-08-17T00:00:00-04:00,2026-08-23T23:59:59-04:00,,12744.8,-2000.41,13278.4,-2793.65,http://f.wishabi.net/page_items/430820296/1786975452/extra_large.jpg
Costco,8089499,1033968856,GekoGear Orbit D410 Dual Dashcam,GekoGear,189.99,,,,$189.99,,2026-08-17T00:00:00-04:00,2026-08-23T23:59:59-04:00,,6071.92,-2314.82,6605.55,-3108.06,http://f.wishabi.net/page_items/430853266/1786991009/extra_large.jpg
Costco,8088337,1033909324,"General Mills Multi-Grain Cheerios Jumbo Pack, 1.24 kg",General Mills,9.49,,,,$9.49,,2026-08-17T00:00:00-04:00,2026-08-23T23:59:59-04:00,,14555.8,-142.78,15375.0,-936.02,http://f.wishabi.net/page_items/430820304/1786975449/extra_large.jpg
Costco,8088337,1033909331,"General Mills Super Jumbo Cinnamon Toast Crunch Cereal, 1.3 kg",General Mills,10.49,,,,$10.49,,2026-08-17T00:00:00-04:00,2026-08-23T23:59:59-04:00,,14555.8,-2929.22,15089.4,-3722.46,http://f.wishabi.net/page_items/430820311/1786975454/extra_large.jpg
Costco,8089499,1033968961,GhostBed Luxe II 35.6 cm (14 in.) Gel Memory Foam Mattress,Ghostbed by Nature's Sleep,1799.99,,,,$1799.99,,2026-08-17T00:00:00-04:00,2026-08-23T23:59:59-04:00,,19988.8,-3217.67,20522.4,-4010.91,http://f.wishabi.net/page_items/430853368/1786991011/extra_large.jpg
Costco,8089499,1033968951,GhostBed Majestic 35.6 cm (14 in.) Mattress with Cooling Gel Memory Foam,Ghostbed by Nature's Sleep,949.99,,,,$949.99,,2026-08-17T00:00:00-04:00,2026-08-23T23:59:59-04:00,,19988.8,-2314.82,20522.4,-3108.06,http://f.wishabi.net/page_items/430853365/1786991008/extra_large.jpg
Costco,8089499,1033968936,Ghostbed by Nature's Sleep 28 cm (11 in.) Cooling Gel Memory Foam Mattress,Ghostbed by Nature's Sleep,1299.99,,,,$1299.99,,2026-08-17T00:00:00-04:00,2026-08-23T23:59:59-04:00,,19988.8,-1411.97,20522.4,-2205.21,http://f.wishabi.net/page_items/430853362/1786991006/extra_large.jpg
Costco,8089499,1033968789,Ghostbed by Nature's Sleep 28 cm (11 in.) Gel Memory Foam Mattress with Adjustable Base,Ghostbed by Nature's Sleep,3299.99,,,,$3299.99,,2026-08-17T00:00:00-04:00,2026-08-23T23:59:59-04:00,,22656.5,-142.78,23475.7,-936.02,http://f.wishabi.net/page_items/430853374/1786991004/extra_large.jpg
Costco,8089499,1033968766,Gilman Creek 6-piece Top-grain Leather Power Reclining Sectional,,3999.99,,,,$3999.99,,2026-08-17T00:00:00-04:00,2026-08-23T23:59:59-04:00,,3689.79,-2929.22,4223.42,-3722.46,http://f.wishabi.net/page_items/430853255/1786991010/extra_large.jpg
Costco,8088337,1033909300,"Gogo Squeez Organic Fruit Sauce Variety Pack, 28 × 90 g",Gogo Squeez,17.99,,,,$17.99,,2026-08-17T00:00:00-04:00,2026-08-23T23:59:59-04:00,,6357.48,-1071.59,7176.68,-1864.83,http://f.wishabi.net/page_items/430820247/1786975450/extra_large.jpg
Costco,8088337,1033909320,"Golden Island Korean Barbecue Recipe Pork Jerky, 410 g",Golden Island,16.99,,,,$16.99,,2026-08-17T00:00:00-04:00,2026-08-23T23:59:59-04:00,,11504.9,-2929.22,12038.5,-3722.46,http://f.wishabi.net/page_items/430820288/1786975454/extra_large.jpg
Costco,8089499,1033968861,Gourmia 2 L (2.11 qt.) Automatic Soft Serve Ice Cream and Frozen Drink Maker,Gourmia,199.99,,,,$199.99,,2026-08-17T00:00:00-04:00,2026-08-23T23:59:59-04:00,,16366.8,-509.11,16900.4,-1302.35,http://f.wishabi.net/page_items/430853334/1786991003/extra_large.jpg
Costco,8088337,1033909252,"Gushers Tropical and Strawberry Fruit Flavoured Snacks, 42 × 22 g",General Mills,14.99,,,,$14.99,,2026-08-17T00:00:00-04:00,2026-08-23T23:59:59-04:00,,7311.79,-1071.59,8130.99,-1864.83,http://f.wishabi.net/page_items/430820258/1786975450/extra_large.jpg
Costco,8089499,1033968793,Gusti Toddler 2-Piece Winter Snowsuit,Gusti,41.99,,,,$41.99,,2026-08-17T00:00:00-04:00,2026-08-23T23:59:59-04:00,,26278.5,-1071.59,27097.7,-1864.83,http://f.wishabi.net/page_items/430853401/1786991007/extra_large.jpg
Costco,8089499,1033968750,Hamilton Beach Artisan Dough and Bread Maker,Hamilton Beach,99.99,,,,$99.99,,2026-08-17T00:00:00-04:00,2026-08-23T23:59:59-04:00,,18748.9,-2929.22,19282.6,-3722.46,http://f.wishabi.net/page_items/430853356/1786991010/extra_large.jpg
Costco,8088337,1033909241,"Heavenly Hunks Oatmeal Dark Chocolate Cookies, 567g",Heavenly Hunks,9.99,,,,$9.99,,2026-08-17T00:00:00-04:00,2026-08-23T23:59:59-04:00,,3689.79,-1071.59,4508.99,-1864.83,http://f.wishabi.net/page_items/430820234/1786975450/extra_large.jpg
Costco,8089499,1033968828,"Helinox Chair Two, Original Lightweight, Compact, Collapsible Camping Chair, 2-pack",Helinox,279.99,,,,$279.99,,2026-08-17T00:00:00-04:00,2026-08-23T23:59:59-04:00,,12076.0,-2929.22,12609.7,-3722.46,http://f.wishabi.net/page_items/430853307/1786991009/extra_large.jpg
Costco,8088337,1033909280,"Hi-Chew Candy, Variety Pack, 500 g",Hi-Chew,9.99,,,,$9.99,,2026-08-17T00:00:00-04:00,2026-08-23T23:59:59-04:00,,9122.79,-142.78,9941.99,-936.02,http://f.wishabi.net/page_items/430820268/1786975448/extra_large.jpg
Costco,8088337,1033909306,"Hytrend Compostable Medium Bin Liners, 50-pack",Hytrend,9.99,,,,$9.99,,2026-08-17T00:00:00-04:00,2026-08-23T23:59:59-04:00,,9693.92,-2929.22,10227.5,-3722.46,http://f.wishabi.net/page_items/430820276/1786975453/extra_large.jpg
Costco,8089499,1033968891,"Iceman Trio Ice Cream, Frozen Yogurt and Italian Ice Machine",Iceman,199.99,,,,$199.99,,2026-08-17T00:00:00-04:00,2026-08-23T23:59:59-04:00,,16937.9,-3217.67,17471.6,-4010.91,http://f.wishabi.net/page_items/430853344/1786991009/extra_large.jpg
Costco,8089499,1033968778,Igloo - 5 Gallon Sport Rolling Cooler Jug,Igloo,39.97,,,,$39.97,,2026-08-17T00:00:00-04:00,2026-08-23T23:59:59-04:00,,9693.92,-3217.67,10227.5,-4010.91,http://f.wishabi.net/page_items/430853294/1786991009/extra_large.jpg
Costco,8089499,1033968774,Igloo - Legacy 54QT Stainless Steel Cooler,Igloo,99.97,,,,$99.97,,2026-08-17T00:00:00-04:00,2026-08-23T23:59:59-04:00,,4832.05,-2929.22,5365.68,-3722.46,http://f.wishabi.net/page_items/430853257/1786991011/extra_large.jpg
Costco,8089499,1033968817,Igloo - Luxe Wine Cooler Tote,Igloo,19.97,,,,$19.97,,2026-08-17T00:00:00-04:00,2026-08-23T23:59:59-04:00,,12076.0,-2000.41,12609.7,-2793.65,http://f.wishabi.net/page_items/430853304/1786991007/extra_large.jpg
Costco,8089499,1033968739,JS Gourmet - Double Belgian Waffle Maker,JS Gourmet,79.99,,,,$79.99,,2026-08-17T00:00:00-04:00,2026-08-23T23:59:59-04:00,,18748.9,-2000.41,19282.6,-2793.65,http://f.wishabi.net/page_items/430853353/1786991008/extra_large.jpg
Costco,8088337,1033909303,"Jack Link's Original Pepperoni Sticks, 20 × 22 g",Jack Link's,20.49,,,,$20.49,,2026-08-17T00:00:00-04:00,2026-08-23T23:59:59-04:00,,5500.79,-2000.41,6034.42,-2793.65,http://f.wishabi.net/page_items/430820248/1786975451/extra_large.jpg
Costco,8088337,1033909332,"Jack Link's Teriyaki Beef Jerky, 12 × 35 g",Jack Link's,35.49,,,,$35.49,,2026-08-17T00:00:00-04:00,2026-08-23T23:59:59-04:00,,15126.9,-2929.22,15660.5,-3722.46,http://f.wishabi.net/page_items/430820312/1786975455/extra_large.jpg
Costco,8088337,1033909298,"Jack Link's Teriyaki Beef Jerky, 300 g",Jack Link's,15.99,,,,$15.99,,2026-08-17T00:00:00-04:00,2026-08-23T23:59:59-04:00,,10265.0,-2000.41,10798.7,-2793.65,http://f.wishabi.net/page_items/430820274/1786975452/extra_large.jpg
Costco,8088337,1033909313,"Kellogg's Froot Loops, 1.1 kg",Kellogg's,9.99,,,,$9.99,,2026-08-17T00:00:00-04:00,2026-08-23T23:59:59-04:00,,5500.79,-2929.22,6034.42,-3722.46,http://f.wishabi.net/page_items/430820251/1786975453/extra_large.jpg
Costco,8088337,1033909315,"Kellogg's Frosted Flakes, 1.41 kg",Kellogg's,9.99,,,,$9.99,,2026-08-17T00:00:00-04:00,2026-08-23T23:59:59-04:00,,6071.92,-2929.22,6605.55,-3722.46,http://f.wishabi.net/page_items/430820252/1786975454/extra_large.jpg
Costco,8089499,1033968901,Kenmore 30 in. 5 cu ft. Stainless Steel Digital Control Induction Range with True Convection and Air Fry,Kenmore,799.99,,,,$799.99,,2026-08-17T00:00:00-04:00,2026-08-23T23:59:59-04:00,,14555.8,-142.78,15375.0,-936.02,http://f.wishabi.net/page_items/430853323/1786991003/extra_large.jpg
Costco,8089499,1033968752,Kenmore 30 in. 5 cu ft. Stainless Steel Electric 4 Burner True Convection Range with Air Fry,Kenmore,899.99,,,,$899.99,,2026-08-17T00:00:00-04:00,2026-08-23T23:59:59-04:00,,12744.8,-1411.97,13278.4,-2205.21,http://f.wishabi.net/page_items/430853312/1786991005/extra_large.jpg
Costco,8089499,1033968759,Kenmore Pro 30 in. 5.0 cu ft. Stainless Steel Front Control Gas Range with True Convection and Air Fry,Kenmore,1199.99,,,,$1199.99,,2026-08-17T00:00:00-04:00,2026-08-23T23:59:59-04:00,,13315.9,-1411.97,13849.5,-2205.21,http://f.wishabi.net/page_items/430853313/1786991006/extra_large.jpg
Costco,8089499,1033968795,Kingsdown Insignia Iconic 38.1 cm (15 in) Hybrid Mattress,Kingsdown,2099.99,,,,$2099.99,,2026-08-17T00:00:00-04:00,2026-08-23T23:59:59-04:00,,22656.5,-1071.59,23475.7,-1864.83,http://f.wishabi.net/page_items/430853376/1786991006/extra_large.jpg
Costco,8089499,1033968792,Kingsdown Passions Auburnwood Hybrid Euro Pillowtop Mattress,Kingsdown,1249.99,,,,$1249.99,,2026-08-17T00:00:00-04:00,2026-08-23T23:59:59-04:00,,21799.8,-1071.59,22619.0,-1864.83,http://f.wishabi.net/page_items/430853375/1786991005/extra_large.jpg
Costco,8089499,1033968931,Kirkland Signature by Stearns & Foster Lakeridge Luxury Cushion Firm Pillowtop Mattress,Kirkland Signature,1499.99,,,,$1499.99,,2026-08-17T00:00:00-04:00,2026-08-23T23:59:59-04:00,,21131.1,-509.11,21664.7,-1302.35,http://f.wishabi.net/page_items/430853361/1786991005/extra_large.jpg
Costco,8088337,1033909304,"Kraft Miracle Whip, 1.77 L",Kraft,9.99,,,,$9.99,,2026-08-17T00:00:00-04:00,2026-08-23T23:59:59-04:00,,11790.5,-142.78,12609.7,-936.02,http://f.wishabi.net/page_items/430820281/1786975449/extra_large.jpg
Costco,8088337,1033909248,"Krusteaz Buttermilk Pancake Mix, 4.53 kg",Krusteaz,12.99,,,,$12.99,,2026-08-17T00:00:00-04:00,2026-08-23T23:59:59-04:00,,7311.79,-142.78,8130.99,-936.02,http://f.wishabi.net/page_items/430820256/1786975448/extra_large.jpg
Costco,8089499,1033968910,LG 30 in. 6.3 cu ft. Freestanding Electric Range with Air Sous Vide,LG,1494.99,,,,$1494.99,,2026-08-17T00:00:00-04:00,2026-08-23T23:59:59-04:00,,14555.8,-2929.22,15089.4,-3722.46,http://f.wishabi.net/page_items/430853330/1786991009/extra_large.jpg
Costco,8089499,1033968907,LG 30 in. 6.3 cu ft. Stainless Steel Electric Freestanding Range with Probake Convection,LG,994.99,,,,$994.99,,2026-08-17T00:00:00-04:00,2026-08-23T23:59:59-04:00,,14555.8,-2000.41,15089.4,-2793.65,http://f.wishabi.net/page_items/430853327/1786991006/extra_large.jpg
Costco,8089499,1033968911,LG 30 in. 6.3 cu ft. Stainless Steel Freestanding Range with ProBake Convection and AirFry,LG,1794.99,,,,$1794.99,,2026-08-17T00:00:00-04:00,2026-08-23T23:59:59-04:00,,15126.9,-2929.22,15660.5,-3722.46,http://f.wishabi.net/page_items/430853331/1786991009/extra_large.jpg
Costco,8088337,1033931038,LISTERINE POCKETPAKS Cool Mint Fresh Breath Strips,LISTERINE,22.69,,,,$22.69,,2026-08-17T00:00:00-04:00,2026-08-23T23:59:59-04:00,,1210.05,-2278.76,1743.68,-3072.0,http://f.wishabi.net/page_items/430824083/1786977481/extra_large.jpg
Costco,8089499,1033968794,Levi's Boys' Cotton-Blend Cargo Pants,Levi's,23.99,,,,$23.99,,2026-08-17T00:00:00-04:00,2026-08-23T23:59:59-04:00,,25421.8,-2000.41,25955.4,-2793.65,http://f.wishabi.net/page_items/430853402/1786991008/extra_large.jpg
Costco,8089499,1033968825,Levi's Boys' Cotton-Blend Dobby Jogger Pants,Levi's,23.99,,,,$23.99,,2026-08-17T00:00:00-04:00,2026-08-23T23:59:59-04:00,,24753.1,-509.11,25286.7,-1302.35,http://f.wishabi.net/page_items/430853386/1786991005/extra_large.jpg
Costco,8089499,1033968835,Levi's Boys' Cotton-Blend Twill Jeans,Levi's,23.99,,,,$23.99,,2026-08-17T00:00:00-04:00,2026-08-23T23:59:59-04:00,,24181.9,-2314.82,24715.6,-3108.06,http://f.wishabi.net/page_items/430853391/1786991009/extra_large.jpg
Costco,8089499,1033968801,Levi's Girls' Cotton-Blend Twill Jogger,Levi's,23.99,,,,$23.99,,2026-08-17T00:00:00-04:00,2026-08-23T23:59:59-04:00,,25992.9,-2929.22,26526.6,-3722.46,http://f.wishabi.net/page_items/430853406/1786991011/extra_large.jpg
Costco,8089499,1033968791,Levi's Girls' Cotton-Blend Wide Leg Jeans,Levi's,23.99,,,,$23.99,,2026-08-17T00:00:00-04:00,2026-08-23T23:59:59-04:00,,25421.8,-1071.59,26241.0,-1864.83,http://f.wishabi.net/page_items/430853400/1786991006/extra_large.jpg
Costco,8089499,1033968803,Licensed Infant 3-piece Set,,17.99,,,,$17.99,,2026-08-17T00:00:00-04:00,2026-08-23T23:59:59-04:00,,26564.1,-2929.22,27097.7,-3722.46,http://f.wishabi.net/page_items/430853407/1786991012/extra_large.jpg
Costco,8089499,1033968799,Licensed Infant 4-piece Set,,23.99,,,,$23.99,,2026-08-17T00:00:00-04:00,2026-08-23T23:59:59-04:00,,25421.8,-2929.22,25955.4,-3722.46,http://f.wishabi.net/page_items/430853405/1786991011/extra_large.jpg
Costco,8089499,1033968831,Licensed Kids 3-piece T-shirts,,19.99,,,,$19.99,,2026-08-17T00:00:00-04:00,2026-08-23T23:59:59-04:00,,24753.1,-1411.97,25286.7,-2205.21,http://f.wishabi.net/page_items/430853389/1786991008/extra_large.jpg
Costco,8089499,1033968797,Licensed Kids Fleece Hoodie,,9.99,,,,$9.99,,2026-08-17T00:00:00-04:00,2026-08-23T23:59:59-04:00,,26564.1,-2000.41,27097.7,-2793.65,http://f.wishabi.net/page_items/430853404/1786991010/extra_large.jpg
Costco,8089499,1033968844,"Licensed Kids Hat, 2-Pack",,19.99,,,,$19.99,,2026-08-17T00:00:00-04:00,2026-08-23T23:59:59-04:00,,24753.1,-3217.67,25286.7,-4010.91,http://f.wishabi.net/page_items/430853395/1786991013/extra_large.jpg
Costco,8089499,1033968959,Lila Ultra Comfort 25.4 cm (10 in.) Memory Foam Mattress,Lila,549.99,,,,$549.99,,2026-08-17T00:00:00-04:00,2026-08-23T23:59:59-04:00,,21131.1,-2314.82,21664.7,-3108.06,http://f.wishabi.net/page_items/430853367/1786991010/extra_large.jpg
Costco,8088337,1033931037,"Listerine Total Care Zero, 1.5 L, Pack of 2",Listerine,14.99,,,,$14.99,,2026-08-17T00:00:00-04:00,2026-08-23T23:59:59-04:00,,638.92,-2278.76,1172.55,-3072.0,http://f.wishabi.net/page_items/430824080/1786977480/extra_large.jpg
Costco,8088337,1033931036,"Listerine Ultraclean 1.5 L, 2-pack",Listerine,18.99,,,,$18.99,,2026-08-17T00:00:00-04:00,2026-08-23T23:59:59-04:00,,67.79,-2278.76,601.42,-3072.0,http://f.wishabi.net/page_items/430824078/1786977479/extra_large.jpg
Costco,8088337,1033909261,"Lotus Biscoff Cookies, 300 × 6.25 g",Biscoff,26.99,,,,$26.99,,2026-08-17T00:00:00-04:00,2026-08-23T23:59:59-04:00,,8454.05,-2929.22,8987.68,-3722.46,http://f.wishabi.net/page_items/430820265/1786975455/extra_large.jpg
Costco,8089499,1033968769,Lucky Brand Men's Straight Leg Jean,Lucky Brand,26.99,,,,$26.99,,2026-08-17T00:00:00-04:00,2026-08-23T23:59:59-04:00,,4260.92,-2929.22,4794.55,-3722.46,http://f.wishabi.net/page_items/430853256/1786991010/extra_large.jpg
Costco,8088337,1033909293,"Lysol Advanced Toilet Bowl Cleaner, 4 × 946 mL",Lysol,16.99,,,,$16.99,,2026-08-17T00:00:00-04:00,2026-08-23T23:59:59-04:00,,2449.92,-2000.41,2983.55,-2793.65,http://f.wishabi.net/page_items/430820225/1786975451/extra_large.jpg
Costco,8089499,1033968810,"Mac Sports Folding Director Camping Chair, 2-Pack",Mac Sports,99.99,,,,$99.99,,2026-08-17T00:00:00-04:00,2026-08-23T23:59:59-04:00,,11790.5,-142.78,12609.7,-936.02,http://f.wishabi.net/page_items/430853299/1786991004/extra_large.jpg
Costco,8089499,1033968813,Mac Sports Padded Double Chair,Mac Sports,119.99,,,,$119.99,,2026-08-17T00:00:00-04:00,2026-08-23T23:59:59-04:00,,11790.5,-1071.59,12609.7,-1864.83,http://f.wishabi.net/page_items/430853301/1786991005/extra_large.jpg
Costco,8089499,1033968757,Magnavox Home Cinema Style Popcorn Maker,,89.99,,,,$89.99,,2026-08-17T00:00:00-04:00,2026-08-23T23:59:59-04:00,,3689.79,-2000.41,4223.42,-2793.65,http://f.wishabi.net/page_items/430853252/1786991007/extra_large.jpg
Costco,8088337,1033909284,"McCafé Premium Roast Coffee K-Cup Pods, 80-count",McCafé,45.99,,,,$45.99,,2026-08-17T00:00:00-04:00,2026-08-23T23:59:59-04:00,,1878.79,-1071.59,2697.99,-1864.83,http://f.wishabi.net/page_items/430820222/1786975449/extra_large.jpg
Costco,8089499,1033968880,Midea MiniPlus Countertop Dishwasher,Midea,319.99,,,,$319.99,,2026-08-17T00:00:00-04:00,2026-08-23T23:59:59-04:00,,16366.8,-2314.82,16900.4,-3108.06,http://f.wishabi.net/page_items/430853340/1786991007/extra_large.jpg
Costco,8088337,1033909273,"Miss Vickie's Original Recipe Kettle Cooked Potato Chips, 40 × 40 g",Miss Vickie's,34.99,,,,$34.99,,2026-08-17T00:00:00-04:00,2026-08-23T23:59:59-04:00,,13887.0,-2929.22,14420.7,-3722.46,http://f.wishabi.net/page_items/430820301/1786975455/extra_large.jpg
Costco,8088337,1033909307,"Mott's Fruitsations Snacks, 74 × 23 g",Mott's,13.99,,,,$13.99,,2026-08-17T00:00:00-04:00,2026-08-23T23:59:59-04:00,,6071.92,-2000.41,6605.55,-2793.65,http://f.wishabi.net/page_items/430820249/1786975452/extra_large.jpg
Costco,8089499,1033968827,Multiple Licensed Boys And Girls Fleece Hoodie,Multiple,17.99,,,,$17.99,,2026-08-17T00:00:00-04:00,2026-08-23T23:59:59-04:00,,23610.8,-1411.97,24144.4,-2205.21,http://f.wishabi.net/page_items/430853387/1786991006/extra_large.jpg
Costco,8088337,1033909291,"Munchies Original Snack Mix, 1.1 kg",Munchies,8.99,,,,$8.99,,2026-08-17T00:00:00-04:00,2026-08-23T23:59:59-04:00,,6357.48,-142.78,7176.68,-936.02,http://f.wishabi.net/page_items/430820245/1786975449/extra_large.jpg
Costco,8088337,1033931040,"NICORETTE Nicotine Lozenges, Mint, 2mg, 240-count",Nicorette,79.99,,,,$79.99,,2026-08-17T00:00:00-04:00,2026-08-23T23:59:59-04:00,,638.92,-3145.55,1172.55,-3938.79,http://f.wishabi.net/page_items/430824087/1786977482/extra_large.jpg
Costco,8089499,1033968767,Napier - Sportz SUV Tent with Screen Room and Air Mattress Bundle,Sportz,499.99,,,,$499.99,,2026-08-17T00:00:00-04:00,2026-08-23T23:59:59-04:00,,9693.92,-2314.82,10227.5,-3108.06,http://f.wishabi.net/page_items/430853291/1786991007/extra_large.jpg
Costco,8088337,1033909295,"Nature Valley Sweet & Salty Granola Bars, 36 × 35 g",Nature Valley,14.99,,,,$14.99,,2026-08-17T00:00:00-04:00,2026-08-23T23:59:59-04:00,,5500.79,-1071.59,6319.99,-1864.83,http://f.wishabi.net/page_items/430820246/1786975450/extra_large.jpg
Costco,8088337,1033909290,"Nellie's Bulk Laundry Soda, 1,100 loads",Nellie's,99.99,,,,$99.99,,2026-08-17T00:00:00-04:00,2026-08-23T23:59:59-04:00,,1878.79,-2000.41,2412.42,-2793.65,http://f.wishabi.net/page_items/430820224/1786975451/extra_large.jpg
Costco,8088337,1033909330,"Nellie's Bulk Oxygen Brightener 500 loads, 8 kg (17.5 lb)",Nellie's,79.99,,,,$79.99,,2026-08-17T00:00:00-04:00,2026-08-23T23:59:59-04:00,,15698.0,-2000.41,16231.7,-2793.65,http://f.wishabi.net/page_items/430820310/1786975453/extra_large.jpg
Costco,8089499,1033968740,Nextbase 322GW Dash Cam Bundle with Rear Window Camera,Nextbase,299.99,,,,$299.99,,2026-08-17T00:00:00-04:00,2026-08-23T23:59:59-04:00,,8168.48,-142.78,8987.68,-936.02,http://f.wishabi.net/page_items/430853274/1786991004/extra_large.jpg
Costco,8088337,1033931039,"Nicorette 2mg Mint Gum, 3 x 105 pieces",Nicorette,74.99,,,,$74.99,,2026-08-17T00:00:00-04:00,2026-08-23T23:59:59-04:00,,67.79,-3145.55,601.42,-3938.79,http://f.wishabi.net/page_items/430824085/1786977481/extra_large.jpg
Costco,8088337,1033931041,"Nicorette QuickMist Mint, 3 x 150 sprays",Nicorette,89.49,,,,$89.49,,2026-08-17T00:00:00-04:00,2026-08-23T23:59:59-04:00,,1210.05,-3145.55,1743.68,-3938.79,http://f.wishabi.net/page_items/430824088/1786977483/extra_large.jpg
Costco,8089499,1033968963,Novaform SoFresh 25.4 cm (10 in.) Foam Mattress,Novaform,849.99,,,,$849.99,,2026-08-17T00:00:00-04:00,2026-08-23T23:59:59-04:00,,20559.9,-3217.67,21093.6,-4010.91,http://f.wishabi.net/page_items/430853369/1786991012/extra_large.jpg
Costco,8088337,1033909237,"Ocean's Flaked White Albacore Tuna, 6 × 184 g",Ocean's,15.99,,,,$15.99,,2026-08-17T00:00:00-04:00,2026-08-23T23:59:59-04:00,,3689.79,-142.78,4508.99,-936.02,http://f.wishabi.net/page_items/430820232/1786975448/extra_large.jpg
Costco,8089499,1033968823,Paramount Propane Campfire Fire Pit,Paramount,149.99,,,,$149.99,,2026-08-17T00:00:00-04:00,2026-08-23T23:59:59-04:00,,11504.9,-2929.22,12038.5,-3722.46,http://f.wishabi.net/page_items/430853306/1786991009/extra_large.jpg
Costco,8089499,1033968836,"Pekkle Boys' and Girls' Micro Polar Long Sleeve Fleece Shirt and Tee, 2-piece",Pekkle,16.99,,,,$16.99,,2026-08-17T00:00:00-04:00,2026-08-23T23:59:59-04:00,,24753.1,-2314.82,25286.7,-3108.06,http://f.wishabi.net/page_items/430853392/1786991010/extra_large.jpg
Costco,8089499,1033968796,Pekkle Infant Shortall 3-piece Set,Pekkle,7.97,,,,$7.97,,2026-08-17T00:00:00-04:00,2026-08-23T23:59:59-04:00,,25992.9,-2000.41,26526.6,-2793.65,http://f.wishabi.net/page_items/430853403/1786991009/extra_large.jpg
Costco,8089499,1033968839,Pekkle Kids Organic Cotton 4-piece Pajama Set,Pekkle,19.99,,,,$19.99,,2026-08-17T00:00:00-04:00,2026-08-23T23:59:59-04:00,,23610.8,-3217.67,24144.4,-4010.91,http://f.wishabi.net/page_items/430853393/1786991011/extra_large.jpg
Costco,8088337,1033909326,"Post Cranberry Almond Crunch, 1.4 kg",Post,10.99,,,,$10.99,,2026-08-17T00:00:00-04:00,2026-08-23T23:59:59-04:00,,14555.8,-1071.59,15375.0,-1864.83,http://f.wishabi.net/page_items/430820306/1786975450/extra_large.jpg
Costco,8089499,1033968838,Proslat ProRack Compact Golf and Bike Rack,Proslat,79.99,,,,$79.99,,2026-08-17T00:00:00-04:00,2026-08-23T23:59:59-04:00,,1878.79,-1411.97,2412.42,-2205.21,http://f.wishabi.net/page_items/430853237/1786991005/extra_large.jpg
Costco,8089499,1033968830,Puckipuppy Alaskan Electric Trike,Puckipuppy,1999.99,,,,$1999.99,,2026-08-17T00:00:00-04:00,2026-08-23T23:59:59-04:00,,2449.92,-509.11,2983.55,-1302.35,http://f.wishabi.net/page_items/430853235/1786991004/extra_large.jpg
Costco,8089499,1033968832,"Puma Boys' Cotton Blend Boxer Briefs, 8-Pack",Puma,22.99,,,,$22.99,,2026-08-17T00:00:00-04:00,2026-08-23T23:59:59-04:00,,23610.8,-2314.82,24144.4,-3108.06,http://f.wishabi.net/page_items/430853390/1786991009/extra_large.jpg
Costco,8089499,1033968822,Puma Girls and Boys Cotton Blend Fleece Jogger,Puma,11.99,,,,$11.99,,2026-08-17T00:00:00-04:00,2026-08-23T23:59:59-04:00,,24181.9,-509.11,24715.6,-1302.35,http://f.wishabi.net/page_items/430853385/1786991004/extra_large.jpg
Costco,8089499,1033968820,Puma Girls and Boys Fleece Full Zip Hoodie,Puma,14.99,,,,$14.99,,2026-08-17T00:00:00-04:00,2026-08-23T23:59:59-04:00,,23610.8,-509.11,24144.4,-1302.35,http://f.wishabi.net/page_items/430853384/1786991004/extra_large.jpg
Costco,8089499,1033968829,"Puma Girls' Cotton Blend Bikini Underwear, 11-Pack",Puma,22.99,,,,$22.99,,2026-08-17T00:00:00-04:00,2026-08-23T23:59:59-04:00,,24181.9,-1411.97,24715.6,-2205.21,http://f.wishabi.net/page_items/430853388/1786991007/extra_large.jpg
Costco,8089499,1033968840,Puma Kids 6-piece Set,Puma,49.99,,,,$49.99,,2026-08-17T00:00:00-04:00,2026-08-23T23:59:59-04:00,,24181.9,-3217.67,24715.6,-4010.91,http://f.wishabi.net/page_items/430853394/1786991012/extra_large.jpg
Costco,8088337,1033909247,"Pure Protein, Protein Bars Variety Pack, 18 × 50 g",Pure Protein,25.99,,,,$25.99,,2026-08-17T00:00:00-04:00,2026-08-23T23:59:59-04:00,,4260.92,-2000.41,4794.55,-2793.65,http://f.wishabi.net/page_items/430820237/1786975452/extra_large.jpg
Costco,8088337,1033909316,"Purex After The Rain Ultra Concentrated Laundry Detergent, 250 Wash Loads",Purex,21.99,,,,$21.99,,2026-08-17T00:00:00-04:00,2026-08-23T23:59:59-04:00,,11504.9,-2000.41,12038.5,-2793.65,http://f.wishabi.net/page_items/430820285/1786975452/extra_large.jpg
Costco,8088337,1033909272,"Purex Cold Water Ultra Concentrated Laundry Detergent, 250 Wash Loads",Purex,21.99,,,,$21.99,,2026-08-17T00:00:00-04:00,2026-08-23T23:59:59-04:00,,13315.9,-2929.22,13849.5,-3722.46,http://f.wishabi.net/page_items/430820300/1786975454/extra_large.jpg
Costco,8088337,1033909269,"Quaker Yogourt Granola Bars, 40 × 35 g",Quaker,17.99,,,,$17.99,,2026-08-17T00:00:00-04:00,2026-08-23T23:59:59-04:00,,13315.9,-2000.41,13849.5,-2793.65,http://f.wishabi.net/page_items/430820297/1786975452/extra_large.jpg
Costco,8088337,1033909292,"RW Garcia Jalapeno Crackers, 850 g",RW Garcia,10.99,,,,$10.99,,2026-08-17T00:00:00-04:00,2026-08-23T23:59:59-04:00,,9122.79,-2000.41,9656.42,-2793.65,http://f.wishabi.net/page_items/430820272/1786975451/extra_large.jpg
Costco,8088337,1033909266,Resinite Commercial All-purpose Plastic Food Wrap,Resinite,24.99,,,,$24.99,,2026-08-17T00:00:00-04:00,2026-08-23T23:59:59-04:00,,12744.8,-1071.59,13564.0,-1864.83,http://f.wishabi.net/page_items/430820294/1786975450/extra_large.jpg
Costco,8089499,1033968816,Rockwater Designs® Heat Zone CS 250 Oversized Sleeping Bag,Rockwater Designs,89.99,,,,$89.99,,2026-08-17T00:00:00-04:00,2026-08-23T23:59:59-04:00,,11504.9,-2000.41,12038.5,-2793.65,http://f.wishabi.net/page_items/430853303/1786991007/extra_large.jpg
Costco,8088337,1033909325,"Ruffles All Dressed Potato Chips, 48 × 40 g",Ruffles,43.99,,,,$43.99,,2026-08-17T00:00:00-04:00,2026-08-23T23:59:59-04:00,,15412.5,-142.78,16231.7,-936.02,http://f.wishabi.net/page_items/430820305/1786975449/extra_large.jpg
Costco,8088337,1033909249,"Ruffles Potato Chips Variety Pack, 36 × 28 g",Ruffles,17.49,,,,$17.49,,2026-08-17T00:00:00-04:00,2026-08-23T23:59:59-04:00,,4832.05,-2000.41,5365.68,-2793.65,http://f.wishabi.net/page_items/430820238/1786975452/extra_large.jpg
Costco,8089499,1033968874,Salton Hotray XL Warming Tray,Salton,52.99,,,,$52.99,,2026-08-17T00:00:00-04:00,2026-08-23T23:59:59-04:00,,16366.8,-1411.97,16900.4,-2205.21,http://f.wishabi.net/page_items/430853337/1786991005/extra_large.jpg
Costco,8089499,1033968883,Salton Slim Induction Cooktop,Salton,64.99,,,,$64.99,,2026-08-17T00:00:00-04:00,2026-08-23T23:59:59-04:00,,16937.9,-2314.82,17471.6,-3108.06,http://f.wishabi.net/page_items/430853341/1786991008/extra_large.jpg
Costco,8089499,1033968765,Samsung 30 in. 6.3 cu ft. Stainless Steel Electric Freestanding Range with Air Fry,Samsung,1144.99,,,,$1144.99,,2026-08-17T00:00:00-04:00,2026-08-23T23:59:59-04:00,,12744.8,-2314.82,13278.4,-3108.06,http://f.wishabi.net/page_items/430853315/1786991007/extra_large.jpg
Costco,8089499,1033968784,"Scepter 20 L Military Style Water Can, 2-Pack",Scepter,44.99,,,,$44.99,,2026-08-17T00:00:00-04:00,2026-08-23T23:59:59-04:00,,8454.05,-2929.22,8987.68,-3722.46,http://f.wishabi.net/page_items/430853282/1786991010/extra_large.jpg
Costco,8089499,1033968858,Scepter Flo N' Go DuraMax 53 L (14 gal.) Portable Gas Can,Scepter,139.99,,,,$139.99,,2026-08-17T00:00:00-04:00,2026-08-23T23:59:59-04:00,,6643.05,-2314.82,7176.68,-3108.06,http://f.wishabi.net/page_items/430853267/1786991010/extra_large.jpg
Costco,8088337,1033909329,"Schneider's Hot Rod Meat Sticks, 40-count",Schneider's,19.49,,,,$19.49,,2026-08-17T00:00:00-04:00,2026-08-23T23:59:59-04:00,,15126.9,-2000.41,15660.5,-2793.65,http://f.wishabi.net/page_items/430820309/1786975453/extra_large.jpg
Costco,8088337,1033909253,"Scotties Premium Facial Tissue, 21-pack",Scotties,29.99,,,,$29.99,,2026-08-17T00:00:00-04:00,2026-08-23T23:59:59-04:00,,8168.48,-1071.59,8987.68,-1864.83,http://f.wishabi.net/page_items/430820259/1786975451/extra_large.jpg
Costco,8089499,1033968941,Sealy Posturepedic Catarina Queen Eurotop Mattress or Set,Sealy,879.99,,,,$879.99,,2026-08-17T00:00:00-04:00,2026-08-23T23:59:59-04:00,,20559.9,-1411.97,21093.6,-2205.21,http://f.wishabi.net/page_items/430853363/1786991007/extra_large.jpg
Costco,8089499,1033968800,Sealy Posturepedic Lincoln Heights 35.6 cm (14 in.) Mattress,Sealy,1699.99,,,,$1699.99,,2026-08-17T00:00:00-04:00,2026-08-23T23:59:59-04:00,,22370.9,-2000.41,22904.6,-2793.65,http://f.wishabi.net/page_items/430853378/1786991008/extra_large.jpg
Costco,8089499,1033968798,Sealy Posturepedic Rory Medium Twin Mattress or Set,Sealy,399.99,,,,$399.99,,2026-08-17T00:00:00-04:00,2026-08-23T23:59:59-04:00,,21799.8,-2000.41,22333.4,-2793.65,http://f.wishabi.net/page_items/430853377/1786991007/extra_large.jpg
Costco,8089499,1033968746,Seasonal Visions 1.83m (6ft) Animated Butler,Seasonal Visions,329.99,,,,$329.99,,2026-08-17T00:00:00-04:00,2026-08-23T23:59:59-04:00,,3689.79,-1071.59,4508.99,-1864.83,http://f.wishabi.net/page_items/430853250/1786991005/extra_large.jpg
Costco,8089499,1033968819,Seina Heavy Duty Plastic Utility Wagon with Fold-Up Wheels,Seina,119.99,,,,$119.99,,2026-08-17T00:00:00-04:00,2026-08-23T23:59:59-04:00,,10933.8,-2929.22,11467.4,-3722.46,http://f.wishabi.net/page_items/430853305/1786991008/extra_large.jpg
Costco,8088337,1033909314,"Sensible Portions Pita Bites, 567 g",Sensible Portions,8.99,,,,$8.99,,2026-08-17T00:00:00-04:00,2026-08-23T23:59:59-04:00,,10933.8,-2000.41,11467.4,-2793.65,http://f.wishabi.net/page_items/430820284/1786975452/extra_large.jpg
Costco,8089499,1033968946,Serta Starlit 26.7 cm (10.5 in.) Mattress or Set,Serta,649.99,,,,$649.99,,2026-08-17T00:00:00-04:00,2026-08-23T23:59:59-04:00,,21131.1,-1411.97,21664.7,-2205.21,http://f.wishabi.net/page_items/430853364/1786991008/extra_large.jpg
Costco,8088337,1033909311,"Sesame Snaps, Candy, 36 × 35 g",Sesame Snaps,13.99,,,,$13.99,,2026-08-17T00:00:00-04:00,2026-08-23T23:59:59-04:00,,6643.05,-2000.41,7176.68,-2793.65,http://f.wishabi.net/page_items/430820250/1786975453/extra_large.jpg
Costco,8088337,1033909327,"Shopsy's Pepperoni Sticks, 40-Count",Shopsy's,23.49,,,,$23.49,,2026-08-17T00:00:00-04:00,2026-08-23T23:59:59-04:00,,15412.5,-1071.59,16231.7,-1864.83,http://f.wishabi.net/page_items/430820307/1786975451/extra_large.jpg
Costco,8089499,1033968922,Simmons 20.3 cm (8 in.) Gel Memory Foam Mattress,Simmons,389.99,,,,$389.99,,2026-08-17T00:00:00-04:00,2026-08-23T23:59:59-04:00,,19988.8,-509.11,20522.4,-1302.35,http://f.wishabi.net/page_items/430853359/1786991003/extra_large.jpg
Costco,8089499,1033968956,Simmons 25.4 cm (10 in.) Memory Foam Mattress,Simmons,539.99,,,,$539.99,,2026-08-17T00:00:00-04:00,2026-08-23T23:59:59-04:00,,20559.9,-2314.82,21093.6,-3108.06,http://f.wishabi.net/page_items/430853366/1786991009/extra_large.jpg
Costco,8088337,1033909288,"SkinnyPop - Popcorn, 397 g",SkinnyPop,7.99,,,,$7.99,,2026-08-17T00:00:00-04:00,2026-08-23T23:59:59-04:00,,9979.48,-1071.59,10798.7,-1864.83,http://f.wishabi.net/page_items/430820271/1786975450/extra_large.jpg
Costco,8088337,1033909328,"Smartfood White Cheddar Popcorn, 36 × 45 g",Smartfood,40.99,,,,$40.99,,2026-08-17T00:00:00-04:00,2026-08-23T23:59:59-04:00,,14555.8,-2000.41,15089.4,-2793.65,http://f.wishabi.net/page_items/430820308/1786975452/extra_large.jpg
Costco,8088337,1033909251,"Snack Factory Pretzel Crisps - Original Pretzel Crackers, 737 g",Snack Factory,7.49,,,,$7.49,,2026-08-17T00:00:00-04:00,2026-08-23T23:59:59-04:00,,3689.79,-2929.22,4223.42,-3722.46,http://f.wishabi.net/page_items/430820239/1786975453/extra_large.jpg
Costco,8089499,1033968851,Sony Marvel's Wolverine - PlayStation 5,Sony,89.0,,,,$89.0,,2026-08-17T00:00:00-04:00,2026-08-23T23:59:59-04:00,,3021.05,-2314.82,3554.68,-3108.06,http://f.wishabi.net/page_items/430853242/1786991008/extra_large.jpg
Costco,8088337,1033909287,"Sparkling ICE Flavoured Water Beverage Variety Pack, 24 x 503 ml",Sparkling ICE,24.99,,,,$24.99,,2026-08-17T00:00:00-04:00,2026-08-23T23:59:59-04:00,,5500.79,-142.78,6319.99,-936.02,http://f.wishabi.net/page_items/430820244/1786975448/extra_large.jpg
Costco,8088337,1033909281,"SpongeTowels Premium Paper Towels, 12 x 106 sheets",SpongeTowels,29.99,,,,$29.99,,2026-08-17T00:00:00-04:00,2026-08-23T23:59:59-04:00,,2735.48,-142.78,3554.68,-936.02,http://f.wishabi.net/page_items/430820221/1786975449/extra_large.jpg
Costco,8089499,1033968787,Springwall Chiropractic Black Ice Hybrid 35.6 cm (14 in.) Medium Plush Mattress,Springwall,1149.99,,,,$1149.99,,2026-08-17T00:00:00-04:00,2026-08-23T23:59:59-04:00,,21799.8,-142.78,22619.0,-936.02,http://f.wishabi.net/page_items/430853373/1786991004/extra_large.jpg
Costco,8089499,1033968808,Springwall Chiropractic Hybrid 35.5 cm (14 in.) Mattress,Springwall,1299.99,,,,$1299.99,,2026-08-17T00:00:00-04:00,2026-08-23T23:59:59-04:00,,22942.1,-2929.22,23475.7,-3722.46,http://f.wishabi.net/page_items/430853382/1786991011/extra_large.jpg
Costco,8089499,1033968926,Springwall Comfort Pockets Breeze Mattress,Springwall,649.99,,,,$649.99,,2026-08-17T00:00:00-04:00,2026-08-23T23:59:59-04:00,,20559.9,-509.11,21093.6,-1302.35,http://f.wishabi.net/page_items/430853360/1786991004/extra_large.jpg
Costco,8089499,1033968806,Springwall Comfort Pockets Marleen 26.7 cm (10.5 in.) Tight Top Firm Mattress,Springwall,899.99,,,,$899.99,,2026-08-17T00:00:00-04:00,2026-08-23T23:59:59-04:00,,22370.9,-2929.22,22904.6,-3722.46,http://f.wishabi.net/page_items/430853381/1786991010/extra_large.jpg
Costco,8089499,1033968802,Springwall Comfort Pockets Marleen 30.5 cm (12 in.) Euro Top Plush Mattress,Springwall,899.99,,,,$899.99,,2026-08-17T00:00:00-04:00,2026-08-23T23:59:59-04:00,,22942.1,-2000.41,23475.7,-2793.65,http://f.wishabi.net/page_items/430853379/1786991008/extra_large.jpg
Costco,8089499,1033968712,Springwall Comfort Pockets Renew Medium Plush Mattress,Springwall,799.99,,,,$799.99,,2026-08-17T00:00:00-04:00,2026-08-23T23:59:59-04:00,,638.92,-3145.55,1172.55,-3938.79,http://f.wishabi.net/page_items/430853231/1786991006/extra_large.jpg
Costco,8089499,1033968790,Stormpack Sunice Girls' Water-Resistant & Breathable Snowsuit,Stormpack Sunice,74.99,,,,$74.99,,2026-08-17T00:00:00-04:00,2026-08-23T23:59:59-04:00,,26278.5,-142.78,27097.7,-936.02,http://f.wishabi.net/page_items/430853399/1786991006/extra_large.jpg
Costco,8089499,1033968748,SugarLake Gear Co. 3D Self-Inflating Sleep Pad,SugarLake Gear Co.,97.99,,,,$97.99,,2026-08-17T00:00:00-04:00,2026-08-23T23:59:59-04:00,,9122.79,-1411.97,9656.42,-2205.21,http://f.wishabi.net/page_items/430853287/1786991005/extra_large.jpg
Costco,8089499,1033968754,SugarLake Gear Co. Self-Inflating 2-Person Sleep Pad,SugarLake Gear Co.,169.99,,,,$169.99,,2026-08-17T00:00:00-04:00,2026-08-23T23:59:59-04:00,,9693.92,-1411.97,10227.5,-2205.21,http://f.wishabi.net/page_items/430853288/1786991005/extra_large.jpg
Costco,8088337,1033909309,"Sun Chips Harvest Cheddar Multigrain Snacks, 40 × 40 g",Sun Chips,34.99,,,,$34.99,,2026-08-17T00:00:00-04:00,2026-08-23T23:59:59-04:00,,10933.8,-1071.59,11753.0,-1864.83,http://f.wishabi.net/page_items/430820282/1786975450/extra_large.jpg
Costco,8088337,1033909317,Swiffer Dusters Dusting Kit with 28 Refills,Swiffer,23.99,,,,$23.99,,2026-08-17T00:00:00-04:00,2026-08-23T23:59:59-04:00,,6643.05,-2929.22,7176.68,-3722.46,http://f.wishabi.net/page_items/430820253/1786975455/extra_large.jpg
Costco,8088337,1033909267,"Swiffer Sweeper Dry Sweeping Cloth, 84 count",Swiffer,23.99,,,,$23.99,,2026-08-17T00:00:00-04:00,2026-08-23T23:59:59-04:00,,13601.5,-1071.59,14420.7,-1864.83,http://f.wishabi.net/page_items/430820295/1786975451/extra_large.jpg
Costco,8089499,1033968741,Swissmar Arolla 10 Piece Electric Fondue Set,Swissmar,64.99,,,,$64.99,,2026-08-17T00:00:00-04:00,2026-08-23T23:59:59-04:00,,19320.1,-2000.41,19853.7,-2793.65,http://f.wishabi.net/page_items/430853354/1786991009/extra_large.jpg
Costco,8088337,1033909271,"Three Farmers Protein Snack Mix, 6 × 150 g",Three Farmers,29.99,,,,$29.99,,2026-08-17T00:00:00-04:00,2026-08-23T23:59:59-04:00,,12744.8,-2929.22,13278.4,-3722.46,http://f.wishabi.net/page_items/430820299/1786975454/extra_large.jpg
Costco,8088337,1033909285,"Tide PODS with Downy, Liquid Laundry Detergent Pacs, April Fresh, 104-count",Tide,32.99,,,,$32.99,,2026-08-17T00:00:00-04:00,2026-08-23T23:59:59-04:00,,9122.79,-1071.59,9941.99,-1864.83,http://f.wishabi.net/page_items/430820270/1786975449/extra_large.jpg
Costco,8089499,1033968772,Timber Ridge Zero Gravity Camping Lounger,Timber Ridge,119.99,,,,$119.99,,2026-08-17T00:00:00-04:00,2026-08-23T23:59:59-04:00,,10265.0,-2314.82,10798.7,-3108.06,http://f.wishabi.net/page_items/430853292/1786991008/extra_large.jpg
Costco,8089499,1033968744,Titan Pro - 40 Can Zipperless Cooler,Titan,49.97,,,,$49.97,,2026-08-17T00:00:00-04:00,2026-08-23T23:59:59-04:00,,10265.0,-509.11,10798.7,-1302.35,http://f.wishabi.net/page_items/430853286/1786991004/extra_large.jpg
Costco,8089499,1033968738,Titan Pro - 48 Can Zipperless Cooler,Titan,59.97,,,,$59.97,,2026-08-17T00:00:00-04:00,2026-08-23T23:59:59-04:00,,9693.92,-509.11,10227.5,-1302.35,http://f.wishabi.net/page_items/430853285/1786991003/extra_large.jpg
Costco,8089499,1033968758,"Titan Pro - Arctic Zone - High Performance Ice Packs with Deep Freeze Performance Gel, 10-piece set",Titan,19.97,,,,$19.97,,2026-08-17T00:00:00-04:00,2026-08-23T23:59:59-04:00,,10265.0,-1411.97,10798.7,-2205.21,http://f.wishabi.net/page_items/430853289/1786991006/extra_large.jpg
Costco,8089499,1033968755,"Trailer Valet Blackout 14,000 lbs. Capacity Adjustable Steel Drop Hitch",Trailer Valet,119.99,,,,$119.99,,2026-08-17T00:00:00-04:00,2026-08-23T23:59:59-04:00,,8168.48,-1071.59,8987.68,-1864.83,http://f.wishabi.net/page_items/430853276/1786991005/extra_large.jpg
Costco,8089499,1033968788,"Trimfit Boys Socks, 12-Pair",Trimfit,9.99,,,,$9.99,,2026-08-17T00:00:00-04:00,2026-08-23T23:59:59-04:00,,25421.8,-142.78,26241.0,-936.02,http://f.wishabi.net/page_items/430853398/1786991005/extra_large.jpg
Costco,8089499,1033968860,"USA Pan Baking Sheet set, 4-piece",USA Pan,89.99,,,,$89.99,,2026-08-17T00:00:00-04:00,2026-08-23T23:59:59-04:00,,3021.05,-3217.67,3554.68,-4010.91,http://f.wishabi.net/page_items/430853245/1786991011/extra_large.jpg
Costco,8088337,1033909302,"Universal Bakery Organic Aussie Bites, 32-count",,14.99,,,,$14.99,,2026-08-17T00:00:00-04:00,2026-08-23T23:59:59-04:00,,9122.79,-2929.22,9656.42,-3722.46,http://f.wishabi.net/page_items/430820275/1786975453/extra_large.jpg
Costco,8089499,1033968737,Vans Men's Mcavoy Zip Station Jacket – Casual Full-Zip Coat with Collar,Vans,84.99,,,,$84.99,,2026-08-17T00:00:00-04:00,2026-08-23T23:59:59-04:00,,3689.79,-142.78,4508.99,-936.02,http://f.wishabi.net/page_items/430853248/1786991003/extra_large.jpg
Costco,8088337,1033909333,"Vel Cereal Bars, Variety Pack, 21 × 40 g",Vel,14.99,,,,$14.99,,2026-08-17T00:00:00-04:00,2026-08-23T23:59:59-04:00,,15698.0,-2929.22,16231.7,-3722.46,http://f.wishabi.net/page_items/430820313/1786975456/extra_large.jpg
Costco,8089499,1033968780,"Versa-Brella 360 Degree Umbrella, 2-pack",Versa,54.99,,,,$54.99,,2026-08-17T00:00:00-04:00,2026-08-23T23:59:59-04:00,,10265.0,-3217.67,10798.7,-4010.91,http://f.wishabi.net/page_items/430853295/1786991010/extra_large.jpg
Costco,8089499,1033968826,Vince Camuto Men's Ratchet Leather Belt,Vince Camuto,29.99,,,,$29.99,,2026-08-17T00:00:00-04:00,2026-08-23T23:59:59-04:00,,1878.79,-509.11,2412.42,-1302.35,http://f.wishabi.net/page_items/430853234/1786991003/extra_large.jpg
Costco,8089499,1033968815,Vivere Elevate Aerial Mat,Vivere,199.99,,,,$199.99,,2026-08-17T00:00:00-04:00,2026-08-23T23:59:59-04:00,,10933.8,-2000.41,11467.4,-2793.65,http://f.wishabi.net/page_items/430853302/1786991006/extra_large.jpg
Costco,8089499,1033968876,"Waterdrop Electric Filter Water Dispenser, 16-Cup",Waterdrop,69.99,,,,$69.99,,2026-08-17T00:00:00-04:00,2026-08-23T23:59:59-04:00,,16937.9,-1411.97,17471.6,-2205.21,http://f.wishabi.net/page_items/430853338/1786991006/extra_large.jpg
Costco,8089499,1033968888,Waterdrop K19 Countertop Reverse Osmosis Water Filter System,Waterdrop,299.99,,,,$299.99,,2026-08-17T00:00:00-04:00,2026-08-23T23:59:59-04:00,,16366.8,-3217.67,16900.4,-4010.91,http://f.wishabi.net/page_items/430853343/1786991009/extra_large.jpg
Costco,8089499,1033968705,WeatherTech Heavy Duty Trim-To-Fit Floor Mat,Weathertech,72.99,,,,$72.99,,2026-08-17T00:00:00-04:00,2026-08-23T23:59:59-04:00,,638.92,-2278.76,1172.55,-3072.0,http://f.wishabi.net/page_items/430853228/1786991004/extra_large.jpg
Costco,8089499,1033968862,WeatherTech Trim-To-Fit Cargo/Trunk Mat,WeatherTech,74.99,,,,$74.99,,2026-08-17T00:00:00-04:00,2026-08-23T23:59:59-04:00,,5500.79,-3217.67,6034.42,-4010.91,http://f.wishabi.net/page_items/430853268/1786991010/extra_large.jpg
Costco,8089499,1033968841,WeatherTech Trim-To-Fit Floor Mat,WeatherTech,72.99,,,,$72.99,,2026-08-17T00:00:00-04:00,2026-08-23T23:59:59-04:00,,6643.05,-509.11,7176.68,-1302.35,http://f.wishabi.net/page_items/430853261/1786991005/extra_large.jpg
Costco,8089499,1033968837,WeatherTech Universal All-weather Car Mat 4-Piece Set,WeatherTech,59.99,,,,$59.99,,2026-08-17T00:00:00-04:00,2026-08-23T23:59:59-04:00,,6071.92,-509.11,6605.55,-1302.35,http://f.wishabi.net/page_items/430853260/1786991004/extra_large.jpg
Costco,8089499,1033968704,Weatherproof Vintage Women's Flannel Shirt,Weatherproof Vintage,24.99,,,,$24.99,,2026-08-17T00:00:00-04:00,2026-08-23T23:59:59-04:00,,67.79,-2278.76,601.42,-3072.0,http://f.wishabi.net/page_items/430853227/1786991003/extra_large.jpg
Costco,8088337,1033909297,"Welch's Fruit Snacks, 60 × 22 g",Welch's,14.99,,,,$14.99,,2026-08-17T00:00:00-04:00,2026-08-23T23:59:59-04:00,,3021.05,-2000.41,3554.68,-2793.65,http://f.wishabi.net/page_items/430820226/1786975452/extra_large.jpg
Costco,8089499,1033968709,"West Bend Theatre Crazy Popcorn Maker XL, 16 Cups",West Bend,109.99,,,,$109.99,,2026-08-17T00:00:00-04:00,2026-08-23T23:59:59-04:00,,67.79,-3145.55,601.42,-3938.79,http://f.wishabi.net/page_items/430853230/1786991005/extra_large.jpg
Costco,8089499,1033968727,Weston 6 Tray Digital Food Dehydrator,Weston,109.99,,,,$109.99,,2026-08-17T00:00:00-04:00,2026-08-23T23:59:59-04:00,,18177.8,-142.78,18997.0,-936.02,http://f.wishabi.net/page_items/430853348/1786991004/extra_large.jpg
Costco,8089499,1033968908,Whirlpool 30 in 5.3 cu ft Electric 4 Element Range with No Preheat Mode,Whirlpool,1044.99,,,,$1044.99,,2026-08-17T00:00:00-04:00,2026-08-23T23:59:59-04:00,,15126.9,-2000.41,15660.5,-2793.65,http://f.wishabi.net/page_items/430853328/1786991007/extra_large.jpg
Costco,8089499,1033968782,Whirlpool 30 in. 5.3 cu ft. Electric 5 Element Range with Air Fry,Whirlpool,1094.99,,,,$1094.99,,2026-08-17T00:00:00-04:00,2026-08-23T23:59:59-04:00,,13315.9,-3217.67,13849.5,-4010.91,http://f.wishabi.net/page_items/430853319/1786991010/extra_large.jpg
Costco,8089499,1033968812,Wild Land Quick Set-Up Shelter with Clip-Up Porch,Wild Land,79.99,,,,$79.99,,2026-08-17T00:00:00-04:00,2026-08-23T23:59:59-04:00,,10933.8,-1071.59,11753.0,-1864.83,http://f.wishabi.net/page_items/430853300/1786991005/extra_large.jpg
Costco,8089499,1033968732,Wildland Camp Kitchen with Stove,Wildland,199.97,,,,$199.97,,2026-08-17T00:00:00-04:00,2026-08-23T23:59:59-04:00,,9122.79,-509.11,9656.42,-1302.35,http://f.wishabi.net/page_items/430853284/1786991003/extra_large.jpg
Costco,8089499,1033968762,World Famous Camp and RV Carpet,World Famous,119.99,,,,$119.99,,2026-08-17T00:00:00-04:00,2026-08-23T23:59:59-04:00,,9122.79,-2314.82,9656.42,-3108.06,http://f.wishabi.net/page_items/430853290/1786991006/extra_large.jpg
Costco,8088337,1033909319,"Wrigley's 5 Mint Gum, Variety Pack, 12 × 15 sticks",Wrigley's,16.49,,,,$16.49,,2026-08-17T00:00:00-04:00,2026-08-23T23:59:59-04:00,,10933.8,-2929.22,11467.4,-3722.46,http://f.wishabi.net/page_items/430820287/1786975454/extra_large.jpg
Costco,8088337,1033909259,"Ziploc Brand Large Freezer Bags, 3 packs of 50",Ziploc,20.99,,,,$20.99,,2026-08-17T00:00:00-04:00,2026-08-23T23:59:59-04:00,,7311.79,-2929.22,7845.42,-3722.46,http://f.wishabi.net/page_items/430820263/1786975454/extra_large.jpg
Costco,8088337,1033909254,"Ziploc Brand Medium Freezer Bags, 3 packs of 60",Ziploc,17.99,,,,$17.99,,2026-08-17T00:00:00-04:00,2026-08-23T23:59:59-04:00,,4260.92,-2929.22,4794.55,-3722.46,http://f.wishabi.net/page_items/430820240/1786975454/extra_large.jpg
Costco,8088337,1033909257,"Ziploc Brand Sandwich Bags, 150-count, 4-pack",Ziploc,19.99,,,,$19.99,,2026-08-17T00:00:00-04:00,2026-08-23T23:59:59-04:00,,7882.92,-2000.41,8416.55,-2793.65,http://f.wishabi.net/page_items/430820261/1786975452/extra_large.jpg
Costco,8089499,1033968714,adidas Kids Faito Shoes,adidas,34.99,,,,$34.99,,2026-08-17T00:00:00-04:00,2026-08-23T23:59:59-04:00,,1210.05,-3145.55,1743.68,-3938.79,http://f.wishabi.net/page_items/430853232/1786991007/extra_large.jpg
Costco,8089499,1033968845,adidas Men's Cotton Blend Hoodie,adidas,31.99,,,,$31.99,,2026-08-17T00:00:00-04:00,2026-08-23T23:59:59-04:00,,3021.05,-1411.97,3554.68,-2205.21,http://f.wishabi.net/page_items/430853239/1786991006/extra_large.jpg
Costco,8089499,1033968753,"iSpring Sparkling Reverse Osmosis Water Maker with UV, Hot & Cold, TDS Monitor",iSpring,699.99,,,,$699.99,,2026-08-17T00:00:00-04:00,2026-08-23T23:59:59-04:00,,19320.1,-2929.22,19853.7,-3722.46,http://f.wishabi.net/page_items/430853357/1786991011/extra_large.jpg
Costco,8088337,1033909759,membership,,,,,,,,2026-08-17T00:00:00-04:00,2026-08-23T23:59:59-04:00,,16299.0,-680.76,18547.2,-2329.56,http://f.wishabi.net/page_items/430821121/1786977061/extra_large.jpg
Fiesta Farms,8083591,1033208999,AELO ALCOHOL FREE COCKTAILS,aēlo,13.99,,,,$13.99,,2026-08-14T00:00:00-04:00,2026-08-20T23:59:59-04:00,,2429.88,-1421.2,3132.32,-1997.5,http://f.wishabi.net/page_items/430657207/1786685691/extra_large.jpg
Fiesta Farms,8083591,1033209004,AERAS WATER,Aeras,2.0,,,,$2.0,,2026-08-14T00:00:00-04:00,2026-08-20T23:59:59-04:00,,5179.32,-1066.35,5609.07,-2162.4,http://f.wishabi.net/page_items/430657212/1786685687/extra_large.jpg
Fiesta Farms,8083591,1033208985,ARLA HAVARTI CHEESE,ARLA,10.48,,,,$10.48,,2026-08-14T00:00:00-04:00,2026-08-20T23:59:59-04:00,,1465.64,-498.38,1870.03,-1074.58,http://f.wishabi.net/page_items/430657193/1786685689/extra_large.jpg
Fiesta Farms,8083591,1033208983,ARTICHOKES,,2.99,,,,$2.99,,2026-08-14T00:00:00-04:00,2026-08-20T23:59:59-04:00,,35.03,-1279.84,726.31,-1504.72,http://f.wishabi.net/page_items/430657191/1786685687/extra_large.jpg
Fiesta Farms,8083591,1033208980,BALDERSON NON AGED CHEESE BARS,BALDERSON,7.99,,,,$7.99,,2026-08-14T00:00:00-04:00,2026-08-20T23:59:59-04:00,,25.92,-2025.4,1866.43,-2556.45,http://f.wishabi.net/page_items/430657188/1786685685/extra_large.jpg
Fiesta Farms,8083591,1033209003,BOUNTY PAPER TOWEL,Bounty,12.99,,,,$12.99,,2026-08-14T00:00:00-04:00,2026-08-20T23:59:59-04:00,,3806.0,-1658.59,4571.64,-2172.32,http://f.wishabi.net/page_items/430657211/1786685686/extra_large.jpg
Fiesta Farms,8083591,1033208990,BRANDT BLACK FOREST HAM,Brandt,6.99,,,,$6.99,,2026-08-14T00:00:00-04:00,2026-08-20T23:59:59-04:00,,755.54,-514.87,1343.75,-1088.22,http://f.wishabi.net/page_items/430657198/1786685692/extra_large.jpg
Fiesta Farms,8083591,1033208998,BUNNERS CUPCAKES,BUNNERS,16.49,,,,$16.49,,2026-08-14T00:00:00-04:00,2026-08-20T23:59:59-04:00,,2977.32,-2041.74,3745.7,-2547.14,http://f.wishabi.net/page_items/430657206/1786685690/extra_large.jpg
Fiesta Farms,8083591,1033208997,"CHOCXO CHOCOLATE CUPS, 98G DARK MILK PASSIONFRUIT OR MILK CHOCOLATE COOKIE BUTTER",CHOCXO,6.99,,,,$6.99,,2026-08-14T00:00:00-04:00,2026-08-20T23:59:59-04:00,,3141.53,-1377.67,3745.56,-2035.74,http://f.wishabi.net/page_items/430657205/1786685690/extra_large.jpg
Fiesta Farms,8083591,1033208991,COOL & SIMPLE DUCK FAT POTATOES,Cool & Simple,6.59,,,,$6.59,,2026-08-14T00:00:00-04:00,2026-08-20T23:59:59-04:00,,1900.04,-638.92,2616.23,-1264.45,http://f.wishabi.net/page_items/430657199/1786685685/extra_large.jpg
Fiesta Farms,8083591,1033209006,COUNTRY HARVEST BAGELS,COUNTRY HARVEST,3.69,,,,$3.69,,2026-08-14T00:00:00-04:00,2026-08-20T23:59:59-04:00,,4615.43,-1268.66,5166.36,-2178.46,http://f.wishabi.net/page_items/430657214/1786685688/extra_large.jpg
Fiesta Farms,8083591,1033209002,COW'S CREAMERY ASSORTED BUTTER,COW'S CREAMERY,7.99,,,,$7.99,,2026-08-14T00:00:00-04:00,2026-08-20T23:59:59-04:00,,3806.26,-671.96,4793.41,-1222.33,http://f.wishabi.net/page_items/430657210/1786685686/extra_large.jpg
Fiesta Farms,8083591,1033209000,DUFFLET DOME CAKELET,DUFFLET,15.99,,,,$15.99,,2026-08-14T00:00:00-04:00,2026-08-20T23:59:59-04:00,,2391.45,-1950.01,2968.16,-2542.56,http://f.wishabi.net/page_items/430657208/1786685692/extra_large.jpg
Fiesta Farms,8083591,1033208982,FIELD TOMATOES,,4.99,,,,$4.99,,2026-08-14T00:00:00-04:00,2026-08-20T23:59:59-04:00,,32.39,-518.06,730.3,-769.47,http://f.wishabi.net/page_items/430657190/1786685687/extra_large.jpg
Fiesta Farms,8083591,1033209005,GOMACRO PROTEIN BARS,Gomacro,7.0,,,,$7.0,,2026-08-14T00:00:00-04:00,2026-08-20T23:59:59-04:00,,4802.05,-679.51,5456.95,-1218.52,http://f.wishabi.net/page_items/430657213/1786685688/extra_large.jpg
Fiesta Farms,8083591,1033208995,GREENFIELD WIENERS ANTIBIOTIC & HORMONE FREE,GREENFIELD,8.99,,,,$8.99,,2026-08-14T00:00:00-04:00,2026-08-20T23:59:59-04:00,,2616.06,-638.22,3145.84,-1268.16,http://f.wishabi.net/page_items/430657203/1786685688/extra_large.jpg
Fiesta Farms,8083591,1033208987,"IZZIO SOURDOUGH SAN FRANCISCO, LUCKY 7 MULTIGRAIN, EVERYTHING OR RUSTIC ITALIAN",IZZIO,4.99,,,,$4.99,,2026-08-14T00:00:00-04:00,2026-08-20T23:59:59-04:00,,781.3,-1120.91,1340.95,-1729.39,http://f.wishabi.net/page_items/430657195/1786685690/extra_large.jpg
Fiesta Farms,8083591,1033208989,JUMBO CAULIFLOWER,,5.0,,,,$5.0,,2026-08-14T00:00:00-04:00,2026-08-20T23:59:59-04:00,,394.27,-786.46,726.62,-1286.48,http://f.wishabi.net/page_items/430657197/1786685692/extra_large.jpg
Fiesta Farms,8083591,1033208981,NECTARINES,,2.99,,,,$2.99,,2026-08-14T00:00:00-04:00,2026-08-20T23:59:59-04:00,,32.05,-1754.78,728.25,-2007.01,http://f.wishabi.net/page_items/430657189/1786685686/extra_large.jpg
Fiesta Farms,8083591,1033208992,ONTARIO AAA RIBEYE FAST FRY STEAK,ONTARIO,26.99,,,,$26.99,,2026-08-14T00:00:00-04:00,2026-08-20T23:59:59-04:00,,2879.64,-165.19,3741.29,-621.67,http://f.wishabi.net/page_items/430657200/1786685686/extra_large.jpg
Fiesta Farms,8083591,1033208994,ONTARIO AAA RIBEYE STEAK,,25.99,,,,$25.99,,2026-08-14T00:00:00-04:00,2026-08-20T23:59:59-04:00,,1911.0,-155.83,2872.48,-617.1,http://f.wishabi.net/page_items/430657202/1786685687/extra_large.jpg
Fiesta Farms,8083591,1033208996,PARTAKE NON ALCOHOLIC BEERS,Partake,10.99,,,,$10.99,,2026-08-14T00:00:00-04:00,2026-08-20T23:59:59-04:00,,1908.26,-1425.17,2394.87,-2396.32,http://f.wishabi.net/page_items/430657204/1786685689/extra_large.jpg
Fiesta Farms,8083591,1033208993,SELVA RWA ORGANIC COOKED SHRIMP,Selva,21.99,,,,$21.99,,2026-08-14T00:00:00-04:00,2026-08-20T23:59:59-04:00,,3146.56,-641.58,3744.65,-1265.26,http://f.wishabi.net/page_items/430657201/1786685687/extra_large.jpg
Fiesta Farms,8083591,1033208986,SNACK FACTORY PRETZEL CRISPS,Snack Factory,9.0,,,,$9.0,,2026-08-14T00:00:00-04:00,2026-08-20T23:59:59-04:00,,1246.91,-982.5,1856.87,-1531.95,http://f.wishabi.net/page_items/430657194/1786685690/extra_large.jpg
Fiesta Farms,8083591,1033208988,SWEET BELL PEPPERS,,2.99,,,,$2.99,,2026-08-14T00:00:00-04:00,2026-08-20T23:59:59-04:00,,32.64,-764.15,391.69,-1262.39,http://f.wishabi.net/page_items/430657196/1786685691/extra_large.jpg
Fiesta Farms,8083591,1033209001,TRE STELLE MOZZARELLA BALLS,Tre Stelle,4.99,,,,$4.99,,2026-08-14T00:00:00-04:00,2026-08-20T23:59:59-04:00,,3863.5,-1224.97,4646.75,-1643.01,http://f.wishabi.net/page_items/430657209/1786685685/extra_large.jpg
Fiesta Farms,8083591,1033208984,YELLOW CORN,,4.99,,,,$4.99,,2026-08-14T00:00:00-04:00,2026-08-20T23:59:59-04:00,,36.43,-1516.53,732.47,-1750.83,http://f.wishabi.net/page_items/430657192/1786685688/extra_large.jpg
Food Basics,8075764,1033149101,5 STEM SUNFLOWERS,,6.0,,,,$6.0,,2026-08-13T00:00:00-04:00,2026-08-19T23:59:59-04:00,,2317.44,-2243.36,2594.26,-2547.07,http://f.wishabi.net/page_items/430535184/1786570168/extra_large.jpg
Food Basics,8075764,1033149033,"5"" CASCADE ORCHID",,14.98,,,,$14.98,,2026-08-13T00:00:00-04:00,2026-08-19T23:59:59-04:00,,3168.89,-2224.84,3441.68,-2544.51,http://f.wishabi.net/page_items/430535167/1786570157/extra_large.jpg
Food Basics,8075764,1033149051,"6"" IVY",,5.99,,,,$5.99,,2026-08-13T00:00:00-04:00,2026-08-19T23:59:59-04:00,,2883.23,-2227.49,3169.46,-2542.12,http://f.wishabi.net/page_items/430535172/1786570160/extra_large.jpg
Food Basics,8075764,1033149059,"8""POTTED BASIL",,6.99,,,,$6.99,,2026-08-13T00:00:00-04:00,2026-08-19T23:59:59-04:00,,3165.76,-980.95,3441.26,-1276.37,http://f.wishabi.net/page_items/430535174/1786570162/extra_large.jpg
Food Basics,8075764,1033149099,9 STEM RAINBOW ROSES,,10.88,,,,$10.88,,2026-08-13T00:00:00-04:00,2026-08-19T23:59:59-04:00,,2593.55,-2235.3,2879.54,-2543.04,http://f.wishabi.net/page_items/430535183/1786570167/extra_large.jpg
Food Basics,8075764,1032111299,AA SARDINES,AA-1,0.99,,,,$0.99,,2026-08-13T00:00:00-04:00,2026-08-19T23:59:59-04:00,,12908.1,-1937.71,13063.6,-2195.63,http://f.wishabi.net/page_items/430057600/1786326440/extra_large.jpg
Food Basics,8075764,1033352899,"ACTIVIA YOGURT 12 X 100 G, SILK PROTEIN BEVERAGE 1.42 L",ACTIVIA | SILK,5.99,,,,$5.99,,2026-08-13T00:00:00-04:00,2026-08-19T23:59:59-04:00,,1170.44,-412.35,1529.16,-704.1,http://f.wishabi.net/page_items/430685560/1786720632/extra_large.jpg
Food Basics,8075764,1032109781,AIR WICK SCENTED OILS,Air Wick,18.99,,,,$18.99,,2026-08-13T00:00:00-04:00,2026-08-19T23:59:59-04:00,,6357.71,-2232.76,6616.63,-2539.76,http://f.wishabi.net/page_items/430059374/1786326425/extra_large.jpg
Food Basics,8075764,1032109737,ALLEN'S WHITE OR PICKLING VINEGAR,Allen's,3.49,,,,$3.49,,2026-08-13T00:00:00-04:00,2026-08-19T23:59:59-04:00,,6200.0,-1931.4,6335.0,-2091.4,http://f.wishabi.net/page_items/430059371/1786326423/extra_large.jpg
Food Basics,8075764,1032111737,ANNIE'S MACARONI & CHEESE,General Mills,5.99,,,,$5.99,,2026-08-13T00:00:00-04:00,2026-08-19T23:59:59-04:00,,16147.1,-632.81,16384.9,-980.15,http://f.wishabi.net/page_items/430057488/1786481498/extra_large.jpg
Food Basics,8075764,1032111790,ANNIE'S MACARONI & CHEESE,Annie's,2.49,,,,$2.49,,2026-08-13T00:00:00-04:00,2026-08-19T23:59:59-04:00,,16943.3,-1919.3,17083.7,-2215.09,http://f.wishabi.net/page_items/430057495/1786481503/extra_large.jpg
Food Basics,8075764,1032109197,"ANY VILLAGGIO BREAD, BUNS, DEMPSTER'S BAGELS,7""TORTILLAS; WHOLE GRAIN BREAD, TIA ROSA TORTILLAS, HOSTESS SNACK CAKES, NATURAL RYE BREAD OR HARVEST GOLD ROTI",VILLAGGIO | DEMPSTER'S | TIA ROSA | HOSTESS | HARVEST GOLD,6.5,,,,$6.5,,2026-08-13T00:00:00-04:00,2026-08-19T23:59:59-04:00,,5559.21,-937.07,5737.79,-1272.59,http://f.wishabi.net/page_items/430058742/1786326424/extra_large.jpg
Food Basics,8075764,1033149300,ASTRO ORIGINAL BALKAN YOGURT,Astro,3.27,,,,$3.27,,2026-08-13T00:00:00-04:00,2026-08-19T23:59:59-04:00,,8927.62,-19.07,9199.7,-338.08,http://f.wishabi.net/page_items/430535379/1786570163/extra_large.jpg
Food Basics,8075764,1033148775,"ASTRO ORIGINAL BALKAN YOGURT, 12 X 100 G OR OLYMPICORGANIC OR KREMA YOGURT, 650 G",Astro,3.98,,,,$3.98,,2026-08-13T00:00:00-04:00,2026-08-19T23:59:59-04:00,,644.94,-2121.74,890.47,-2466.25,http://f.wishabi.net/page_items/430535216/1786570171/extra_large.jpg
Food Basics,8075764,1033149068,"AVOCADOS, PRODUCT OF MEXICO OR PERU LIME, PRODUCT OF MEXICO 1 LB",,3.99,,,,$3.99,,2026-08-13T00:00:00-04:00,2026-08-19T23:59:59-04:00,,2310.64,-1620.92,2885.33,-1912.22,http://f.wishabi.net/page_items/430535176/1786570163/extra_large.jpg
Food Basics,8075764,1032111591,AYLMER READY TO SERVE SOUP,Aylmer,2.99,,,,$2.99,,2026-08-13T00:00:00-04:00,2026-08-19T23:59:59-04:00,,15000.3,-1917.72,15200.4,-2218.43,http://f.wishabi.net/page_items/430058577/1786481383/extra_large.jpg
Food Basics,8075764,1032111850,BASKIN ROBBINS ICE CREAM,Baskin Robbins,9.99,,,,$9.99,,2026-08-13T00:00:00-04:00,2026-08-19T23:59:59-04:00,,17874.0,-173.26,18135.8,-535.72,http://f.wishabi.net/page_items/430056474/1786326440/extra_large.jpg
Food Basics,8075764,1032110987,BASKIN ROBBINS ICE CREAM SANDWICHES,Baskin Robbins,9.99,,,,$9.99,,2026-08-13T00:00:00-04:00,2026-08-19T23:59:59-04:00,,11233.4,-168.41,11493.2,-420.8,http://f.wishabi.net/page_items/430057288/1786326435/extra_large.jpg
Food Basics,8075764,1032109339,BEATRICE B-FIT PROTEIN MILKSHAKE,Beatrice,3.49,,,,$3.49,,2026-08-13T00:00:00-04:00,2026-08-19T23:59:59-04:00,,4618.76,-1917.5,4718.73,-2216.17,http://f.wishabi.net/page_items/430058751/1786326431/extra_large.jpg
Food Basics,8075764,1033149290,BEATRICE CHOCOLATE MILK,Beatrice,3.98,,,,$3.98,,2026-08-13T00:00:00-04:00,2026-08-19T23:59:59-04:00,,8638.89,-19.73,8927.78,-340.35,http://f.wishabi.net/page_items/430535376/1786570161/extra_large.jpg
Food Basics,8075764,1033353050,BEATRICE OR SEALTEST MILK,Beatrice,,,,,,,2026-08-13T00:00:00-04:00,2026-08-19T23:59:59-04:00,,1574.96,-1941.94,1886.34,-2318.8,http://f.wishabi.net/page_items/430685577/1786720643/extra_large.jpg
Food Basics,8075764,1032108983,BECEL MARGARINE,Becel,4.49,,,,$4.49,,2026-08-13T00:00:00-04:00,2026-08-19T23:59:59-04:00,,4897.17,-1917.66,5184.85,-2217.95,http://f.wishabi.net/page_items/430058728/1786326414/extra_large.jpg
Food Basics,8075764,1032109704,BERTOLLI OLIVE OIL,Bertolli,10.99,,,,$10.99,,2026-08-13T00:00:00-04:00,2026-08-19T23:59:59-04:00,,5876.0,-1943.4,5924.0,-2212.4,http://f.wishabi.net/page_items/430059369/1786326422/extra_large.jpg
Food Basics,8075764,1032111683,BETTY CROCKER CAKE MIX,Betty Crocker,4.0,,,,$4.0,,2026-08-13T00:00:00-04:00,2026-08-19T23:59:59-04:00,,16146.5,-2216.28,16384.7,-2541.18,http://f.wishabi.net/page_items/430056895/1786481493/extra_large.jpg
Food Basics,8075764,1032111744,BETTY CROCKER FRUIT FLAVORED SNACKS,BETTY CROCKER,2.49,,,,$2.49,,2026-08-13T00:00:00-04:00,2026-08-19T23:59:59-04:00,,16706.5,-635.31,16951.5,-903.3,http://f.wishabi.net/page_items/430057489/1786481498/extra_large.jpg
Food Basics,8075764,1033149306,BLACK DIAMOND CHEESTRINGS,Black Diamond,11.49,,,,$11.49,,2026-08-13T00:00:00-04:00,2026-08-19T23:59:59-04:00,,8640.16,-344.25,8927.23,-636.55,http://f.wishabi.net/page_items/430535381/1786570165/extra_large.jpg
Food Basics,8075764,1033149080,BLACKBERRIES OR BLUEBERRIES,,3.99,,,,$3.99,,2026-08-13T00:00:00-04:00,2026-08-19T23:59:59-04:00,,2881.04,-1617.64,3445.55,-1914.78,http://f.wishabi.net/page_items/430535179/1786570165/extra_large.jpg
Food Basics,8075764,1032111183,BLUE DIAMOND ALMONDS,Blue Diamond,4.99,,,,$4.99,,2026-08-13T00:00:00-04:00,2026-08-19T23:59:59-04:00,,11548.0,-1948.31,11923.0,-2215.31,http://f.wishabi.net/page_items/430059451/1786326442/extra_large.jpg
Food Basics,8075764,1032111839,BOOST INSTANT BREAKFAST,Boost,15.99,,,,$15.99,,2026-08-13T00:00:00-04:00,2026-08-19T23:59:59-04:00,,17864.2,-2219.28,18423.6,-2542.29,http://f.wishabi.net/page_items/430056472/1786326439/extra_large.jpg
Food Basics,8075764,1033352885,BOOST MEAL REPLACEMENT,Boost,10.99,,,,$10.99,,2026-08-13T00:00:00-04:00,2026-08-19T23:59:59-04:00,,1257.39,-1585.82,1419.17,-1713.69,http://f.wishabi.net/page_items/430685559/1786720631/extra_large.jpg
Food Basics,8075764,1032111388,BRAR'S OR APNA TASTE RASMALAI,Brar's,9.99,,,,$9.99,,2026-08-13T00:00:00-04:00,2026-08-19T23:59:59-04:00,,13844.4,-2216.14,14402.5,-2540.02,http://f.wishabi.net/page_items/430058597/1786326440/extra_large.jpg
Food Basics,8075764,1032111371,BRAR'S PANEER,Brar's,5.99,,,,$5.99,,2026-08-13T00:00:00-04:00,2026-08-19T23:59:59-04:00,,14400.6,-638.28,14962.0,-978.79,http://f.wishabi.net/page_items/430058594/1786326438/extra_large.jpg
Food Basics,8075764,1032109796,BRITA WATER FILTRATION SYSTEM,Brita,23.99,,,,$23.99,,2026-08-13T00:00:00-04:00,2026-08-19T23:59:59-04:00,,6649.19,-2235.87,6742.22,-2390.91,http://f.wishabi.net/page_items/430059375/1786326426/extra_large.jpg
Food Basics,8075764,1033149094,BROCCOLI CROWNS,,5.0,,,,$5.0,,2026-08-13T00:00:00-04:00,2026-08-19T23:59:59-04:00,,2318.97,-979.05,2590.54,-1278.6,http://f.wishabi.net/page_items/430535182/1786570167/extra_large.jpg
Food Basics,8075764,1032111034,BUBLY SPARKLING WATER OR MONTELLIER CARBONATED WATER,BUBBLY | MONTELLIER,6.49,,,,$6.49,,2026-08-13T00:00:00-04:00,2026-08-19T23:59:59-04:00,,11536.3,-149.51,11848.8,-389.7,http://f.wishabi.net/page_items/430059430/1786326430/extra_large.jpg
Food Basics,8075764,1032111177,BUDWEISER ZERO NON-ALCOHOLIC BEER,Budweiser,15.29,,,,$15.29,,2026-08-13T00:00:00-04:00,2026-08-19T23:59:59-04:00,,12285.2,-1636.35,12644.9,-1909.24,http://f.wishabi.net/page_items/430059450/1786326442/extra_large.jpg
Food Basics,8075764,1032111579,BURNBRAE EGG BAKES! OR EGG BITES!,BURNBRAE,6.49,,,,$6.49,,2026-08-13T00:00:00-04:00,2026-08-19T23:59:59-04:00,,14994.8,-1283.93,15257.2,-1575.1,http://f.wishabi.net/page_items/430058575/1786481382/extra_large.jpg
Food Basics,8075764,1032109600,CADBURY CANDY BARS,Skinny Pop,7.0,,,,$7.0,,2026-08-13T00:00:00-04:00,2026-08-19T23:59:59-04:00,,5895.67,-1281.12,6359.26,-1634.63,http://f.wishabi.net/page_items/430059362/1786326418/extra_large.jpg
Food Basics,8075764,1032109675,CADBURY CANDY BARS,Cadbury,2.75,,,,$2.75,,2026-08-13T00:00:00-04:00,2026-08-19T23:59:59-04:00,,6576.32,-1628.43,6692.61,-1918.37,http://f.wishabi.net/page_items/430059367/1786326421/extra_large.jpg
Food Basics,8075764,1032109612,CADBURY CANDY BARS,Ocean Spray,5.99,,,,$5.99,,2026-08-13T00:00:00-04:00,2026-08-19T23:59:59-04:00,,5825.9,-1634.63,6359.26,-1913.71,http://f.wishabi.net/page_items/430059363/1786326419/extra_large.jpg
Food Basics,8075764,1032108565,CANADIAN COVE MUSSELS,CANADIAN COVE,5.99,,,,$5.99,,2026-08-13T00:00:00-04:00,2026-08-19T23:59:59-04:00,,3744.45,-2219.07,4031.22,-2544.65,http://f.wishabi.net/page_items/430055954/1786326414/extra_large.jpg
Food Basics,8075764,1033148811,CANTALOUPE,,1.98,,,,$1.98,,2026-08-13T00:00:00-04:00,2026-08-19T23:59:59-04:00,,14.58,-1006.8,389.7,-1379.95,http://f.wishabi.net/page_items/430535228/1786570166/extra_large.jpg
Food Basics,8075764,1032111275,CASABLANCA POUND CAKE,CASABLANCA,2.99,,,,$2.99,,2026-08-13T00:00:00-04:00,2026-08-19T23:59:59-04:00,,13252.1,-1625.31,13811.5,-1918.62,http://f.wishabi.net/page_items/430057596/1786326437/extra_large.jpg
Food Basics,8075764,1032111382,CASABLANCA PUNJABI COOKIES,CASABLANCA,5.99,,,,$5.99,,2026-08-13T00:00:00-04:00,2026-08-19T23:59:59-04:00,,14684.6,-1290.13,14958.5,-1614.62,http://f.wishabi.net/page_items/430058596/1786326439/extra_large.jpg
Food Basics,8075764,1033352971,CASHMERE BATHROOM TISSUE 12=24=295 SPONGE TOWELS ULTRA PAPER TOWELS 3=6=95 SCOTTIES FACIAL TISSUE,CASHMERE | SCOTTIES,6.99,,,,$6.99,,2026-08-13T00:00:00-04:00,2026-08-19T23:59:59-04:00,,1526.76,-1578.38,1693.43,-1700.26,http://f.wishabi.net/page_items/430685568/1786720636/extra_large.jpg
Food Basics,8075764,1033353136,CASHMERE BATHROOM TISSUE OR SPONGE TOWELS ULTRA PAPER TOWELS OR SCOTTIES FACIAL TISSUE,CASHMERE | SPONGE TOWELS | SCOTTIES,6.99,,,,$6.99,,2026-08-13T00:00:00-04:00,2026-08-19T23:59:59-04:00,,1572.95,-1697.15,1667.53,-1793.28,http://f.wishabi.net/page_items/430687252/1786720653/extra_large.jpg
Food Basics,8075764,1032110608,"CASHMERE BATHROOM TISSUE, SPONGE TOWELS ULTRA PAPER TOWELS OR SCOTTIES FACIAL TISSUE",CASHMERE | SPONGE TOWELS | SCOTTIES,6.99,,,,$6.99,,2026-08-13T00:00:00-04:00,2026-08-19T23:59:59-04:00,,9795.33,-2220.62,9959.54,-2343.14,http://f.wishabi.net/page_items/430056194/1786326430/extra_large.jpg
Food Basics,8075764,1033149084,CAULIFLOWER OR FIELD GRAPE TOMATOES,,2.99,,,,$2.99,,2026-08-13T00:00:00-04:00,2026-08-19T23:59:59-04:00,,2322.04,-646.29,2883.77,-974.12,http://f.wishabi.net/page_items/430535180/1786570165/extra_large.jpg
Food Basics,8075764,1033353098,CAVENDISH FARMS FRENCH FRIES,Cavendish Farms,2.99,,,,$2.99,,2026-08-13T00:00:00-04:00,2026-08-19T23:59:59-04:00,,1673.0,-724.03,1764.0,-918.03,http://f.wishabi.net/page_items/430687244/1786720648/extra_large.jpg
Food Basics,8075764,1033353084,CHAPMAN'S FROZEN YOGURT,Chapman's,5.99,,,,$5.99,,2026-08-13T00:00:00-04:00,2026-08-19T23:59:59-04:00,,1701.0,-416.55,1872.0,-588.55,http://f.wishabi.net/page_items/430687242/1786720646/extra_large.jpg
Food Basics,8075764,1033353078,CHAPMAN'S FROZEN YOGURT NOVELTIES,Chapman's,5.99,,,,$5.99,,2026-08-13T00:00:00-04:00,2026-08-19T23:59:59-04:00,,1540.0,-414.55,1694.0,-612.55,http://f.wishabi.net/page_items/430687241/1786720645/extra_large.jpg
Food Basics,8075764,1032110661,CHAPMAN'S FROZEN YOGURT OR NOVELTIES,Chapman's,5.99,,,,$5.99,,2026-08-13T00:00:00-04:00,2026-08-19T23:59:59-04:00,,10008.6,-1617.8,10196.9,-1907.78,http://f.wishabi.net/page_items/430056199/1786326433/extra_large.jpg
Food Basics,8075764,1032110737,CHAPMAN'S FROZEN YOGURT OR NOVELTIES,COCA-COLA | CANADA | PEPSI,7.99,,,,$7.99,,2026-08-13T00:00:00-04:00,2026-08-19T23:59:59-04:00,,9244.18,-2226.23,9426.1,-2350.8,http://f.wishabi.net/page_items/430057859/1786326438/extra_large.jpg
Food Basics,8075764,1033149315,CHARMIN BATH TISSUE 8=24 BOUNTY PAPER TOWELS 3-6,CHARMIN | BOUNTY,6.99,,,,$6.99,,2026-08-13T00:00:00-04:00,2026-08-19T23:59:59-04:00,,8644.24,-2066.95,9201.02,-2547.02,http://f.wishabi.net/page_items/430535384/1786570167/extra_large.jpg
Food Basics,8075764,1033353066,CHEEMO PEROGIES OR IRRESISTIBLE MEALS,CHEEMO | IRRESISTIBLE,2.99,,,,$2.99,,2026-08-13T00:00:00-04:00,2026-08-19T23:59:59-04:00,,1694.0,-138.0,1876.0,-264.0,http://f.wishabi.net/page_items/430687239/1786720644/extra_large.jpg
Food Basics,8075764,1033353027,"CHEEMO PEROGIES,IRRESISTIBLE MEALS",CHEEMO | IRRESISTIBLE,2.99,,,,$2.99,,2026-08-13T00:00:00-04:00,2026-08-19T23:59:59-04:00,,1535.24,-171.1,1695.27,-389.65,http://f.wishabi.net/page_items/430685574/1786720641/extra_large.jpg
Food Basics,8075764,1032111197,CHEEZ-IT CRACKERS,Cheez-It,2.49,,,,$2.49,,2026-08-13T00:00:00-04:00,2026-08-19T23:59:59-04:00,,12299.1,-2225.01,12648.0,-2536.66,http://f.wishabi.net/page_items/430059454/1786326444/extra_large.jpg
Food Basics,8075764,1032111281,CHINESE OR INDIAN EGGPLANTS,,1.99,,,,$1.99,,2026-08-13T00:00:00-04:00,2026-08-19T23:59:59-04:00,,12695.5,-359.07,13266.8,-978.81,http://f.wishabi.net/page_items/430057597/1786326438/extra_large.jpg
Food Basics,8075764,1032109402,CHRISTIE OREO OR CHIPS AHOY COOKIES,Christie,5.0,,,,$5.0,,2026-08-13T00:00:00-04:00,2026-08-19T23:59:59-04:00,,5181.63,-2349.21,5344.22,-2530.58,http://f.wishabi.net/page_items/430058755/1786326434/extra_large.jpg
Food Basics,8075764,1033148826,CLOVER LEAF SOCKEYE SALMON,Clover Leaf,4.98,,,,$4.98,,2026-08-13T00:00:00-04:00,2026-08-19T23:59:59-04:00,,889.61,-2117.68,1138.05,-2469.67,http://f.wishabi.net/page_items/430535230/1786570168/extra_large.jpg
Food Basics,8075764,1033353146,"COCA-COLA, CANADA DRY GINGER ALE OR PEPSI SOFT DRINKS",COCA-COLA | CANADA DRY | PEPSI,7.99,,,,$7.99,,2026-08-13T00:00:00-04:00,2026-08-19T23:59:59-04:00,,1893.9,-1857.64,2138.88,-1964.62,http://f.wishabi.net/page_items/430687256/1786720656/extra_large.jpg
Food Basics,8075764,1032111250,COOL RUNNINGS SODA,COOL RUNNINGS,1.25,,,,$1.25,,2026-08-13T00:00:00-04:00,2026-08-19T23:59:59-04:00,,12806.8,-2220.56,12895.9,-2530.12,http://f.wishabi.net/page_items/430057591/1786326434/extra_large.jpg
Food Basics,8075764,1032111307,COOL RUNNINGS SODA OR ENERGY DRINK,COOL RUNNINGS,1.25,,,,$1.25,,2026-08-13T00:00:00-04:00,2026-08-19T23:59:59-04:00,,12911.4,-2271.73,13016.1,-2530.12,http://f.wishabi.net/page_items/430057601/1786326440/extra_large.jpg
Food Basics,8075764,1032111171,CORONA CERO ALCOHOL-FREE BEER,Corona,11.99,,,,$11.99,,2026-08-13T00:00:00-04:00,2026-08-19T23:59:59-04:00,,11905.3,-1636.35,12285.2,-1924.74,http://f.wishabi.net/page_items/430059449/1786326441/extra_large.jpg
Food Basics,8075764,1032111567,CORONA CERO NON-ALCOHOLIC BEER,Corona,21.49,,,,$21.49,,2026-08-13T00:00:00-04:00,2026-08-19T23:59:59-04:00,,15000.1,-1622.28,15568.8,-1917.13,http://f.wishabi.net/page_items/430058573/1786481381/extra_large.jpg
Food Basics,8075764,1033149277,CRACKER BARREL SHREDDED CHEESE,Cracker Barrel,6.99,,,,$6.99,,2026-08-13T00:00:00-04:00,2026-08-19T23:59:59-04:00,,8928.22,-342.25,9199.5,-641.95,http://f.wishabi.net/page_items/430535372/1786570158/extra_large.jpg
Food Basics,8075764,1032109287,CRAVE DINNER MEALS,Crave,3.99,,,,$3.99,,2026-08-13T00:00:00-04:00,2026-08-19T23:59:59-04:00,,5187.49,-1356.9,5463.65,-1553.0,http://f.wishabi.net/page_items/430058748/1786326429/extra_large.jpg
Food Basics,8075764,1033149270,CREST TOOTHPASTE 70 ML ORAL-B GLIDE FLOSS PICKS 75'S,Crest,4.69,,,,$4.69,,2026-08-13T00:00:00-04:00,2026-08-19T23:59:59-04:00,,8074.64,-2220.79,8352.19,-2543.1,http://f.wishabi.net/page_items/430535370/1786570157/extra_large.jpg
Food Basics,8075764,1032111572,CT DONUTS,,4.99,,,,$4.99,,2026-08-13T00:00:00-04:00,2026-08-19T23:59:59-04:00,,15677.8,-117.02,16001.1,-324.97,http://f.wishabi.net/page_items/430058574/1786481382/extra_large.jpg
Food Basics,8075764,1033353012,Cavendish Farms French Fries,Cavendish Farms,2.99,,,,$2.99,,2026-08-13T00:00:00-04:00,2026-08-19T23:59:59-04:00,,1531.27,-727.68,1679.28,-942.38,http://f.wishabi.net/page_items/430685572/1786720639/extra_large.jpg
Food Basics,8075764,1032111614,DAIYA GLUTEN FREE CHEESE SHREDS,Daiya,4.99,,,,$4.99,,2026-08-13T00:00:00-04:00,2026-08-19T23:59:59-04:00,,15782.8,-646.94,15978.6,-977.2,http://f.wishabi.net/page_items/430058581/1786481386/extra_large.jpg
Food Basics,8075764,1033148846,DARE COOKIES OR CRACKERS,Dare,2.22,,,,$2.22,,2026-08-13T00:00:00-04:00,2026-08-19T23:59:59-04:00,,396.93,-1386.13,647.09,-1743.25,http://f.wishabi.net/page_items/430535233/1786570170/extra_large.jpg
Food Basics,8075764,1033149303,DAWN DISH SOAP,Dawn,2.49,,,,$2.49,,2026-08-13T00:00:00-04:00,2026-08-19T23:59:59-04:00,,8075.8,-1921.38,8349.94,-2216.63,http://f.wishabi.net/page_items/430535380/1786570164/extra_large.jpg
Food Basics,8075764,1032108918,DIANA OR BULL'S EYE BBQ SAUCE,DIANA | BULL'S EYE,2.99,,,,$2.99,,2026-08-13T00:00:00-04:00,2026-08-19T23:59:59-04:00,,5487.91,-2217.25,5603.18,-2426.74,http://f.wishabi.net/page_items/430058723/1786326410/extra_large.jpg
Food Basics,8075764,1032111375,DIVYA BLACK CHICKPEAS OR DRY BEANS,DIVYA,3.99,,,,$3.99,,2026-08-13T00:00:00-04:00,2026-08-19T23:59:59-04:00,,13842.9,-1933.7,14050.2,-2210.64,http://f.wishabi.net/page_items/430058595/1786326438/extra_large.jpg
Food Basics,8075764,1032111338,DIVYA ENTRÉES OR GITS MIX,DIVYA,1.79,,,,$1.79,,2026-08-13T00:00:00-04:00,2026-08-19T23:59:59-04:00,,14406.2,-1949.64,14554.3,-2121.07,http://f.wishabi.net/page_items/430058589/1786326434/extra_large.jpg
Food Basics,8075764,1032111350,DIVYA MANGO PULP OR PUNJABI SUGAR,DIVYA,3.99,,,,$3.99,,2026-08-13T00:00:00-04:00,2026-08-19T23:59:59-04:00,,14684.2,-1615.73,14818.8,-1809.4,http://f.wishabi.net/page_items/430058591/1786326436/extra_large.jpg
Food Basics,8075764,1033149044,DOLE COLE SLAW SALAD,Dole,2.77,,,,$2.77,,2026-08-13T00:00:00-04:00,2026-08-19T23:59:59-04:00,,2884.1,-1921.81,3159.75,-2219.04,http://f.wishabi.net/page_items/430535170/1786570159/extra_large.jpg
Food Basics,8075764,1033148761,DR. OETKER PIZZA RISTORANTE 320 - 390 G OR CASA DI MAMA 395 - 410 G,Dr. Oetker,3.47,,,,$3.47,,2026-08-13T00:00:00-04:00,2026-08-19T23:59:59-04:00,,647.49,-1386.11,890.77,-1741.92,http://f.wishabi.net/page_items/430535214/1786570170/extra_large.jpg
Food Basics,8075764,1032110691,DR.OETKER CASA DI MAMA,Dr. Oetker,3.47,,,,$3.47,,2026-08-13T00:00:00-04:00,2026-08-19T23:59:59-04:00,,9237.84,-1621.52,9499.86,-1853.89,http://f.wishabi.net/page_items/430056202/1786326435/extra_large.jpg
Food Basics,8075764,1032110804,DR.OETKER RISTORANTE PIZZA 269 - 390 G CASA DI MAMA 395 - 410 G,Dr. Oetker,3.47,,,,$3.47,,2026-08-13T00:00:00-04:00,2026-08-19T23:59:59-04:00,,9499.86,-1621.52,9757.84,-1797.89,http://f.wishabi.net/page_items/430057865/1786326441/extra_large.jpg
Food Basics,8075764,1033148803,EGGPLANTS OR GREEN GRAY OR YELLOW ZUCCHINI,,1.44,,,,$1.44,,2026-08-13T00:00:00-04:00,2026-08-19T23:59:59-04:00,,15.95,-1383.53,391.45,-1738.4,http://f.wishabi.net/page_items/430535227/1786570166/extra_large.jpg
Food Basics,8075764,1033352940,ESKA SPRING WATER,Eska,4.88,,,,$4.88,,2026-08-13T00:00:00-04:00,2026-08-19T23:59:59-04:00,,1889.71,-843.26,2278.77,-1136.45,http://f.wishabi.net/page_items/430685565/1786720634/extra_large.jpg
Food Basics,8075764,1033148784,FIELD TOMATOES AND POTATOES FRESH DILL PICKLING CUBES,,3.98,,,,$3.98,,2026-08-13T00:00:00-04:00,2026-08-19T23:59:59-04:00,,13.69,-373.87,387.79,-1006.24,http://f.wishabi.net/page_items/430535221/1786570172/extra_large.jpg
Food Basics,8075764,1032110815,FIELD TOMATOES OR FRESH DILL PICKLING CUKES OR POTATOES,Tostitos,7.0,,,,$7.0,,2026-08-13T00:00:00-04:00,2026-08-19T23:59:59-04:00,,9793.21,-1282.48,10023.5,-1612.77,http://f.wishabi.net/page_items/430057866/1786326442/extra_large.jpg
Food Basics,8075764,1032110710,"FIELD TOMATOES, FRESH DILL PICKLING CUKES OR POTATOES",,3.98,,,,$3.98,,2026-08-13T00:00:00-04:00,2026-08-19T23:59:59-04:00,,10096.1,-318.78,10346.7,-511.72,http://f.wishabi.net/page_items/430056204/1786326436/extra_large.jpg
Food Basics,8075764,1032110897,"FIELD TOMATOES, FRESH DILL PICKLING CUKES or POTATOES",,3.98,,,,$3.98,,2026-08-13T00:00:00-04:00,2026-08-19T23:59:59-04:00,,9797.09,-443.78,9968.72,-626.72,http://f.wishabi.net/page_items/430057874/1786326446/extra_large.jpg
Food Basics,8075764,1032109770,FLEECY FABRIC SOFTENER,Fleecy,8.99,,,,$8.99,,2026-08-13T00:00:00-04:00,2026-08-19T23:59:59-04:00,,6633.0,-1928.4,6906.0,-2220.4,http://f.wishabi.net/page_items/430059373/1786326424/extra_large.jpg
Food Basics,8075764,1033148653,FRESH ATLANTIC SALMON FILLETS FAMILY PACK,,9.98,,,,$9.98,,2026-08-13T00:00:00-04:00,2026-08-19T23:59:59-04:00,,396.69,-277.3,769.56,-635.06,http://f.wishabi.net/page_items/430535193/1786570160/extra_large.jpg
Food Basics,8075764,1032108599,FRESH BONELESS SIRLOIN TIP STEAKS FAMILY PACK OR ROAST,,11.99,,,,$11.99,,2026-08-13T00:00:00-04:00,2026-08-19T23:59:59-04:00,,4030.24,-645.15,4596.1,-972.01,http://f.wishabi.net/page_items/430055957/1786326416/extra_large.jpg
Food Basics,8075764,1032108635,FRESH FROM THE FARM OR ZABIHA HALAL WHOLE CHICKEN AIR CHILLED,FRESH FROM THE FARM | ZABIHA,3.99,,,,$3.99,,2026-08-13T00:00:00-04:00,2026-08-19T23:59:59-04:00,,3768.67,-56.09,4035.26,-423.26,http://f.wishabi.net/page_items/430055960/1786326418/extra_large.jpg
Food Basics,8075764,1032108724,FRESH FROM THE FARM WHOLE CHICKEN,,3.99,,,,$3.99,,2026-08-13T00:00:00-04:00,2026-08-19T23:59:59-04:00,,3475.67,-136.09,3766.26,-535.26,http://f.wishabi.net/page_items/430059172/1786326421/extra_large.jpg
Food Basics,8075764,1032111231,FRESH HALAL BONELESS SIRLOIN TIP STEAKS FAMILY PACK OR ROAST,,11.99,,,,$11.99,,2026-08-13T00:00:00-04:00,2026-08-19T23:59:59-04:00,,12689.4,-1284.23,13256.8,-1617.84,http://f.wishabi.net/page_items/430057588/1786326432/extra_large.jpg
Food Basics,8075764,1032108683,FRESH VEAL LEG CUTLETS FOR SCALLOPINI GRAIN-FED,,16.99,,,,$16.99,,2026-08-13T00:00:00-04:00,2026-08-19T23:59:59-04:00,,4030.03,-976.66,4596.41,-1274.31,http://f.wishabi.net/page_items/430055963/1786326419/extra_large.jpg
Food Basics,8075764,1032111066,FUZE OR PEACE TEA,FUZE | Peace Tea,7.99,,,,$7.99,,2026-08-13T00:00:00-04:00,2026-08-19T23:59:59-04:00,,11520.0,-657.88,11748.5,-965.7,http://f.wishabi.net/page_items/430059434/1786326432/extra_large.jpg
Food Basics,8075764,1032111068,FUZE OR PEACE TEA ICED TEA,FUZE | PEACE TEA,7.99,,,,$7.99,,2026-08-13T00:00:00-04:00,2026-08-19T23:59:59-04:00,,11762.5,-800.13,12096.0,-979.69,http://f.wishabi.net/page_items/430059435/1786326433/extra_large.jpg
Food Basics,8075764,1032111129,GATORADE SPORTS DRINKS,Gatorade,22.49,,,,$22.49,,2026-08-13T00:00:00-04:00,2026-08-19T23:59:59-04:00,,11520.0,-1291.41,11923.0,-1613.41,http://f.wishabi.net/page_items/430059443/1786326437/extra_large.jpg
Food Basics,8075764,1032111603,GAY LEA REAL WHIPPED CREAM,Gay Lea,3.99,,,,$3.99,,2026-08-13T00:00:00-04:00,2026-08-19T23:59:59-04:00,,15575.9,-979.95,15771.8,-1284.01,http://f.wishabi.net/page_items/430058579/1786481385/extra_large.jpg
Food Basics,8075764,1032111688,GENERAL MILLS FAMILY SIZE CEREAL,General Mills,5.99,,,,$5.99,,2026-08-13T00:00:00-04:00,2026-08-19T23:59:59-04:00,,16384.9,-632.81,16598.1,-809.15,http://f.wishabi.net/page_items/430056896/1786481494/extra_large.jpg
Food Basics,8075764,1032111863,GERBER ORGANIC BABY PURÉE,Gerber,6.0,,,,$6.0,,2026-08-13T00:00:00-04:00,2026-08-19T23:59:59-04:00,,17298.4,-2221.73,17511.8,-2543.32,http://f.wishabi.net/page_items/430056476/1786326441/extra_large.jpg
Food Basics,8075764,1032111136,GLACEAU SMARTWATER BODY ARMOR ENERGY DRINK,GLACEAU | BODY ARMOR,1.99,,,,$1.99,,2026-08-13T00:00:00-04:00,2026-08-19T23:59:59-04:00,,11923.0,-1290.41,12030.0,-1613.41,http://f.wishabi.net/page_items/430059444/1786326438/extra_large.jpg
Food Basics,8075764,1032111142,GLACEAU SMARTWATER OR BODY ARMOR ENERGY DRINK,GLACEAU | BODY ARMOR,1.99,,,,$1.99,,2026-08-13T00:00:00-04:00,2026-08-19T23:59:59-04:00,,12030.0,-1290.41,12130.0,-1604.41,http://f.wishabi.net/page_items/430059445/1786326439/extra_large.jpg
Food Basics,8075764,1032108421,GOURMETA THAI SHRIMP COOKED 65 - 75 CT OR RAW 31 - 40 CT OR NORTHERN KING WHOLE TILAPIA 300 G - 1 KG,Gourmeta,7.49,,,,$7.49,,2026-08-13T00:00:00-04:00,2026-08-19T23:59:59-04:00,,4317.35,-2221.52,4462.79,-2419.18,http://f.wishabi.net/page_items/430055944/1786326408/extra_large.jpg
Food Basics,8075764,1032108880,"GOURMETA THAI SHRIMP COOKED, RAW OR NORTHERN KING WHOLE TILAPIA",GOURMETA | NORTHERN KING,7.49,,,,$7.49,,2026-08-13T00:00:00-04:00,2026-08-19T23:59:59-04:00,,4462.79,-2221.52,4584.03,-2419.18,http://f.wishabi.net/page_items/430059182/1786326427/extra_large.jpg
Food Basics,8075764,1033149029,"GRAPEFRUIT, CLEMENTINES",,4.99,,,,$4.99,,2026-08-13T00:00:00-04:00,2026-08-19T23:59:59-04:00,,2593.98,-1916.98,2882.23,-2218.64,http://f.wishabi.net/page_items/430535166/1786570157/extra_large.jpg
Food Basics,8075764,1033149025,GREEN OR RED SEEDLESS GRAPES,,3.99,,,,$3.99,,2026-08-13T00:00:00-04:00,2026-08-19T23:59:59-04:00,,2879.06,-1283.45,3444.32,-1614.66,http://f.wishabi.net/page_items/430535165/1786570156/extra_large.jpg
Food Basics,8075764,1032111391,HANS DAHI,HANS,2.49,,,,$2.49,,2026-08-13T00:00:00-04:00,2026-08-19T23:59:59-04:00,,13840.6,-1628.34,14051.4,-1901.37,http://f.wishabi.net/page_items/430058598/1786326440/extra_large.jpg
Food Basics,8075764,1032109055,HEALTHY CHOICE MEALS,Healthy Choice,3.99,,,,$3.99,,2026-08-13T00:00:00-04:00,2026-08-19T23:59:59-04:00,,5455.05,-1621.18,5700.24,-1781.96,http://f.wishabi.net/page_items/430058733/1786326417/extra_large.jpg
Food Basics,8075764,1032110634,HELLMANN'S MAYONNAISE,Hellmann's,5.99,,,,$5.99,,2026-08-13T00:00:00-04:00,2026-08-19T23:59:59-04:00,,9851.8,-1910.91,10034.2,-2214.5,http://f.wishabi.net/page_items/430056196/1786326431/extra_large.jpg
Food Basics,8075764,1032111223,HERSHEY'S CELLO CANDY,Hershey's,4.79,,,,$4.79,,2026-08-13T00:00:00-04:00,2026-08-19T23:59:59-04:00,,11894.9,-2360.11,12051.5,-2541.05,http://f.wishabi.net/page_items/430059458/1786326447/extra_large.jpg
Food Basics,8075764,1032108535,HIGH LINER CATCH OF THE DAY BREADED & BATTERED FISH FILLETS,HIGH LINER®,3.99,,,,$3.99,,2026-08-13T00:00:00-04:00,2026-08-19T23:59:59-04:00,,3467.94,-2381.18,3606.28,-2547.46,http://f.wishabi.net/page_items/430055952/1786326413/extra_large.jpg
Food Basics,8075764,1033352917,"HÄAGEN-DAZS ICE CREAM, NOVELTIES, IÖGO FROZEN YOGOURT BARS",HÄAGEN-DAZS | IÖGO,4.99,,,,$4.99,,2026-08-13T00:00:00-04:00,2026-08-19T23:59:59-04:00,,1898.67,-1158.78,2077.41,-1364.65,http://f.wishabi.net/page_items/430685563/1786720633/extra_large.jpg
Food Basics,8075764,1033353125,"HÄAGEN-DAZS ICE CREAM,NOVELTIES, IÖGO FROZEN YOGOURT BARS",HÄAGEN-DAZS | IÖGO,4.99,,,,$4.99,,2026-08-13T00:00:00-04:00,2026-08-19T23:59:59-04:00,,2083.06,-1148.29,2272.22,-1300.23,http://f.wishabi.net/page_items/430687249/1786720651/extra_large.jpg
Food Basics,8075764,1032111562,IMPERIAL MARGARINE,Imperial,6.99,,,,$6.99,,2026-08-13T00:00:00-04:00,2026-08-19T23:59:59-04:00,,14994.1,-984.68,15568.8,-1282.75,http://f.wishabi.net/page_items/430058572/1786481380/extra_large.jpg
Food Basics,8075764,1032109475,INTERNATIONAL DELIGHT ICED COFFEE,International Delight,4.99,,,,$4.99,,2026-08-13T00:00:00-04:00,2026-08-19T23:59:59-04:00,,5846.28,-658.19,5988.53,-973.0,http://f.wishabi.net/page_items/430059353/1786326413/extra_large.jpg
Food Basics,8075764,1032111266,INTERNATIONAL DELIGHT ICED COFFEE,İçim,7.99,,,,$7.99,,2026-08-13T00:00:00-04:00,2026-08-19T23:59:59-04:00,,12692.5,-1626.64,13255.9,-1912.87,http://f.wishabi.net/page_items/430057594/1786326436/extra_large.jpg
Food Basics,8075764,1033149280,IRRESISTIBLE CRANBERRY COCKTAIL OR JUICE BLENDS,Irresistible,4.29,,,,$4.29,,2026-08-13T00:00:00-04:00,2026-08-19T23:59:59-04:00,,8926.44,-1285.56,9198.79,-1616.69,http://f.wishabi.net/page_items/430535373/1786570159/extra_large.jpg
Food Basics,8075764,1032111097,IRRESISTIBLE DRINKS,Irresistible,2.98,,,,$2.98,,2026-08-13T00:00:00-04:00,2026-08-19T23:59:59-04:00,,11626.2,-989.86,11776.6,-1276.7,http://f.wishabi.net/page_items/430059439/1786326435/extra_large.jpg
Food Basics,8075764,1032110580,IRRESISTIBLE FRUIT,Irresistible,3.98,,,,$3.98,,2026-08-13T00:00:00-04:00,2026-08-19T23:59:59-04:00,,9543.04,-1286.09,9683.22,-1496.77,http://f.wishabi.net/page_items/430056192/1786326428/extra_large.jpg
Food Basics,8075764,1032110838,IRRESISTIBLE FRUIT ORANGE JUICE,Irresistible,3.98,,,,$3.98,,2026-08-13T00:00:00-04:00,2026-08-19T23:59:59-04:00,,9376.22,-1346.09,9543.04,-1607.77,http://f.wishabi.net/page_items/430057868/1786326443/extra_large.jpg
Food Basics,8075764,1032108818,IRRESISTIBLE GOAT CHEESE,Irresistible,7.49,,,,$7.49,,2026-08-13T00:00:00-04:00,2026-08-19T23:59:59-04:00,,3608.13,-1917.85,3715.24,-2089.55,http://f.wishabi.net/page_items/430059178/1786326425/extra_large.jpg
Food Basics,8075764,1032110996,IRRESISTIBLE ICE CREAM,Irresistible,4.88,,,,$4.88,,2026-08-13T00:00:00-04:00,2026-08-19T23:59:59-04:00,,10397.7,-938.99,10718.7,-1266.73,http://f.wishabi.net/page_items/430057289/1786326436/extra_large.jpg
Food Basics,8075764,1033149073,IRRESISTIBLE IN SHELL ROASTED SALTED OR UNSALTED PEANUTS,Irresistible,4.98,,,,$4.98,,2026-08-13T00:00:00-04:00,2026-08-19T23:59:59-04:00,,3158.51,-1920.16,3440.33,-2217.5,http://f.wishabi.net/page_items/430535177/1786570164/extra_large.jpg
Food Basics,8075764,1032110679,IRRESISTIBLE MINI MUFFINS,Irresistible,4.49,,,,$4.49,,2026-08-13T00:00:00-04:00,2026-08-19T23:59:59-04:00,,10086.4,-984.91,10326.0,-1153.99,http://f.wishabi.net/page_items/430056201/1786326434/extra_large.jpg
Food Basics,8075764,1032111013,IRRESISTIBLE NOVELTIES,Irresistible,4.88,,,,$4.88,,2026-08-13T00:00:00-04:00,2026-08-19T23:59:59-04:00,,10966.8,-1533.6,11286.9,-1910.05,http://f.wishabi.net/page_items/430057291/1786326437/extra_large.jpg
Food Basics,8075764,1032110941,IRRESISTIBLE NOVELTIES OR ICE CREAM MACARONS,Irresistible,4.88,,,,$4.88,,2026-08-13T00:00:00-04:00,2026-08-19T23:59:59-04:00,,10988.5,-1287.07,11420.2,-1534.83,http://f.wishabi.net/page_items/430056217/1786326432/extra_large.jpg
Food Basics,8075764,1032110827,IRRESISTIBLE ORANGE JUICE,Irresistible,3.98,,,,$3.98,,2026-08-13T00:00:00-04:00,2026-08-19T23:59:59-04:00,,9237.04,-1278.09,9376.22,-1617.77,http://f.wishabi.net/page_items/430057867/1786326442/extra_large.jpg
Food Basics,8075764,1033148642,"IRRESISTIBLE ORANGE JUICE, MIXED BERRIES, FRUIT MELANGES",Irresistible,3.98,,,,$3.98,,2026-08-13T00:00:00-04:00,2026-08-19T23:59:59-04:00,,766.3,-1009.32,1142.74,-1373.68,http://f.wishabi.net/page_items/430535188/1786570157/extra_large.jpg
Food Basics,8075764,1032110918,IRRESISTIBLE SORBET,Irresistible,4.88,,,,$4.88,,2026-08-13T00:00:00-04:00,2026-08-19T23:59:59-04:00,,10956.2,-750.45,11228.5,-1159.9,http://f.wishabi.net/page_items/430056214/1786326430/extra_large.jpg
Food Basics,8075764,1033149297,IRRESISTIBLE SPARKLING SPRING WATER,Irresistible,4.44,,,,$4.44,,2026-08-13T00:00:00-04:00,2026-08-19T23:59:59-04:00,,8638.64,-1283.23,8926.26,-1617.02,http://f.wishabi.net/page_items/430535378/1786570163/extra_large.jpg
Food Basics,8075764,1032109993,IRRESISTIBLES VIRGIN COCONUT OIL,IRRESISTIBLES,6.99,,,,$6.99,,2026-08-13T00:00:00-04:00,2026-08-19T23:59:59-04:00,,7497.38,-1618.71,8051.73,-1912.93,http://f.wishabi.net/page_items/430056329/1786326422/extra_large.jpg
Food Basics,8075764,1033149264,IVORY BODYWASH 621 ML BAR SOAP 10-KG,Ivory,4.99,,,,$4.99,,2026-08-13T00:00:00-04:00,2026-08-19T23:59:59-04:00,,8352.3,-2219.95,8641.0,-2542.58,http://f.wishabi.net/page_items/430535368/1786570156/extra_large.jpg
Food Basics,8075764,1032109260,IÖGO NANO DRINKABLE YOGURT,Iögo,3.49,,,,$3.49,,2026-08-13T00:00:00-04:00,2026-08-19T23:59:59-04:00,,4823.5,-1331.86,5000.91,-1480.57,http://f.wishabi.net/page_items/430058746/1786326427/extra_large.jpg
Food Basics,8075764,1032109274,"IÖGO NANO GRAB & GO YOGURT, NANO DRINKABLE YOGURT OR BUBBLES YOGURT",Iögo,3.49,,,,$3.49,,2026-08-13T00:00:00-04:00,2026-08-19T23:59:59-04:00,,4687.71,-1479.77,4949.42,-1617.15,http://f.wishabi.net/page_items/430058747/1786326428/extra_large.jpg
Food Basics,8075764,1032110890,JACK LINK'S BEEF JERKY,,3.98,,,,$3.98,,2026-08-13T00:00:00-04:00,2026-08-19T23:59:59-04:00,,9848.09,-301.72,10096.7,-443.78,http://f.wishabi.net/page_items/430057873/1786326445/extra_large.jpg
Food Basics,8075764,1032111549,JACK LINK'S BEEF JERKY,Jack Links,14.99,,,,$14.99,,2026-08-13T00:00:00-04:00,2026-08-19T23:59:59-04:00,,15569.9,-1622.23,15761.2,-1916.88,http://f.wishabi.net/page_items/430058570/1786481379/extra_large.jpg
Food Basics,8075764,1032108741,"JOHNSONVILLE DINNER, BREAKFAST OR SMOKED SAUSAGES",Johnsonville,6.99,,,,$6.99,,2026-08-13T00:00:00-04:00,2026-08-19T23:59:59-04:00,,4061.75,-26.35,4512.77,-312.04,http://f.wishabi.net/page_items/430059173/1786326422/extra_large.jpg
Food Basics,8075764,1033353042,KELLOGG'S FAMILY SIZE CEREAL,Kellogg's,5.49,,,,$5.49,,2026-08-13T00:00:00-04:00,2026-08-19T23:59:59-04:00,,1407.33,-2034.17,1576.19,-2324.63,http://f.wishabi.net/page_items/430685576/1786720642/extra_large.jpg
Food Basics,8075764,1033148733,KFI COOKING SAUCE,KFI,2.98,,,,$2.98,,2026-08-13T00:00:00-04:00,2026-08-19T23:59:59-04:00,,889.58,-1387.0,1137.88,-1743.04,http://f.wishabi.net/page_items/430535210/1786570168/extra_large.jpg
Food Basics,8075764,1033352947,KRAFT DINNER NOODLE MEAL,Kraft,9.99,,,,$9.99,,2026-08-13T00:00:00-04:00,2026-08-19T23:59:59-04:00,,1528.53,-1287.56,1885.4,-1579.69,http://f.wishabi.net/page_items/430685566/1786720635/extra_large.jpg
Food Basics,8075764,1033352983,LACTANTIA LACTOSE FREE MILK,Lactantia,4.99,,,,$4.99,,2026-08-13T00:00:00-04:00,2026-08-19T23:59:59-04:00,,1193.49,-126.82,1303.51,-406.81,http://f.wishabi.net/page_items/430685569/1786720637/extra_large.jpg
Food Basics,8075764,1033148794,LACTANTIA PURFILTRE MILK 2 L BEATRICE CHOCOLATE MILK 2 L,Lactantia,3.98,,,,$3.98,,2026-08-13T00:00:00-04:00,2026-08-19T23:59:59-04:00,,399.59,-2128.59,642.98,-2468.05,http://f.wishabi.net/page_items/430535223/1786570173/extra_large.jpg
Food Basics,8075764,1032110773,LACTANTIA PURFILTRE MILK OR ASTRO ORIGINAL BALKAN YOGURT OR OLYMPIC ORGANIC OR KREMA YOGURT,LACTANTIA | ASTRO | OLYMPIC,3.98,,,,$3.98,,2026-08-13T00:00:00-04:00,2026-08-19T23:59:59-04:00,,9380.14,-1920.5,9610.04,-2043.86,http://f.wishabi.net/page_items/430057862/1786326439/extra_large.jpg
Food Basics,8075764,1032110700,"LACTANTIA PURFILTRE MILK, ASTRO ORIGINAL BALKAN YOGURT OR OLYMPIC ORGANIC OR KREMA YOGURT",LACTANTIA | ASTRO | OLYMPIC,3.98,,,,$3.98,,2026-08-13T00:00:00-04:00,2026-08-19T23:59:59-04:00,,9262.04,-1919.86,9381.14,-2216.5,http://f.wishabi.net/page_items/430056203/1786326435/extra_large.jpg
Food Basics,8075764,1033148690,LEAN GROUND BEEF FAMILY PACK,,5.48,,,,$5.48,,2026-08-13T00:00:00-04:00,2026-08-19T23:59:59-04:00,,767.59,-273.96,1139.32,-637.3,http://f.wishabi.net/page_items/430535202/1786570165/extra_large.jpg
Food Basics,8075764,1032108627,LEGACY CURED BONELESS PORK LOIN,,3.99,,,,$3.99,,2026-08-13T00:00:00-04:00,2026-08-19T23:59:59-04:00,,3468.41,-642.48,4033.61,-974.92,http://f.wishabi.net/page_items/430055959/1786326417/extra_large.jpg
Food Basics,8075764,1032111417,LEHAR SWEETS,Lehar,6.99,,,,$6.99,,2026-08-13T00:00:00-04:00,2026-08-19T23:59:59-04:00,,14398.5,-1040.5,14664.1,-1228.49,http://f.wishabi.net/page_items/430058602/1786326443/extra_large.jpg
Food Basics,8075764,1033149041,"LEMONS , KIWIS",,4.99,,,,$4.99,,2026-08-13T00:00:00-04:00,2026-08-19T23:59:59-04:00,,2313.11,-1913.8,2593.16,-2220.91,http://f.wishabi.net/page_items/430535169/1786570158/extra_large.jpg
Food Basics,8075764,1033352931,LIFE SMART CHICKEN BURGERS,Life Smart,9.99,,,,$9.99,,2026-08-13T00:00:00-04:00,2026-08-19T23:59:59-04:00,,1891.72,-552.54,2277.87,-842.54,http://f.wishabi.net/page_items/430685564/1786720634/extra_large.jpg
Food Basics,8075764,1032111236,LONG SQUASH,,1.49,,,,$1.49,,2026-08-13T00:00:00-04:00,2026-08-19T23:59:59-04:00,,13274.5,-356.71,13807.3,-986.34,http://f.wishabi.net/page_items/430057589/1786326432/extra_large.jpg
Food Basics,8075764,1032108694,LOU'S KITCHEN FULLY COOKED ENTRÉES,Lou's Kitchen,9.99,,,,$9.99,,2026-08-13T00:00:00-04:00,2026-08-19T23:59:59-04:00,,4031.69,-1404.99,4159.99,-1613.21,http://f.wishabi.net/page_items/430055964/1786326420/extra_large.jpg
Food Basics,8075764,1032108665,"MARC ANGELO SOUVLAKI, CHICKEN MEDALLIONS OR CHICKEN BURGERS",Marcangelo Chicken,7.99,,,,$7.99,,2026-08-13T00:00:00-04:00,2026-08-19T23:59:59-04:00,,3741.58,-1474.74,3901.03,-1614.54,http://f.wishabi.net/page_items/430055962/1786326419/extra_large.jpg
Food Basics,8075764,1032108551,MASTRO BABY GENOA OR SAN DANIELE MORTADELLA,MASTRO | SAN DANIELE,9.99,,,,$9.99,,2026-08-13T00:00:00-04:00,2026-08-19T23:59:59-04:00,,4318.32,-1918.17,4408.35,-2218.11,http://f.wishabi.net/page_items/430055953/1786326413/extra_large.jpg
Food Basics,8075764,1032109444,MAXWELL HOUSE OR NABOB COFFEE CAPSULES,MAXWELL HOUSE | NABOB,15.99,,,,$15.99,,2026-08-13T00:00:00-04:00,2026-08-19T23:59:59-04:00,,6354.66,-196.45,6646.15,-427.32,http://f.wishabi.net/page_items/430059351/1786326411/extra_large.jpg
Food Basics,8075764,1032111243,MEKONG SWEETENED CONDENSED WHITENER,MEKONG,1.99,,,,$1.99,,2026-08-13T00:00:00-04:00,2026-08-19T23:59:59-04:00,,13263.4,-2222.5,13814.5,-2541.09,http://f.wishabi.net/page_items/430057590/1786326433/extra_large.jpg
Food Basics,8075764,1032111597,MELITTA COFFEE BEANS,Melitta,28.99,,,,$28.99,,2026-08-13T00:00:00-04:00,2026-08-19T23:59:59-04:00,,15577.3,-1282.85,16118.2,-1618.19,http://f.wishabi.net/page_items/430058578/1786481384/extra_large.jpg
Food Basics,8075764,1032109373,MICHELINA'S GRANDE MEAL,Michelina's,2.49,,,,$2.49,,2026-08-13T00:00:00-04:00,2026-08-19T23:59:59-04:00,,5471.08,-2066.1,5620.21,-2215.16,http://f.wishabi.net/page_items/430058753/1786326432/extra_large.jpg
Food Basics,8075764,1032111058,MISS VICKIE'S CHIPS,Miss Vickie's,7.0,,,,$7.0,,2026-08-13T00:00:00-04:00,2026-08-19T23:59:59-04:00,,12380.5,-158.83,12641.7,-427.01,http://f.wishabi.net/page_items/430059433/1786326431/extra_large.jpg
Food Basics,8075764,1032541365,MOI,,,,,,,,2026-08-13T00:00:00-04:00,2026-08-19T23:59:59-04:00,,15011.2,-122.24,15592.7,-618.6,http://f.wishabi.net/page_items/430365806/1786481389/extra_large.jpg
Food Basics,8075764,1032111167,MONSTER ENERGY DRINKS,Monster,9.49,,,,$9.49,,2026-08-13T00:00:00-04:00,2026-08-19T23:59:59-04:00,,11537.8,-1623.95,11905.3,-1924.74,http://f.wishabi.net/page_items/430059448/1786326441/extra_large.jpg
Food Basics,8075764,1032108957,MOTT'S CLAMATO COCKTAIL,Mott's,7.0,,,,$7.0,,2026-08-13T00:00:00-04:00,2026-08-19T23:59:59-04:00,,4617.0,-2217.27,4899.77,-2543.6,http://f.wishabi.net/page_items/430058726/1786326412/extra_large.jpg
Food Basics,8075764,1032111524,"MUSAFIR PANEER BURGERS, NUGGETS OR BITES",Musafir,6.99,,,,$6.99,,2026-08-13T00:00:00-04:00,2026-08-19T23:59:59-04:00,,14668.2,-355.12,14953.4,-464.94,http://f.wishabi.net/page_items/430058617/1786326453/extra_large.jpg
Food Basics,8075764,1032111187,McSWEENEY'S BEEF JERKY,McSweeney's,5.49,,,,$5.49,,2026-08-13T00:00:00-04:00,2026-08-19T23:59:59-04:00,,11923.0,-1932.31,12317.0,-2215.31,http://f.wishabi.net/page_items/430059452/1786326443/extra_large.jpg
Food Basics,8075764,1032108930,NABOB TRADITION GROUND COFFEE,NABOB,20.99,,,,$20.99,,2026-08-13T00:00:00-04:00,2026-08-19T23:59:59-04:00,,4899.14,-2219.09,5182.85,-2542.36,http://f.wishabi.net/page_items/430058724/1786326411/extra_large.jpg
Food Basics,8075764,1032108942,NABOB TRADITION GROUND COFFEE,Mr. Christie's,5.0,,,,$5.0,,2026-08-13T00:00:00-04:00,2026-08-19T23:59:59-04:00,,5181.63,-2231.21,5466.22,-2348.58,http://f.wishabi.net/page_items/430058725/1786326412/extra_large.jpg
Food Basics,8075764,1032109070,NANO DRINKABLE YOGURT,IÖGO | BUBBLES YOGURT,3.49,,,,$3.49,,2026-08-13T00:00:00-04:00,2026-08-19T23:59:59-04:00,,4627.24,-1338.07,4818.85,-1480.77,http://f.wishabi.net/page_items/430058734/1786326418/extra_large.jpg
Food Basics,8075764,1032109435,NATREL ORGANIC MILK,Natrel,10.99,,,,$10.99,,2026-08-13T00:00:00-04:00,2026-08-19T23:59:59-04:00,,5780.99,-121.83,6333.67,-639.53,http://f.wishabi.net/page_items/430059350/1786326411/extra_large.jpg
Food Basics,8075764,1032109357,NATURE VALLEY GRANOLA BARS 130 - 210 G BETTY CROCKER FRUIT SNACKS 128 - 226 G,NATURE VALLEY | BETTY CROCKER,2.49,,,,$2.49,,2026-08-13T00:00:00-04:00,2026-08-19T23:59:59-04:00,,5189.14,-2050.06,5333.5,-2217.71,http://f.wishabi.net/page_items/430058752/1786326432/extra_large.jpg
Food Basics,8075764,1032109100,NATURE VALLEY GRANOLA BARS 130 - 210 G BETTY CROCKER FRUIT SNACKS 128 - 226 G,Irresistible,4.49,,,,$4.49,,2026-08-13T00:00:00-04:00,2026-08-19T23:59:59-04:00,,4660.58,-102.9,5044.93,-335.45,http://f.wishabi.net/page_items/430058736/1786326420/extra_large.jpg
Food Basics,8075764,1032111713,NATURE VALLEY GRANOLA BARS OR BETTY CROCKER FRUIT FLAVORED SNACKS,NATURE VALLEY | BETTY CROCKER,2.49,,,,$2.49,,2026-08-13T00:00:00-04:00,2026-08-19T23:59:59-04:00,,16951.5,-634.31,17255.5,-846.3,http://f.wishabi.net/page_items/430056899/1786481496/extra_large.jpg
Food Basics,8075764,1032109039,NATURE VALLEY GRANOLA BARS OR BETTY CROCKER FRUIT SNACKS,NATURE VALLEY | BETTY CROCKER,2.49,,,,$2.49,,2026-08-13T00:00:00-04:00,2026-08-19T23:59:59-04:00,,5189.14,-1923.12,5344.5,-2050.06,http://f.wishabi.net/page_items/430058732/1786326417/extra_large.jpg
Food Basics,8075764,1032111721,NATURE VALLEY LUNCH BOX OR SWEET & SALTY CHEWY BARS,Nature Valley,2.49,,,,$2.49,,2026-08-13T00:00:00-04:00,2026-08-19T23:59:59-04:00,,16143.3,-984.3,16375.6,-1269.41,http://f.wishabi.net/page_items/430056900/1786481496/extra_large.jpg
Food Basics,8075764,1032111808,NATURE VALLEY LUNCH BOX OR SWEET & SALTY CHEWY BARS,Nescafe,7.99,,,,$7.99,,2026-08-13T00:00:00-04:00,2026-08-19T23:59:59-04:00,,17920.4,-636.34,18083.9,-978.12,http://f.wishabi.net/page_items/430056467/1786326435/extra_large.jpg
Food Basics,8075764,1032111844,NESCAFÉ ESPRESSO CONCENTRATE,Nescafe,7.99,,,,$7.99,,2026-08-13T00:00:00-04:00,2026-08-19T23:59:59-04:00,,17298.3,-980.84,17510.1,-1282.03,http://f.wishabi.net/page_items/430056473/1786326439/extra_large.jpg
Food Basics,8075764,1032111909,NESCAFÉ GOLD INSTANT COFFEE,Nescafe,7.99,,,,$7.99,,2026-08-13T00:00:00-04:00,2026-08-19T23:59:59-04:00,,18078.5,-630.14,18240.5,-971.91,http://f.wishabi.net/page_items/430057245/1786326447/extra_large.jpg
Food Basics,8075764,1032111881,NESTLÉ CHOCOLATE BARS,Nestle,3.99,,,,$3.99,,2026-08-13T00:00:00-04:00,2026-08-19T23:59:59-04:00,,17297.9,-1925.53,17862.9,-2216.8,http://f.wishabi.net/page_items/430056479/1786326443/extra_large.jpg
Food Basics,8075764,1032111925,NESTLÉ COFFEE MATE COFFEE ENHANCER,Nestle,4.99,,,,$4.99,,2026-08-13T00:00:00-04:00,2026-08-19T23:59:59-04:00,,17491.1,-1284.08,17665.8,-1611.57,http://f.wishabi.net/page_items/430057248/1786326449/extra_large.jpg
Food Basics,8075764,1032111942,NESTLÉ MINI CHOCOLATES,Nestle,3.99,,,,$3.99,,2026-08-13T00:00:00-04:00,2026-08-19T23:59:59-04:00,,18059.5,-1917.81,18254.7,-2166.98,http://f.wishabi.net/page_items/430057251/1786326450/extra_large.jpg
Food Basics,8075764,1032111903,NESTLÉ NESQUIK SYRUP OR POWDER MIX,Nesquik,7.49,,,,$7.49,,2026-08-13T00:00:00-04:00,2026-08-19T23:59:59-04:00,,17484.0,-646.76,17686.6,-977.76,http://f.wishabi.net/page_items/430057244/1786326446/extra_large.jpg
Food Basics,8075764,1032110977,NESTLÉ PARLOUR,Nestle,3.99,,,,$3.99,,2026-08-13T00:00:00-04:00,2026-08-19T23:59:59-04:00,,10416.8,-356.16,10726.7,-636.61,http://f.wishabi.net/page_items/430057287/1786326434/extra_large.jpg
Food Basics,8075764,1032110959,"NESTLÉ PARLOUR, NOVELTIES",Nestle,3.99,,,,$3.99,,2026-08-13T00:00:00-04:00,2026-08-19T23:59:59-04:00,,10388.9,-87.93,10804.2,-331.16,http://f.wishabi.net/page_items/430056219/1786326433/extra_large.jpg
Food Basics,8075764,1032111885,NESTLÉ REAL DAIRY ICE CREAM,Nestle,5.49,,,,$5.49,,2026-08-13T00:00:00-04:00,2026-08-19T23:59:59-04:00,,17311.9,-20.75,17584.3,-312.09,http://f.wishabi.net/page_items/430056480/1786326444/extra_large.jpg
Food Basics,8075764,1032111891,NESTLÉ REAL DAIRY ICE CREAM OR NOVELTIES,Nestle,5.49,,,,$5.49,,2026-08-13T00:00:00-04:00,2026-08-19T23:59:59-04:00,,17315.0,-310.69,17646.4,-620.64,http://f.wishabi.net/page_items/430057242/1786326445/extra_large.jpg
Food Basics,8075764,1032111531,NEW ZEALAND LAMB SHANKS,New Zealand Lamb,8.99,,,,$8.99,,2026-08-13T00:00:00-04:00,2026-08-19T23:59:59-04:00,,14994.0,-635.74,15564.1,-983.99,http://f.wishabi.net/page_items/430058567/1786481377/extra_large.jpg
Food Basics,8075764,1033148678,NOOR OR PARLIAMENT BASMATI RICE,NOOR,6.98,,,,$6.98,,2026-08-13T00:00:00-04:00,2026-08-19T23:59:59-04:00,,646.11,-1747.92,889.73,-2104.62,http://f.wishabi.net/page_items/430535199/1786570164/extra_large.jpg
Food Basics,8075764,1032109532,OAT-LY OAT DRINK,Oatly,4.99,,,,$4.99,,2026-08-13T00:00:00-04:00,2026-08-19T23:59:59-04:00,,5797.99,-980.62,6049.16,-1282.96,http://f.wishabi.net/page_items/430059357/1786326415/extra_large.jpg
Food Basics,8075764,1032111151,OCEAN SPRAY CRANBERRY COCKTAIL OR JUICE BLENDS,Ocean Spray,3.99,,,,$3.99,,2026-08-13T00:00:00-04:00,2026-08-19T23:59:59-04:00,,12293.0,-1325.41,12423.0,-1612.41,http://f.wishabi.net/page_items/430059446/1786326439/extra_large.jpg
Food Basics,8075764,1032111430,OKRA,,3.99,,,,$3.99,,2026-08-13T00:00:00-04:00,2026-08-19T23:59:59-04:00,,13844.8,-327.77,14402.9,-639.81,http://f.wishabi.net/page_items/430058604/1786326445/extra_large.jpg
Food Basics,8075764,1032111730,OLD EL PASO SEASONING,Old El Paso,0.99,,,,$0.99,,2026-08-13T00:00:00-04:00,2026-08-19T23:59:59-04:00,,16142.5,-1920.36,16368.1,-2214.51,http://f.wishabi.net/page_items/430056901/1786481497/extra_large.jpg
Food Basics,8075764,1032111675,OLD EL PASO SHELLS OR TORTILLAS,Old El Paso,2.99,,,,$2.99,,2026-08-13T00:00:00-04:00,2026-08-19T23:59:59-04:00,,16172.6,-1623.73,16509.4,-1914.74,http://f.wishabi.net/page_items/430056894/1786481492/extra_large.jpg
Food Basics,8075764,1032111697,OLD EL PASO SHELLS OR TORTILLAS,Annie's,2.49,,,,$2.49,,2026-08-13T00:00:00-04:00,2026-08-19T23:59:59-04:00,,16800.7,-1919.3,16943.3,-2215.09,http://f.wishabi.net/page_items/430056897/1786481494/extra_large.jpg
Food Basics,8075764,1032111703,OLD EL PASO TACO KITS,Old El Paso,3.99,,,,$3.99,,2026-08-13T00:00:00-04:00,2026-08-19T23:59:59-04:00,,16713.8,-980.79,16960.3,-1245.67,http://f.wishabi.net/page_items/430056898/1786481495/extra_large.jpg
Food Basics,8075764,1032110784,OLYMPIC ORGANIC OR KREMA YOGURT,Olympic,3.98,,,,$3.98,,2026-08-13T00:00:00-04:00,2026-08-19T23:59:59-04:00,,9395.14,-2043.86,9505.04,-2216.5,http://f.wishabi.net/page_items/430057863/1786326440/extra_large.jpg
Food Basics,8075764,1032111192,ORVILLE REDENBACHER POPCORN,Orville Redenbachers,7.99,,,,$7.99,,2026-08-13T00:00:00-04:00,2026-08-19T23:59:59-04:00,,12317.0,-1932.31,12653.0,-2221.31,http://f.wishabi.net/page_items/430059453/1786326443/extra_large.jpg
Food Basics,8075764,1032111254,PACIFIC COD STEAK,,15.99,,,,$15.99,,2026-08-13T00:00:00-04:00,2026-08-19T23:59:59-04:00,,13262.1,-1278.9,13812.0,-1620.2,http://f.wishabi.net/page_items/430057592/1786326435/extra_large.jpg
Food Basics,8075764,1032111320,PARLE-G OR CASABLANCA COOKIES,PARLE-G,3.49,,,,$3.49,,2026-08-13T00:00:00-04:00,2026-08-19T23:59:59-04:00,,14401.7,-1765.58,14556.3,-1915.17,http://f.wishabi.net/page_items/430058587/1786326433/extra_large.jpg
Food Basics,8075764,1032111510,"PARLIAMENT GOLD, QUILLA OR LAL QILLA BASMATI RICE",PARLIAMENT,10.99,,,,$10.99,,2026-08-13T00:00:00-04:00,2026-08-19T23:59:59-04:00,,14134.1,-1039.52,14208.7,-1267.76,http://f.wishabi.net/page_items/430058615/1786326451/extra_large.jpg
Food Basics,8075764,1033149088,PEACHES,,1.99,,,,$1.99,,2026-08-13T00:00:00-04:00,2026-08-19T23:59:59-04:00,,2882.14,-26.61,3442.62,-341.18,http://f.wishabi.net/page_items/430535181/1786570166/extra_large.jpg
Food Basics,8075764,1033149048,PEACHES NECTARINES,,6.99,,,,$6.99,,2026-08-13T00:00:00-04:00,2026-08-19T23:59:59-04:00,,2881.21,-978.78,3167.46,-1276.15,http://f.wishabi.net/page_items/430535171/1786570160/extra_large.jpg
Food Basics,8075764,1033353090,PHILADELPHIA CREAM CHEESE OR CHEEZ WHIZ SPREAD,PHILADELPHIA,3.99,,,,$3.99,,2026-08-13T00:00:00-04:00,2026-08-19T23:59:59-04:00,,1309.37,-725.74,1521.79,-860.63,http://f.wishabi.net/page_items/430687243/1786720647/extra_large.jpg
Food Basics,8075764,1032108586,PILLER'S SLICED DELI MEAT,Piller's,6.49,,,,$6.49,,2026-08-13T00:00:00-04:00,2026-08-19T23:59:59-04:00,,3741.39,-1616.32,4028.25,-1917.04,http://f.wishabi.net/page_items/430055956/1786326415/extra_large.jpg
Food Basics,8075764,1032111667,PILLSBURY PIZZA POPS,Pillsbury,2.99,,,,$2.99,,2026-08-13T00:00:00-04:00,2026-08-19T23:59:59-04:00,,16930.8,-1386.63,17260.3,-1738.29,http://f.wishabi.net/page_items/430056893/1786481492/extra_large.jpg
Food Basics,8075764,1032111759,PILLSBURY PIZZA POPS OR TOASTER STRUDEL,Pillsbury,2.99,,,,$2.99,,2026-08-13T00:00:00-04:00,2026-08-19T23:59:59-04:00,,16708.3,-1378.63,16928.8,-1863.29,http://f.wishabi.net/page_items/430057491/1786481500/extra_large.jpg
Food Basics,8075764,1032111661,PILLSBURY PREPARED DOUGH,Pillsbury,1.99,,,,$1.99,,2026-08-13T00:00:00-04:00,2026-08-19T23:59:59-04:00,,16839.9,-2217.39,16948.9,-2547.79,http://f.wishabi.net/page_items/430056892/1786481491/extra_large.jpg
Food Basics,8075764,1032111869,PILLSBURY PREPARED DOUGH,Nestle,3.99,,,,$3.99,,2026-08-13T00:00:00-04:00,2026-08-19T23:59:59-04:00,,17859.3,-1917.81,18059.5,-2166.98,http://f.wishabi.net/page_items/430056477/1786326442/extra_large.jpg
Food Basics,8075764,1033353073,PORTOFINO SOURDOUGH BUNS,Portofino,4.49,,,,$4.49,,2026-08-13T00:00:00-04:00,2026-08-19T23:59:59-04:00,,2047.4,-222.45,2269.11,-417.81,http://f.wishabi.net/page_items/430687240/1786720645/extra_large.jpg
Food Basics,8075764,1032108524,PRIME RAISED WITHOUT ANTIBIOTICS CHICKEN DRUMSTICKS FAMILY PACK,Maple Leaf,4.99,,,,$4.99,,2026-08-13T00:00:00-04:00,2026-08-19T23:59:59-04:00,,3468.02,-978.32,4034.38,-1269.94,http://f.wishabi.net/page_items/430055951/1786326412/extra_large.jpg
Food Basics,8075764,1033353034,PRIMO PASTA OR SAUCE OR TOMATOES,Primo,1.99,,,,$1.99,,2026-08-13T00:00:00-04:00,2026-08-19T23:59:59-04:00,,1528.7,-998.82,1838.55,-1105.61,http://f.wishabi.net/page_items/430685575/1786720641/extra_large.jpg
Food Basics,8075764,1033353108,PRIMO PASTA SAUCE OR TOMATOES,Primo,1.99,,,,$1.99,,2026-08-13T00:00:00-04:00,2026-08-19T23:59:59-04:00,,1545.0,-1107.94,1637.0,-1237.94,http://f.wishabi.net/page_items/430687246/1786720649/extra_large.jpg
Food Basics,8075764,1032111090,PRINGLES POTATO CHIPS,Pringles,2.49,,,,$2.49,,2026-08-13T00:00:00-04:00,2026-08-19T23:59:59-04:00,,12320.8,-662.71,12420.0,-974.36,http://f.wishabi.net/page_items/430059438/1786326434/extra_large.jpg
Food Basics,8075764,1032111105,PRINGLES POTATO CHIPS,Irresistible,2.98,,,,$2.98,,2026-08-13T00:00:00-04:00,2026-08-19T23:59:59-04:00,,11776.6,-985.21,11891.3,-1276.7,http://f.wishabi.net/page_items/430059440/1786326436/extra_large.jpg
Food Basics,8075764,1033148666,"PUREX, PERSIL OR SUNLIGHT LAUNDRY DETERGENT",PUREX | PERSIL | SUNLIGHT,10.98,,,,$10.98,,2026-08-13T00:00:00-04:00,2026-08-19T23:59:59-04:00,,889.28,-1746.61,1136.72,-2105.24,http://f.wishabi.net/page_items/430535196/1786570162/extra_large.jpg
Food Basics,8075764,1032111544,PURINA ONE DOG FOOD,Purina,11.99,,,,$11.99,,2026-08-13T00:00:00-04:00,2026-08-19T23:59:59-04:00,,15579.9,-2215.16,16119.4,-2541.84,http://f.wishabi.net/page_items/430058569/1786481378/extra_large.jpg
Food Basics,8075764,1032109545,RED BULL ENERGY DRINKS,Red Bull,9.99,,,,$9.99,,2026-08-13T00:00:00-04:00,2026-08-19T23:59:59-04:00,,6049.16,-986.83,6332.9,-1282.96,http://f.wishabi.net/page_items/430059358/1786326416/extra_large.jpg
Food Basics,8075764,1033149020,RED MANGOES,,1.49,,,,$1.49,,2026-08-13T00:00:00-04:00,2026-08-19T23:59:59-04:00,,2314.29,-1286.54,2880.71,-1618.32,http://f.wishabi.net/page_items/430535164/1786570155/extra_large.jpg
Food Basics,8075764,1032111398,RED ONIONS,,6.99,,,,$6.99,,2026-08-13T00:00:00-04:00,2026-08-19T23:59:59-04:00,,13844.8,-640.01,14404.6,-982.28,http://f.wishabi.net/page_items/430058599/1786326441/extra_large.jpg
Food Basics,8075764,1032109589,RED ROSE TEA BAGS,Red Rose,7.99,,,,$7.99,,2026-08-13T00:00:00-04:00,2026-08-19T23:59:59-04:00,,6616.63,-993.03,6880.22,-1281.41,http://f.wishabi.net/page_items/430059361/1786326417/extra_large.jpg
Food Basics,8075764,1033148817,ROMAINE HEARTS,,2.88,,,,$2.88,,2026-08-13T00:00:00-04:00,2026-08-19T23:59:59-04:00,,16.2,-1742.53,391.42,-2103.83,http://f.wishabi.net/page_items/430535229/1786570167/extra_large.jpg
Food Basics,8075764,1033352993,ROYAL OAK CHARCOAL,Royal Oak,9.99,,,,$9.99,,2026-08-13T00:00:00-04:00,2026-08-19T23:59:59-04:00,,1888.28,-2014.44,2284.05,-2320.25,http://f.wishabi.net/page_items/430685570/1786720638/extra_large.jpg
Food Basics,8075764,1032110848,RUDOLPH'S BREAD,Rudolph's,2.88,,,,$2.88,,2026-08-13T00:00:00-04:00,2026-08-19T23:59:59-04:00,,9431.63,-984.01,9713.3,-1150.29,http://f.wishabi.net/page_items/430057869/1786326443/extra_large.jpg
Food Basics,8075764,1032110669,RUDOLPH'S BREAD OR SELECTION GARLIC TOAST,RUDOLPH'S | SELECTION,2.88,,,,$2.88,,2026-08-13T00:00:00-04:00,2026-08-19T23:59:59-04:00,,9237.3,-1046.01,9431.63,-1271.29,http://f.wishabi.net/page_items/430056200/1786326433/extra_large.jpg
Food Basics,8075764,1033148835,"RUDOLPH'S BREAD, SELECTION GARLIC TOAST",RUDOLPH'S | SELECTION,2.88,,,,$2.88,,2026-08-13T00:00:00-04:00,2026-08-19T23:59:59-04:00,,398.26,-1745.3,645.79,-2105.7,http://f.wishabi.net/page_items/430535231/1786570168/extra_large.jpg
Food Basics,8075764,1032111874,SAN PELLEGRINO OR MAISON PERRIER CARBONATED WATER,SAN PELLEGRINO | MAISON PERRIER,8.99,,,,$8.99,,2026-08-13T00:00:00-04:00,2026-08-19T23:59:59-04:00,,17297.3,-1615.16,17498.9,-1859.62,http://f.wishabi.net/page_items/430056478/1786326443/extra_large.jpg
Food Basics,8075764,1032111821,SAN PELLEGRINO SPARKLING DRINKS,San Pellegrino,6.99,,,,$6.99,,2026-08-13T00:00:00-04:00,2026-08-19T23:59:59-04:00,,17865.2,-1619.71,18418.5,-1914.61,http://f.wishabi.net/page_items/430056469/1786326437/extra_large.jpg
Food Basics,8075764,1032111411,SANTOSH NAAN,Santosh,3.99,,,,$3.99,,2026-08-13T00:00:00-04:00,2026-08-19T23:59:59-04:00,,14401.5,-1284.53,14685.3,-1614.25,http://f.wishabi.net/page_items/430058601/1786326443/extra_large.jpg
Food Basics,8075764,1032108469,SCHNEIDERS LUNCHMATE OR GREENFIELD KITS OR ADULT KITS,Schneider,2.99,,,,$2.99,,2026-08-13T00:00:00-04:00,2026-08-19T23:59:59-04:00,,3471.36,-1613.65,3741.81,-1916.63,http://f.wishabi.net/page_items/430055947/1786326410/extra_large.jpg
Food Basics,8075764,1032110594,SCHNEIDERS MEAT PIES,Schneiders,4.99,,,,$4.99,,2026-08-13T00:00:00-04:00,2026-08-19T23:59:59-04:00,,9498.72,-645.18,9783.09,-858.1,http://f.wishabi.net/page_items/430056193/1786326429/extra_large.jpg
Food Basics,8075764,1032110567,SCHNEIDERS OR PRIME RAISED WITHOUT ANTIBIOTICS CHICKEN WINGS,Schneiders,10.99,,,,$10.99,,2026-08-13T00:00:00-04:00,2026-08-19T23:59:59-04:00,,10051.2,-638.0,10312.4,-854.75,http://f.wishabi.net/page_items/430056191/1786326428/extra_large.jpg
Food Basics,8075764,1032108493,SCHNEIDERS PEPPERETTES,Schneiders,7.99,,,,$7.99,,2026-08-13T00:00:00-04:00,2026-08-19T23:59:59-04:00,,3742.77,-1918.2,4028.77,-2214.79,http://f.wishabi.net/page_items/430055949/1786326411/extra_large.jpg
Food Basics,8075764,1032108757,SCHNEIDERS RED HOTS OR MAPLE LEAF TOP DOGS WIENERS 375 G SCHNEIDERS MEAT PIES 330 - 400 G,Schneiders,4.99,,,,$4.99,,2026-08-13T00:00:00-04:00,2026-08-19T23:59:59-04:00,,3471.16,-1285.58,3614.27,-1440.07,http://f.wishabi.net/page_items/430059174/1786326422/extra_large.jpg
Food Basics,8075764,1032110880,SCHNEIDERS RED HOTS OR MAPLE LEAF TOP DOGS WIENERS OR SCHNEIDERS MEAT PIES,SCHNEIDERS | MAPLE LEAF,4.99,,,,$4.99,,2026-08-13T00:00:00-04:00,2026-08-19T23:59:59-04:00,,9234.09,-645.18,9498.72,-880.1,http://f.wishabi.net/page_items/430057872/1786326445/extra_large.jpg
Food Basics,8075764,1032108706,"SCHNEIDERS RED HOTS, MAPLE LEAF TOP DOGS WIENERS OR SCHNEIDERS MEAT PIES",SCHNEIDERS | MAPLE LEAF,4.99,,,,$4.99,,2026-08-13T00:00:00-04:00,2026-08-19T23:59:59-04:00,,3471.16,-1440.07,3614.27,-1611.58,http://f.wishabi.net/page_items/430055965/1786326421/extra_large.jpg
Food Basics,8075764,1032109757,SCRUBBING BUBBLES BATHROOM CLEANER,Scrubbing Bubbles,4.99,,,,$4.99,,2026-08-13T00:00:00-04:00,2026-08-19T23:59:59-04:00,,6353.0,-1958.4,6633.0,-2220.4,http://f.wishabi.net/page_items/430059372/1786326424/extra_large.jpg
Food Basics,8075764,1032109809,SCRUBBING BUBBLES BATHROOM CLEANER,Brita,23.99,,,,$23.99,,2026-08-13T00:00:00-04:00,2026-08-19T23:59:59-04:00,,6635.24,-2390.91,6742.22,-2535.11,http://f.wishabi.net/page_items/430059376/1786326426/extra_large.jpg
Food Basics,8075764,1033149037,SEEDLESS WHOLE WATERMELON,,4.99,,,,$4.99,,2026-08-13T00:00:00-04:00,2026-08-19T23:59:59-04:00,,2589.6,-980.32,2878.2,-1276.33,http://f.wishabi.net/page_items/430535168/1786570158/extra_large.jpg
Food Basics,8075764,1033148748,SELECTION BACON 375 G MAPLE LODGE OR ZABIHA HALAL CHICKEN BACON 375 G,SELECTION | MAPLE LODGE | ZABIHA HALAL,3.28,,,,$3.28,,2026-08-13T00:00:00-04:00,2026-08-19T23:59:59-04:00,,394.46,-641.79,771.4,-1007.39,http://f.wishabi.net/page_items/430535212/1786570169/extra_large.jpg
Food Basics,8075764,1033148631,"SELECTION CHEESE, 400 G SHREDS, 320 G",Selection,4.88,,,,$4.88,,2026-08-13T00:00:00-04:00,2026-08-19T23:59:59-04:00,,767.73,-643.07,1142.94,-1006.11,http://f.wishabi.net/page_items/430535185/1786570156/extra_large.jpg
Food Basics,8075764,1032109964,SELECTION CLUMPING CAT LITTER,Selection,9.99,,,,$9.99,,2026-08-13T00:00:00-04:00,2026-08-19T23:59:59-04:00,,7775.38,-2220.09,8049.01,-2547.86,http://f.wishabi.net/page_items/430056327/1786326421/extra_large.jpg
Food Basics,8075764,1033149267,SELECTION DE-ALCOHOLIZED BEER,Selection,9.49,,,,$9.49,,2026-08-13T00:00:00-04:00,2026-08-19T23:59:59-04:00,,8926.19,-1617.51,9198.69,-1923.24,http://f.wishabi.net/page_items/430535369/1786570156/extra_large.jpg
Food Basics,8075764,1033353103,SELECTION FOREVER FUDGE BARS OR SANDWICHES,Selection,4.99,,,,$4.99,,2026-08-13T00:00:00-04:00,2026-08-19T23:59:59-04:00,,1179.13,-1120.38,1393.1,-1287.83,http://f.wishabi.net/page_items/430687245/1786720648/extra_large.jpg
Food Basics,8075764,1032110033,SELECTION GLASS CLEANER,Selection,1.97,,,,$1.97,,2026-08-13T00:00:00-04:00,2026-08-19T23:59:59-04:00,,6920.0,-2222.58,7205.62,-2548.83,http://f.wishabi.net/page_items/430056332/1786326425/extra_large.jpg
Food Basics,8075764,1032109853,SELECTION GROUND COFFEE,Selection,15.99,,,,$15.99,,2026-08-13T00:00:00-04:00,2026-08-19T23:59:59-04:00,,7781.15,-84.53,8046.57,-419.12,http://f.wishabi.net/page_items/430056319/1786326415/extra_large.jpg
Food Basics,8075764,1032110910,SELECTION ICE CREAM CUPS,Selection,3.77,,,,$3.77,,2026-08-13T00:00:00-04:00,2026-08-19T23:59:59-04:00,,10963.9,-1933.16,11509.0,-2543.56,http://f.wishabi.net/page_items/430056213/1786326429/extra_large.jpg
Food Basics,8075764,1032110935,SELECTION ICE MILK,Selection,6.99,,,,$6.99,,2026-08-13T00:00:00-04:00,2026-08-19T23:59:59-04:00,,10387.4,-1288.14,10958.6,-1918.14,http://f.wishabi.net/page_items/430056216/1786326431/extra_large.jpg
Food Basics,8075764,1032110967,SELECTION ICE MILK,Baskin Robbins,9.99,,,,$9.99,,2026-08-13T00:00:00-04:00,2026-08-19T23:59:59-04:00,,10949.7,-266.09,11228.1,-561.89,http://f.wishabi.net/page_items/430056220/1786326434/extra_large.jpg
Food Basics,8075764,1032110928,SELECTION ICE POPS,Selection,5.0,,,,$5.0,,2026-08-13T00:00:00-04:00,2026-08-19T23:59:59-04:00,,10388.1,-1922.66,10912.1,-2201.25,http://f.wishabi.net/page_items/430056215/1786326431/extra_large.jpg
Food Basics,8075764,1032110093,SELECTION JAM,Selection,4.49,,,,$4.49,,2026-08-13T00:00:00-04:00,2026-08-19T23:59:59-04:00,,7706.69,-641.0,7871.0,-974.45,http://f.wishabi.net/page_items/430059184/1786326427/extra_large.jpg
Food Basics,8075764,1032109938,SELECTION JELLY POWDER,Selection,0.99,,,,$0.99,,2026-08-13T00:00:00-04:00,2026-08-19T23:59:59-04:00,,7204.44,-1919.43,7484.74,-2219.48,http://f.wishabi.net/page_items/430056325/1786326420/extra_large.jpg
Food Basics,8075764,1032109885,SELECTION JUICE BLEND,Selection,5.99,,,,$5.99,,2026-08-13T00:00:00-04:00,2026-08-19T23:59:59-04:00,,6928.17,-637.46,7496.03,-980.9,http://f.wishabi.net/page_items/430056321/1786326417/extra_large.jpg
Food Basics,8075764,1032109974,SELECTION MULTI PURPOSE CLEANER,Selection,2.99,,,,$2.99,,2026-08-13T00:00:00-04:00,2026-08-19T23:59:59-04:00,,7203.75,-2222.94,7334.72,-2472.94,http://f.wishabi.net/page_items/430056328/1786326422/extra_large.jpg
Food Basics,8075764,1032110121,SELECTION MUSTARD,Selection,1.49,,,,$1.49,,2026-08-13T00:00:00-04:00,2026-08-19T23:59:59-04:00,,7569.28,-976.46,7716.03,-1277.72,http://f.wishabi.net/page_items/430059186/1786326429/extra_large.jpg
Food Basics,8075764,1032109951,SELECTION MUSTARD OR RELISH,Selection,1.49,,,,$1.49,,2026-08-13T00:00:00-04:00,2026-08-19T23:59:59-04:00,,7716.03,-976.46,7873.17,-1277.72,http://f.wishabi.net/page_items/430056326/1786326420/extra_large.jpg
Food Basics,8075764,1032109897,SELECTION OR IRRESISTIBLE GRATED PARMESAN CHEESE,Selection | IRRESISTIBLE,6.99,,,,$6.99,,2026-08-13T00:00:00-04:00,2026-08-19T23:59:59-04:00,,7011.31,-1610.93,7150.46,-1913.97,http://f.wishabi.net/page_items/430056322/1786326417/extra_large.jpg
Food Basics,8075764,1032110175,SELECTION OR IRRESISTIBLE GRATED PARMESAN CHEESE,Selection,11.99,,,,$11.99,,2026-08-13T00:00:00-04:00,2026-08-19T23:59:59-04:00,,7805.62,-1921.14,7973.22,-2032.59,http://f.wishabi.net/page_items/430059190/1786326431/extra_large.jpg
Food Basics,8075764,1033353120,SELECTION OR LIFE SMART NATURALIA PEANUT BUTTER,SELECTION | LIFE SMART,4.44,,,,$4.44,,2026-08-13T00:00:00-04:00,2026-08-19T23:59:59-04:00,,1318.68,-1297.13,1483.03,-1456.83,http://f.wishabi.net/page_items/430687248/1786720651/extra_large.jpg
Food Basics,8075764,1033149286,SELECTION OR LIFE SMART TOMATO JUICE,Selection,3.49,,,,$3.49,,2026-08-13T00:00:00-04:00,2026-08-19T23:59:59-04:00,,8639.85,-1619.27,8924.43,-1921.22,http://f.wishabi.net/page_items/430535375/1786570161/extra_large.jpg
Food Basics,8075764,1032110007,SELECTION PAPER TOWELS,Selection,5.99,,,,$5.99,,2026-08-13T00:00:00-04:00,2026-08-19T23:59:59-04:00,,7487.73,-2221.2,7776.1,-2549.2,http://f.wishabi.net/page_items/430056330/1786326423/extra_large.jpg
Food Basics,8075764,1032110045,SELECTION PIZZA,Selection,11.99,,,,$11.99,,2026-08-13T00:00:00-04:00,2026-08-19T23:59:59-04:00,,7779.62,-2047.14,7914.22,-2216.59,http://f.wishabi.net/page_items/430056333/1786326425/extra_large.jpg
Food Basics,8075764,1032109925,SELECTION POTATO CHIPS,Selection,1.49,,,,$1.49,,2026-08-13T00:00:00-04:00,2026-08-19T23:59:59-04:00,,6924.01,-981.92,7131.41,-1278.32,http://f.wishabi.net/page_items/430056324/1786326419/extra_large.jpg
Food Basics,8075764,1032109870,SELECTION RICE SNACKS,Selection,1.99,,,,$1.99,,2026-08-13T00:00:00-04:00,2026-08-19T23:59:59-04:00,,6927.95,-1283.97,7161.38,-1607.99,http://f.wishabi.net/page_items/430056320/1786326416/extra_large.jpg
Food Basics,8075764,1032109911,SELECTION SHREDDED CHEESE,Selection,10.49,,,,$10.49,,2026-08-13T00:00:00-04:00,2026-08-19T23:59:59-04:00,,6932.02,-84.33,7490.93,-633.86,http://f.wishabi.net/page_items/430056323/1786326418/extra_large.jpg
Food Basics,8075764,1032109025,SELECTION SNACK TUBS,Selection,6.49,,,,$6.49,,2026-08-13T00:00:00-04:00,2026-08-19T23:59:59-04:00,,5233.45,-29.78,5610.16,-351.53,http://f.wishabi.net/page_items/430058731/1786326416/extra_large.jpg
Food Basics,8075764,1033149312,SELECTION SOFT DRINKS,Selection,6.49,,,,$6.49,,2026-08-13T00:00:00-04:00,2026-08-19T23:59:59-04:00,,8080.05,-1281.83,8635.25,-1916.2,http://f.wishabi.net/page_items/430535383/1786570166/extra_large.jpg
Food Basics,8075764,1032109826,SELECTION SOUP MIX,Selection,2.49,,,,$2.49,,2026-08-13T00:00:00-04:00,2026-08-19T23:59:59-04:00,,7499.54,-1284.69,8051.35,-1614.52,http://f.wishabi.net/page_items/430056317/1786326414/extra_large.jpg
Food Basics,8075764,1032110161,SELECTION WAFER COOKIES,Selection,1.79,,,,$1.79,,2026-08-13T00:00:00-04:00,2026-08-19T23:59:59-04:00,,7486.5,-2009.81,7773.77,-2095.92,http://f.wishabi.net/page_items/430059189/1786326431/extra_large.jpg
Food Basics,8075764,1032110022,SELECTION WATER ENHANCERS,Selection,2.79,,,,$2.79,,2026-08-13T00:00:00-04:00,2026-08-19T23:59:59-04:00,,6922.56,-1922.33,7205.31,-2222.56,http://f.wishabi.net/page_items/430056331/1786326424/extra_large.jpg
Food Basics,8075764,1032111345,SHER BESAN FLOUR,Sher,4.99,,,,$4.99,,2026-08-13T00:00:00-04:00,2026-08-19T23:59:59-04:00,,14401.7,-2221.93,14685.3,-2539.48,http://f.wishabi.net/page_items/430058590/1786326435/extra_large.jpg
Food Basics,8075764,1032109691,SKINNY POP POPCORN,Bertolli,10.99,,,,$10.99,,2026-08-13T00:00:00-04:00,2026-08-19T23:59:59-04:00,,5775.0,-1946.4,5876.0,-2212.4,http://f.wishabi.net/page_items/430059368/1786326422/extra_large.jpg
Food Basics,8075764,1032111208,SKITTLES CANDY,Skittles,2.49,,,,$2.49,,2026-08-13T00:00:00-04:00,2026-08-19T23:59:59-04:00,,11697.5,-2234.31,11773.5,-2440.53,http://f.wishabi.net/page_items/430059456/1786326445/extra_large.jpg
Food Basics,8075764,1032111270,SKY FLAKES CRACKERS,SkyFlakes,7.49,,,,$7.49,,2026-08-13T00:00:00-04:00,2026-08-19T23:59:59-04:00,,13252.7,-1926.76,13811.6,-2219.79,http://f.wishabi.net/page_items/430057595/1786326437/extra_large.jpg
Food Basics,8075764,1032111285,SPINACH BUNCH,,1.88,,,,$1.88,,2026-08-13T00:00:00-04:00,2026-08-19T23:59:59-04:00,,12690.7,-977.23,12875.7,-1271.66,http://f.wishabi.net/page_items/430057598/1786326439/extra_large.jpg
Food Basics,8075764,1032111314,SPINACH BUNCH OR METHI LEAVES (FENUGREEK),,1.88,,,,$1.88,,2026-08-13T00:00:00-04:00,2026-08-19T23:59:59-04:00,,12875.7,-977.23,13071.7,-1271.66,http://f.wishabi.net/page_items/430057602/1786326441/extra_large.jpg
Food Basics,8075764,1032111294,SPINACH BUNCH PRODUCT OF CANADA METHI LEAVES (FENUGREEK) PRODUCT OF CANADA,,1.49,,,,$1.49,,2026-08-13T00:00:00-04:00,2026-08-19T23:59:59-04:00,,13269.7,-981.45,13811.8,-1280.36,http://f.wishabi.net/page_items/430057599/1786326439/extra_large.jpg
Food Basics,8075764,1032111538,STAGG CHILI,Stagg,3.79,,,,$3.79,,2026-08-13T00:00:00-04:00,2026-08-19T23:59:59-04:00,,15571.0,-1923.62,15794.7,-2213.84,http://f.wishabi.net/page_items/430058568/1786481378/extra_large.jpg
Food Basics,8075764,1032109504,STARBUCKS COFFEE CAPSULES,Starbucks,12.99,,,,$12.99,,2026-08-13T00:00:00-04:00,2026-08-19T23:59:59-04:00,,6331.34,-662.17,6565.97,-963.68,http://f.wishabi.net/page_items/430059355/1786326414/extra_large.jpg
Food Basics,8075764,1032111827,STARBUCKS COFFEE ENHANCER,Starbucks,6.99,,,,$6.99,,2026-08-13T00:00:00-04:00,2026-08-19T23:59:59-04:00,,17869.1,-1283.61,18077.9,-1615.95,http://f.wishabi.net/page_items/430056470/1786326437/extra_large.jpg
Food Basics,8075764,1032111833,STARBUCKS GROUND COFFEE OR CAPSULES,Starbucks,11.99,,,,$11.99,,2026-08-13T00:00:00-04:00,2026-08-19T23:59:59-04:00,,17863.4,-975.16,18064.7,-1280.54,http://f.wishabi.net/page_items/430056471/1786326438/extra_large.jpg
Food Basics,8075764,1033148719,STRAWBERRIES RASPBERRIES,,1.68,,,,$1.68,,2026-08-13T00:00:00-04:00,2026-08-19T23:59:59-04:00,,14.0,-2120.35,398.94,-2471.13,http://f.wishabi.net/page_items/430535205/1786570166/extra_large.jpg
Food Basics,8075764,1033148842,SUMMER FRESH HUMMUS OR DIPS,Summer Fresh,2.98,,,,$2.98,,2026-08-13T00:00:00-04:00,2026-08-19T23:59:59-04:00,,393.34,-1011.78,772.62,-1372.61,http://f.wishabi.net/page_items/430535232/1786570169/extra_large.jpg
Food Basics,8075764,1032111328,SURATI SNACKS,Surati,2.49,,,,$2.49,,2026-08-13T00:00:00-04:00,2026-08-19T23:59:59-04:00,,14698.1,-2252.42,14832.0,-2458.42,http://f.wishabi.net/page_items/430058588/1786326434/extra_large.jpg
Food Basics,8075764,1033149076,SWEET ASSORTED OR GREEN PEPPERS,,3.99,,,,$3.99,,2026-08-13T00:00:00-04:00,2026-08-19T23:59:59-04:00,,2323.44,-325.29,2884.07,-643.6,http://f.wishabi.net/page_items/430535178/1786570164/extra_large.jpg
Food Basics,8075764,1033149055,SWEET CORN,,1.88,,,,$1.88,,2026-08-13T00:00:00-04:00,2026-08-19T23:59:59-04:00,,2882.01,-344.75,3441.12,-636.43,http://f.wishabi.net/page_items/430535173/1786570161/extra_large.jpg
Food Basics,8075764,1032108611,SWISS CHALET BBQ PORK BACK RIBS,Swiss Chalet,12.99,,,,$12.99,,2026-08-13T00:00:00-04:00,2026-08-19T23:59:59-04:00,,4315.27,-1285.13,4591.76,-1418.09,http://f.wishabi.net/page_items/430055958/1786326416/extra_large.jpg
Food Basics,8075764,1032111121,TAKIS TORTILLA CHIPS,Takis,3.29,,,,$3.29,,2026-08-13T00:00:00-04:00,2026-08-19T23:59:59-04:00,,12303.8,-983.66,12472.8,-1256.54,http://f.wishabi.net/page_items/430059442/1786326437/extra_large.jpg
Food Basics,8075764,1032108453,TASIA GOLDEN POMPANO,TASIA,9.99,,,,$9.99,,2026-08-13T00:00:00-04:00,2026-08-19T23:59:59-04:00,,4032.9,-2219.5,4318.17,-2335.83,http://f.wishabi.net/page_items/430055946/1786326409/extra_large.jpg
Food Basics,8075764,1032111364,TATA SAMPANN SPICES OR DIVYA PASTE,Tata,1.99,,,,$1.99,,2026-08-13T00:00:00-04:00,2026-08-19T23:59:59-04:00,,14701.3,-1931.81,14819.2,-2123.76,http://f.wishabi.net/page_items/430058593/1786326437/extra_large.jpg
Food Basics,8075764,1032111489,TATA TEA GOLD 450 G CASABLANCA HONEY 1 KG DIVYA CANE SUGAR 3.62 KG,DIVYA,1.99,,,,$1.99,,2026-08-13T00:00:00-04:00,2026-08-19T23:59:59-04:00,,14819.2,-1931.81,14950.3,-2089.76,http://f.wishabi.net/page_items/430058612/1786326450/extra_large.jpg
Food Basics,8075764,1032111357,"TATA TEA GOLD, CASABLANCA HONEY OR DIVYA CANE SUGAR",TATA | CASABLANCA | DIVYA,6.99,,,,$6.99,,2026-08-13T00:00:00-04:00,2026-08-19T23:59:59-04:00,,13840.0,-1291.63,13952.1,-1549.74,http://f.wishabi.net/page_items/430058592/1786326436/extra_large.jpg
Food Basics,8075764,1032108480,THE KEG PRIME RIB BEEF BURGERS,The Keg,19.99,,,,$19.99,,2026-08-13T00:00:00-04:00,2026-08-19T23:59:59-04:00,,4316.5,-1614.5,4592.83,-1916.56,http://f.wishabi.net/page_items/430055948/1786326410/extra_large.jpg
Food Basics,8075764,1032109211,"TIA ROSA TORTILLAS, HOSTESS SNACK CAKES, NATURAL RYE BREAD OR HARVEST GOLD ROTI",,6.5,,,,$6.5,,2026-08-13T00:00:00-04:00,2026-08-19T23:59:59-04:00,,5255.59,-640.0,5477.04,-842.49,http://f.wishabi.net/page_items/430058743/1786326425/extra_large.jpg
Food Basics,8075764,1033149294,"TIDE LAUNDRY DETERGENT, PODS 39'S",Tide,6.99,,,,$6.99,,2026-08-13T00:00:00-04:00,2026-08-19T23:59:59-04:00,,8349.99,-1921.0,8641.1,-2218.35,http://f.wishabi.net/page_items/430535377/1786570162/extra_large.jpg
Food Basics,8075764,1033149274,TIM HORTONS COFFEE CAPSULES,Tim Horton's,32.99,,,,$32.99,,2026-08-13T00:00:00-04:00,2026-08-19T23:59:59-04:00,,8080.94,-640.39,8643.75,-975.88,http://f.wishabi.net/page_items/430535371/1786570158/extra_large.jpg
Food Basics,8075764,1033149309,TIM HORTONS GROUND COFFEE,Tim Horton's,24.99,,,,$24.99,,2026-08-13T00:00:00-04:00,2026-08-19T23:59:59-04:00,,8642.01,-790.36,9199.14,-1276.82,http://f.wishabi.net/page_items/430535382/1786570166/extra_large.jpg
Food Basics,8075764,1033149283,TIM HORTONS READY TO SERVE SOUP,Tim Horton's,3.29,,,,$3.29,,2026-08-13T00:00:00-04:00,2026-08-19T23:59:59-04:00,,8076.8,-978.11,8642.44,-1275.92,http://f.wishabi.net/page_items/430535374/1786570160/extra_large.jpg
Food Basics,8075764,1033353129,TOSTITOS TORTILLA CHIPS,Tostitos,7.0,,,,$7.0,,2026-08-13T00:00:00-04:00,2026-08-19T23:59:59-04:00,,2106.31,-1432.02,2259.81,-1597.92,http://f.wishabi.net/page_items/430687250/1786720652/extra_large.jpg
Food Basics,8075764,1032108575,TRE STELLE PARMIGIANO REGGIANO OR GRANA PADANO OR PECORINO ROMANO,Tre Stelle,8.99,,,,$8.99,,2026-08-13T00:00:00-04:00,2026-08-19T23:59:59-04:00,,4031.79,-1915.76,4317.06,-2215.03,http://f.wishabi.net/page_items/430055955/1786326414/extra_large.jpg
Food Basics,8075764,1032109242,"VILLAGGIO BREAD, BUNS, DEMPSTER'S BAGELS, 7"" TORTILLAS, WHOLE GRAIN BREAD, TIA ROSA TORTILLAS, HOSTESS SNACK CAKES, NATURAL RYE BREAD OR HARVEST GOLD ROTI",VILLAGGIO | DEMPSTER'S | TIA ROSA | HOSTESS | HARVEST GOLD,6.5,,,,$6.5,,2026-08-13T00:00:00-04:00,2026-08-19T23:59:59-04:00,,5230.78,-842.49,5402.62,-1273.66,http://f.wishabi.net/page_items/430058745/1786326427/extra_large.jpg
Food Basics,8075764,1032108902,"VILLAGGIO BREAD, BUNS, DEMPSTER'S BAGELS, 7""TORTILLAS, WHOLE GRAIN BREAD, TIA ROSA TORTILLAS, HOSTESS SNACK CAKES, NATURAL RYE BREAD OR HARVEST GOLD ROTI",Dempster's®,6.5,,,,$6.5,,2026-08-13T00:00:00-04:00,2026-08-19T23:59:59-04:00,,5402.24,-950.57,5559.21,-1272.59,http://f.wishabi.net/page_items/430058722/1786326410/extra_large.jpg
Food Basics,8075764,1032109574,VOORTMAN TURNOVERS OR WAFER COOKIES,Voortman,2.99,,,,$2.99,,2026-08-13T00:00:00-04:00,2026-08-19T23:59:59-04:00,,6336.0,-1096.91,6607.33,-1160.48,http://f.wishabi.net/page_items/430059360/1786326417/extra_large.jpg
Food Basics,8075764,1033149063,WHOLE WHITE OR CREMINI MUSHROOMS,,3.99,,,,$3.99,,2026-08-13T00:00:00-04:00,2026-08-19T23:59:59-04:00,,2881.18,-642.24,3441.66,-974.43,http://f.wishabi.net/page_items/430535175/1786570162/extra_large.jpg
Food Basics,8075764,1032109010,YOPLAIT YOP DRINKABLE YOGURT,Yoplait,0.99,,,,$0.99,,2026-08-13T00:00:00-04:00,2026-08-19T23:59:59-04:00,,4848.08,-1619.43,4976.53,-1911.34,http://f.wishabi.net/page_items/430058730/1786326415/extra_large.jpg
Food Basics,8075764,1032111586,YORKSHIRE GOLD BLACK TEA,Yorkshire,7.99,,,,$7.99,,2026-08-13T00:00:00-04:00,2026-08-19T23:59:59-04:00,,14997.7,-2221.85,15574.0,-2541.02,http://f.wishabi.net/page_items/430058576/1786481383/extra_large.jpg
FreshCo,8075629,1032100891,"3 L Basket Field Tomatoes, White Potatoes or Pickling Cucumbers Product of Ontario Canada No. 1",,5.99,,,,$5.99,,2026-08-13T00:00:00-04:00,2026-08-19T23:59:59-04:00,,4791.56,-381.15,5327.12,-932.92,http://f.wishabi.net/page_items/430043236/1786320967/extra_large.jpg
FreshCo,8075629,1032100871,Allen's Apple Juice 1.89 L or Kiju Organic 100% Juice 1 L,Allen's | Kiju,2.99,,,,$2.99,,2026-08-13T00:00:00-04:00,2026-08-19T23:59:59-04:00,,3596.23,-755.97,3964.66,-1078.46,http://f.wishabi.net/page_items/430043216/1786320968/extra_large.jpg
FreshCo,8075629,1032100869,Armstrong Cheese Snacks 210 g Selected Varieties,Armstrong,4.49,,,,$4.49,,2026-08-13T00:00:00-04:00,2026-08-19T23:59:59-04:00,,4148.83,-1090.02,4425.49,-1415.29,http://f.wishabi.net/page_items/430043214/1786320967/extra_large.jpg
FreshCo,8075629,1032100822,"Axe Deodorant or Body Spray 76-113 g, Shampoo 473 mL or Body Wash 473 mL",Axe,3.99,,,,$3.99,,2026-08-13T00:00:00-04:00,2026-08-19T23:59:59-04:00,,1777.43,-694.07,2052.84,-994.18,http://f.wishabi.net/page_items/430043167/1786320967/extra_large.jpg
FreshCo,8075629,1032100797,"Bagged Corn 8 pk Product of Ontario, Canada No. 1",,2.99,,,,$2.99,,2026-08-13T00:00:00-04:00,2026-08-19T23:59:59-04:00,,46.87,-713.67,601.24,-1166.97,http://f.wishabi.net/page_items/430043142/1786320961/extra_large.jpg
FreshCo,8075629,1032100937,Baltic Herring Fillets Frozen 1 Kg,Baltic,13.99,,,,$13.99,,2026-08-13T00:00:00-04:00,2026-08-19T23:59:59-04:00,,9327.44,-772.2,9846.05,-1077.35,http://f.wishabi.net/page_items/430043281/1786320973/extra_large.jpg
FreshCo,8075629,1032100939,Baltic Smoked Mackerel Frozen 400 g,Baltic,10.49,,,,$10.49,,2026-08-13T00:00:00-04:00,2026-08-19T23:59:59-04:00,,9588.06,-1084.67,9848.17,-1438.6,http://f.wishabi.net/page_items/430043283/1786320975/extra_large.jpg
FreshCo,8075629,1032100863,"Barilla, Catelli Classic, Smart or Healthy Harvest Pasta 375-454 g",Barilla | Catelli,1.99,,,,$1.99,,2026-08-13T00:00:00-04:00,2026-08-19T23:59:59-04:00,,4148.38,-1421.45,4425.15,-1745.41,http://f.wishabi.net/page_items/430043208/1786320963/extra_large.jpg
FreshCo,8075629,1032100866,Baskin Robbins Ice Cream 946 mL or Novelties 4x125 mL,Baskin Robbins,9.99,,,,$9.99,,2026-08-13T00:00:00-04:00,2026-08-19T23:59:59-04:00,,3960.45,-420.43,4329.22,-749.27,http://f.wishabi.net/page_items/430043211/1786320965/extra_large.jpg
FreshCo,8075629,1032100935,Belevini Smoked Sprats 240 g,Belevini,3.79,,,,$3.79,,2026-08-13T00:00:00-04:00,2026-08-19T23:59:59-04:00,,8806.0,-1087.04,9068.43,-1435.07,http://f.wishabi.net/page_items/430043279/1786320972/extra_large.jpg
FreshCo,8075629,1032100887,Blue Plums 1.5 L Product of Ontario Canada No. 1,,5.99,,,,$5.99,,2026-08-13T00:00:00-04:00,2026-08-19T23:59:59-04:00,,5325.59,-381.17,5844.91,-922.51,http://f.wishabi.net/page_items/430043232/1786320964/extra_large.jpg
FreshCo,8075629,1032100859,"Blueberries Pint Product of Canada, Canada No. 1 or Raspberries 170 g Product of USA or Mexico",,3.99,,,,$3.99,,2026-08-13T00:00:00-04:00,2026-08-19T23:59:59-04:00,,2410.91,-88.8,2958.38,-414.25,http://f.wishabi.net/page_items/430043204/1786320978/extra_large.jpg
FreshCo,8075629,1032100798,Boneless Skinless Chicken Breasts 4 pieces,,10.0,,,,$10.0,,2026-08-13T00:00:00-04:00,2026-08-19T23:59:59-04:00,,49.33,-253.72,594.99,-710.49,http://f.wishabi.net/page_items/430043143/1786320962/extra_large.jpg
FreshCo,8075629,1032100924,Borjomi Carbonated Natural Mineral Water 500 mL,Borjomi,2.49,,,,$2.49,,2026-08-13T00:00:00-04:00,2026-08-19T23:59:59-04:00,,9069.57,-1440.38,9327.3,-1790.7,http://f.wishabi.net/page_items/430043270/1786320965/extra_large.jpg
FreshCo,8075629,1032100932,Borjomi Limonati Mineral Water 330 mL,Borjomi,1.99,,,,$1.99,,2026-08-13T00:00:00-04:00,2026-08-19T23:59:59-04:00,,8808.18,-1440.02,9068.29,-1791.2,http://f.wishabi.net/page_items/430043276/1786320970/extra_large.jpg
FreshCo,8075629,1032100834,Bounty Paper Towels 6=12 rolls,Bounty,,,,,,,2026-08-13T00:00:00-04:00,2026-08-19T23:59:59-04:00,,1923.62,-2108.92,2338.24,-2332.77,http://f.wishabi.net/page_items/430043179/1786320975/extra_large.jpg
FreshCo,8075629,1032100938,Cactus Pears Product of USA or Black or Green Figs Product of USA,,11.99,,,,$11.99,,2026-08-13T00:00:00-04:00,2026-08-19T23:59:59-04:00,,8801.27,-745.74,9329.78,-1077.83,http://f.wishabi.net/page_items/430043282/1786320974/extra_large.jpg
FreshCo,8075629,1032100861,Campbell's Broth 900 mL,Campbell's,1.88,,,,$1.88,,2026-08-13T00:00:00-04:00,2026-08-19T23:59:59-04:00,,3597.8,-1422.04,3869.4,-1747.87,http://f.wishabi.net/page_items/430043206/1786320961/extra_large.jpg
FreshCo,8075629,1032100873,Campbell's Chunky Soup 515 ml or Habitant Soup 796 mL,Campbell's | Habitant,2.99,,,,$2.99,,2026-08-13T00:00:00-04:00,2026-08-19T23:59:59-04:00,,4331.49,-422.38,4703.39,-745.53,http://f.wishabi.net/page_items/430043218/1786320969/extra_large.jpg
FreshCo,8075629,1032100811,"Campbell's Regular or Spicy Tomato, Alphabet Vegetable, Regular or Spicy Chicken Noodle or Cream of Mushroom Soup 284 mL",Campbell's,0.95,,,,$0.95,,2026-08-13T00:00:00-04:00,2026-08-19T23:59:59-04:00,,869.58,-1572.16,1143.04,-1853.53,http://f.wishabi.net/page_items/430043156/1786320969/extra_large.jpg
FreshCo,8075629,1032100808,Cardinal Quarter Pound Beef Burgers 678 g,Cardinal,8.0,,,,$8.0,,2026-08-13T00:00:00-04:00,2026-08-19T23:59:59-04:00,,40.03,-1576.01,314.15,-1857.87,http://f.wishabi.net/page_items/430043153/1786320968/extra_large.jpg
FreshCo,8075629,1032100870,Cashmere Bathroom Tissue 12-36 Rolls or SpongeTowels 4-8 pk,Cashmere | SpongeTowels,12.99,,,,$12.99,,2026-08-13T00:00:00-04:00,2026-08-19T23:59:59-04:00,,3959.91,-2086.47,4330.67,-2418.98,http://f.wishabi.net/page_items/430043215/1786320967/extra_large.jpg
FreshCo,8075629,1032100845,Castello Sliced Cheese 125-165 g,Castello,5.0,,,,$5.0,,2026-08-13T00:00:00-04:00,2026-08-19T23:59:59-04:00,,2962.86,-1756.41,3239.17,-2082.43,http://f.wishabi.net/page_items/430043190/1786320968/extra_large.jpg
FreshCo,8075629,1032100879,Christie Family Cookies Selected Varieties 285-500 g or Dad's Family Cookies Selected Varieties 500-520 g,Mr. Christie's,4.49,,,,$4.49,,2026-08-13T00:00:00-04:00,2026-08-19T23:59:59-04:00,,4332.19,-753.6,4702.94,-1076.63,http://f.wishabi.net/page_items/430043224/1786320974/extra_large.jpg
FreshCo,8075629,1032100807,Classico Pasta Sauce 218-600 mL,Classico,2.97,,,,$2.97,,2026-08-13T00:00:00-04:00,2026-08-19T23:59:59-04:00,,775.42,-1285.46,1141.94,-1569.55,http://f.wishabi.net/page_items/430043152/1786320967/extra_large.jpg
FreshCo,8075629,1032100819,Clover Leaf Flaked Light Tuna in Olive Oil 142 g,Clover Leaf,1.99,,,,$1.99,,2026-08-13T00:00:00-04:00,2026-08-19T23:59:59-04:00,,1497.23,-695.53,1774.19,-994.35,http://f.wishabi.net/page_items/430043164/1786320965/extra_large.jpg
FreshCo,8075629,1032100816,Coca-Cola Soft Drinks Mini Cans 6x222 mL,Coca-Cola,4.29,,,,$4.29,,2026-08-13T00:00:00-04:00,2026-08-19T23:59:59-04:00,,1222.26,-1424.57,1591.33,-1760.95,http://f.wishabi.net/page_items/430043161/1786320964/extra_large.jpg
FreshCo,8075629,1032100881,"Coca-Cola, Canada Dry or Pepsi Soft Drinks 12x355 mL Selected Varieties",Coca-Cola | Canada Dry | Pepsi,7.99,,,,$7.99,,2026-08-13T00:00:00-04:00,2026-08-19T23:59:59-04:00,,3597.29,-86.53,4145.25,-411.53,http://f.wishabi.net/page_items/430043226/1786320975/extra_large.jpg
FreshCo,8075629,1032100917,Colgate Toothpaste 52-95 ml or Extra Clean Toothbrush 1 ea Selected Varieties,Colgate,1.29,,,,$1.29,,2026-08-13T00:00:00-04:00,2026-08-19T23:59:59-04:00,,8435.55,-1795.37,8697.0,-2141.77,http://f.wishabi.net/page_items/430043263/1786320974/extra_large.jpg
FreshCo,8075629,1032100908,"Colgate Total Toothpaste 70-150 ml, Optic White Toothpaste 90 ml or 360 Toothbrush 1 ea Selected Varieties",Colgate,3.49,,,,$3.49,,2026-08-13T00:00:00-04:00,2026-08-19T23:59:59-04:00,,8001.07,-2150.91,8344.48,-2497.47,http://f.wishabi.net/page_items/430043254/1786320967/extra_large.jpg
FreshCo,8075629,1032100854,"Compliments Beef, Chicken or Turkey Burgers Frozen 680-907 g",Compliments,13.99,,,,$13.99,,2026-08-13T00:00:00-04:00,2026-08-19T23:59:59-04:00,,3241.01,-1421.45,3513.58,-1747.71,http://f.wishabi.net/page_items/430043199/1786320974/extra_large.jpg
FreshCo,8075629,1032100889,"Compliments Carrots or Yellow Onions 3 lb Bag Product of Ontario, Canada No. 1 1.36 kg",Compliments,2.99,,,,$2.99,,2026-08-13T00:00:00-04:00,2026-08-19T23:59:59-04:00,,5320.58,-932.73,5845.23,-1432.45,http://f.wishabi.net/page_items/430043234/1786320965/extra_large.jpg
FreshCo,8075629,1032100804,Compliments Cheese Bars 400 g or Shredded Cheese 226-320 g,Compliments,4.99,,,,$4.99,,2026-08-13T00:00:00-04:00,2026-08-19T23:59:59-04:00,,40.62,-1857.62,313.61,-2136.36,http://f.wishabi.net/page_items/430043149/1786320965/extra_large.jpg
FreshCo,8075629,1032100833,Compliments Cooked Shrimp with Sauce 680 g,Compliments,,,,,,,2026-08-13T00:00:00-04:00,2026-08-19T23:59:59-04:00,,1539.39,-2112.24,1920.51,-2337.25,http://f.wishabi.net/page_items/430043178/1786320974/extra_large.jpg
FreshCo,8075629,1032100809,"Compliments Cooked or Raw Pacific White Shrimp Frozen 340 g, Bay Scallops Frozen 340 g, Shrimp with Cocktail Sauce Frozen 312 g or Janes Breaded or Battered Fish, Selected Varieties, Frozen 450-510 g",Compliments | Janes,5.99,,,,$5.99,,2026-08-13T00:00:00-04:00,2026-08-19T23:59:59-04:00,,40.68,-1285.1,407.67,-1568.61,http://f.wishabi.net/page_items/430043154/1786320968/extra_large.jpg
FreshCo,8075629,1032100858,Compliments Dell Meats 175 g or Piller's Salami 125 g Selected Varieties,Compliments | Piller's,3.49,,,,$3.49,,2026-08-13T00:00:00-04:00,2026-08-19T23:59:59-04:00,,2684.79,-1752.71,2959.59,-2081.94,http://f.wishabi.net/page_items/430043203/1786320977/extra_large.jpg
FreshCo,8075629,1032100837,Compliments Extra Lean Minced Turkey 450 g,Compliments,8.0,,,,$8.0,,2026-08-13T00:00:00-04:00,2026-08-19T23:59:59-04:00,,2683.75,-1087.14,2960.6,-1416.48,http://f.wishabi.net/page_items/430043182/1786320963/extra_large.jpg
FreshCo,8075629,1032100892,Compliments Fudge Ice Milk Bars 24 pk,Compliments,7.99,,,,$7.99,,2026-08-13T00:00:00-04:00,2026-08-19T23:59:59-04:00,,6368.82,-1474.15,6740.42,-1955.52,http://f.wishabi.net/page_items/430043237/1786320965/extra_large.jpg
FreshCo,8075629,1032100805,Compliments Ice Cream 1.5 L,Compliments,2.99,,,,$2.99,,2026-08-13T00:00:00-04:00,2026-08-19T23:59:59-04:00,,592.42,-1856.65,869.66,-2138.22,http://f.wishabi.net/page_items/430043150/1786320966/extra_large.jpg
FreshCo,8075629,1032100893,Compliments Ice Cream Pops Assorted I2 pk,Compliments,4.49,,,,$4.49,,2026-08-13T00:00:00-04:00,2026-08-19T23:59:59-04:00,,5996.11,-1476.34,6365.79,-1955.29,http://f.wishabi.net/page_items/430043238/1786320965/extra_large.jpg
FreshCo,8075629,1032100898,Compliments Moxii Ice Pops 75 mL,Compliments,4.49,,,,$4.49,,2026-08-13T00:00:00-04:00,2026-08-19T23:59:59-04:00,,5987.82,-512.77,6752.61,-985.31,http://f.wishabi.net/page_items/430043243/1786320968/extra_large.jpg
FreshCo,8075629,1032100847,Compliments Spring Mix or Baby Spinach 312 g Product of Canada,Compliments,5.0,,,,$5.0,,2026-08-13T00:00:00-04:00,2026-08-19T23:59:59-04:00,,2685.36,-423.37,2959.84,-750.72,http://f.wishabi.net/page_items/430043192/1786320970/extra_large.jpg
FreshCo,8075629,1032100897,Compliments Twin Ice Pops 12 pk,Compliments,3.49,,,,$3.49,,2026-08-13T00:00:00-04:00,2026-08-19T23:59:59-04:00,,6751.86,-517.78,7504.95,-984.18,http://f.wishabi.net/page_items/430043242/1786320967/extra_large.jpg
FreshCo,8075629,1032100882,Crave Frozen Meals 200-340 g,Crave,3.99,,,,$3.99,,2026-08-13T00:00:00-04:00,2026-08-19T23:59:59-04:00,,3960.41,-1754.77,4328.25,-2083.37,http://f.wishabi.net/page_items/430043227/1786320976/extra_large.jpg
FreshCo,8075629,1032100914,Crest 3D-White Mouthwash 473 mL or Oral-B Cross Action Toothbrush 2 pk Selected Varieties,Crest | Oral-B,9.99,,,,$9.99,,2026-08-13T00:00:00-04:00,2026-08-19T23:59:59-04:00,,7649.04,-2151.31,7999.71,-2496.39,http://f.wishabi.net/page_items/430043260/1786320972/extra_large.jpg
FreshCo,8075629,1032100916,Crest Pro-Health Rinse I L or Gum Detoxify Toothpaste 110 mL Selected Varieties,Crest,6.99,,,,$6.99,,2026-08-13T00:00:00-04:00,2026-08-19T23:59:59-04:00,,8347.43,-2152.02,8698.72,-2495.72,http://f.wishabi.net/page_items/430043262/1786320973/extra_large.jpg
FreshCo,8075629,1032100855,Crispy Pound Cake 368-420 g,,2.99,,,,$2.99,,2026-08-13T00:00:00-04:00,2026-08-19T23:59:59-04:00,,3239.19,-2087.16,3512.08,-2418.28,http://f.wishabi.net/page_items/430043200/1786320975/extra_large.jpg
FreshCo,8075629,1032100827,Dan-D Pak Cashews Salted or Unsalted 454 g,Dan-D Pak,6.98,,,,$6.98,,2026-08-13T00:00:00-04:00,2026-08-19T23:59:59-04:00,,2052.93,-81.73,2328.7,-382.92,http://f.wishabi.net/page_items/430043172/1786320970/extra_large.jpg
FreshCo,8075629,1032100814,Del Monte Morning Sunshine Orange Juice Blend 2.5 L,Del Monte,5.99,,,,$5.99,,2026-08-13T00:00:00-04:00,2026-08-19T23:59:59-04:00,,1498.06,-84.61,1775.73,-383.52,http://f.wishabi.net/page_items/430043159/1786320962/extra_large.jpg
FreshCo,8075629,1032100850,Dempster's Hot Dog or Hamburger Buns 8 pk,Dempster's®,2.69,,,,$2.69,,2026-08-13T00:00:00-04:00,2026-08-19T23:59:59-04:00,,2412.73,-2086.98,2685.42,-2418.97,http://f.wishabi.net/page_items/430043195/1786320972/extra_large.jpg
FreshCo,8075629,1032100849,Dempster's White or Whole Wheat Bread 675 g or Sourdough English Muffins 6 pk,Dempster's®,2.79,,,,$2.79,,2026-08-13T00:00:00-04:00,2026-08-19T23:59:59-04:00,,2962.56,-2085.82,3238.87,-2419.1,http://f.wishabi.net/page_items/430043194/1786320971/extra_large.jpg
FreshCo,8075629,1032100904,Depend Pads 52-58 pk or Underwear 12-19 pk or Poise Pads or Liners 22-66 pk Selected Varieties,Depend | Poise,18.99,,,,$18.99,,2026-08-13T00:00:00-04:00,2026-08-19T23:59:59-04:00,,8176.54,-1441.66,8434.93,-1788.93,http://f.wishabi.net/page_items/430043250/1786320965/extra_large.jpg
FreshCo,8075629,1032100906,Dove Antiperspirant Spray 107-113 g Selected Varieties,Dove,8.99,,,,$8.99,,2026-08-13T00:00:00-04:00,2026-08-19T23:59:59-04:00,,8176.82,-1793.69,8434.85,-2140.76,http://f.wishabi.net/page_items/430043252/1786320966/extra_large.jpg
FreshCo,8075629,1032100843,"Eggplant, Green or Grey Zucchini Product of Ontario 3.95/kg",,1.79,,,,$1.79,,2026-08-13T00:00:00-04:00,2026-08-19T23:59:59-04:00,,2963.07,-425.16,3237.76,-749.69,http://f.wishabi.net/page_items/430043188/1786320967/extra_large.jpg
FreshCo,8075629,1032100840,Eight Treasures Tilapia Frozen 1.36 kg,Eight Treasures,7.88,,,,$7.88,,2026-08-13T00:00:00-04:00,2026-08-19T23:59:59-04:00,,2412.76,-1424.11,2684.52,-1750.38,http://f.wishabi.net/page_items/430043185/1786320965/extra_large.jpg
FreshCo,8075629,1032100860,"Field Tomatoes Product of Ontario Canada No. 1, 373/kg",,1.69,,,,$1.69,,2026-08-13T00:00:00-04:00,2026-08-19T23:59:59-04:00,,2960.6,-88.62,3511.15,-414.43,http://f.wishabi.net/page_items/430043205/1786320979/extra_large.jpg
FreshCo,8075629,1032100803,Five Roses or Robin Hood Flour 10 kg,Five Roses | Robin Hood,11.97,,,,$11.97,,2026-08-13T00:00:00-04:00,2026-08-19T23:59:59-04:00,,592.5,-1573.68,869.49,-1855.63,http://f.wishabi.net/page_items/430043148/1786320965/extra_large.jpg
FreshCo,8075629,1032100835,Fresh Beef Sirloin Tip Steak Cut From Canada AA Beef or Higher,,12.0,,,,$12.0,,2026-08-13T00:00:00-04:00,2026-08-19T23:59:59-04:00,,2963.21,-1086.2,3239.25,-1417.08,http://f.wishabi.net/page_items/430043180/1786320961/extra_large.jpg
FreshCo,8075629,1032100857,Gala Apples Product of Chile Extra Fancy Grade or Bartlett Pears Product of USA Extra Fancy Grade 4.34/kg,,1.97,,,,$1.97,,2026-08-13T00:00:00-04:00,2026-08-19T23:59:59-04:00,,2412.2,-422.95,2684.6,-747.48,http://f.wishabi.net/page_items/430043202/1786320976/extra_large.jpg
FreshCo,8075629,1032100815,Gay Lea Sour Cream 425-500 mL,Gay Lea,2.79,,,,$2.79,,2026-08-13T00:00:00-04:00,2026-08-19T23:59:59-04:00,,1498.33,-390.88,1775.73,-690.69,http://f.wishabi.net/page_items/430043160/1786320963/extra_large.jpg
FreshCo,8075629,1032100900,General Mills Family Size Cereal 516-778 g,General Mills,4.99,,,,$4.99,,2026-08-13T00:00:00-04:00,2026-08-19T23:59:59-04:00,,6921.47,-2241.74,7556.4,-2503.33,http://f.wishabi.net/page_items/430043245/1786320969/extra_large.jpg
FreshCo,8075629,1032100818,Grace Plantain Chips 85 g or Soda 355 mL,Grace,1.0,,,,$1.0,,2026-08-13T00:00:00-04:00,2026-08-19T23:59:59-04:00,,1224.72,-693.52,1498.42,-994.39,http://f.wishabi.net/page_items/430043163/1786320965/extra_large.jpg
FreshCo,8075629,1032100926,Grandma's Perogies 907 g,Grandma's,9.99,,,,$9.99,,2026-08-13T00:00:00-04:00,2026-08-19T23:59:59-04:00,,9328.76,-1085.37,9587.03,-1436.35,http://f.wishabi.net/page_items/430043272/1786320967/extra_large.jpg
FreshCo,8075629,1032100890,Green Onions or Cilantro Product of Canada,,0.99,,,,$0.99,,2026-08-13T00:00:00-04:00,2026-08-19T23:59:59-04:00,,4792.31,-932.27,5322.08,-1431.43,http://f.wishabi.net/page_items/430043235/1786320966/extra_large.jpg
FreshCo,8075629,1032100806,"Green Seedless Grapes Product of USA, No. 1 Grade 4.39/kg",,1.99,,,,$1.99,,2026-08-13T00:00:00-04:00,2026-08-19T23:59:59-04:00,,597.82,-261.43,1136.6,-704.94,http://f.wishabi.net/page_items/430043151/1786320966/extra_large.jpg
FreshCo,8075629,1032100886,Green or Yellow Beans Product of Ontario 5.49/kg,,2.49,,,,$2.49,,2026-08-13T00:00:00-04:00,2026-08-19T23:59:59-04:00,,4789.22,-1436.17,5315.36,-1963.96,http://f.wishabi.net/page_items/430043231/1786320963/extra_large.jpg
FreshCo,8075629,1032100928,Grona Cream Crackers 210 g or Roshen Milk Baked Do Kavi Cookies 185 g,Grona | Roshen,5.0,,,,$5.0,,2026-08-13T00:00:00-04:00,2026-08-19T23:59:59-04:00,,9069.78,-1794.87,9326.86,-2143.15,http://f.wishabi.net/page_items/430043274/1786320968/extra_large.jpg
FreshCo,8075629,1032100925,"Grona Cream Crackers or Cookies 295-336 g Selected Varieties, Roshen Wafer Rolls or Jaffa Cakes 140-156 g",Grona | Roshen,2.0,,,,$2.0,,2026-08-13T00:00:00-04:00,2026-08-19T23:59:59-04:00,,9328.89,-1796.94,9587.07,-2144.83,http://f.wishabi.net/page_items/430043271/1786320966/extra_large.jpg
FreshCo,8075629,1032100830,Heinz Ketchup 750 mL or Kraft Miracle Whip 650-890 mL,Heinz | Kraft,5.0,,,,$5.0,,2026-08-13T00:00:00-04:00,2026-08-19T23:59:59-04:00,,1223.33,-1083.33,1591.21,-1421.16,http://f.wishabi.net/page_items/430043175/1786320972/extra_large.jpg
FreshCo,8075629,1032100856,Hostess Snack Cakes 202-206 g,Hostess,2.69,,,,$2.69,,2026-08-13T00:00:00-04:00,2026-08-19T23:59:59-04:00,,2683.14,-2087.05,2959.66,-2419.45,http://f.wishabi.net/page_items/430043201/1786320976/extra_large.jpg
FreshCo,8075629,1032100911,Huggies Natural Care Wipes 560-704 pk,Huggies,21.99,,,,$21.99,,2026-08-13T00:00:00-04:00,2026-08-19T23:59:59-04:00,,7651.98,-1083.11,7915.32,-1437.15,http://f.wishabi.net/page_items/430043257/1786320970/extra_large.jpg
FreshCo,8075629,1032100922,Huggies Pull-Ups 48-74 pk or Goodnites Youth Pants 28-44 pk Selected Varieties,Huggies | Goodnites,26.99,,,,$26.99,,2026-08-13T00:00:00-04:00,2026-08-19T23:59:59-04:00,,7648.66,-754.4,8200.02,-1071.4,http://f.wishabi.net/page_items/430043268/1786320978/extra_large.jpg
FreshCo,8075629,1032100918,Huggies Snug & Dry or Little Movers Diapers 42-104 pk,Huggies,26.99,,,,$26.99,,2026-08-13T00:00:00-04:00,2026-08-19T23:59:59-04:00,,7648.63,-380.49,8185.64,-753.14,http://f.wishabi.net/page_items/430043264/1786320975/extra_large.jpg
FreshCo,8075629,1032100812,Häagen-Dazs Ice Cream 400-450 mL or Novelties 3-4 pk,Häagen-Dazs,5.0,,,,$5.0,,2026-08-13T00:00:00-04:00,2026-08-19T23:59:59-04:00,,1777.2,-390.19,2053.47,-689.76,http://f.wishabi.net/page_items/430043157/1786320961/extra_large.jpg
FreshCo,8075629,1032100851,"Iceberg Lettuce Product of Canada, Canada No. 1",,1.99,,,,$1.99,,2026-08-13T00:00:00-04:00,2026-08-19T23:59:59-04:00,,3238.36,-422.93,3512.65,-751.06,http://f.wishabi.net/page_items/430043196/1786320972/extra_large.jpg
FreshCo,8075629,1032100875,Imperial Margarine 800 g,Imperial,4.99,,,,$4.99,,2026-08-13T00:00:00-04:00,2026-08-19T23:59:59-04:00,,3597.36,-1088.46,3870.88,-1418.79,http://f.wishabi.net/page_items/430043220/1786320971/extra_large.jpg
FreshCo,8075629,1032100885,Kale Bunch Product of Ontario,,1.99,,,,$1.99,,2026-08-13T00:00:00-04:00,2026-08-19T23:59:59-04:00,,5140.09,-1973.35,5489.63,-2499.54,http://f.wishabi.net/page_items/430043230/1786320963/extra_large.jpg
FreshCo,8075629,1032100872,Kellogg's Cheez-It Crackers 191-200 g or Pringles Super Stacks 148-156 g,Kellogg's | Pringles,2.49,,,,$2.49,,2026-08-13T00:00:00-04:00,2026-08-19T23:59:59-04:00,,3596.14,-421.88,3963.85,-748.43,http://f.wishabi.net/page_items/430043217/1786320969/extra_large.jpg
FreshCo,8075629,1032100876,Kellogg's Core Bars 125-384 g,Kellogg's,2.49,,,,$2.49,,2026-08-13T00:00:00-04:00,2026-08-19T23:59:59-04:00,,4147.31,-84.88,4699.3,-412.56,http://f.wishabi.net/page_items/430043221/1786320972/extra_large.jpg
FreshCo,8075629,1032100868,Kicking Horse Whole Bean Coffee 454 g,Kicking Horse Coffee,17.99,,,,$17.99,,2026-08-13T00:00:00-04:00,2026-08-19T23:59:59-04:00,,4426.13,-1420.08,4698.15,-1744.5,http://f.wishabi.net/page_items/430043213/1786320966/extra_large.jpg
FreshCo,8075629,1032100933,Konti Bonjour Desserts 232 g,Konti,3.99,,,,$3.99,,2026-08-13T00:00:00-04:00,2026-08-19T23:59:59-04:00,,9588.47,-1445.32,9850.24,-1792.87,http://f.wishabi.net/page_items/430043277/1786320970/extra_large.jpg
FreshCo,8075629,1032100862,Lady Speed Stick 45-70 g or Men's Speed Stick Deodorant or Antiperspirant 76-85 g Selected Varieties,Speed Stick,3.99,,,,$3.99,,2026-08-13T00:00:00-04:00,2026-08-19T23:59:59-04:00,,3597.22,-2085.6,3961.55,-2418.59,http://f.wishabi.net/page_items/430043207/1786320962/extra_large.jpg
FreshCo,8075629,1032100838,Lemons or Clementines 2 lb 907 g Product of South Africa,,4.99,,,,$4.99,,2026-08-13T00:00:00-04:00,2026-08-19T23:59:59-04:00,,2412.15,-754.32,2685.14,-1081.95,http://f.wishabi.net/page_items/430043183/1786320963/extra_large.jpg
FreshCo,8075629,1032100810,Lou's Peameal Bacon Cured Boneless Pork Loin Rolled in Cornmeal 6.59/kg,LOU'S,2.99,,,,$2.99,,2026-08-13T00:00:00-04:00,2026-08-19T23:59:59-04:00,,313.15,-1575.56,590.61,-1855.97,http://f.wishabi.net/page_items/430043155/1786320969/extra_large.jpg
FreshCo,8075629,1032100836,Maple Lodge or Zabiha Halal Chicken Bologna or Wieners 375-450 g,Maple Lodge | Zabiha Halal,2.49,,,,$2.49,,2026-08-13T00:00:00-04:00,2026-08-19T23:59:59-04:00,,2412.55,-1085.49,2684.93,-1417.97,http://f.wishabi.net/page_items/430043181/1786320962/extra_large.jpg
FreshCo,8075629,1032100880,Marie Callender's Frozen Entrees 312-349 g or Healthy Choice Simply Steamers 259-280 g,Marie Callender's | Healthy Choice,3.99,,,,$3.99,,2026-08-13T00:00:00-04:00,2026-08-19T23:59:59-04:00,,4333.66,-1754.98,4696.77,-2082.45,http://f.wishabi.net/page_items/430043225/1786320974/extra_large.jpg
FreshCo,8075629,1032100831,Mars Singles Chocolate Bars 30-57 g Selected Varieties,Mars,0.99,,,,$0.99,,2026-08-13T00:00:00-04:00,2026-08-19T23:59:59-04:00,,1588.11,-1087.97,1958.73,-1420.89,http://f.wishabi.net/page_items/430043176/1786320973/extra_large.jpg
FreshCo,8075629,1032100824,Mazola Corn or Canola Oil 2.84 L,Mazola,9.88,,,,$9.88,,2026-08-13T00:00:00-04:00,2026-08-19T23:59:59-04:00,,1225.36,-84.58,1498.26,-385.34,http://f.wishabi.net/page_items/430043169/1786320968/extra_large.jpg
FreshCo,8075629,1032100846,Mina Halal Air-Chilled Chicken Thighs Bone-In 12 pk,Mina,16.0,,,,$16.0,,2026-08-13T00:00:00-04:00,2026-08-19T23:59:59-04:00,,3240.15,-1086.03,3513.25,-1417.12,http://f.wishabi.net/page_items/430043191/1786320969/extra_large.jpg
FreshCo,8075629,1032100841,"Mini Seedless Cucumbers 6 pk Product of Ontario, Canada No. 1 or Grape Tomatoes 283 g Product of Canada or Mexico",,2.99,,,,$2.99,,2026-08-13T00:00:00-04:00,2026-08-19T23:59:59-04:00,,2962.65,-754.72,3238.7,-1081.89,http://f.wishabi.net/page_items/430043186/1786320966/extra_large.jpg
FreshCo,8075629,1032100821,"Minute Maid, Five Alive or Fuze Iced Tea Beverages 8x200 ml or 10x200 ml",Minute Maid | Five Alive | Fuze,3.29,,,,$3.29,,2026-08-13T00:00:00-04:00,2026-08-19T23:59:59-04:00,,1960.97,-1424.39,2331.68,-1762.56,http://f.wishabi.net/page_items/430043166/1786320967/extra_large.jpg
FreshCo,8075629,1032100799,Natrel Lactose Free Milk 2 L Selected Varieties,Natrel,4.99,,,,$4.99,,2026-08-13T00:00:00-04:00,2026-08-19T23:59:59-04:00,,312.06,-1857.3,590.38,-2137.39,http://f.wishabi.net/page_items/430043144/1786320962/extra_large.jpg
FreshCo,8075629,1032100941,Natural Bakery Rye Bread 500 g,Natural Bakery,2.79,,,,$2.79,,2026-08-13T00:00:00-04:00,2026-08-19T23:59:59-04:00,,8802.85,-378.94,9316.86,-743.8,http://f.wishabi.net/page_items/430043285/1786320976/extra_large.jpg
FreshCo,8075629,1032100899,Nature Valley Granola Bars or Betty Crocker Fruit Snacks or Gushers Selected Varieties 120-230 g,Nature Valley | Betty Crocker,2.49,,,,$2.49,,2026-08-13T00:00:00-04:00,2026-08-19T23:59:59-04:00,,6914.48,-1996.23,7551.95,-2239.75,http://f.wishabi.net/page_items/430043244/1786320969/extra_large.jpg
FreshCo,8075629,1032100813,Nescafé Rich Instant Coffee 100-170 g or Sweet & Creamy 18 pk,Nescafe,6.44,,,,$6.44,,2026-08-13T00:00:00-04:00,2026-08-19T23:59:59-04:00,,1777.22,-83.32,2053.1,-382.47,http://f.wishabi.net/page_items/430043158/1786320962/extra_large.jpg
FreshCo,8075629,1032100823,Nestlé Cerelac Baby Cereal 400 g,Nestle,7.99,,,,$7.99,,2026-08-13T00:00:00-04:00,2026-08-19T23:59:59-04:00,,1221.5,-1764.07,1589.24,-2101.96,http://f.wishabi.net/page_items/430043168/1786320968/extra_large.jpg
FreshCo,8075629,1032100907,Nestlé Gerber Baby Snacks 42 g or Arrowroot Biscuits 155 g,Nestle,2.49,,,,$2.49,,2026-08-13T00:00:00-04:00,2026-08-19T23:59:59-04:00,,7916.18,-1081.69,8176.52,-1434.85,http://f.wishabi.net/page_items/430043253/1786320967/extra_large.jpg
FreshCo,8075629,1032100912,"Nestlé Gerber Yogurt Melts 28 g, Get'ems! Crackers 64-142 g or Biscuits 150 g or Cerelac Snacks 150-160 g",Nestle,4.99,,,,$4.99,,2026-08-13T00:00:00-04:00,2026-08-19T23:59:59-04:00,,8434.25,-1081.68,8697.77,-1435.51,http://f.wishabi.net/page_items/430043258/1786320970/extra_large.jpg
FreshCo,8075629,1032100910,Nestlé Gerber or Cerelac Baby Cereal 180-227 g,Nestle,4.99,,,,$4.99,,2026-08-13T00:00:00-04:00,2026-08-19T23:59:59-04:00,,8176.67,-1080.46,8434.33,-1434.98,http://f.wishabi.net/page_items/430043256/1786320969/extra_large.jpg
FreshCo,8075629,1032100902,Nestlé Parlour Vanilla Dipped Bars 16 pk Nestlé Drumstick Value Size 10 pk iÖGO Nanö Frozen Yogurt Pops 16 pk Nestlé Share Pack 9 pk,Nestlé | iÖGO,7.77,,,,$7.77,,2026-08-13T00:00:00-04:00,2026-08-19T23:59:59-04:00,,6005.44,-1000.62,6928.99,-1463.54,http://f.wishabi.net/page_items/430043247/1786320970/extra_large.jpg
FreshCo,8075629,1032100943,New Zealand Spring Lamb Banjo Style Bone-In Lamb Shoulder Frozen 15.41/kg,New Zealand Spring Lamb,6.99,,,,$6.99,,2026-08-13T00:00:00-04:00,2026-08-19T23:59:59-04:00,,9325.43,-384.27,9845.16,-768.75,http://f.wishabi.net/page_items/430043287/1786320978/extra_large.jpg
FreshCo,8075629,1032100909,Nivea Shower Gel or Body Wash 500 mL or Solid or Roll-on Deodorant 50 mL Selected Varieties,Nivea,3.99,,,,$3.99,,2026-08-13T00:00:00-04:00,2026-08-19T23:59:59-04:00,,7915.59,-1795.19,8175.3,-2143.19,http://f.wishabi.net/page_items/430043255/1786320968/extra_large.jpg
FreshCo,8075629,1032100826,Nutella Hazelnut or Peanut Spread 375 g,Nutella,4.49,,,,$4.49,,2026-08-13T00:00:00-04:00,2026-08-19T23:59:59-04:00,,1961.6,-1764.46,2332.35,-2100.6,http://f.wishabi.net/page_items/430043171/1786320970/extra_large.jpg
FreshCo,8075629,1032100901,Old El Paso Dinner Kits 250-510 g,Old El Paso,3.99,,,,$3.99,,2026-08-13T00:00:00-04:00,2026-08-19T23:59:59-04:00,,6561.64,-2005.41,6903.97,-2313.11,http://f.wishabi.net/page_items/430043246/1786320970/extra_large.jpg
FreshCo,8075629,1032100884,Ontario Garlic 115 g Product of Ontario,,2.99,,,,$2.99,,2026-08-13T00:00:00-04:00,2026-08-19T23:59:59-04:00,,4787.91,-1974.41,5143.67,-2499.02,http://f.wishabi.net/page_items/430043229/1786320962/extra_large.jpg
FreshCo,8075629,1032100820,Pace Salsa 642 mL,Pace,3.99,,,,$3.99,,2026-08-13T00:00:00-04:00,2026-08-19T23:59:59-04:00,,1588.17,-1424.81,1958.3,-1760.55,http://f.wishabi.net/page_items/430043165/1786320966/extra_large.jpg
FreshCo,8075629,1032100920,Pampers Baby Wipes 56-72 pk,Pampers,3.49,,,,$3.49,,2026-08-13T00:00:00-04:00,2026-08-19T23:59:59-04:00,,8199.09,-753.58,8697.98,-1068.18,http://f.wishabi.net/page_items/430043266/1786320976/extra_large.jpg
FreshCo,8075629,1032100919,Pampers Easy Ups 46-66 pk,Pampers,26.99,,,,$26.99,,2026-08-13T00:00:00-04:00,2026-08-19T23:59:59-04:00,,8189.18,-381.23,8698.97,-746.84,http://f.wishabi.net/page_items/430043265/1786320976/extra_large.jpg
FreshCo,8075629,1032100832,Pampers Super Pack Diapers 44-102 pk Selected Varieties,Pampers,32.99,,,,$32.99,,2026-08-13T00:00:00-04:00,2026-08-19T23:59:59-04:00,,1587.53,-1763.34,1958.74,-2100.75,http://f.wishabi.net/page_items/430043177/1786320974/extra_large.jpg
FreshCo,8075629,1032100896,Panache Ice Cream 1 L,Panache,4.49,,,,$4.49,,2026-08-13T00:00:00-04:00,2026-08-19T23:59:59-04:00,,7117.79,-1474.95,7491.96,-1955.3,http://f.wishabi.net/page_items/430043241/1786320967/extra_large.jpg
FreshCo,8075629,1032100894,Panache Ice Cream Bars 4 pk,Panache,4.49,,,,$4.49,,2026-08-13T00:00:00-04:00,2026-08-19T23:59:59-04:00,,6744.19,-1474.02,7116.9,-1959.59,http://f.wishabi.net/page_items/430043239/1786320966/extra_large.jpg
FreshCo,8075629,1032100913,Pantene Shampoo or Conditioner 476-530 mL,Pantene,7.99,,,,$7.99,,2026-08-13T00:00:00-04:00,2026-08-19T23:59:59-04:00,,8435.01,-1442.23,8697.31,-1790.18,http://f.wishabi.net/page_items/430043259/1786320971/extra_large.jpg
FreshCo,8075629,1032100878,Pepperidge Farm Goldfish Crackers 167-227 g or Kettle Brand Chips 156-198 g,Pepperidge Farm | Kettle Brand,2.49,,,,$2.49,,2026-08-13T00:00:00-04:00,2026-08-19T23:59:59-04:00,,3959.62,-755.87,4330.73,-1079.19,http://f.wishabi.net/page_items/430043223/1786320973/extra_large.jpg
FreshCo,8075629,1032100903,Pillsbury Pizza Pops 4 pk/390 g Selected Varieties,Pillsbury,2.49,,,,$2.49,,2026-08-13T00:00:00-04:00,2026-08-19T23:59:59-04:00,,5935.15,-2309.63,6713.31,-2506.06,http://f.wishabi.net/page_items/430043248/1786320971/extra_large.jpg
FreshCo,8075629,1032100934,R&S Roasted Buckwheat 908 g or Semki XXL Roasted Sunflower Seeds 300 g,R&S | Semki,4.0,,,,$4.0,,2026-08-13T00:00:00-04:00,2026-08-19T23:59:59-04:00,,8807.73,-1794.32,9068.6,-2144.35,http://f.wishabi.net/page_items/430043278/1786320971/extra_large.jpg
FreshCo,8075629,1032100801,Rose Brand Jasmine White Scented Rice 8 kg,ROSE BRAND,15.98,,,,$15.98,,2026-08-13T00:00:00-04:00,2026-08-19T23:59:59-04:00,,405.75,-1284.9,772.01,-1570.35,http://f.wishabi.net/page_items/430043146/1786320963/extra_large.jpg
FreshCo,8075629,1032100927,Royal Meats Chevapi 800 g-1 kg,Royal Meats,15.99,,,,$15.99,,2026-08-13T00:00:00-04:00,2026-08-19T23:59:59-04:00,,9068.93,-1085.28,9327.51,-1434.82,http://f.wishabi.net/page_items/430043273/1786320968/extra_large.jpg
FreshCo,8075629,1032100828,Rustica Pizza Selected Varieties 577-866 g or Pan Pizza 542-690 g,Rustica,6.49,,,,$6.49,,2026-08-13T00:00:00-04:00,2026-08-19T23:59:59-04:00,,2053.54,-388.69,2329.03,-688.48,http://f.wishabi.net/page_items/430043173/1786320971/extra_large.jpg
FreshCo,8075629,1032100930,S&F Cream Crackers 200 g,S&F,1.49,,,,$1.49,,2026-08-13T00:00:00-04:00,2026-08-19T23:59:59-04:00,,9587.82,-1797.76,9849.03,-2146.76,http://f.wishabi.net/page_items/430043275/1786320969/extra_large.jpg
FreshCo,8075629,1032100865,Scotties Facial Tissue 9 pk,Scotties,9.99,,,,$9.99,,2026-08-13T00:00:00-04:00,2026-08-19T23:59:59-04:00,,4333.29,-2086.67,4698.66,-2418.28,http://f.wishabi.net/page_items/430043210/1786320964/extra_large.jpg
FreshCo,8075629,1032100852,"Seedless Cucumbers Product of Ontario, Canada No. 1",,1.49,,,,$1.49,,2026-08-13T00:00:00-04:00,2026-08-19T23:59:59-04:00,,3239.68,-756.2,3513.17,-1082.28,http://f.wishabi.net/page_items/430043197/1786320973/extra_large.jpg
FreshCo,8075629,1032100923,Sesame Snaps Bars Original or Peanut 30 g,Sesame Snaps,0.5,,,,$0.5,,2026-08-13T00:00:00-04:00,2026-08-19T23:59:59-04:00,,9328.01,-1442.82,9588.08,-1792.41,http://f.wishabi.net/page_items/430043269/1786320965/extra_large.jpg
FreshCo,8075629,1032100867,Siggi's Yogurt 650-750 g,Siggi's,6.49,,,,$6.49,,2026-08-13T00:00:00-04:00,2026-08-19T23:59:59-04:00,,3868.87,-1089.37,4147.88,-1417.58,http://f.wishabi.net/page_items/430043212/1786320966/extra_large.jpg
FreshCo,8075629,1032100874,Softsoap Hand Soap 332 mL or Irish Spring Soap Bars 3 pk,Softsoap | Irish Spring,3.99,,,,$3.99,,2026-08-13T00:00:00-04:00,2026-08-19T23:59:59-04:00,,3597.13,-1758.56,3960.41,-2081.89,http://f.wishabi.net/page_items/430043219/1786320970/extra_large.jpg
FreshCo,8075629,1032100921,Softsoap or Irish Spring Body Wash 591 mL or Irish Spring Soap Bars 6 pk,Softsoap | Irish Spring,4.99,,,,$4.99,,2026-08-13T00:00:00-04:00,2026-08-19T23:59:59-04:00,,7653.0,-1797.22,7914.3,-2143.45,http://f.wishabi.net/page_items/430043267/1786320977/extra_large.jpg
FreshCo,8075629,1032100942,Sorbelicious Dubai Frozen Dessert Bars 600 mL,Sorbelicious,8.99,,,,$8.99,,2026-08-13T00:00:00-04:00,2026-08-19T23:59:59-04:00,,8806.89,-2151.09,9146.02,-2495.42,http://f.wishabi.net/page_items/430043286/1786320977/extra_large.jpg
FreshCo,8075629,1032100817,Sorbelicious Sorbet Bars 8 pk,Sorbelicious,5.99,,,,$5.99,,2026-08-13T00:00:00-04:00,2026-08-19T23:59:59-04:00,,1225.68,-390.88,1498.55,-689.87,http://f.wishabi.net/page_items/430043162/1786320964/extra_large.jpg
FreshCo,8075629,1032100888,Spinach or Methi Bunch Product of Canada,,1.99,,,,$1.99,,2026-08-13T00:00:00-04:00,2026-08-19T23:59:59-04:00,,5315.36,-1438.17,5840.59,-1963.74,http://f.wishabi.net/page_items/430043233/1786320965/extra_large.jpg
FreshCo,8075629,1032100883,Sunflower Bouquet 5-Stem,,5.49,,,,$5.49,,2026-08-13T00:00:00-04:00,2026-08-19T23:59:59-04:00,,5488.75,-1973.71,5844.6,-2497.66,http://f.wishabi.net/page_items/430043228/1786320962/extra_large.jpg
FreshCo,8075629,1032100936,Svalya Quark Bar 120 g,Svalya,4.99,,,,$4.99,,2026-08-13T00:00:00-04:00,2026-08-19T23:59:59-04:00,,9151.6,-2152.48,9497.29,-2496.35,http://f.wishabi.net/page_items/430043280/1786320973/extra_large.jpg
FreshCo,8075629,1032100848,Sweet Bell Peppers 4 pk Product of Canada,,3.99,,,,$3.99,,2026-08-13T00:00:00-04:00,2026-08-19T23:59:59-04:00,,2684.71,-755.36,2959.79,-1082.99,http://f.wishabi.net/page_items/430043193/1786320970/extra_large.jpg
FreshCo,8075629,1032100842,Swiss Chalet or Montana's Pork Back Ribs Fully Cooked 600-650 g,Swiss Chalet | Montana's,12.99,,,,$12.99,,2026-08-13T00:00:00-04:00,2026-08-19T23:59:59-04:00,,2963.3,-1423.72,3239.52,-1749.92,http://f.wishabi.net/page_items/430043187/1786320966/extra_large.jpg
FreshCo,8075629,1032100905,Tampax Radiant or Pearl Tampons 28-36 pk Selected Varieties,Tampax,11.99,,,,$11.99,,2026-08-13T00:00:00-04:00,2026-08-19T23:59:59-04:00,,7916.59,-1440.96,8175.46,-1790.53,http://f.wishabi.net/page_items/430043251/1786320965/extra_large.jpg
FreshCo,8075629,1032100844,The Laughing Cow Cheese 133 g or Dippers 140 g,The Laughing Cow,2.99,,,,$2.99,,2026-08-13T00:00:00-04:00,2026-08-19T23:59:59-04:00,,2412.46,-1754.59,2684.97,-2081.76,http://f.wishabi.net/page_items/430043189/1786320968/extra_large.jpg
FreshCo,8075629,1032100877,Timothy's Coffee K-Cups 30 pk,Timothy's,14.99,,,,$14.99,,2026-08-13T00:00:00-04:00,2026-08-19T23:59:59-04:00,,4423.6,-1090.03,4699.89,-1414.92,http://f.wishabi.net/page_items/430043222/1786320972/extra_large.jpg
FreshCo,8075629,1032100802,Tostitos 205-300 g Cheetos 170-285 g or SunChips 205 g,Tostitos | Cheetos | SunChips,2.99,,,,$2.99,,2026-08-13T00:00:00-04:00,2026-08-19T23:59:59-04:00,,870.42,-1853.05,1141.64,-2137.2,http://f.wishabi.net/page_items/430043147/1786320964/extra_large.jpg
FreshCo,8075629,1032100853,Tre Stelle Romano or Grana Padano Cheese Wedge 200 g Selected Varieties,Tre Stelle,8.99,,,,$8.99,,2026-08-13T00:00:00-04:00,2026-08-19T23:59:59-04:00,,3240.76,-1753.79,3513.58,-2081.82,http://f.wishabi.net/page_items/430043198/1786320974/extra_large.jpg
FreshCo,8075629,1032100915,"U by Kotex Pads 14-22 pk, Liners 64 pk or Tampons 16 pk Selected Varieties",U by Kotex,4.99,,,,$4.99,,2026-08-13T00:00:00-04:00,2026-08-19T23:59:59-04:00,,7653.22,-1442.95,7915.17,-1791.6,http://f.wishabi.net/page_items/430043261/1786320972/extra_large.jpg
FreshCo,8075629,1032100864,Unico Beans or Tomatoes 540-796 mL or Primo Pasta Sauce 680 mL,Unico | Primo,1.79,,,,$1.79,,2026-08-13T00:00:00-04:00,2026-08-19T23:59:59-04:00,,3868.09,-1420.94,4145.84,-1745.47,http://f.wishabi.net/page_items/430043209/1786320964/extra_large.jpg
FreshCo,8075629,1032100940,Vici Pancakes 500 g,Vici,5.99,,,,$5.99,,2026-08-13T00:00:00-04:00,2026-08-19T23:59:59-04:00,,9501.88,-2156.27,9847.06,-2494.81,http://f.wishabi.net/page_items/430043284/1786320976/extra_large.jpg
FreshCo,8075629,1032454623,WK02_ALLBANNERS_Empire_SceneScotia_eFlyer_NoEndDate.pdf,,,,,,,,2026-08-13T00:00:00-04:00,2026-08-19T23:59:59-04:00,,9922.0,-6.54,15019.3,-2559.46,http://f.wishabi.net/page_items/430296830/1786452097/extra_large.jpg
FreshCo,8075629,1032100800,"Yellow Flesh Peaches Product of Ontario Canada No. I, 3.17/kg",,1.44,,,,$1.44,,2026-08-13T00:00:00-04:00,2026-08-19T23:59:59-04:00,,603.16,-706.04,1138.88,-1155.63,http://f.wishabi.net/page_items/430043145/1786320963/extra_large.jpg
FreshCo,8075629,1032100839,Zabiha Halal Breaded Chicken Frozen 700-800 g Selected Varieties,Zabiha Halal,9.99,,,,$9.99,,2026-08-13T00:00:00-04:00,2026-08-19T23:59:59-04:00,,2684.2,-1422.23,2960.04,-1748.47,http://f.wishabi.net/page_items/430043184/1786320964/extra_large.jpg
FreshCo,8075629,1032100825,Zonnic 4 mg 120 pk,ZONNIC,64.95,,,,$64.95,,2026-08-13T00:00:00-04:00,2026-08-19T23:59:59-04:00,,2054.02,-692.12,2329.12,-995.85,http://f.wishabi.net/page_items/430043170/1786320969/extra_large.jpg
FreshCo,8075629,1032100829,iÖGO nanö Drinks 6 pk Yogourt,Iögo,3.29,,,,$3.29,,2026-08-13T00:00:00-04:00,2026-08-19T23:59:59-04:00,,1961.07,-1088.25,2330.62,-1420.53,http://f.wishabi.net/page_items/430043174/1786320972/extra_large.jpg
Galleria Supermarket,8083040,1033155569,Ataulfo Mango,Mangoes,22.98,,,,$22.98,,2026-08-14T00:00:00-04:00,2026-08-20T23:59:59-04:00,,3699.0,-2224.8,4440.4,-2550.96,http://f.wishabi.net/page_items/430642500/1786665789/extra_large.jpg
Galleria Supermarket,8083040,1033155561,Charmjoeun Imitation Crab Sticks,Charmjoeun,6.98,,,,$6.98,,2026-08-14T00:00:00-04:00,2026-08-20T23:59:59-04:00,,1966.55,-374.01,2744.54,-735.72,http://f.wishabi.net/page_items/430642492/1786665798/extra_large.jpg
Galleria Supermarket,8083040,1033155584,Chewy Cookies 3 Kinds,unknown,7.98,,,,$7.98,,2026-08-14T00:00:00-04:00,2026-08-20T23:59:59-04:00,,5983.05,-828.27,6702.35,-1164.89,http://f.wishabi.net/page_items/430642515/1786665789/extra_large.jpg
Galleria Supermarket,8083040,1033155587,Chocote Jeju Real Tart Snack 4 Kinds,Chocote,1099.0,,,,$1099.0,,2026-08-14T00:00:00-04:00,2026-08-20T23:59:59-04:00,,6739.52,-1671.26,7638.83,-2547.03,http://f.wishabi.net/page_items/430642518/1786665792/extra_large.jpg
Galleria Supermarket,8083040,1033155571,Cooked Octopus Sashimi,,32.98,,,,$32.98,,2026-08-14T00:00:00-04:00,2026-08-20T23:59:59-04:00,,4453.97,-1611.89,5136.74,-1921.86,http://f.wishabi.net/page_items/430642502/1786665790/extra_large.jpg
Galleria Supermarket,8083040,1033155581,Coscell Vita C 2 Kinds,Coscell,19.98,,,,$19.98,,2026-08-14T00:00:00-04:00,2026-08-20T23:59:59-04:00,,5983.18,-2211.85,6702.12,-2548.63,http://f.wishabi.net/page_items/430642512/1786665787/extra_large.jpg
Galleria Supermarket,8083040,1033155543,Darmcot Backed Rice Cake,Darmcot,34.98,,,,$34.98,,2026-08-14T00:00:00-04:00,2026-08-20T23:59:59-04:00,,572.61,-1726.33,1105.48,-2042.95,http://f.wishabi.net/page_items/430642474/1786665794/extra_large.jpg
Galleria Supermarket,8083040,1033155542,Dooraewon Tea 6 Kinds,Dooraewon,6.98,,,,$6.98,,2026-08-14T00:00:00-04:00,2026-08-20T23:59:59-04:00,,573.3,-2049.08,1105.35,-2286.72,http://f.wishabi.net/page_items/430642473/1786665794/extra_large.jpg
Galleria Supermarket,8083040,1033155535,Eobubaegseo Fish Soup 3 Kinds,,17.98,,,,$17.98,,2026-08-14T00:00:00-04:00,2026-08-20T23:59:59-04:00,,583.22,-245.76,1101.24,-490.15,http://f.wishabi.net/page_items/430642466/1786665788/extra_large.jpg
Galleria Supermarket,8083040,1033155547,Eobubaegseo Spicy Stir Fried Squid,Eobubaegseo,24.98,,,,$24.98,,2026-08-14T00:00:00-04:00,2026-08-20T23:59:59-04:00,,580.55,-757.56,1102.76,-1156.13,http://f.wishabi.net/page_items/430642478/1786665798/extra_large.jpg
Galleria Supermarket,8083040,1033155548,Exclusive Discount on Teanbuk Favorites,,,,,,,,2026-08-14T00:00:00-04:00,2026-08-20T23:59:59-04:00,,1.79,-241.02,571.79,-841.59,http://f.wishabi.net/page_items/430642479/1786665799/extra_large.jpg
Galleria Supermarket,8083040,1033155566,Fisherman Brothers Octopus Squid Mix,Fisherman Brothers,12.98,,,,$12.98,,2026-08-14T00:00:00-04:00,2026-08-20T23:59:59-04:00,,4452.27,-1923.97,5137.2,-2241.3,http://f.wishabi.net/page_items/430642497/1786665786/extra_large.jpg
Galleria Supermarket,8083040,1033155564,Fresh Beef LA Short Rib,,23.98,,,,$23.98,,2026-08-14T00:00:00-04:00,2026-08-20T23:59:59-04:00,,2760.04,-432.08,3691.43,-886.44,http://f.wishabi.net/page_items/430642495/1786665800/extra_large.jpg
Galleria Supermarket,8083040,1033155574,Fresh Beef Ox Tail (Soup/Stew),,18.98,,,,$18.98,,2026-08-14T00:00:00-04:00,2026-08-20T23:59:59-04:00,,5152.82,-150.12,5957.33,-505.66,http://f.wishabi.net/page_items/430642505/1786665792/extra_large.jpg
Galleria Supermarket,8083040,1033155555,Fresh Pork Collar - Butt (Vac),,4.98,,,,$4.98,,2026-08-14T00:00:00-04:00,2026-08-20T23:59:59-04:00,,2765.67,-1302.4,3677.59,-1709.07,http://f.wishabi.net/page_items/430642486/1786665792/extra_large.jpg
Galleria Supermarket,8083040,1033155554,Fresh Pork Premium Belly (Grilling),,7.48,,,,$7.48,,2026-08-14T00:00:00-04:00,2026-08-20T23:59:59-04:00,,2761.75,-896.46,3687.11,-1292.94,http://f.wishabi.net/page_items/430642485/1786665791/extra_large.jpg
Galleria Supermarket,8083040,1033155568,Fresh Sea Bass Sashimi,,32.98,,,,$32.98,,2026-08-14T00:00:00-04:00,2026-08-20T23:59:59-04:00,,4453.13,-1311.32,5140.83,-1611.99,http://f.wishabi.net/page_items/430642499/1786665788/extra_large.jpg
Galleria Supermarket,8083040,1033155578,Fresh Sushi Grade Whole Salmon Fillet,,19.98,,,,$19.98,,2026-08-14T00:00:00-04:00,2026-08-20T23:59:59-04:00,,4451.66,-715.87,5145.17,-1310.54,http://f.wishabi.net/page_items/430642509/1786665795/extra_large.jpg
Galleria Supermarket,8083040,1033155551,Friends Roasted & Seasoned & Shredded Laver,Friends,5.48,,,,$5.48,,2026-08-14T00:00:00-04:00,2026-08-20T23:59:59-04:00,,1125.62,-2192.35,1942.46,-2547.15,http://f.wishabi.net/page_items/430642482/1786665789/extra_large.jpg
Galleria Supermarket,8083040,1033155579,Galleria Mat Kimchi,Galleria,35.98,,,,$35.98,,2026-08-14T00:00:00-04:00,2026-08-20T23:59:59-04:00,,5159.92,-1513.61,5930.62,-1905.54,http://f.wishabi.net/page_items/430642510/1786665796/extra_large.jpg
Galleria Supermarket,8083040,1033155567,Galleria Seasoned Assorted Veg,Galleria,7.98,,,,$7.98,,2026-08-14T00:00:00-04:00,2026-08-20T23:59:59-04:00,,5156.54,-1135.29,5954.27,-1501.44,http://f.wishabi.net/page_items/430642498/1786665787/extra_large.jpg
Galleria Supermarket,8083040,1033155538,Gio Gim Sauce 2 Kinds,Gio,6.98,,,,$6.98,,2026-08-14T00:00:00-04:00,2026-08-20T23:59:59-04:00,,583.48,-492.8,1101.92,-739.16,http://f.wishabi.net/page_items/430642469/1786665790/extra_large.jpg
Galleria Supermarket,8083040,1033155573,Golden Crispy Honey Melon,,29.98,,,,$29.98,,2026-08-14T00:00:00-04:00,2026-08-20T23:59:59-04:00,,3701.14,-1884.17,4440.36,-2223.74,http://f.wishabi.net/page_items/430642504/1786665792/extra_large.jpg
Galleria Supermarket,8083040,1033155589,Haitai Snack Baked Nacho Stick,Haitai,7.49,,,,$7.49,,2026-08-14T00:00:00-04:00,2026-08-20T23:59:59-04:00,,6748.01,-1151.62,7626.63,-1330.73,http://f.wishabi.net/page_items/430642520/1786665793/extra_large.jpg
Galleria Supermarket,8083040,1033155588,Haitai Snack Baked Nacho Stick,Haitai,1.99,,,,$1.99,,2026-08-14T00:00:00-04:00,2026-08-20T23:59:59-04:00,,6739.78,-314.28,7638.32,-1277.57,http://f.wishabi.net/page_items/430642519/1786665792/extra_large.jpg
Galleria Supermarket,8083040,1033155533,Hwawoodang Manila Clam Kalguksu Noodle,Hwawoodang,9.98,,,,$9.98,,2026-08-14T00:00:00-04:00,2026-08-20T23:59:59-04:00,,584.85,-3.04,1099.56,-242.88,http://f.wishabi.net/page_items/430642464/1786665786/extra_large.jpg
Galleria Supermarket,8083040,1033155544,Hwawoodang Spicy Braised Monkfish,Hwawoodang,12.98,,,,$12.98,,2026-08-14T00:00:00-04:00,2026-08-20T23:59:59-04:00,,576.47,-1393.4,1103.89,-1650.15,http://f.wishabi.net/page_items/430642475/1786665795/extra_large.jpg
Galleria Supermarket,8083040,1033155545,Hwawoodang Spicy Seafood Soup,Hwawoodang,8.98,,,,$8.98,,2026-08-14T00:00:00-04:00,2026-08-20T23:59:59-04:00,,18.19,-2298.23,551.22,-2553.75,http://f.wishabi.net/page_items/430642476/1786665796/extra_large.jpg
Galleria Supermarket,8083040,1033155537,Hwawoong Braised Dried Pollack,Hwawoong,19.98,,,,$19.98,,2026-08-14T00:00:00-04:00,2026-08-20T23:59:59-04:00,,577.76,-1153.85,1104.21,-1390.95,http://f.wishabi.net/page_items/430642468/1786665789/extra_large.jpg
Galleria Supermarket,8083040,1033155539,Hyosong Seasoned Cockle,HyoSong,29.98,,,,$29.98,,2026-08-14T00:00:00-04:00,2026-08-20T23:59:59-04:00,,9.61,-854.96,557.96,-1281.03,http://f.wishabi.net/page_items/430642470/1786665791/extra_large.jpg
Galleria Supermarket,8083040,1033155552,ITC Hello Kitty Toilet Paper Lavender,ITC,18.98,,,,$18.98,,2026-08-14T00:00:00-04:00,2026-08-20T23:59:59-04:00,,1947.4,-1816.69,2766.82,-2177.89,http://f.wishabi.net/page_items/430642483/1786665789/extra_large.jpg
Galleria Supermarket,8083040,1033155556,Korean Perilla Leaves,,3.98,,,,$3.98,,2026-08-14T00:00:00-04:00,2026-08-20T23:59:59-04:00,,2774.11,-1727.36,3662.49,-2132.91,http://f.wishabi.net/page_items/430642487/1786665793/extra_large.jpg
Galleria Supermarket,8083040,1033155559,Locknlock Metro Double Tumbler 2 Kinds,Locknlock,14.98,,,,$14.98,,2026-08-14T00:00:00-04:00,2026-08-20T23:59:59-04:00,,1949.56,-2184.74,2780.68,-2543.75,http://f.wishabi.net/page_items/430642490/1786665796/extra_large.jpg
Galleria Supermarket,8083040,1033155586,Lotte Chocopie 3 Kinds,LOTTE,4.98,,,,$4.98,,2026-08-14T00:00:00-04:00,2026-08-20T23:59:59-04:00,,5977.63,-1173.99,6699.58,-1512.81,http://f.wishabi.net/page_items/430642517/1786665791/extra_large.jpg
Galleria Supermarket,8083040,1033155553,NH Seasoned Sliced Squid,NH,24.98,,,,$24.98,,2026-08-14T00:00:00-04:00,2026-08-20T23:59:59-04:00,,1965.16,-3.22,2744.13,-369.79,http://f.wishabi.net/page_items/430642484/1786665790/extra_large.jpg
Galleria Supermarket,8083040,1033155570,Nappa & Soy Bean Soup,,9.98,,,,$9.98,,2026-08-14T00:00:00-04:00,2026-08-20T23:59:59-04:00,,5159.35,-768.52,5951.9,-1128.29,http://f.wishabi.net/page_items/430642501/1786665789/extra_large.jpg
Galleria Supermarket,8083040,1033155575,New Crop Onions,Unknown,9.98,,,,$9.98,,2026-08-14T00:00:00-04:00,2026-08-20T23:59:59-04:00,,4453.72,-3.62,5131.88,-316.79,http://f.wishabi.net/page_items/430642506/1786665793/extra_large.jpg
Galleria Supermarket,8083040,1033155576,New Crop Potatoes,,4.98,,,,$4.98,,2026-08-14T00:00:00-04:00,2026-08-20T23:59:59-04:00,,4449.95,-320.78,5135.7,-633.0,http://f.wishabi.net/page_items/430642507/1786665794/extra_large.jpg
Galleria Supermarket,8083040,1033155560,Ontario Watermelon,,6.98,,,,$6.98,,2026-08-14T00:00:00-04:00,2026-08-20T23:59:59-04:00,,2782.13,-2148.59,3662.59,-2537.72,http://f.wishabi.net/page_items/430642491/1786665797/extra_large.jpg
Galleria Supermarket,8083040,1033155563,Ottogi Beef Bone Flavoured Soup,Ottogi,19.98,,,,$19.98,,2026-08-14T00:00:00-04:00,2026-08-20T23:59:59-04:00,,1121.72,-804.82,1956.87,-1449.25,http://f.wishabi.net/page_items/430642494/1786665799/extra_large.jpg
Galleria Supermarket,8083040,1033155585,Ourhome Sauce 2 Kinds,Ourhome,2.28,,,,$2.28,,2026-08-14T00:00:00-04:00,2026-08-20T23:59:59-04:00,,5981.84,-479.9,6694.68,-819.47,http://f.wishabi.net/page_items/430642516/1786665790/extra_large.jpg
Galleria Supermarket,8083040,1033155572,Previously Frozen Salted Cutlass Fish,,10.98,,,,$10.98,,2026-08-14T00:00:00-04:00,2026-08-20T23:59:59-04:00,,4446.93,-2241.91,5139.32,-2556.09,http://f.wishabi.net/page_items/430642503/1786665791/extra_large.jpg
Galleria Supermarket,8083040,1033155582,Q.One Mix 3 Kinds,Q.One,5.98,,,,$5.98,,2026-08-14T00:00:00-04:00,2026-08-20T23:59:59-04:00,,5976.03,-142.37,6691.97,-477.95,http://f.wishabi.net/page_items/430642513/1786665788/extra_large.jpg
Galleria Supermarket,8083040,1033155565,Rhee Chun Fancy Variety Rice,Rhee Chun,37.98,,,,$37.98,,2026-08-14T00:00:00-04:00,2026-08-20T23:59:59-04:00,,1121.4,-332.28,1955.31,-802.93,http://f.wishabi.net/page_items/430642496/1786665801/extra_large.jpg
Galleria Supermarket,8083040,1033155577,Salt Bun,,9.98,,,,$9.98,,2026-08-14T00:00:00-04:00,2026-08-20T23:59:59-04:00,,5146.82,-1938.37,5959.22,-2558.32,http://f.wishabi.net/page_items/430642508/1786665794/extra_large.jpg
Galleria Supermarket,8083040,1033155550,Samyang Hot Chicken Cup Ramen,Samyang,10.98,,,,$10.98,,2026-08-14T00:00:00-04:00,2026-08-20T23:59:59-04:00,,1122.57,-1816.23,1940.77,-2182.42,http://f.wishabi.net/page_items/430642481/1786665788/extra_large.jpg
Galleria Supermarket,8083040,1033155549,Samyang Hot Chicken Flavour Cup Ramen,Samyang,10.98,,,,$10.98,,2026-08-14T00:00:00-04:00,2026-08-20T23:59:59-04:00,,1122.27,-1453.75,1937.65,-1805.82,http://f.wishabi.net/page_items/430642480/1786665786/extra_large.jpg
Galleria Supermarket,8083040,1033155546,Seonwunsan NH Raspberry Extract,Seonwunsan,44.98,,,,$44.98,,2026-08-14T00:00:00-04:00,2026-08-20T23:59:59-04:00,,575.81,-2288.51,1105.47,-2536.08,http://f.wishabi.net/page_items/430642477/1786665797/extra_large.jpg
Galleria Supermarket,8083040,1033155558,Sugarloaf Drinkable Konjac Jelly 5 Kinds,Sugarloaf,15.98,,,,$15.98,,2026-08-14T00:00:00-04:00,2026-08-20T23:59:59-04:00,,1941.8,-1459.07,2759.02,-1812.82,http://f.wishabi.net/page_items/430642489/1786665795/extra_large.jpg
Galleria Supermarket,8083040,1033155541,The Jeotgal Salted Freshwater Shrimp,,23.98,,,,$23.98,,2026-08-14T00:00:00-04:00,2026-08-20T23:59:59-04:00,,18.33,-1785.7,551.74,-2038.03,http://f.wishabi.net/page_items/430642472/1786665793/extra_large.jpg
Galleria Supermarket,8083040,1033155536,The Jeotgal Salted Sea Squirt,,39.98,,,,$39.98,,2026-08-14T00:00:00-04:00,2026-08-20T23:59:59-04:00,,18.84,-2042.29,550.95,-2295.1,http://f.wishabi.net/page_items/430642467/1786665788/extra_large.jpg
Galleria Supermarket,8083040,1033155534,The Jeotgal Seasoned Salted Guts of Hairtail,,16.98,,,,$16.98,,2026-08-14T00:00:00-04:00,2026-08-20T23:59:59-04:00,,12.28,-1283.91,555.64,-1532.59,http://f.wishabi.net/page_items/430642465/1786665787/extra_large.jpg
Galleria Supermarket,8083040,1033155540,The Jeotgal Seasoned Salted Scallop,,19.98,,,,$19.98,,2026-08-14T00:00:00-04:00,2026-08-20T23:59:59-04:00,,17.37,-1535.99,552.28,-1785.18,http://f.wishabi.net/page_items/430642471/1786665792/extra_large.jpg
Galleria Supermarket,8083040,1033155580,Unknown Item,,,,,,,,2026-08-14T00:00:00-04:00,2026-08-20T23:59:59-04:00,,5982.39,-1520.41,6698.25,-1867.61,http://f.wishabi.net/page_items/430642511/1786665787/extra_large.jpg
Galleria Supermarket,8083040,1033155557,Yorisa Pancake 2 Kinds,Yorisa,3.98,,,,$3.98,,2026-08-14T00:00:00-04:00,2026-08-20T23:59:59-04:00,,1955.19,-1098.25,2742.81,-1451.88,http://f.wishabi.net/page_items/430642488/1786665794/extra_large.jpg
Giant Tiger,8073014,1031752046,227 g whole white mushrooms,,1.67,,,,$1.67,,2026-08-12T00:00:00-04:00,2026-08-18T23:59:59-04:00,,1641.89,-187.14,2168.16,-584.8,http://f.wishabi.net/page_items/429857720/1786467946/extra_large.jpg
Giant Tiger,8073014,1031751987,5 oz baby spinach,,1.97,,,,$1.97,,2026-08-12T00:00:00-04:00,2026-08-18T23:59:59-04:00,,551.42,-1389.73,1073.02,-1806.65,http://f.wishabi.net/page_items/429857701/1786084182/extra_large.jpg
Giant Tiger,8073014,1031751961,5 pack avocados,,2.88,,,,$2.88,,2026-08-12T00:00:00-04:00,2026-08-18T23:59:59-04:00,,549.93,-957.72,1072.57,-1385.89,http://f.wishabi.net/page_items/429857694/1786084179/extra_large.jpg
Giant Tiger,8082579,1033166883,Aqua Star frozen breaded shrimp,Aqua Star,8.97,,,,$8.97,,2026-08-19T00:00:00-04:00,2026-08-25T23:59:59-04:00,,1110.21,-486.26,1394.19,-690.34,http://f.wishabi.net/page_items/430608081/1786684101/extra_large.jpg
Giant Tiger,8082579,1033208379,AquaStar BUTTERFLY CRUNCHY SHRIMP,AquaStar,8.97,,,,$8.97,,2026-08-19T00:00:00-04:00,2026-08-25T23:59:59-04:00,,1432.5,-565.46,1644.5,-820.46,http://f.wishabi.net/page_items/430649668/1786684107/extra_large.jpg
Giant Tiger,8082579,1033208244,Bear Bear Paws,Dare,2.22,,,,$2.22,,2026-08-19T00:00:00-04:00,2026-08-25T23:59:59-04:00,,31.71,-1062.71,288.04,-1267.27,http://f.wishabi.net/page_items/430608043/1786684099/extra_large.jpg
Giant Tiger,8082579,1033208356,Boston Market frozen entree,Boston Market,3.98,,,,$3.98,,2026-08-19T00:00:00-04:00,2026-08-25T23:59:59-04:00,,1646.26,-934.25,2177.02,-1383.05,http://f.wishabi.net/page_items/430608090/1786684105/extra_large.jpg
Giant Tiger,8073014,1031752019,Burnbrae Farms large eggs,Burnbrae Farms,3.93,,,,$3.93,,2026-08-12T00:00:00-04:00,2026-08-18T23:59:59-04:00,,1125.47,-591.12,1647.77,-998.52,http://f.wishabi.net/page_items/429857712/1786467942/extra_large.jpg
Giant Tiger,8082579,1033208389,Campbell's Chunky soup,Campbell's,2.25,,,,$2.25,,2026-08-19T00:00:00-04:00,2026-08-25T23:59:59-04:00,,1969.5,-1412.46,2174.5,-1732.46,http://f.wishabi.net/page_items/430649672/1786684108/extra_large.jpg
Giant Tiger,8082579,1033208364,Catch of the Day frozen fish,Catch of the Day,3.97,,,,$3.97,,2026-08-19T00:00:00-04:00,2026-08-25T23:59:59-04:00,,1649.77,-27.98,2174.54,-494.82,http://f.wishabi.net/page_items/430608094/1786684106/extra_large.jpg
Giant Tiger,8082579,1033208333,Cavendish Farms frozen fries,Cavendish Farms,2.97,,,,$2.97,,2026-08-19T00:00:00-04:00,2026-08-25T23:59:59-04:00,,1107.45,-937.72,1645.72,-1384.36,http://f.wishabi.net/page_items/430608083/1786684102/extra_large.jpg
Giant Tiger,8073014,1031752049,Celery,,1.44,,,,$1.44,,2026-08-12T00:00:00-04:00,2026-08-18T23:59:59-04:00,,1128.47,-182.2,1643.02,-587.3,http://f.wishabi.net/page_items/429857721/1786467947/extra_large.jpg
Giant Tiger,8073014,1031751931,Chapman's frozen novelties,Chapman's,4.97,,,,$4.97,,2026-08-12T00:00:00-04:00,2026-08-18T23:59:59-04:00,,27.62,-518.25,546.92,-951.34,http://f.wishabi.net/page_items/429857692/1786084178/extra_large.jpg
Giant Tiger,8073014,1031751994,Christie crackers,Mr. Christie's,1.99,,,,$1.99,,2026-08-12T00:00:00-04:00,2026-08-18T23:59:59-04:00,,305.0,-1919.09,513.0,-2167.09,http://f.wishabi.net/page_items/429881659/1786084182/extra_large.jpg
Giant Tiger,8073014,1031751925,Clover Leaf canned tuna,Clover Leaf,1.0,,,,$1.0,,2026-08-12T00:00:00-04:00,2026-08-18T23:59:59-04:00,,550.23,-515.45,1069.63,-954.76,http://f.wishabi.net/page_items/429857690/1786084178/extra_large.jpg
Giant Tiger,8082579,1033208404,D'Italiano bread,D'Italiano Italian Bread,2.67,,,,$2.67,,2026-08-19T00:00:00-04:00,2026-08-25T23:59:59-04:00,,1129.0,-44.28,1379.0,-223.28,http://f.wishabi.net/page_items/430655038/1786684110/extra_large.jpg
Giant Tiger,8082579,1033208344,D'Italiano bread or buns,D'Italiano Italian Bread,2.67,,,,$2.67,,2026-08-19T00:00:00-04:00,2026-08-25T23:59:59-04:00,,1381.18,-92.98,1633.27,-423.63,http://f.wishabi.net/page_items/430608087/1786684103/extra_large.jpg
Giant Tiger,8082579,1033208305,Dr. Oetker Giuseppe Pizzeria frozen pizza,Dr. Oetker,4.94,,,,$4.94,,2026-08-19T00:00:00-04:00,2026-08-25T23:59:59-04:00,,911.5,-1980.85,1069.5,-2136.85,http://f.wishabi.net/page_items/430649397/1786684107/extra_large.jpg
Giant Tiger,8082579,1033208222,Dr. Oetker PIZZERIA GIUSEPPE PEPPERONI,Dr. Oetker,4.94,,,,$4.94,,2026-08-19T00:00:00-04:00,2026-08-25T23:59:59-04:00,,729.98,-1875.92,898.62,-2026.37,http://f.wishabi.net/page_items/430608041/1786684098/extra_large.jpg
Giant Tiger,8082579,1033208400,FIND MORE DEALS IN STORE & ONLINE,,,,,,,,2026-08-19T00:00:00-04:00,2026-08-25T23:59:59-04:00,,1108.5,-2298.46,2157.5,-2412.46,http://f.wishabi.net/page_items/430649676/1786684109/extra_large.jpg
Giant Tiger,8073014,1031647635,Find More Deals in Store & Online,,,,,,,,2026-08-12T00:00:00-04:00,2026-08-18T23:59:59-04:00,,1134.19,-2302.59,2169.21,-2406.4,http://f.wishabi.net/page_items/429891447/1786467949/extra_large.jpg
Giant Tiger,8073014,1031752036,Fuze drink boxes,Fuze,3.47,,,,$3.47,,2026-08-12T00:00:00-04:00,2026-08-18T23:59:59-04:00,,1127.66,-1855.18,1462.3,-2286.78,http://f.wishabi.net/page_items/429857716/1786467944/extra_large.jpg
Giant Tiger,8082579,1033208279,GIANT TIGER,Giant Tiger,,,,,,,2026-08-19T00:00:00-04:00,2026-08-25T23:59:59-04:00,,29.11,-100.13,1067.89,-340.02,http://f.wishabi.net/page_items/430637476/1786684106/extra_large.jpg
Giant Tiger,8073014,1031752007,GIANT TIGER,,,,,,,,2026-08-12T00:00:00-04:00,2026-08-18T23:59:59-04:00,,32.61,-102.31,1059.73,-321.25,http://f.wishabi.net/page_items/429881664/1786084183/extra_large.jpg
Giant Tiger,8073014,1031752051,General Mills cheerios cereal,General Mills,3.47,,,,$3.47,,2026-08-12T00:00:00-04:00,2026-08-18T23:59:59-04:00,,1810.5,-1026.08,1996.5,-1231.08,http://f.wishabi.net/page_items/429891217/1786467947/extra_large.jpg
Giant Tiger,8082579,1033208394,General Mills granola bars,General Mills,2.47,,,,$2.47,,2026-08-19T00:00:00-04:00,2026-08-25T23:59:59-04:00,,1757.5,-1849.46,1902.5,-2029.46,http://f.wishabi.net/page_items/430649674/1786684109/extra_large.jpg
Giant Tiger,8082579,1033208266,Giant Value cheese bar,Giant Value,4.87,,,,$4.87,,2026-08-19T00:00:00-04:00,2026-08-25T23:59:59-04:00,,380.26,-1875.21,730.33,-2236.13,http://f.wishabi.net/page_items/430608048/1786684103/extra_large.jpg
Giant Tiger,8082579,1033208218,Giant Value classic wieners,Giant Value,2.46,,,,$2.46,,2026-08-19T00:00:00-04:00,2026-08-25T23:59:59-04:00,,725.1,-1514.66,1071.97,-1871.25,http://f.wishabi.net/page_items/430608040/1786684098/extra_large.jpg
Giant Tiger,8082579,1033208251,Green or red seedless grapes,,1.77,,,,$1.77,,2026-08-19T00:00:00-04:00,2026-08-25T23:59:59-04:00,,551.98,-521.98,938.23,-708.27,http://f.wishabi.net/page_items/430608045/1786684101/extra_large.jpg
Giant Tiger,8082579,1033166884,Habitant PEA SOUP with SMOKED HAM,Habitant,2.25,,,,$2.25,,2026-08-19T00:00:00-04:00,2026-08-25T23:59:59-04:00,,1758.53,-1377.88,1953.36,-1579.35,http://f.wishabi.net/page_items/430608085/1786684103/extra_large.jpg
Giant Tiger,8082579,1033166882,Heinz canned pasta or beans,Heinz,1.26,,,,$1.26,,2026-08-19T00:00:00-04:00,2026-08-25T23:59:59-04:00,,1430.33,-1386.33,1647.42,-1736.54,http://f.wishabi.net/page_items/430608079/1786684101/extra_large.jpg
Giant Tiger,8082579,1033208272,Janes frozen breaded chicken,JANES,5.97,,,,$5.97,,2026-08-19T00:00:00-04:00,2026-08-25T23:59:59-04:00,,28.8,-561.84,545.44,-1060.81,http://f.wishabi.net/page_items/430608049/1786684103/extra_large.jpg
Giant Tiger,8082579,1033166886,Kraft Dinner Original,Kraft,1.25,,,,$1.25,,2026-08-19T00:00:00-04:00,2026-08-25T23:59:59-04:00,,1112.37,-1828.32,1647.1,-2292.68,http://f.wishabi.net/page_items/430608092/1786684105/extra_large.jpg
Giant Tiger,8082579,1033208258,Lay's chips,Lay's,2.44,,,,$2.44,,2026-08-19T00:00:00-04:00,2026-08-25T23:59:59-04:00,,548.62,-1065.13,1073.23,-1501.54,http://f.wishabi.net/page_items/430608046/1786684101/extra_large.jpg
Giant Tiger,8073014,1031752030,Legacy pork loin chops,Legacy,6.97,,,,$6.97,,2026-08-12T00:00:00-04:00,2026-08-18T23:59:59-04:00,,1644.77,-584.1,2165.8,-997.59,http://f.wishabi.net/page_items/429857714/1786467943/extra_large.jpg
Giant Tiger,8073014,1031751928,Lou's BBQ Texas pork back ribs,LOU'S,7.47,,,,$7.47,,2026-08-12T00:00:00-04:00,2026-08-18T23:59:59-04:00,,24.5,-1389.49,550.29,-1809.02,http://f.wishabi.net/page_items/429857695/1786084180/extra_large.jpg
Giant Tiger,8082579,1033208316,Low Price is what we do,,,,,,,,2026-08-19T00:00:00-04:00,2026-08-25T23:59:59-04:00,,32.5,-2321.85,1060.5,-2395.85,http://f.wishabi.net/page_items/430649400/1786684108/extra_large.jpg
Giant Tiger,8073014,1031752011,Low Price is what we do,,,,,,,,2026-08-12T00:00:00-04:00,2026-08-18T23:59:59-04:00,,34.86,-2326.11,251.78,-2391.19,http://f.wishabi.net/page_items/429881667/1786084183/extra_large.jpg
Giant Tiger,8082579,1033166885,NATURE VALLEY Sweet & Salty ALMOND,Nature Valley,2.47,,,,$2.47,,2026-08-19T00:00:00-04:00,2026-08-25T23:59:59-04:00,,1926.66,-1936.4,2163.77,-2218.5,http://f.wishabi.net/page_items/430608088/1786684104/extra_large.jpg
Giant Tiger,8073014,1031752016,Oikos yogurt,Oikos,3.47,,,,$3.47,,2026-08-12T00:00:00-04:00,2026-08-18T23:59:59-04:00,,1125.62,-998.19,1648.47,-1421.26,http://f.wishabi.net/page_items/429857711/1786467941/extra_large.jpg
Giant Tiger,8073014,1031752024,Pearl Milling Company syrup,Pearl Milling Company,3.47,,,,$3.47,,2026-08-12T00:00:00-04:00,2026-08-18T23:59:59-04:00,,1643.62,-1033.2,1810.26,-1418.16,http://f.wishabi.net/page_items/429857713/1786467943/extra_large.jpg
Giant Tiger,8073014,1031752042,Piller's meat sticks,Piller's,7.97,,,,$7.97,,2026-08-12T00:00:00-04:00,2026-08-18T23:59:59-04:00,,1643.17,-1418.4,2167.42,-1839.37,http://f.wishabi.net/page_items/429857718/1786467945/extra_large.jpg
Giant Tiger,8082579,1033208260,Prego pasta sauce,Prego,1.97,,,,$1.97,,2026-08-19T00:00:00-04:00,2026-08-25T23:59:59-04:00,,27.37,-1878.46,376.93,-2238.06,http://f.wishabi.net/page_items/430608047/1786684102/extra_large.jpg
Giant Tiger,8073014,1031751936,Primo pasta,Primo,0.88,,,,$0.88,,2026-08-12T00:00:00-04:00,2026-08-18T23:59:59-04:00,,554.2,-1810.69,1070.63,-2234.49,http://f.wishabi.net/page_items/429857699/1786084181/extra_large.jpg
Giant Tiger,8073014,1031639909,Ritz Original,Ritz,1.99,,,,$1.99,,2026-08-12T00:00:00-04:00,2026-08-18T23:59:59-04:00,,116.31,-1824.11,296.92,-2069.2,http://f.wishabi.net/page_items/429857697/1786084181/extra_large.jpg
Giant Tiger,8082579,1033208247,Schneiders Lunch Mate kit,Schneiders,2.0,,,,$2.0,,2026-08-19T00:00:00-04:00,2026-08-25T23:59:59-04:00,,379.65,-1515.0,726.41,-1871.89,http://f.wishabi.net/page_items/430608044/1786684100/extra_large.jpg
Giant Tiger,8073014,1031751945,Shopsy's wiener,Shopsy's,2.5,,,,$2.5,,2026-08-12T00:00:00-04:00,2026-08-18T23:59:59-04:00,,25.11,-955.04,549.62,-1386.62,http://f.wishabi.net/page_items/429857689/1786084177/extra_large.jpg
Giant Tiger,8073014,1031752034,Sunlight laundry detergent,Sunlight,11.88,,,,$11.88,,2026-08-12T00:00:00-04:00,2026-08-18T23:59:59-04:00,,1832.11,-1846.45,2167.22,-2287.81,http://f.wishabi.net/page_items/429857715/1786467944/extra_large.jpg
Giant Tiger,8082579,1033208297,Taylor Farms Tri-Color Coleslaw,Taylor Farms,1.88,,,,$1.88,,2026-08-19T00:00:00-04:00,2026-08-25T23:59:59-04:00,,224.5,-1597.85,356.5,-1762.85,http://f.wishabi.net/page_items/430649396/1786684106/extra_large.jpg
Giant Tiger,8073014,1031752040,Tim Hortons soup,Tim Horton's,2.67,,,,$2.67,,2026-08-12T00:00:00-04:00,2026-08-18T23:59:59-04:00,,1217.64,-1437.37,1411.71,-1680.43,http://f.wishabi.net/page_items/429857717/1786467945/extra_large.jpg
Giant Tiger,8073014,1032487671,Trophy peanuts or mixed nuts,,1.97,,,,$1.97,,2026-08-12T00:00:00-04:00,2026-08-18T23:59:59-04:00,,1464.5,-1868.16,1603.5,-2042.16,http://f.wishabi.net/page_items/430329282/1786467949/extra_large.jpg
Giant Tiger,8082579,1033207816,"WE AD MATCH, YOU $AVE MORE",,,,,,,,2026-08-19T00:00:00-04:00,2026-08-25T23:59:59-04:00,,26.35,-2244.85,1059.5,-2321.85,http://f.wishabi.net/page_items/430649398/1786684107/extra_large.jpg
Giant Tiger,8073014,1031752000,"WE AD MATCH, YOU SAVE MORE:",,,,,,,,2026-08-12T00:00:00-04:00,2026-08-18T23:59:59-04:00,,27.95,-2243.08,1071.38,-2322.27,http://f.wishabi.net/page_items/429881661/1786084182/extra_large.jpg
Giant Tiger,8082579,1033208241,coleslaw,,1.88,,,,$1.88,,2026-08-19T00:00:00-04:00,2026-08-25T23:59:59-04:00,,30.75,-1515.07,207.44,-1677.25,http://f.wishabi.net/page_items/430608042/1786684099/extra_large.jpg
Giant Tiger,8082579,1033208282,green seedless grapes,,1.77,,,,$1.77,,2026-08-19T00:00:00-04:00,2026-08-25T23:59:59-04:00,,633.5,-732.85,821.5,-918.85,http://f.wishabi.net/page_items/430649394/1786684105/extra_large.jpg
Loblaws,8074308,1032452800,"12"" TAKE AND BAKE PIZZA, 475-540 G",,8.0,,,,$8.0,,2026-08-14T00:00:00-04:00,2026-08-14T23:59:59-04:00,,9443.72,-1978.77,9908.37,-2452.19,http://f.wishabi.net/page_items/430295687/1786444951/extra_large.jpg
Loblaws,8074308,1032453439,"18 PIECE KOREAN CHICKEN STRIPS, 595 G",,16.0,,,,$16.0,,2026-08-13T00:00:00-04:00,2026-08-19T23:59:59-04:00,,7583.48,-1184.67,8542.75,-1844.31,http://f.wishabi.net/page_items/430295691/1786444954/extra_large.jpg
Loblaws,8074308,1032452304,"9 PIECE CHICKEN TENDER DINNER FOR TWO COMBO, 870 G",,15.0,,,,$15.0,,2026-08-13T00:00:00-04:00,2026-08-19T23:59:59-04:00,,8045.74,-1969.42,8510.43,-2454.24,http://f.wishabi.net/page_items/430295685/1786444949/extra_large.jpg
Loblaws,8074308,1032452762,"ALWAYS PADS 7-92'S OR TAMPAX OR L. TAMPONS, 28-40'S",Always,13.0,,,,$13.0,,2026-08-13T00:00:00-04:00,2026-08-19T23:59:59-04:00,,23926.3,-1892.6,24234.6,-2298.41,http://f.wishabi.net/page_items/430296104/1786444953/extra_large.jpg
Loblaws,8074308,1032448975,APPLE FRITTER DONUT,,6.0,,,,$6.0,,2026-08-13T00:00:00-04:00,2026-08-19T23:59:59-04:00,,14093.3,-989.25,14486.8,-1513.0,http://f.wishabi.net/page_items/430295750/1786444956/extra_large.jpg
Loblaws,8074308,1032454521,ASIAN YELLOW PEARS,,2.0,,,,$2.0,,2026-08-13T00:00:00-04:00,2026-08-19T23:59:59-04:00,,21482.9,-1249.43,21923.0,-1661.21,http://f.wishabi.net/page_items/430296039/1786444953/extra_large.jpg
Loblaws,8074308,1032451180,"ASTRO BALKAN YOGURT, 750 G",Astro,3.75,,,,$3.75,,2026-08-13T00:00:00-04:00,2026-08-19T23:59:59-04:00,,25533.7,-1676.65,25818.3,-1847.43,http://f.wishabi.net/page_items/430295953/1786444958/extra_large.jpg
Loblaws,8074308,1032452346,"AURORA CHEESE CRISPZ CHEESE BITES, 60 G",Aurora,6.5,,,,$6.5,,2026-08-13T00:00:00-04:00,2026-08-19T23:59:59-04:00,,11227.0,-2024.29,11829.9,-2448.77,http://f.wishabi.net/page_items/430295754/1786444949/extra_large.jpg
Loblaws,8074308,1032450564,"BAKED IN-STORE PRETZELS, 2'S",,4.0,,,,$4.0,,2026-08-13T00:00:00-04:00,2026-08-19T23:59:59-04:00,,12579.5,-2008.02,13152.0,-2446.46,http://f.wishabi.net/page_items/430295743/1786444952/extra_large.jpg
Loblaws,8074308,1032453827,BEEF EYE OF ROUND FAST FRY STEAK,,13.0,,,,$13.0,,2026-08-13T00:00:00-04:00,2026-08-19T23:59:59-04:00,,6242.73,-722.18,6826.74,-1283.81,http://f.wishabi.net/page_items/430295730/1786444952/extra_large.jpg
Loblaws,8074308,1032451956,BEEF RIB FINGER MEAT,,10.0,,,,$10.0,,2026-08-13T00:00:00-04:00,2026-08-19T23:59:59-04:00,,22433.6,-282.02,22893.4,-643.92,http://f.wishabi.net/page_items/430296031/1786444960/extra_large.jpg
Loblaws,8074308,1032454615,"BELLA CASARA BURRATA, 250 G",BELLA CASARA,14.0,,,,$14.0,,2026-08-13T00:00:00-04:00,2026-08-19T23:59:59-04:00,,10656.8,-2007.69,11216.2,-2446.21,http://f.wishabi.net/page_items/430295763/1786444954/extra_large.jpg
Loblaws,8074308,1032535799,"BEN'S ORIGINAL RICE, 1.6 KG",Ben's Original,10.0,,,,$10.0,,2026-08-13T00:00:00-04:00,2026-08-19T23:59:59-04:00,,20513.4,-156.09,20822.6,-491.21,http://f.wishabi.net/page_items/430347718/1786473556/extra_large.jpg
Loblaws,8074308,1032451566,"BEN'S ORIGINAL™ BISTRO EXPRESS™, 240-250 G",Ben's Original™,10.5,,,,$10.5,,2026-08-13T00:00:00-04:00,2026-08-19T23:59:59-04:00,,24912.6,-2215.45,25130.2,-2359.5,http://f.wishabi.net/page_items/430295947/1786444955/extra_large.jpg
Loblaws,8074308,1032452116,"BEN'S ORIGINAL™ CUPS, 82 G",Ben's Original™,6.0,,,,$6.0,,2026-08-13T00:00:00-04:00,2026-08-19T23:59:59-04:00,,25129.5,-2361.13,25348.8,-2496.58,http://f.wishabi.net/page_items/430295949/1786444956/extra_large.jpg
Loblaws,8074308,1032451442,"BEN'S ORIGINAL™ STREET FOOD NOODLES, 250 G",Ben's,9.0,,,,$9.0,,2026-08-13T00:00:00-04:00,2026-08-19T23:59:59-04:00,,25129.8,-2214.92,25349.7,-2360.15,http://f.wishabi.net/page_items/430295950/1786444957/extra_large.jpg
Loblaws,8074308,1032451392,"BEN'S ORIGINAL™ STREET FOOD RICE, 255 G",Ben's Original,9.0,,,,$9.0,,2026-08-13T00:00:00-04:00,2026-08-19T23:59:59-04:00,,24910.1,-2361.42,25129.2,-2496.49,http://f.wishabi.net/page_items/430295943/1786444953/extra_large.jpg
Loblaws,8074308,1032451496,BICK'S PICKLES 1 L OR KRAFT REAL MAYONNAISE 650-890 ML OR PC SPLENDIDO OLIVE OIL 500 ML,BICK'S | KRAFT | PC,5.0,,,,$5.0,,2026-08-13T00:00:00-04:00,2026-08-19T23:59:59-04:00,,1239.99,-1453.62,1827.39,-1871.46,http://f.wishabi.net/page_items/430295700/1786444953/extra_large.jpg
Loblaws,8074308,1032535742,"BLACK DIAMOND CHEESTRINGS OR CHEESE STICKS, 252/336 G",Black Diamond,5.97,,,,$5.97,,2026-08-13T00:00:00-04:00,2026-08-19T23:59:59-04:00,,20514.0,-490.94,20822.4,-823.58,http://f.wishabi.net/page_items/430347702/1786473545/extra_large.jpg
Loblaws,8074308,1032452987,BLUEBERRIES PINT OR STRAWBERRIES 1 LB,,4.0,,,,$4.0,,2026-08-13T00:00:00-04:00,2026-08-19T23:59:59-04:00,,2583.04,-239.54,3153.33,-719.65,http://f.wishabi.net/page_items/430295716/1786444952/extra_large.jpg
Loblaws,8074308,1032452036,"BODY ARMOR BEVERAGES, 473 ML",Body Armor,2.5,,,,$2.5,,2026-08-13T00:00:00-04:00,2026-08-19T23:59:59-04:00,,26489.5,-164.07,26795.3,-522.01,http://f.wishabi.net/page_items/430296001/1786444953/extra_large.jpg
Loblaws,8074308,1032448893,"BOLTHOUSE FARMS SMOOTHIES OR JUICE, 946 ML",Bolthouse Farms,3.5,,,,$3.5,,2026-08-01T00:00:00-04:00,2026-08-31T23:59:59-04:00,,20028.0,-1830.52,20456.7,-2303.46,http://f.wishabi.net/page_items/430296035/1786444953/extra_large.jpg
Loblaws,8074308,1032450160,"BRISK® ICED TEA, 710 mL",Brisk,4.0,,,,$4.0,,2026-08-13T00:00:00-04:00,2026-08-19T23:59:59-04:00,,25885.6,-2167.56,26099.5,-2491.05,http://f.wishabi.net/page_items/430296009/1786444957/extra_large.jpg
Loblaws,8074308,1032451992,"BRITANNIA GOOD DAY OR 50 50 COOKIES, 231/372 G",Britannia,2.5,,,,$2.5,,2026-08-13T00:00:00-04:00,2026-08-19T23:59:59-04:00,,22589.3,-1748.28,22896.1,-2112.34,http://f.wishabi.net/page_items/430296016/1786444952/extra_large.jpg
Loblaws,8074308,1032451472,"BUBLY™ SPARKLING WATER BEVERAGE, 12x355 ML",bubly,14.0,,,,$14.0,,2026-08-13T00:00:00-04:00,2026-08-19T23:59:59-04:00,,26338.5,-1793.08,26573.0,-2172.54,http://f.wishabi.net/page_items/430296012/1786444959/extra_large.jpg
Loblaws,8074308,1032450382,"BUBLY™ SPARKLING WATER BEVERAGE, 6X222 mL",bubly,8.0,,,,$8.0,,2026-08-13T00:00:00-04:00,2026-08-19T23:59:59-04:00,,26100.9,-2170.37,26329.7,-2489.16,http://f.wishabi.net/page_items/430296010/1786444958/extra_large.jpg
Loblaws,8074308,1032452273,"CAMPBELL'S CHUNKY SOUP, 515 ML",Campbell's,3.0,,,,$3.0,,2026-08-13T00:00:00-04:00,2026-08-19T23:59:59-04:00,,17962.4,-1634.45,18342.4,-2091.44,http://f.wishabi.net/page_items/430295900/1786444954/extra_large.jpg
Loblaws,8074308,1032450640,"CANTALOUPE, EACH",,2.0,,,,$2.0,,2026-08-13T00:00:00-04:00,2026-08-19T23:59:59-04:00,,1230.82,-933.15,1812.38,-1439.91,http://f.wishabi.net/page_items/430295697/1786444951/extra_large.jpg
Loblaws,8074308,1032454682,"CARBONAUT BREAD, 550 G",Carbonaut,9.0,,,,$9.0,,2026-08-13T00:00:00-04:00,2026-08-19T23:59:59-04:00,,18755.3,-616.57,19335.2,-1086.52,http://f.wishabi.net/page_items/430295901/1786444954/extra_large.jpg
Loblaws,8074308,1032450338,CARIBBEAN SWEET POTATOES,,2.0,,,,$2.0,,2026-08-13T00:00:00-04:00,2026-08-19T23:59:59-04:00,,22279.4,-1019.74,22587.6,-1380.44,http://f.wishabi.net/page_items/430296029/1786444958/extra_large.jpg
Loblaws,8074308,1032451324,"CASHMERE BATHROOM TISSUE, 12 DOUBLE ROLLS, SPONGETOWELS PAPER TOWELS, 3=6 ROLLS, SCOTTIES FACIAL TISSUE, 6'S",CASHMERE | SPONGETOWELS | SCOTTIES,7.0,,,,$7.0,,2026-08-13T00:00:00-04:00,2026-08-19T23:59:59-04:00,,19512.0,-1644.39,19913.7,-2098.67,http://f.wishabi.net/page_items/430295911/1786444961/extra_large.jpg
Loblaws,8074308,1032452665,"CELSIUS® ENERGY DRINK or ALANI® ENERGY DRINK, 355 ML",CELSIUS® | ALANI®,6.0,,,,$6.0,,2026-08-13T00:00:00-04:00,2026-08-19T23:59:59-04:00,,26332.4,-2175.86,26538.9,-2494.36,http://f.wishabi.net/page_items/430296015/1786444961/extra_large.jpg
Loblaws,8074308,1032453403,CERAVE CLEANSERS OR MOISTURIZERS,CeraVe,,,,,,,2026-08-13T00:00:00-04:00,2026-08-19T23:59:59-04:00,,23563.7,-2026.11,23873.5,-2483.98,http://f.wishabi.net/page_items/430296094/1786444956/extra_large.jpg
Loblaws,8074308,1032535772,"CHAPMAN'S MARKDALE CREAMY ICE CREAM 2 L OR COLLECTION NOVELTIES, 6/8'S",Chapman's,4.0,,,,$4.0,,2026-08-13T00:00:00-04:00,2026-08-19T23:59:59-04:00,,20512.4,-1487.89,20820.5,-1817.36,http://f.wishabi.net/page_items/430347709/1786473550/extra_large.jpg
Loblaws,8074308,1032454852,"CHEETOS CHEESE FLAVOURED SNACKS, 180-285 G",Cheetos,3.5,,,,$3.5,,2026-08-06T00:00:00-04:00,2026-08-26T23:59:59-04:00,,17586.5,-595.59,18161.4,-1083.71,http://f.wishabi.net/page_items/430295898/1786444953/extra_large.jpg
Loblaws,8074308,1032451162,CHOCOLATE BOSTON CREAM DONUT,,6.0,,,,$6.0,,2026-08-13T00:00:00-04:00,2026-08-19T23:59:59-04:00,,13287.0,-993.28,13693.0,-1508.64,http://f.wishabi.net/page_items/430295751/1786444956/extra_large.jpg
Loblaws,8074308,1032450676,"CHOSEN FOODS AVOCADO OIL, 750 ML OR FILIPPO BERIO OLIVE OIL, 500/750 ML",CHOSEN FOODS | FILIPPO BERIO,14.0,,,,$14.0,,2026-08-13T00:00:00-04:00,2026-08-19T23:59:59-04:00,,18523.0,-1176.02,18983.3,-1624.56,http://f.wishabi.net/page_items/430295897/1786444952/extra_large.jpg
Loblaws,8074308,1032454977,"CHRISTIE WHEAT THINS, 175/180 G GOOD THINS RICE CRACKERS, 100 G OR TRISCUIT CRACKERS, 185/200 G",CHRISTIE | TRISCUIT,1.88,,,,$1.88,,2026-08-01T00:00:00-04:00,2026-08-31T23:59:59-04:00,,20028.7,-1357.85,20457.5,-1828.54,http://f.wishabi.net/page_items/430296033/1786444952/extra_large.jpg
Loblaws,8074308,1032452781,"CILANTRO, BUNCH",,1.5,,,,$1.5,,2026-08-13T00:00:00-04:00,2026-08-19T23:59:59-04:00,,21975.4,-1019.03,22285.0,-1382.65,http://f.wishabi.net/page_items/430296020/1786444954/extra_large.jpg
Loblaws,8074308,1032535817,CLICK FOR THESE COUPONS AND MORE,,,,,,,,2026-08-13T00:00:00-04:00,2026-08-19T23:59:59-04:00,,21186.0,-371.84,21426.0,-440.84,http://f.wishabi.net/page_items/430347722/1786473559/extra_large.jpg
Loblaws,8074308,1032455496,CLICK OR SCAN FOR COUPONS,,,,,,,,2026-08-13T00:00:00-04:00,2026-08-19T23:59:59-04:00,,9266.08,-1831.01,9911.46,-1980.12,http://f.wishabi.net/page_items/430296248/1786444956/extra_large.jpg
Loblaws,8074308,1032449142,CLIF ZBARS ORGANIC ENERGY SNACK BARS 180 G OR CLIF MINIS SNACK-SIZE ENERGY BARS 5 X 28 G,Clif Bar,3.5,,,,$3.5,,2026-08-01T00:00:00-04:00,2026-08-31T23:59:59-04:00,,20029.7,-897.44,20458.8,-1359.05,http://f.wishabi.net/page_items/430296034/1786444953/extra_large.jpg
Loblaws,8074308,1032451666,"COCA-COLA, CANADA DRY OR PEPSI SOFT DRINKS, 12X355 ML",COCA-COLA | CANADA DRY | PEPSI,17.0,,,,$17.0,,2026-08-13T00:00:00-04:00,2026-08-19T23:59:59-04:00,,25877.9,-164.32,26184.8,-520.94,http://f.wishabi.net/page_items/430296007/1786444956/extra_large.jpg
Loblaws,8074308,1032450178,"COLGATE MULTIPACK TOOTHPASTE, 3X90/120/150 ML OR PREMIUM TOOTHBRUSH, 2'S",Colgate,10.0,,,,$10.0,,2026-08-13T00:00:00-04:00,2026-08-19T23:59:59-04:00,,22951.0,-626.66,23258.9,-1093.39,http://f.wishabi.net/page_items/430296090/1786444953/extra_large.jpg
Loblaws,8074308,1032535780,"COTTONELLE ULTRA CLEAN OR ULTRA SOFT TOILET PAPER, 12'S",Cottonelle,17.0,,,,$17.0,,2026-08-13T00:00:00-04:00,2026-08-19T23:59:59-04:00,,20514.4,-2158.79,20745.1,-2493.37,http://f.wishabi.net/page_items/430347712/1786473552/extra_large.jpg
Loblaws,8074308,1032452260,"CRACKER BARREL CHEESE SLICES, 200-240 G",Cracker Barrel,4.77,,,,$4.77,,2026-08-13T00:00:00-04:00,2026-08-19T23:59:59-04:00,,18743.5,-1633.7,19121.6,-2089.21,http://f.wishabi.net/page_items/430295902/1786444955/extra_large.jpg
Loblaws,8074308,1032451868,"CREST COMPLETE TOOTHPASTE 120 ML, CREST STAIN ERASER TOOTHPASTE 65 ML, CREST KIDS TOOTHPASTE, 85-100 ML OR ORAL-B FLOSS, 50 M",,4.0,,,,$4.0,,2026-08-13T00:00:00-04:00,2026-08-19T23:59:59-04:00,,23562.8,-625.99,23872.7,-1090.47,http://f.wishabi.net/page_items/430296089/1786444953/extra_large.jpg
Loblaws,8074308,1032450824,"CRISPY COOKIES, 350 G",,3.5,,,,$3.5,,2026-08-13T00:00:00-04:00,2026-08-19T23:59:59-04:00,,21974.0,-1385.26,22284.8,-1747.72,http://f.wishabi.net/page_items/430296023/1786444955/extra_large.jpg
Loblaws,8074308,1032454522,"CT BAKERY DONUTS, 4'S",CT Bakery,6.0,,,,$6.0,,2026-08-13T00:00:00-04:00,2026-08-19T23:59:59-04:00,,12590.2,-993.16,13283.8,-1506.85,http://f.wishabi.net/page_items/430295749/1786444955/extra_large.jpg
Loblaws,8074308,1032454349,CURLY PARSLEY,,1.88,,,,$1.88,,2026-08-13T00:00:00-04:00,2026-08-19T23:59:59-04:00,,21485.7,-2086.35,21920.7,-2499.52,http://f.wishabi.net/page_items/430296037/1786444952/extra_large.jpg
Loblaws,8074308,1032454702,"DE CECCO PASTA, 454 G",De Cecco,3.0,,,,$3.0,,2026-08-13T00:00:00-04:00,2026-08-19T23:59:59-04:00,,18054.5,-1171.92,18514.8,-1633.51,http://f.wishabi.net/page_items/430295907/1786444958/extra_large.jpg
Loblaws,8074308,1032451339,DEPEND UNDERWEAR OR POISE PADS,DEPEND | POISE,20.0,,,,$20.0,,2026-08-13T00:00:00-04:00,2026-08-19T23:59:59-04:00,,24538.4,-1896.87,24846.6,-2296.55,http://f.wishabi.net/page_items/430296110/1786444956/extra_large.jpg
Loblaws,8074308,1032451750,DOVE BAR SOAP 3X106 G OR BODY WASH 125 ML OR BASE DEODORANT 45/74 G,Dove,5.0,,,,$5.0,,2026-08-13T00:00:00-04:00,2026-08-19T23:59:59-04:00,,23562.0,-157.73,23871.9,-620.51,http://f.wishabi.net/page_items/430296092/1786444954/extra_large.jpg
Loblaws,8074308,1032451768,"DOVE DRY SPRAY 107/113 G, WOMEN'S PREMIUM, 74 G OR ALUMINUM FREE, 74/85 G DEODORANT",Dove,9.0,,,,$9.0,,2026-08-13T00:00:00-04:00,2026-08-19T23:59:59-04:00,,22952.4,-1094.9,23261.1,-1550.73,http://f.wishabi.net/page_items/430296098/1786444958/extra_large.jpg
Loblaws,8074308,1032452134,"DOVE SHAMPOO OR CONDITIONER, 355 ML, HAIRSPRAY OR DRY SHAMPOO, 195-273 G, 142-198 G",Dove,5.0,,,,$5.0,,2026-08-13T00:00:00-04:00,2026-08-19T23:59:59-04:00,,22952.2,-1549.82,23260.4,-2021.74,http://f.wishabi.net/page_items/430296096/1786444957/extra_large.jpg
Loblaws,8074308,1032452248,"DR. OETKER RISTORANTE OR CASA DI MAMA PIZZA, 288-410 G",Dr. Oetker,3.5,,,,$3.5,,2026-08-13T00:00:00-04:00,2026-08-19T23:59:59-04:00,,1011.97,-1880.27,1471.97,-2299.48,http://f.wishabi.net/page_items/430295698/1786444951/extra_large.jpg
Loblaws,8074308,1032450892,"ENFAMIL A+ INFANT FORMULA POWDER REFIL STAGE 1 OR STAGE 2, 992 G",Enfamil,61.0,,,,$61.0,,2026-08-13T00:00:00-04:00,2026-08-19T23:59:59-04:00,,24539.9,-565.23,24846.2,-983.95,http://f.wishabi.net/page_items/430296103/1786444952/extra_large.jpg
Loblaws,8074308,1032454846,"ENGLISH CUCUMBERS, 1.50 EA. OR VINE RIPE FIELD TOMATOES",,1.5,,,,$1.5,,2026-08-13T00:00:00-04:00,2026-08-19T23:59:59-04:00,,2580.5,-722.67,3146.63,-1286.88,http://f.wishabi.net/page_items/430295718/1786444953/extra_large.jpg
Loblaws,8074308,1032451086,"EVERY MAN JACK BODY WASH, 500 ML BAR SOAP, (142) G OR DEODORANT, 73/85 G",Every Man Jack,8.0,,,,$8.0,,2026-08-13T00:00:00-04:00,2026-08-19T23:59:59-04:00,,23255.9,-156.37,23561.3,-618.8,http://f.wishabi.net/page_items/430296095/1786444956/extra_large.jpg
Loblaws,8074308,1032451798,FARM FRESH FLOWERS,,9.0,,,,$9.0,,2026-08-13T00:00:00-04:00,2026-08-19T23:59:59-04:00,,2582.32,-1923.95,4905.75,-2459.58,http://f.wishabi.net/page_items/430295713/1786444950/extra_large.jpg
Loblaws,8074308,1032449236,"FARMER'S MARKET™ AVOCADO BAG, 5'S",FARMER'S MARKET™,4.0,,,,$4.0,,2026-08-13T00:00:00-04:00,2026-08-19T23:59:59-04:00,,3157.99,-241.71,3692.42,-725.65,http://f.wishabi.net/page_items/430295714/1786444951/extra_large.jpg
Loblaws,8074308,1032451000,"FARMER'S MARKET™ GREENHOUSE PEPPERS, 3'S",FARMER'S MARKET™,5.0,,,,$5.0,,2026-08-13T00:00:00-04:00,2026-08-19T23:59:59-04:00,,3697.36,-241.18,4192.93,-727.58,http://f.wishabi.net/page_items/430295720/1786444954/extra_large.jpg
Loblaws,8074308,1032450880,"FARMER'S MARKET™ LEMONS OR MANDARINS, 2 LB BAG",Farmer's Market,3.5,,,,$3.5,,2026-08-13T00:00:00-04:00,2026-08-19T23:59:59-04:00,,1819.52,-887.1,2419.98,-1441.2,http://f.wishabi.net/page_items/430295702/1786444954/extra_large.jpg
Loblaws,8074308,1032449005,"FARMER'S MARKET™ ORANGES, PRODUCT OF SOUTH AFRICA OR PC® JACKSON SWEET GRAPEFRUIT, PRODUCT OF SOUTH AFRICA",FARMER'S MARKET™ | PC®,6.0,,,,$6.0,,2026-08-13T00:00:00-04:00,2026-08-19T23:59:59-04:00,,2581.88,-1287.59,3148.61,-1866.4,http://f.wishabi.net/page_items/430295715/1786444951/extra_large.jpg
Loblaws,8074308,1032449105,"FARMER'S MARKET™ PIES, 585-1KG",Farmer's Market,9.5,,,,$9.5,,2026-08-13T00:00:00-04:00,2026-08-19T23:59:59-04:00,,14060.6,-398.41,14900.9,-969.36,http://f.wishabi.net/page_items/430295753/1786444957/extra_large.jpg
Loblaws,8074308,1032451274,"FARMER'S MARKET™ RED ONIONS, 3 LB BAG",FARMER'S MARKET™,4.48,,,,$4.48,,2026-08-13T00:00:00-04:00,2026-08-19T23:59:59-04:00,,21484.4,-403.98,21922.6,-818.53,http://f.wishabi.net/page_items/430296041/1786444954/extra_large.jpg
Loblaws,8074308,1032450944,"FARMER'S MARKET™ SQUARES, 400/450 G",Farmer's Market,7.5,,,,$7.5,,2026-08-13T00:00:00-04:00,2026-08-19T23:59:59-04:00,,13742.0,-1590.75,14321.6,-2011.1,http://f.wishabi.net/page_items/430295742/1786444951/extra_large.jpg
Loblaws,8074308,1032535751,"FRANK'S REDHOT SAUCE, 354 ML OR STRUB'S PICKLES, 1 L",Frank's,5.5,,,,$5.5,,2026-08-13T00:00:00-04:00,2026-08-19T23:59:59-04:00,,20514.0,-822.53,20823.0,-1155.14,http://f.wishabi.net/page_items/430347704/1786473547/extra_large.jpg
Loblaws,8074308,1032454656,"FRESH ATLANTIC SALMON PORTIONS, 100 G",,4.0,,,,$4.0,,2026-08-13T00:00:00-04:00,2026-08-19T23:59:59-04:00,,78.13,-400.55,647.61,-936.8,http://f.wishabi.net/page_items/430295699/1786444952/extra_large.jpg
Loblaws,8074308,1032448770,"FRUIT PARFAIT, 221-251 G",,5.5,,,,$5.5,,2026-08-13T00:00:00-04:00,2026-08-19T23:59:59-04:00,,3751.17,-1288.5,4313.11,-1859.99,http://f.wishabi.net/page_items/430295711/1786444949/extra_large.jpg
Loblaws,8074308,1032451136,FUJI APPLES,,2.28,,,,$2.28,,2026-08-13T00:00:00-04:00,2026-08-19T23:59:59-04:00,,21483.1,-1669.76,21923.4,-2082.97,http://f.wishabi.net/page_items/430296038/1786444953/extra_large.jpg
Loblaws,8074308,1032450930,Facebook,Loblaws,,,,,,,2026-08-13T00:00:00-04:00,2026-08-19T23:59:59-04:00,,19476.1,-2107.24,19685.4,-2161.49,http://f.wishabi.net/page_items/430296216/1786444963/extra_large.jpg
Loblaws,8074308,1032451244,GARLIC SHRIMP,,3.29,,,,$3.29,,2026-08-13T00:00:00-04:00,2026-08-19T23:59:59-04:00,,11998.4,-533.7,12355.6,-995.21,http://f.wishabi.net/page_items/430295771/1786444959/extra_large.jpg
Loblaws,8074308,1032453221,"GATORADE PERFORM / GATORADE ZERO SPORTS DRINK, 6x591 mL",Gatorade,6.5,,,,$6.5,,2026-08-13T00:00:00-04:00,2026-08-19T23:59:59-04:00,,26573.0,-1779.84,26790.4,-2179.6,http://f.wishabi.net/page_items/430296008/1786444957/extra_large.jpg
Loblaws,8074308,1032455470,"GAVISCON, PEPTO, RESTORALAX FIBRE OR NEXIUM",Gaviscon,16.0,,,,$16.0,,2026-08-13T00:00:00-04:00,2026-08-19T23:59:59-04:00,,24232.2,-1482.63,24538.4,-1890.47,http://f.wishabi.net/page_items/430296116/1786444959/extra_large.jpg
Loblaws,8074308,1032450842,"GERBER LIL' CRUNCHIES, 42 G",Gerber,6.0,,,,$6.0,,2026-08-13T00:00:00-04:00,2026-08-19T23:59:59-04:00,,24231.4,-157.19,24538.3,-563.72,http://f.wishabi.net/page_items/430296107/1786444954/extra_large.jpg
Loblaws,8074308,1032452630,"GRACE PEANUT PUNCH, 240 ML OR PLANTAIN CHIPS, 85 G",Grace,1.25,,,,$1.25,,2026-08-13T00:00:00-04:00,2026-08-19T23:59:59-04:00,,21974.9,-1749.92,22285.1,-2116.02,http://f.wishabi.net/page_items/430296019/1786444953/extra_large.jpg
Loblaws,8074308,1032452298,"GRASS-FED MEDIUM GROUND BEEF, 450 G",,8.5,,,,$8.5,,2026-08-13T00:00:00-04:00,2026-08-19T23:59:59-04:00,,6829.34,-721.6,7411.62,-1290.06,http://f.wishabi.net/page_items/430295735/1786444955/extra_large.jpg
Loblaws,8074308,1032454820,"GUINNESS NON-ALCOHOLIC DRAUGHT BEER, 4X440 ML",Guinness,10.99,,,,$10.99,,2026-08-13T00:00:00-04:00,2026-08-19T23:59:59-04:00,,26183.1,-891.56,26489.3,-1256.31,http://f.wishabi.net/page_items/430296005/1786444955/extra_large.jpg
Loblaws,8074308,1032452366,"HEINEKEN 0.0% ALCOHOL FREE BEER, 6X330 ML",Heineken,9.99,,,,$9.99,,2026-08-13T00:00:00-04:00,2026-08-19T23:59:59-04:00,,26490.1,-526.24,26796.8,-887.43,http://f.wishabi.net/page_items/430296003/1786444954/extra_large.jpg
Loblaws,8074308,1032453307,"HUGGIES PULL-UPS TRAINING PANTS, 66'S OR GOODNITES NIGHTTIME UNDERWEAR, 28-44'S",HUGGIES | GOODNITES,27.0,,,,$27.0,,2026-08-13T00:00:00-04:00,2026-08-19T23:59:59-04:00,,24231.7,-567.4,24538.4,-984.69,http://f.wishabi.net/page_items/430296114/1786444958/extra_large.jpg
Loblaws,8074308,1032452492,"IN-STORE PREPARED CHICKEN DUMPLING IN THAI COCONUT SAUCE, 300 G, KOREAN FRIED CHICKEN BOWL, 410 G OR PAD THAI, 415 G",,8.0,,,,$8.0,,2026-08-13T00:00:00-04:00,2026-08-19T23:59:59-04:00,,8544.48,-1088.7,9653.46,-1823.69,http://f.wishabi.net/page_items/430295693/1786444955/extra_large.jpg
Loblaws,8074308,1032450936,"IN-STORE PREPARED ONE PAN FAMILY MEALS, 440-960 G",,14.0,,,,$14.0,,2026-08-13T00:00:00-04:00,2026-08-19T23:59:59-04:00,,8514.13,-1969.92,8976.29,-2453.39,http://f.wishabi.net/page_items/430295689/1786444952/extra_large.jpg
Loblaws,8074308,1032453203,"IVORY BODY WASH, 1035_ML",Ivory,7.0,,,,$7.0,,2026-08-13T00:00:00-04:00,2026-08-19T23:59:59-04:00,,23563.4,-1093.1,23872.6,-1542.19,http://f.wishabi.net/page_items/430296097/1786444957/extra_large.jpg
Loblaws,8074308,1032451292,Instagram,,,,,,,,2026-08-13T00:00:00-04:00,2026-08-19T23:59:59-04:00,,19685.4,-2105.69,19905.5,-2161.49,http://f.wishabi.net/page_items/430296217/1786444963/extra_large.jpg
Loblaws,8074308,1032451648,"IÖGO CREAMY YOGURT, 2 KG",Iögo,12.0,,,,$12.0,,2026-08-13T00:00:00-04:00,2026-08-19T23:59:59-04:00,,25293.6,-1503.38,25532.2,-1678.11,http://f.wishabi.net/page_items/430295952/1786444958/extra_large.jpg
Loblaws,8074308,1032450256,"IÖGO NANO CREAMY YOGURT POUCH, 4 X 90 G",Iögo,4.5,,,,$4.5,,2026-08-13T00:00:00-04:00,2026-08-19T23:59:59-04:00,,25112.1,-1457.06,25279.4,-1859.62,http://f.wishabi.net/page_items/430295945/1786444954/extra_large.jpg
Loblaws,8074308,1032450968,"IÖGO NANÖ DRINKABLE YOGURT, 6 X 93 ML",Iögo,4.0,,,,$4.0,,2026-08-13T00:00:00-04:00,2026-08-19T23:59:59-04:00,,25289.5,-1324.72,25532.5,-1495.01,http://f.wishabi.net/page_items/430295951/1786444957/extra_large.jpg
Loblaws,8074308,1032450546,"IÖGO NANÖ YOGURT WITH FLAVoured PEARLS, 4 X 100 G",Iögo,4.5,,,,$4.5,,2026-08-13T00:00:00-04:00,2026-08-19T23:59:59-04:00,,24915.2,-1461.19,25105.8,-1865.49,http://f.wishabi.net/page_items/430295944/1786444954/extra_large.jpg
Loblaws,8074308,1032535748,"JANES FISH FILLETS OR PORTIONS, 450-545 G OR P.F. CHANG'S MEALS, 624 G",JANES | P.F. CHANG'S,14.0,,,,$14.0,,2026-08-13T00:00:00-04:00,2026-08-19T23:59:59-04:00,,20513.4,-1155.93,20821.7,-1489.23,http://f.wishabi.net/page_items/430347703/1786473546/extra_large.jpg
Loblaws,8074308,1032455516,"JANES PUB STYLE WINGS, 660 G",JANES,8.0,,,,$8.0,,2026-08-13T00:00:00-04:00,2026-08-19T23:59:59-04:00,,17586.9,-1169.8,18049.0,-1632.38,http://f.wishabi.net/page_items/430295899/1786444953/extra_large.jpg
Loblaws,8074308,1032451510,JARLSBERG,Jarlsberg,3.5,,,,$3.5,,2026-08-13T00:00:00-04:00,2026-08-19T23:59:59-04:00,,10082.6,-1575.16,10647.6,-1989.2,http://f.wishabi.net/page_items/430295759/1786444952/extra_large.jpg
Loblaws,8074308,1032451412,"JARRITOS SOFT DRINKS, 370 ML",Jarritos,1.25,,,,$1.25,,2026-08-13T00:00:00-04:00,2026-08-19T23:59:59-04:00,,17584.2,-143.37,18156.7,-594.21,http://f.wishabi.net/page_items/430295913/1786444962/extra_large.jpg
Loblaws,8074308,1032448738,"JUMBO HAMBURGER OR HOT DOG BUNS, 8'S",,3.5,,,,$3.5,,2026-08-13T00:00:00-04:00,2026-08-19T23:59:59-04:00,,661.07,-1453.67,1232.85,-1872.54,http://f.wishabi.net/page_items/430295696/1786444950/extra_large.jpg
Loblaws,8074308,1032453559,"KIKKOMAN SOY SAUCE, 1 L",Kikkoman,7.0,,,,$7.0,,2026-08-13T00:00:00-04:00,2026-08-19T23:59:59-04:00,,22588.3,-1385.79,22895.1,-1745.93,http://f.wishabi.net/page_items/430296022/1786444955/extra_large.jpg
Loblaws,8074308,1032535756,"KIND BREAKFAST OR HEALTHY GRAIN BARS, 175 - 200 G",Kind,4.5,,,,$4.5,,2026-08-13T00:00:00-04:00,2026-08-19T23:59:59-04:00,,20819.0,-827.85,21125.0,-1158.48,http://f.wishabi.net/page_items/430347705/1786473547/extra_large.jpg
Loblaws,8074308,1032454788,"KNORR CHICKEN BOUILLON, 1KG",Knorr,10.99,,,,$10.99,,2026-08-13T00:00:00-04:00,2026-08-19T23:59:59-04:00,,21975.9,-2119.49,22285.1,-2487.42,http://f.wishabi.net/page_items/430296018/1786444953/extra_large.jpg
Loblaws,8074308,1032453363,L'OREAL PREFERENCE FERIA OU GARNIER OLIA,L ORÉAL,13.0,,,,$13.0,,2026-08-13T00:00:00-04:00,2026-08-19T23:59:59-04:00,,22949.5,-2029.45,23259.4,-2498.08,http://f.wishabi.net/page_items/430296088/1786444952/extra_large.jpg
Loblaws,8074308,1032449099,"LIBERTÉ MÉDITERRANÉE, 500 G OR 4 X 100 G",Liberté,3.25,,,,$3.25,,2026-08-06T00:00:00-04:00,2026-08-26T23:59:59-04:00,,18164.2,-616.53,18740.2,-1084.23,http://f.wishabi.net/page_items/430295896/1786444952/extra_large.jpg
Loblaws,8074308,1032449256,"LIBERTÉ MÉDITERRANÉE®, 500 G",Liberté,3.25,,,,$3.25,,2026-08-13T00:00:00-04:00,2026-08-19T23:59:59-04:00,,25252.7,-761.09,25815.3,-1246.48,http://f.wishabi.net/page_items/430295956/1786444960/extra_large.jpg
Loblaws,8074308,1032535783,"LINDT LINDOR TRUFFLES, 150 G OR GHIRARDELLI CHOCOLATE SQUARES, 151 G",Lindt,10.0,,,,$10.0,,2026-08-13T00:00:00-04:00,2026-08-19T23:59:59-04:00,,21125.1,-1818.01,21434.2,-2151.71,http://f.wishabi.net/page_items/430347713/1786473553/extra_large.jpg
Loblaws,8074308,1032452828,"MAPLE LEAF NATURAL SELECTIONS, SCHNEIDER'S DELI SLICED MEATS",Maple Leaf,7.0,,,,$7.0,,2026-08-13T00:00:00-04:00,2026-08-19T23:59:59-04:00,,11215.0,-1595.16,11820.6,-2015.12,http://f.wishabi.net/page_items/430295761/1786444953/extra_large.jpg
Loblaws,8074308,1032454688,"MAPLE LODGE ULTIMATE CHICKEN SAUSAGES, 375-500 G",MAPLE LODGE,7.5,,,,$7.5,,2026-08-13T00:00:00-04:00,2026-08-19T23:59:59-04:00,,5655.92,-1274.79,6234.76,-1865.03,http://f.wishabi.net/page_items/430295736/1786444956/extra_large.jpg
Loblaws,8074308,1032450106,MARC ANTHONY OR CAKE HAIR CARE,Marc Anthony,9.0,,,,$9.0,,2026-08-13T00:00:00-04:00,2026-08-19T23:59:59-04:00,,23565.0,-1546.79,23873.0,-2017.88,http://f.wishabi.net/page_items/430296093/1786444955/extra_large.jpg
Loblaws,8074308,1032454343,"MARCANGELO CHICKEN BREAST SKEWERS, 300 G",Marcangelo,9.0,,,,$9.0,,2026-08-13T00:00:00-04:00,2026-08-19T23:59:59-04:00,,5083.37,-1258.63,5651.78,-1867.96,http://f.wishabi.net/page_items/430295734/1786444955/extra_large.jpg
Loblaws,8074308,1032451848,"MARCANGELO PORK SAUSAGES, 375-500 G",Marcangelo,6.5,,,,$6.5,,2026-08-13T00:00:00-04:00,2026-08-19T23:59:59-04:00,,6245.84,-1287.71,6821.75,-1869.17,http://f.wishabi.net/page_items/430295732/1786444954/extra_large.jpg
Loblaws,8074308,1032452538,"MICHELOB ULTRA 0.0% ALCOHOL-FREE BEER, 6X355 ML",Michelob Ultra,10.99,,,,$10.99,,2026-08-13T00:00:00-04:00,2026-08-19T23:59:59-04:00,,25878.1,-890.5,26185.9,-1256.41,http://f.wishabi.net/page_items/430296006/1786444956/extra_large.jpg
Loblaws,8074308,1032450222,"MINI CHOCOLATE CHIP OR MONSTER COOKIES, 24'S",,5.0,,,,$5.0,,2026-08-13T00:00:00-04:00,2026-08-19T23:59:59-04:00,,13155.2,-1585.89,13733.2,-2005.96,http://f.wishabi.net/page_items/430295746/1786444953/extra_large.jpg
Loblaws,8074308,1032535812,"MINUTE RICE PREMIUM LONG GRAIN OR WHOLE GRAIN BROWN RICE, 1.2/1.4 KG",Minute Rice,7.5,,,,$7.5,,2026-08-13T00:00:00-04:00,2026-08-19T23:59:59-04:00,,20820.0,-151.65,21107.8,-493.2,http://f.wishabi.net/page_items/430347721/1786473558/extra_large.jpg
Loblaws,8074308,1032450134,"MOM'S BEST BAGUETTE CRISPS, 120 G OR PRÉSIDENT RONDELÉ SPREADABLE CHEESE, 125 G",MOM'S BEST | PRÉSIDENT,4.0,,,,$4.0,,2026-08-13T00:00:00-04:00,2026-08-19T23:59:59-04:00,,10079.7,-1993.46,10654.6,-2450.83,http://f.wishabi.net/page_items/430295755/1786444950/extra_large.jpg
Loblaws,8074308,1032450806,"MONSTER ENERGY DRINK, 4X473 ML",Monster,10.99,,,,$10.99,,2026-08-13T00:00:00-04:00,2026-08-19T23:59:59-04:00,,26490.6,-890.65,26796.8,-1255.41,http://f.wishabi.net/page_items/430296002/1786444953/extra_large.jpg
Loblaws,8074308,1032453151,"MONTELLIER® CARBONATED NATURAL SPRING WATER, 10x355 mL",MONTELLiER®,14.0,,,,$14.0,,2026-08-13T00:00:00-04:00,2026-08-19T23:59:59-04:00,,26540.4,-2182.45,26791.3,-2491.22,http://f.wishabi.net/page_items/430296013/1786444960/extra_large.jpg
Loblaws,8074308,1032535808,"MOTT'S CLAMATO TOMATO CLAM COCKTAIL, 1.89 L",Mott's,4.5,,,,$4.5,,2026-08-13T00:00:00-04:00,2026-08-19T23:59:59-04:00,,20819.3,-1818.73,21125.2,-2155.57,http://f.wishabi.net/page_items/430347720/1786473558/extra_large.jpg
Loblaws,8074308,1032448966,MSC ICELANDIC COD FILLETS,,13.0,,,,$13.0,,2026-08-13T00:00:00-04:00,2026-08-19T23:59:59-04:00,,5078.96,-1927.9,5653.13,-2450.83,http://f.wishabi.net/page_items/430295731/1786444953/extra_large.jpg
Loblaws,8074308,1032450124,"NANTES CARROTS BASKET, 1.5 L OR BEETS BASKET",,5.0,,,,$5.0,,2026-08-13T00:00:00-04:00,2026-08-19T23:59:59-04:00,,4313.98,-714.47,4910.76,-1285.21,http://f.wishabi.net/page_items/430295723/1786444955/extra_large.jpg
Loblaws,8074308,1032450488,"NAPPA CABBAGE, OR TAIWANESE FLAT CABBAGE",,1.88,,,,$1.88,,2026-08-13T00:00:00-04:00,2026-08-19T23:59:59-04:00,,21483.4,-820.52,21922.0,-1242.63,http://f.wishabi.net/page_items/430296040/1786444954/extra_large.jpg
Loblaws,8074308,1032448844,"NATURE'S BOUNTY KIDS VITAMINS OR SUPPLEMENTS, 60-175'S",Nature's Bounty,,,,,,,2026-08-13T00:00:00-04:00,2026-08-19T23:59:59-04:00,,23927.3,-1073.17,24236.2,-1481.43,http://f.wishabi.net/page_items/430296115/1786444958/extra_large.jpg
Loblaws,8074308,1032450620,"NESTLÉ AERO CRUNCH OR KIT KAT CHOCOLATE BARS, 95-105 G",Nestle,1.75,,,,$1.75,,2026-08-01T00:00:00-04:00,2026-08-31T23:59:59-04:00,,20030.2,-426.81,20457.2,-899.1,http://f.wishabi.net/page_items/430296036/1786444954/extra_large.jpg
Loblaws,8074308,1032453621,"NESTLÉ DRUMSTICK, 4'S, CONFECTIONERY NOVELTIES, 4-10'S OR TUBS, 1.5 L",Nestle,4.0,,,,$4.0,,2026-08-13T00:00:00-04:00,2026-08-19T23:59:59-04:00,,1479.31,-1877.24,1933.21,-2299.18,http://f.wishabi.net/page_items/430295704/1786444955/extra_large.jpg
Loblaws,8074308,1032451906,"NIVEA DEODORANT ROLL-ON, 50 ML ANTIPERSPIRANT, 51/52 OR BODY WASH 500 ML",Nivea,4.5,,,,$4.5,,2026-08-13T00:00:00-04:00,2026-08-19T23:59:59-04:00,,23257.5,-1088.66,23564.3,-1546.2,http://f.wishabi.net/page_items/430296100/1786444959/extra_large.jpg
Loblaws,8074308,1032454721,"NO NAME® BACON, 375 G",NO NAME®,6.0,,,,$6.0,,2026-08-13T00:00:00-04:00,2026-08-19T23:59:59-04:00,,6832.04,-1291.35,7409.1,-1871.55,http://f.wishabi.net/page_items/430295729/1786444951/extra_large.jpg
Loblaws,8074308,1032535785,"NO NAME® ICE MILK, 1.65 L",no name,4.0,,,,$4.0,,2026-08-13T00:00:00-04:00,2026-08-19T23:59:59-04:00,,20817.0,-1490.01,21125.3,-1818.69,http://f.wishabi.net/page_items/430347714/1786473554/extra_large.jpg
Loblaws,8074308,1032535768,"NO NAME® MARGARINE, 907 G",no name,5.0,,,,$5.0,,2026-08-13T00:00:00-04:00,2026-08-19T23:59:59-04:00,,20818.4,-494.25,21123.3,-827.63,http://f.wishabi.net/page_items/430347708/1786473550/extra_large.jpg
Loblaws,8074308,1032535803,"NO NAME® SOUR CREAM, 500 ML",NO NAME®,6.0,,,,$6.0,,2026-08-13T00:00:00-04:00,2026-08-19T23:59:59-04:00,,21124.3,-493.44,21432.2,-828.36,http://f.wishabi.net/page_items/430347719/1786473557/extra_large.jpg
Loblaws,8074308,1032451418,"OLAY BODY WASH, 364-1035 ML, BAR SOAP, 4/8X90 G, SECRET DEODORANT, 45-116 G",OLAY | SECRET,,,,,,,2026-08-13T00:00:00-04:00,2026-08-19T23:59:59-04:00,,22951.9,-158.95,23260.0,-620.06,http://f.wishabi.net/page_items/430296091/1786444954/extra_large.jpg
Loblaws,8074308,1032452664,OLAY FACE CARE PRODUCTS,Olay,,,,,,,2026-08-13T00:00:00-04:00,2026-08-19T23:59:59-04:00,,23255.8,-2024.68,23564.2,-2487.73,http://f.wishabi.net/page_items/430296099/1786444958/extra_large.jpg
Loblaws,8074308,1032451128,"OLIVIERI FAMILY PACK PASTA, 500-700 G",Olivieri,11.0,,,,$11.0,,2026-08-13T00:00:00-04:00,2026-08-19T23:59:59-04:00,,8981.01,-1973.14,9443.81,-2451.58,http://f.wishabi.net/page_items/430295690/1786444953/extra_large.jpg
Loblaws,8074308,1032453501,"OLYMPIC KREMA YOGURT, 650 G",Olympic,6.5,,,,$6.5,,2026-08-13T00:00:00-04:00,2026-08-19T23:59:59-04:00,,25534.2,-1501.28,25814.6,-1670.42,http://f.wishabi.net/page_items/430295948/1786444956/extra_large.jpg
Loblaws,8074308,1032452384,"ONE A DAY MULTIVITAMIN, 60-130'S, REDOXON 5-10'S OR FLINTSTONE'S CHILDREN'S VITAMINS OR SUPPLEMENTS, 60-180'S",One A Day,,,,,,,2026-08-13T00:00:00-04:00,2026-08-19T23:59:59-04:00,,24231.3,-1071.18,24539.5,-1482.71,http://f.wishabi.net/page_items/430296117/1786444959/extra_large.jpg
Loblaws,8074308,1032450950,"PAMPERS ECONO PACK DIAPERS, SIZE N-8, 58-200'S",Pampers,35.0,,,,$35.0,,2026-08-13T00:00:00-04:00,2026-08-19T23:59:59-04:00,,23926.4,-568.15,24235.2,-985.27,http://f.wishabi.net/page_items/430296105/1786444953/extra_large.jpg
Loblaws,8074308,1032451812,"PANTENE SHAMPOO OR CONDITIONER, 308-355 ML OR HEAD & SHOULDERS SHAMPOO, 370 ML",PANTENE | HEADS SHOULDERS,5.29,,,,$5.29,,2026-08-13T00:00:00-04:00,2026-08-19T23:59:59-04:00,,23257.4,-1549.29,23564.5,-2023.14,http://f.wishabi.net/page_items/430296101/1786444960/extra_large.jpg
Loblaws,8074308,1032450860,"PC® BLACK LABEL ICE CREAM, 500 ML",PC,4.5,,,,$4.5,,2026-08-13T00:00:00-04:00,2026-08-19T23:59:59-04:00,,15090.6,-1353.24,15621.5,-1895.41,http://f.wishabi.net/page_items/430295805/1786444959/extra_large.jpg
Loblaws,8074308,1032448762,"PC® BRIOCHE BUNS, 6'S",PC,5.5,,,,$5.5,,2026-08-13T00:00:00-04:00,2026-08-19T23:59:59-04:00,,16883.8,-204.6,17426.3,-801.25,http://f.wishabi.net/page_items/430295806/1786444959/extra_large.jpg
Loblaws,8074308,1032454866,"PC® BURGERS, 568 G",PC,20.0,,,,$20.0,,2026-08-13T00:00:00-04:00,2026-08-19T23:59:59-04:00,,86.66,-1453.88,657.42,-1879.95,http://f.wishabi.net/page_items/430295703/1786444954/extra_large.jpg
Loblaws,8074308,1032453171,"PC® CHEESECAKE, 600 G",PC,11.0,,,,$11.0,,2026-08-13T00:00:00-04:00,2026-08-19T23:59:59-04:00,,14331.8,-2026.83,14908.0,-2446.03,http://f.wishabi.net/page_items/430295748/1786444955/extra_large.jpg
Loblaws,8074308,1032450910,"PC® CHICKEN STRIPS, 375 G",PC,12.0,,,,$12.0,,2026-08-13T00:00:00-04:00,2026-08-19T23:59:59-04:00,,1805.87,-435.43,2410.2,-880.45,http://f.wishabi.net/page_items/430295709/1786444959/extra_large.jpg
Loblaws,8074308,1032452212,"PC® DE-ALCOHOLIZED WINE, 750 ML",PC®,7.5,,,,$7.5,,2026-08-13T00:00:00-04:00,2026-08-19T23:59:59-04:00,,26183.5,-524.96,26489.3,-889.07,http://f.wishabi.net/page_items/430296000/1786444952/extra_large.jpg
Loblaws,8074308,1032449063,"PC® DIPS OR HUMMUS, 454 G",PC,7.0,,,,$7.0,,2026-08-13T00:00:00-04:00,2026-08-19T23:59:59-04:00,,16841.3,-1346.72,17414.4,-1888.02,http://f.wishabi.net/page_items/430295791/1786444951/extra_large.jpg
Loblaws,8074308,1032451362,"PC® FISH, 500-680 G",PC,12.0,,,,$12.0,,2026-08-13T00:00:00-04:00,2026-08-19T23:59:59-04:00,,15089.6,-1902.68,15720.0,-2452.08,http://f.wishabi.net/page_items/430295797/1786444954/extra_large.jpg
Loblaws,8074308,1032451692,PC® FREE FROM® CHICKEN DRUMSTICKS,PC® FREE FROM®,3.49,,,,$3.49,,2026-08-13T00:00:00-04:00,2026-08-19T23:59:59-04:00,,1215.23,-416.23,1796.51,-929.67,http://f.wishabi.net/page_items/430295710/1786444959/extra_large.jpg
Loblaws,8074308,1032450276,PC® FREE FROM® CHICKEN THIGHS,PC,4.5,,,,$4.5,,2026-08-13T00:00:00-04:00,2026-08-19T23:59:59-04:00,,5083.29,-728.93,5662.48,-1252.42,http://f.wishabi.net/page_items/430295739/1786444958/extra_large.jpg
Loblaws,8074308,1032535774,"PC® FROZEN FRUIT, 300-600 G OR PC® LOADS OF BARS, 4'S",PC®,5.0,,,,$5.0,,2026-08-13T00:00:00-04:00,2026-08-19T23:59:59-04:00,,21125.2,-1488.15,21434.5,-1816.54,http://f.wishabi.net/page_items/430347710/1786473551/extra_large.jpg
Loblaws,8074308,1032535778,"PC® GNOCCHI RISOTTO, ASIAN ENTRÉES, SOUPS OR TORTILLA, 300-400 G",PC®,5.0,,,,$5.0,,2026-08-13T00:00:00-04:00,2026-08-19T23:59:59-04:00,,20818.2,-1158.57,21125.3,-1490.65,http://f.wishabi.net/page_items/430347711/1786473552/extra_large.jpg
Loblaws,8074308,1032452464,"PC® GOAT, 140 G",PC,6.0,,,,$6.0,,2026-08-13T00:00:00-04:00,2026-08-19T23:59:59-04:00,,15741.4,-809.72,16243.6,-1332.73,http://f.wishabi.net/page_items/430295796/1786444954/extra_large.jpg
Loblaws,8074308,1032451706,"PC® GRILLING BUTTERFLIED BLACK TIGER SHRIMP SKEWERS, 360 G",PC,14.99,,,,$14.99,,2026-08-13T00:00:00-04:00,2026-08-19T23:59:59-04:00,,5654.16,-1932.04,6235.74,-2452.71,http://f.wishabi.net/page_items/430295727/1786444950/extra_large.jpg
Loblaws,8074308,1032453749,"PC® LEMONADE, 1.89 L",PC,3.0,,,,$3.0,,2026-08-13T00:00:00-04:00,2026-08-19T23:59:59-04:00,,18349.9,-1639.33,18738.5,-2090.98,http://f.wishabi.net/page_items/430295906/1786444957/extra_large.jpg
Loblaws,8074308,1032451052,"PC® MAPLE SYRUP, 500ML",PC®,12.0,,,,$12.0,,2026-08-13T00:00:00-04:00,2026-08-19T23:59:59-04:00,,16874.6,-805.81,17419.5,-1333.44,http://f.wishabi.net/page_items/430295801/1786444956/extra_large.jpg
Loblaws,8074308,1032453177,"PC® NAAN DIPPERS OR CRISPS, 170/200 G",PC,3.5,,,,$3.5,,2026-08-13T00:00:00-04:00,2026-08-19T23:59:59-04:00,,11834.2,-2015.13,12413.0,-2442.7,http://f.wishabi.net/page_items/430295758/1786444951/extra_large.jpg
Loblaws,8074308,1032535795,"PC® NUTRITION FIRST® DOG FOOD, 2 KG",PC,10.0,,,,$10.0,,2026-08-13T00:00:00-04:00,2026-08-19T23:59:59-04:00,,21203.6,-2159.16,21433.1,-2493.25,http://f.wishabi.net/page_items/430347717/1786473556/extra_large.jpg
Loblaws,8074308,1032450198,"PC® OR BLUE MENU® FROZEN ENTRÉES, 212-365 G",PC,3.5,,,,$3.5,,2026-08-13T00:00:00-04:00,2026-08-19T23:59:59-04:00,,18987.1,-1166.28,19387.7,-1623.0,http://f.wishabi.net/page_items/430295912/1786444961/extra_large.jpg
Loblaws,8074308,1032452412,"PC® OR BLUE MENU® PANCAKE & WAFFLE MIX, NO NAME® PANCAKE MIX, 905 G",PC® | NO NAME®,3.0,,,,$3.0,,2026-08-13T00:00:00-04:00,2026-08-19T23:59:59-04:00,,16251.2,-810.18,16859.0,-1309.74,http://f.wishabi.net/page_items/430295798/1786444955/extra_large.jpg
Loblaws,8074308,1032453735,"PC® OR BLUE MENU® SALAD DRESSING, 475 ML",PC,4.0,,,,$4.0,,2026-08-13T00:00:00-04:00,2026-08-19T23:59:59-04:00,,16875.4,-1896.96,17417.7,-2446.66,http://f.wishabi.net/page_items/430295792/1786444951/extra_large.jpg
Loblaws,8074308,1032450574,"PC® OR BLUE MENU® SPARKLING WATER, 12X355 ML",PC,5.75,,,,$5.75,,2026-08-13T00:00:00-04:00,2026-08-19T23:59:59-04:00,,25877.2,-524.49,26186.1,-886.42,http://f.wishabi.net/page_items/430295999/1786444952/extra_large.jpg
Loblaws,8074308,1032454672,"PC® ORANGE JUICE, 2.5 L OR YOPLAIT CREAMY OR SOURCE YOGURT, 16X100 G",PC® | YOPLAIT,6.5,,,,$6.5,,2026-08-13T00:00:00-04:00,2026-08-19T23:59:59-04:00,,1938.37,-1872.97,2412.12,-2302.93,http://f.wishabi.net/page_items/430295707/1786444957/extra_large.jpg
Loblaws,8074308,1032451298,"PC® ORGANICS PLANT-BASED PUFFS, 142 G",PC,3.5,,,,$3.5,,2026-08-13T00:00:00-04:00,2026-08-19T23:59:59-04:00,,19335.7,-160.82,19912.7,-603.31,http://f.wishabi.net/page_items/430295910/1786444960/extra_large.jpg
Loblaws,8074308,1032451174,"PC® PACIFIC WHITE SHRIMP, 400 G",PC,8.0,,,,$8.0,,2026-08-13T00:00:00-04:00,2026-08-19T23:59:59-04:00,,83.36,-937.08,658.6,-1437.79,http://f.wishabi.net/page_items/430295694/1786444949/extra_large.jpg
Loblaws,8074308,1032450652,"PC® PASTA SAUCE, 410/600 ML",PC,4.0,,,,$4.0,,2026-08-13T00:00:00-04:00,2026-08-19T23:59:59-04:00,,15734.1,-210.84,16241.2,-803.52,http://f.wishabi.net/page_items/430295800/1786444956/extra_large.jpg
Loblaws,8074308,1032450540,"PC® PASTA, 454 G",PC,2.0,,,,$2.0,,2026-08-13T00:00:00-04:00,2026-08-19T23:59:59-04:00,,15087.3,-228.45,15726.7,-800.67,http://f.wishabi.net/page_items/430295803/1786444957/extra_large.jpg
Loblaws,8074308,1032451686,"PC® PITA OR SCALLOPED CRACKERS, 142/185 G",PC,2.5,,,,$2.5,,2026-08-13T00:00:00-04:00,2026-08-19T23:59:59-04:00,,15084.0,-807.22,15721.0,-1344.81,http://f.wishabi.net/page_items/430295799/1786444955/extra_large.jpg
Loblaws,8074308,1032455432,PC® RIDGE 12 PIECE DINNERWARE,PC Optimum,30.0,,,,$30.0,,2026-08-13T00:00:00-04:00,2026-08-19T23:59:59-04:00,,19390.9,-1103.82,19917.1,-1636.09,http://f.wishabi.net/page_items/430295908/1786444958/extra_large.jpg
Loblaws,8074308,1032453615,"PC® SALAD MIX, 142 G",PC,4.0,,,,$4.0,,2026-08-13T00:00:00-04:00,2026-08-19T23:59:59-04:00,,16255.5,-1899.81,16850.1,-2447.12,http://f.wishabi.net/page_items/430295793/1786444952/extra_large.jpg
Loblaws,8074308,1032450248,"PC® SOFT DRINKS, 2 L",PC®,0.99,,,,$0.99,,2026-08-13T00:00:00-04:00,2026-08-19T23:59:59-04:00,,1836.53,-1448.17,2415.14,-1867.26,http://f.wishabi.net/page_items/430295708/1786444958/extra_large.jpg
Loblaws,8074308,1032450594,"PC® SPLENDIDO® SLICED MEATS, 100 G",PC,7.0,,,,$7.0,,2026-08-13T00:00:00-04:00,2026-08-19T23:59:59-04:00,,10652.3,-1582.59,11208.0,-2002.65,http://f.wishabi.net/page_items/430295756/1786444950/extra_large.jpg
Loblaws,8074308,1032451830,"PC® SPRING ROLLS, 574 G",PC,8.0,,,,$8.0,,2026-08-13T00:00:00-04:00,2026-08-19T23:59:59-04:00,,22280.5,-1382.33,22587.6,-1748.58,http://f.wishabi.net/page_items/430296030/1786444959/extra_large.jpg
Loblaws,8074308,1032450684,"PC® TARTAR SAUCE, 250 ML",PC,3.5,,,,$3.5,,2026-08-13T00:00:00-04:00,2026-08-19T23:59:59-04:00,,15745.1,-1903.75,16243.0,-2449.38,http://f.wishabi.net/page_items/430295794/1786444953/extra_large.jpg
Loblaws,8074308,1032452418,"PC® TATAKI, 130 G",PC,12.99,,,,$12.99,,2026-08-13T00:00:00-04:00,2026-08-19T23:59:59-04:00,,6830.57,-1922.2,7413.84,-2450.29,http://f.wishabi.net/page_items/430295738/1786444957/extra_large.jpg
Loblaws,8074308,1032450690,"PC® THE DECADENT® COOKIES, 280/300 G",PC® THE DECADENT®,4.5,,,,$4.5,,2026-08-13T00:00:00-04:00,2026-08-19T23:59:59-04:00,,15658.3,-1351.2,16241.1,-1894.67,http://f.wishabi.net/page_items/430295804/1786444958/extra_large.jpg
Loblaws,8074308,1032450474,"PC® THE DECADENT® MUFFINS, 360 G",PC,6.0,,,,$6.0,,2026-08-13T00:00:00-04:00,2026-08-19T23:59:59-04:00,,12579.0,-1581.35,13151.5,-2007.67,http://f.wishabi.net/page_items/430295752/1786444957/extra_large.jpg
Loblaws,8074308,1032451698,"PC® THICK AND JUICY™ CHICKEN OR TURKEY BURGERS, 1.13 KG",PC,20.0,,,,$20.0,,2026-08-13T00:00:00-04:00,2026-08-19T23:59:59-04:00,,16247.4,-224.12,16873.9,-800.25,http://f.wishabi.net/page_items/430295802/1786444957/extra_large.jpg
Loblaws,8074308,1032450702,"PC® TRADITIONAL NAAN DIPPERS, 400 G",PC,6.0,,,,$6.0,,2026-08-13T00:00:00-04:00,2026-08-19T23:59:59-04:00,,16252.2,-1347.35,16818.3,-1891.38,http://f.wishabi.net/page_items/430295795/1786444953/extra_large.jpg
Loblaws,8074308,1032453183,"PEACE TEA OR FUZE ICED TEA, 12X341 ML",,8.99,,,,$8.99,,2026-08-13T00:00:00-04:00,2026-08-19T23:59:59-04:00,,26182.9,-162.55,26489.3,-522.93,http://f.wishabi.net/page_items/430296004/1786444955/extra_large.jpg
Loblaws,8074308,1032453647,"PEACHES, 3 L OR NECTARINES, 2 L",,4.0,,,,$4.0,,2026-08-13T00:00:00-04:00,2026-08-19T23:59:59-04:00,,657.59,-931.56,1227.35,-1434.66,http://f.wishabi.net/page_items/430295695/1786444949/extra_large.jpg
Loblaws,8074308,1032535760,"PEPSI SOFT DRINKS, 6X710 ML",Pepsi,4.25,,,,$4.25,,2026-08-13T00:00:00-04:00,2026-08-19T23:59:59-04:00,,20512.9,-1820.88,20822.5,-2153.32,http://f.wishabi.net/page_items/430347706/1786473548/extra_large.jpg
Loblaws,8074308,1032450406,"PEPSICO BEVERAGES, 12x355 mL",PepsiCo,17.0,,,,$17.0,,2026-08-13T00:00:00-04:00,2026-08-19T23:59:59-04:00,,25886.9,-1782.27,26109.4,-2168.01,http://f.wishabi.net/page_items/430296011/1786444958/extra_large.jpg
Loblaws,8074308,1032453709,"PEPSICO BEVERAGES, 6x222 mL",PepsiCo,10.0,,,,$10.0,,2026-08-13T00:00:00-04:00,2026-08-19T23:59:59-04:00,,26108.8,-1802.56,26335.9,-2165.9,http://f.wishabi.net/page_items/430296014/1786444960/extra_large.jpg
Loblaws,8074308,1032448863,"PILLER'S KOLBASSA, 250/375 G OR BALDERSON CHEDDAR CHEESE, 250/280 G OR GOUDA, 170/200 G",PILLER'S | BALDERSON | GOUDA,6.0,,,,$6.0,,2026-08-13T00:00:00-04:00,2026-08-19T23:59:59-04:00,,539.8,-1880.99,1006.72,-2298.22,http://f.wishabi.net/page_items/430295705/1786444956/extra_large.jpg
Loblaws,8074308,1032455488,"PILLER'S PIZZA TOPPINGS, 175-250 G",Piller's,6.0,,,,$6.0,,2026-08-13T00:00:00-04:00,2026-08-19T23:59:59-04:00,,18160.4,-184.9,18743.3,-615.12,http://f.wishabi.net/page_items/430295914/1786444962/extra_large.jpg
Loblaws,8074308,1032451974,"PILLER'S PIZZA TOPPINGS, 175/250 G",Piller's,6.0,,,,$6.0,,2026-08-13T00:00:00-04:00,2026-08-19T23:59:59-04:00,,11826.4,-1586.55,12413.7,-2009.12,http://f.wishabi.net/page_items/430295762/1786444954/extra_large.jpg
Loblaws,8074308,1032450430,PITTED KALAMATA OLIVES,,3.29,,,,$3.29,,2026-08-13T00:00:00-04:00,2026-08-19T23:59:59-04:00,,11629.0,-536.1,11979.7,-1004.71,http://f.wishabi.net/page_items/430295766/1786444956/extra_large.jpg
Loblaws,8074308,1032454880,PLANTAINS,,1.25,,,,$1.25,,2026-08-13T00:00:00-04:00,2026-08-19T23:59:59-04:00,,22587.3,-1022.5,22896.5,-1379.99,http://f.wishabi.net/page_items/430296026/1786444957/extra_large.jpg
Loblaws,8074308,1032452648,PORK SIDE RIB PORTION,,3.5,,,,$3.5,,2026-08-13T00:00:00-04:00,2026-08-19T23:59:59-04:00,,644.89,-401.71,1211.62,-928.47,http://f.wishabi.net/page_items/430295706/1786444956/extra_large.jpg
Loblaws,8074308,1032451318,POWDERED RASPBERRY FLAVOURED DONUT,,6.0,,,,$6.0,,2026-08-13T00:00:00-04:00,2026-08-19T23:59:59-04:00,,14484.4,-991.28,14905.3,-1512.72,http://f.wishabi.net/page_items/430295744/1786444952/extra_large.jpg
Loblaws,8074308,1032450658,PREMIER READY TO DRINK PROTEIN SHAKES,Premier Protein,12.5,,,,$12.5,,2026-08-13T00:00:00-04:00,2026-08-19T23:59:59-04:00,,24537.8,-1068.37,24847.5,-1478.92,http://f.wishabi.net/page_items/430296111/1786444956/extra_large.jpg
Loblaws,8074308,1032455438,"PREMIUM BAGELS, 340 G",,4.5,,,,$4.5,,2026-08-13T00:00:00-04:00,2026-08-19T23:59:59-04:00,,13750.9,-2015.02,14326.3,-2446.13,http://f.wishabi.net/page_items/430295740/1786444950/extra_large.jpg
Loblaws,8074308,1032453125,"PREMIUM SALADS, 218-315 G",,8.0,,,,$8.0,,2026-08-13T00:00:00-04:00,2026-08-19T23:59:59-04:00,,4323.24,-1289.0,4903.47,-1863.15,http://f.wishabi.net/page_items/430295712/1786444949/extra_large.jpg
Loblaws,8074308,1032451586,PURE PROTEIN BARS,Pure Protein,12.5,,,,$12.5,,2026-08-13T00:00:00-04:00,2026-08-19T23:59:59-04:00,,24539.2,-1481.56,24846.2,-1887.22,http://f.wishabi.net/page_items/430296109/1786444955/extra_large.jpg
Loblaws,8074308,1032535737,"QUAKER MUFFIN OR COOKIE MIX, 750-900 G",Quaker,6.99,,,,$6.99,,2026-08-13T00:00:00-04:00,2026-08-19T23:59:59-04:00,,21125.2,-830.39,21434.1,-1158.92,http://f.wishabi.net/page_items/430347701/1786473544/extra_large.jpg
Loblaws,8074308,1032453137,"QUE PASA ORGANIC TORTILA CHIPS, 156-350 G, KETTLE BRAND POTATO CHIP,S 156-198 G",QUE PASA | KETTLE,3.0,,,,$3.0,,2026-08-13T00:00:00-04:00,2026-08-19T23:59:59-04:00,,18754.6,-152.48,19331.7,-617.39,http://f.wishabi.net/page_items/430295909/1786444959/extra_large.jpg
Loblaws,8074308,1032453493,RED CHERRIES,,4.5,,,,$4.5,,2026-08-13T00:00:00-04:00,2026-08-19T23:59:59-04:00,,3733.31,-730.94,4292.53,-1285.7,http://f.wishabi.net/page_items/430295722/1786444955/extra_large.jpg
Loblaws,8074308,1032452230,RED MANGOES,,4.98,,,,$4.98,,2026-08-13T00:00:00-04:00,2026-08-19T23:59:59-04:00,,3149.01,-736.26,3721.81,-1290.76,http://f.wishabi.net/page_items/430295717/1786444952/extra_large.jpg
Loblaws,8074308,1032453577,"ROOSTER™ GARLIC, 3'S",ROOSTER™,1.0,,,,$1.0,,2026-08-13T00:00:00-04:00,2026-08-19T23:59:59-04:00,,21976.5,-651.24,22285.5,-1015.06,http://f.wishabi.net/page_items/430296027/1786444957/extra_large.jpg
Loblaws,8074308,1032451206,"ROSEMARY & SEA SALT OR CHEESE FOCACCIA BREAD, 430/484 G",,4.0,,,,$4.0,,2026-08-13T00:00:00-04:00,2026-08-19T23:59:59-04:00,,13156.0,-2012.22,13744.2,-2448.55,http://f.wishabi.net/page_items/430295741/1786444951/extra_large.jpg
Loblaws,8074308,1032453423,"ROTISSERIE CHICKEN DINNER FOR TWO COMBO, 900 G - 1 KG",,15.0,,,,$15.0,,2026-08-13T00:00:00-04:00,2026-08-19T23:59:59-04:00,,7588.11,-1964.87,8048.38,-2453.36,http://f.wishabi.net/page_items/430295686/1786444950/extra_large.jpg
Loblaws,8074308,1032535793,"ROYALE TOILET PAPER, 8'S",Royale,5.0,,,,$5.0,,2026-08-13T00:00:00-04:00,2026-08-19T23:59:59-04:00,,20743.1,-2160.14,20974.0,-2493.1,http://f.wishabi.net/page_items/430347716/1786473555/extra_large.jpg
Loblaws,8074308,1032453451,"RUBICON JUICE DRINKS, 4 X 200ML/1 L",Rubicon,2.5,,,,$2.5,,2026-08-13T00:00:00-04:00,2026-08-19T23:59:59-04:00,,22280.4,-2120.87,22590.0,-2491.62,http://f.wishabi.net/page_items/430296021/1786444954/extra_large.jpg
Loblaws,8074308,1032450452,SAN DANIELE SERVICE CASE MORTADELLA OR SAPUTO PROVOLONE CHEESE,SAN DANIELE | SAPUTO,2.5,,,,$2.5,,2026-08-13T00:00:00-04:00,2026-08-19T23:59:59-04:00,,86.89,-1885.29,537.6,-2297.35,http://f.wishabi.net/page_items/430295701/1786444953/extra_large.jpg
Loblaws,8074308,1032449196,"SARDO ANTIPASTO, 375 G/ML",SARDO,7.0,,,,$7.0,,2026-08-13T00:00:00-04:00,2026-08-19T23:59:59-04:00,,10084.5,-1020.07,10651.0,-1503.55,http://f.wishabi.net/page_items/430295764/1786444955/extra_large.jpg
Loblaws,8074308,1032452754,"SARDO BRUSCHETTA, 330 G",SARDO,6.5,,,,$6.5,,2026-08-13T00:00:00-04:00,2026-08-19T23:59:59-04:00,,11244.5,-1018.15,11824.1,-1505.33,http://f.wishabi.net/page_items/430295757/1786444951/extra_large.jpg
Loblaws,8074308,1032456425,SARDO FETA STUFFED JALAPENO PEPPERS,SARDO,3.29,,,,$3.29,,2026-08-13T00:00:00-04:00,2026-08-19T23:59:59-04:00,,11255.2,-531.63,11613.0,-1002.42,http://f.wishabi.net/page_items/430295769/1786444958/extra_large.jpg
Loblaws,8074308,1032452498,"SARDO PESTO, 190 ML",SARDO,5.0,,,,$5.0,,2026-08-13T00:00:00-04:00,2026-08-19T23:59:59-04:00,,10654.6,-1016.33,11235.0,-1500.46,http://f.wishabi.net/page_items/430295760/1786444953/extra_large.jpg
Loblaws,8074308,1032452156,SARDO PITTED PARTY MIXED,SARDO,3.29,,,,$3.29,,2026-08-13T00:00:00-04:00,2026-08-19T23:59:59-04:00,,10516.1,-539.47,10872.8,-1007.64,http://f.wishabi.net/page_items/430295767/1786444957/extra_large.jpg
Loblaws,8074308,1032451268,"SARDO SELECT OLIVES GARLIC RED PEPPER, 375ML",SARDO,7.0,,,,$7.0,,2026-08-13T00:00:00-04:00,2026-08-19T23:59:59-04:00,,11828.4,-1015.96,12410.4,-1507.52,http://f.wishabi.net/page_items/430295765/1786444955/extra_large.jpg
Loblaws,8074308,1032454840,SARDO STUFFED CHERRY PEPPERS,,3.29,,,,$3.29,,2026-08-13T00:00:00-04:00,2026-08-19T23:59:59-04:00,,10887.6,-539.55,11244.2,-1002.55,http://f.wishabi.net/page_items/430295768/1786444957/extra_large.jpg
Loblaws,8074308,1032451490,SARDO STUFFED MAMMOTH OLIVES,SARDO,3.29,,,,$3.29,,2026-08-13T00:00:00-04:00,2026-08-19T23:59:59-04:00,,10113.4,-534.45,10499.2,-1004.5,http://f.wishabi.net/page_items/430295770/1786444958/extra_large.jpg
Loblaws,8074308,1032455450,"SEAQUEST® COLOSSAL PACIFIC WHITE SHRIMP 16-20/lb 400 G OR BAY SCALLOP 10/20 PER LB, 400 G",SEA QUEST,5.5,,,,$5.5,,2026-08-13T00:00:00-04:00,2026-08-19T23:59:59-04:00,,22586.5,-649.29,22895.5,-1016.14,http://f.wishabi.net/page_items/430296024/1786444956/extra_large.jpg
Loblaws,8074308,1032449070,"SEAQUEST® SHRIMP RING WITH MILD COCKTAIL SAUCE, 454 G",SEAQUEST®,13.0,,,,$13.0,,2026-08-13T00:00:00-04:00,2026-08-19T23:59:59-04:00,,6243.35,-1928.38,6824.96,-2450.14,http://f.wishabi.net/page_items/430295726/1786444950/extra_large.jpg
Loblaws,8074308,1032453675,"SENSODYNE OR PRONAMEL BASE TOOTHPASTE, 75/100 ML, POLIDENT TABLETS, 36'S OR POLIGRIP, 40 G",SENSODYNE | PRONAMEL | POLIDENT | POLIGRIP,5.5,,,,$5.5,,2026-08-13T00:00:00-04:00,2026-08-19T23:59:59-04:00,,23255.0,-623.61,23563.8,-1090.79,http://f.wishabi.net/page_items/430296102/1786444961/extra_large.jpg
Loblaws,8074308,1032452584,"SIGGI'S HIGH PROTEIN SKYR YOGURT, 4 X 100 G",Siggi's,4.5,,,,$4.5,,2026-08-13T00:00:00-04:00,2026-08-19T23:59:59-04:00,,25294.9,-1683.93,25533.0,-1857.69,http://f.wishabi.net/page_items/430295954/1786444959/extra_large.jpg
Loblaws,8074308,1032451200,"SILK DAIRY-FREE COFFEE CREAMERS, 890 ML",Silk,5.5,,,,$5.5,,2026-08-13T00:00:00-04:00,2026-08-19T23:59:59-04:00,,19340.3,-604.21,19912.3,-1080.2,http://f.wishabi.net/page_items/430295903/1786444956/extra_large.jpg
Loblaws,8074308,1032451924,"SIMILAC 360 TOTAL CARE STEP 1 & 2 BABY FORMULA POWDER, 859 G",Similac,60.0,,,,$60.0,,2026-08-13T00:00:00-04:00,2026-08-19T23:59:59-04:00,,24537.9,-159.57,24847.1,-560.22,http://f.wishabi.net/page_items/430296106/1786444954/extra_large.jpg
Loblaws,8074308,1032448797,"SIMPLY GOURMET FRUIT BITES, 60 G OR OAT BARS, 5 X 18 G",SIMPLY GOURMET,8.5,,,,$8.5,,2026-08-13T00:00:00-04:00,2026-08-19T23:59:59-04:00,,23926.7,-156.25,24236.2,-562.84,http://f.wishabi.net/page_items/430296112/1786444957/extra_large.jpg
Loblaws,8074308,1032535764,"SMUCKER'S UNCRUSTABLES SANDWICHES, 4X58 G OR TAST!EZ SHAREABLES, 311 G",Smucker's,5.0,,,,$5.0,,2026-08-13T00:00:00-04:00,2026-08-19T23:59:59-04:00,,21125.1,-1160.2,21434.1,-1486.1,http://f.wishabi.net/page_items/430347707/1786473549/extra_large.jpg
Loblaws,8074308,1032452614,SPICE IT UP ENTRÉES,SPICE IT UP,20.0,,,,$20.0,,2026-08-13T00:00:00-04:00,2026-08-19T23:59:59-04:00,,8752.71,-176.03,9910.48,-1077.28,http://f.wishabi.net/page_items/430295692/1786444954/extra_large.jpg
Loblaws,8074308,1032451007,"STEWING GOAT, 1 KG",,25.0,,,,$25.0,,2026-08-13T00:00:00-04:00,2026-08-19T23:59:59-04:00,,22280.0,-650.27,22586.0,-1016.49,http://f.wishabi.net/page_items/430296025/1786444956/extra_large.jpg
Loblaws,8074308,1032454959,"SUFRA® HALAL CHICKEN BREASTS, 3'S",SUFRA® HALAL,14.0,,,,$14.0,,2026-08-13T00:00:00-04:00,2026-08-19T23:59:59-04:00,,21977.3,-271.24,22434.5,-643.46,http://f.wishabi.net/page_items/430296032/1786444960/extra_large.jpg
Loblaws,8074308,1032454874,SUFRA® HALAL WHOLE CHICKEN,SUFRA®,16.0,,,,$16.0,,2026-08-13T00:00:00-04:00,2026-08-19T23:59:59-04:00,,5667.38,-721.25,6235.71,-1266.96,http://f.wishabi.net/page_items/430295737/1786444957/extra_large.jpg
Loblaws,8074308,1032451104,"SURATI SNACKS, 250/341 G",Surati,2.5,,,,$2.5,,2026-08-13T00:00:00-04:00,2026-08-19T23:59:59-04:00,,22588.5,-2116.89,22897.8,-2487.37,http://f.wishabi.net/page_items/430296017/1786444952/extra_large.jpg
Loblaws,8074308,1032452268,"TIDE LIQUID, 887 ML-1 L, PODS, 9/16'S, DOWNY FABRIC SOFTENER 780 ML,-1.31 L OR SCENT BOOSTERS, 141 G, BOUNCE DRYER SHEETS, 40/80' S",TIDE | DOWNY | BOUNCE,5.0,,,,$5.0,,2026-08-13T00:00:00-04:00,2026-08-19T23:59:59-04:00,,19123.8,-1636.93,19506.9,-2092.85,http://f.wishabi.net/page_items/430295904/1786444956/extra_large.jpg
Loblaws,8074308,1032535789,"TIDE, GAIN OR IVORY LAUNDRY DETERGENTS OR DOWNY, GAIN OR BOUNCE FABRIC SOFTENERS, SHEETS OR BEADS, DAWN DISH DETERGENTS OR CASCADE DISHWASER PODS, FEBREZE AIR CARE PRODUCTS, MR CLEAN CLEANERS OR SWIFFER",TIDE | GAIN | CASCADE,,,,,,,2026-08-13T00:00:00-04:00,2026-08-19T23:59:59-04:00,,20975.3,-2163.72,21204.0,-2494.08,http://f.wishabi.net/page_items/430347715/1786473554/extra_large.jpg
Loblaws,8074308,1032450518,"TILDA PURE BASMATI RICE, 10 LB",Tilda,12.99,,,,$12.99,,2026-08-13T00:00:00-04:00,2026-08-19T23:59:59-04:00,,17591.8,-1630.97,17956.3,-2092.85,http://f.wishabi.net/page_items/430295905/1786444957/extra_large.jpg
Loblaws,8074308,1032453519,"TYLENOL PAIN, TYLENOL COUGH & COLD, TYLENOL COMPLETE OR TYLENOL KIDS",Tylenol,,,,,,,2026-08-13T00:00:00-04:00,2026-08-19T23:59:59-04:00,,23925.9,-1485.94,24235.3,-1887.87,http://f.wishabi.net/page_items/430296108/1786444955/extra_large.jpg
Loblaws,8074308,1032451730,"U BY KOTEX LINERS, 34-162'S, PADS, 10-60'S OR TAMPONS, 16/45'S",Kotex,,,,,,,2026-08-13T00:00:00-04:00,2026-08-19T23:59:59-04:00,,24231.0,-1894.97,24537.5,-2301.07,http://f.wishabi.net/page_items/430296113/1786444957/extra_large.jpg
Loblaws,8074308,1032451368,"VALentina HOT SAUCE, 370 ML",Valentina,2.25,,,,$2.25,,2026-08-13T00:00:00-04:00,2026-08-19T23:59:59-04:00,,22282.2,-1748.44,22589.5,-2116.94,http://f.wishabi.net/page_items/430296028/1786444958/extra_large.jpg
Loblaws,8074308,1032454939,WATERMELON QUARTERS,,1.25,,,,$1.25,,2026-08-13T00:00:00-04:00,2026-08-19T23:59:59-04:00,,3155.0,-1297.12,3742.93,-1861.36,http://f.wishabi.net/page_items/430295719/1786444954/extra_large.jpg
Loblaws,8074308,1032453479,"WONDER BUNS 8'S OR D'ITALIANO BUNS, 420-568 G",Wonder,7.0,,,,$7.0,,2026-08-13T00:00:00-04:00,2026-08-19T23:59:59-04:00,,14327.6,-1595.42,14912.2,-2021.92,http://f.wishabi.net/page_items/430295747/1786444954/extra_large.jpg
Loblaws,8074308,1032450722,"YOPLAIT TUBES, 8 X 56 G, YOPLAIT MINIGO, 6 X 60 G",YOPLAIT®,3.25,,,,$3.25,,2026-08-13T00:00:00-04:00,2026-08-19T23:59:59-04:00,,25116.3,-62.85,25813.1,-426.14,http://f.wishabi.net/page_items/430295941/1786444952/extra_large.jpg
Loblaws,8074308,1032452280,"YOPLAIT® SOURCE PROTEIN, 650 G",Yoplait,4.75,,,,$4.75,,2026-08-13T00:00:00-04:00,2026-08-19T23:59:59-04:00,,25297.8,-428.35,25814.3,-734.16,http://f.wishabi.net/page_items/430295942/1786444952/extra_large.jpg
Loblaws,8074308,1032450088,"YOPLAIT® SOURCE®, 630 G",Yoplait,4.25,,,,$4.25,,2026-08-13T00:00:00-04:00,2026-08-19T23:59:59-04:00,,24918.9,-428.84,25294.8,-726.58,http://f.wishabi.net/page_items/430295946/1786444954/extra_large.jpg
Loblaws,8074308,1032452458,YORKSHIRE VALLEY FARMS ORGANIC CHICKEN BREASTS,Yorkshire Valley Farms,15.0,,,,$15.0,,2026-08-13T00:00:00-04:00,2026-08-19T23:59:59-04:00,,5643.11,-53.79,6234.51,-600.06,http://f.wishabi.net/page_items/430295733/1786444954/extra_large.jpg
Loblaws,8074308,1032450922,YORKSHIRE VALLEY FARMS ORGANIC SPLIT CHICKEN WINGS,Yorkshire Valley Farms,8.0,,,,$8.0,,2026-08-13T00:00:00-04:00,2026-08-19T23:59:59-04:00,,6241.96,-53.2,6826.42,-601.4,http://f.wishabi.net/page_items/430295728/1786444951/extra_large.jpg
Loblaws,8074308,1032454427,YORKSHIRE VALLEY FARMS ORGANIC WHOLE CHICKEN,Yorkshire Valley Farms,6.0,,,,$6.0,,2026-08-13T00:00:00-04:00,2026-08-19T23:59:59-04:00,,6829.74,-49.4,7412.6,-601.4,http://f.wishabi.net/page_items/430295725/1786444949/extra_large.jpg
Loblaws,8074308,1032451386,"ZEN GOURMET ENTREES, 450 G",zen,14.0,,,,$14.0,,2026-08-13T00:00:00-04:00,2026-08-19T23:59:59-04:00,,7577.9,-191.98,8746.55,-1086.89,http://f.wishabi.net/page_items/430295688/1786444951/extra_large.jpg
Loblaws,8074308,1032454469,"iÖGO CREAMY, 0% OR LACTOSE-FREE YOGURT, 16 X 100 G",Iögo,8.5,,,,$8.5,,2026-08-13T00:00:00-04:00,2026-08-19T23:59:59-04:00,,25533.6,-1322.59,25815.6,-1491.14,http://f.wishabi.net/page_items/430295955/1786444959/extra_large.jpg
Metro,8073382,1031847990,"12 CHICKEN TENDERS, 15 CHICKEN WINGS OR 20 CHICKEN BITES",,11.99,,,,$11.99,,2026-08-13T00:00:00-04:00,2026-08-16T23:59:59-04:00,,2003.18,-2176.48,2289.05,-2315.56,http://f.wishabi.net/page_items/429897376/1786180358/extra_large.jpg
Metro,8073420,1031853659,ACHVA MINI HALVA,,4.99,,,,$4.99,,2026-08-13T00:00:00-04:00,2026-08-19T23:59:59-04:00,,5354.69,-665.68,5521.77,-939.94,http://f.wishabi.net/page_items/429897149/1786149408/extra_large.jpg
Metro,8073420,1031853625,AISH TAMID MEMORIAL CANDLES,,1.0,,,,$1.0,,2026-08-13T00:00:00-04:00,2026-08-19T23:59:59-04:00,,3228.57,-153.05,3783.67,-723.69,http://f.wishabi.net/page_items/429897137/1786149411/extra_large.jpg
Metro,8073382,1032133637,ALCAN ALUMINUM FOIL,,6.49,,,,$6.49,,2026-08-13T00:00:00-04:00,2026-08-19T23:59:59-04:00,,17158.4,-2097.86,17245.7,-2557.85,http://f.wishabi.net/page_items/430003977/1786169007/extra_large.jpg
Metro,8073382,1032135272,ALMOND PISTACCHIO CAKE,,31.99,,,,$31.99,,2026-08-13T00:00:00-04:00,2026-08-19T23:59:59-04:00,,30733.9,-1577.61,31294.1,-1888.04,http://f.wishabi.net/page_items/429897832/1786168999/extra_large.jpg
Metro,8073420,1031853581,ALPROSE OR TUSCANINI CHOCOLATE BARS,,5.99,,,,$5.99,,2026-08-13T00:00:00-04:00,2026-08-19T23:59:59-04:00,,1400.41,-1018.29,1624.45,-1301.93,http://f.wishabi.net/page_items/429897119/1786149409/extra_large.jpg
Metro,8073420,1031853583,AMSTELVELDER OR ZAVAT SLICED CHEESE,,5.99,,,,$5.99,,2026-08-13T00:00:00-04:00,2026-08-19T23:59:59-04:00,,1258.75,-500.03,1816.41,-1009.46,http://f.wishabi.net/page_items/429897121/1786149411/extra_large.jpg
Metro,8073420,1031853621,ARIEL CHALLAH BREAD ROLLS,,8.99,,,,$8.99,,2026-08-13T00:00:00-04:00,2026-08-19T23:59:59-04:00,,2120.94,-1305.08,2544.1,-1861.33,http://f.wishabi.net/page_items/429897135/1786149409/extra_large.jpg
Metro,8073420,1031853616,ARIEL COOKIES,,6.99,,,,$6.99,,2026-08-13T00:00:00-04:00,2026-08-19T23:59:59-04:00,,2949.48,-741.92,3236.44,-921.41,http://f.wishabi.net/page_items/429897133/1786149408/extra_large.jpg
Metro,8073420,1031853639,ASIF TOASTED SHAPE PASTA,,2.99,,,,$2.99,,2026-08-13T00:00:00-04:00,2026-08-19T23:59:59-04:00,,4915.71,-664.73,5337.85,-1158.42,http://f.wishabi.net/page_items/429897141/1786149402/extra_large.jpg
Metro,8073382,1031973947,ASSORTED CALIFORNIA COMBO OR CALIFORNIA ROLL VARIETY PACK,,11.99,,,,$11.99,,2026-08-13T00:00:00-04:00,2026-08-16T23:59:59-04:00,,1744.0,-2093.39,1976.0,-2183.39,http://f.wishabi.net/page_items/429984956/1786180373/extra_large.jpg
Metro,8073382,1032135036,ASSORTED CALIFORNIA COMBO OR CALIFORNIA ROLL VARIETY PACK,,11.99,,,,$11.99,,2026-08-13T00:00:00-04:00,2026-08-19T23:59:59-04:00,,25220.6,-35.58,26690.4,-1301.09,http://f.wishabi.net/page_items/429897847/1786169003/extra_large.jpg
Metro,8073382,1031975123,ATYPIQUE NON-ALCOHOLIC COCKTAIL,,9.49,,,,$9.49,,2026-08-13T00:00:00-04:00,2026-08-19T23:59:59-04:00,,32465.0,-1924.59,32597.0,-2108.59,http://f.wishabi.net/page_items/429986090/1786472234/extra_large.jpg
Metro,8073420,1031853566,AUFSCHNITT BEEF JERKY,,6.99,,,,$6.99,,2026-08-13T00:00:00-04:00,2026-08-19T23:59:59-04:00,,149.96,-1899.08,557.13,-2328.53,http://f.wishabi.net/page_items/429897110/1786149402/extra_large.jpg
Metro,8073382,1032135618,AURORA BOUILLON CUBES,,1.25,,,,$1.25,,2026-08-13T00:00:00-04:00,2026-08-19T23:59:59-04:00,,31573.2,-1955.53,31855.6,-2134.89,http://f.wishabi.net/page_items/429920743/1786169009/extra_large.jpg
Metro,8073382,1031974646,AVOCADOS | HAVEN SALAD KITS,,3.99,,,,$3.99,,2026-08-13T00:00:00-04:00,2026-08-19T23:59:59-04:00,,192.0,-911.03,403.0,-1107.04,http://f.wishabi.net/page_items/429986143/1786180363/extra_large.jpg
Metro,8073382,1032112619,AXE BODYWASH DEODORANT OR HAIR CARE,,4.99,,,,$4.99,,2026-08-13T00:00:00-04:00,2026-08-19T23:59:59-04:00,,34289.8,-1335.26,34377.1,-1502.85,http://f.wishabi.net/page_items/429986353/1786180363/extra_large.jpg
Metro,8073382,1032137836,"AXE BODYWASH, DEODORANT OR HAIR CARE",,4.99,,,,$4.99,,2026-08-13T00:00:00-04:00,2026-08-19T23:59:59-04:00,,34201.1,-1335.26,34289.8,-1502.85,http://f.wishabi.net/page_items/429898075/1786180350/extra_large.jpg
Metro,8073382,1032132547,"AXE SHAMPOO, BODY WASH OR DEODORANT",,3.49,,,,$3.49,,2026-08-13T00:00:00-04:00,2026-08-19T23:59:59-04:00,,3026.27,-1698.17,3221.57,-2313.38,http://f.wishabi.net/page_items/429898103/1786169003/extra_large.jpg
Metro,8073420,1031853606,B'CUZ GRANOLA BITES,,4.99,,,,$4.99,,2026-08-13T00:00:00-04:00,2026-08-19T23:59:59-04:00,,2545.3,-739.82,2949.23,-1286.64,http://f.wishabi.net/page_items/429897129/1786149405/extra_large.jpg
Metro,8073382,1032104857,B-FIT HIGH PROTEIN MILKSHAKE,,3.49,,,,$3.49,,2026-08-13T00:00:00-04:00,2026-08-19T23:59:59-04:00,,33322.9,-71.11,33453.6,-264.25,http://f.wishabi.net/page_items/429898111/1786180345/extra_large.jpg
Metro,8073382,1032133622,BAKING POTATOES,,1.49,,,,$1.49,,2026-08-13T00:00:00-04:00,2026-08-19T23:59:59-04:00,,17529.9,-1274.64,18100.4,-1637.44,http://f.wishabi.net/page_items/429898160/1786169006/extra_large.jpg
Metro,8073382,1031972425,BARCEL MI TIERRA TORTILLA CHIPS,,4.99,,,,$4.99,,2026-08-13T00:00:00-04:00,2026-08-19T23:59:59-04:00,,32457.1,-1629.13,32743.9,-1909.5,http://f.wishabi.net/page_items/429898005/1786472213/extra_large.jpg
Metro,8073382,1032103869,BASIL PLANTS,,8.99,,,,$8.99,,2026-08-13T00:00:00-04:00,2026-08-19T23:59:59-04:00,,14353.1,-1935.32,14634.2,-2217.08,http://f.wishabi.net/page_items/429897516/1786180354/extra_large.jpg
Metro,8073382,1031976076,BASKIN ROBBINS ICE CREAM,,9.99,,,,$9.99,,2026-08-13T00:00:00-04:00,2026-08-19T23:59:59-04:00,,1177.21,-1754.5,1294.27,-1834.73,http://f.wishabi.net/page_items/430005858/1786180384/extra_large.jpg
Metro,8073382,1031958236,BASKIN ROBBINS OR HAAGEN-DAZS ICE CREAM,,9.99,,,,$9.99,,2026-08-13T00:00:00-04:00,2026-08-19T23:59:59-04:00,,1309.21,-1778.5,1422.27,-1912.73,http://f.wishabi.net/page_items/429984961/1786180374/extra_large.jpg
Metro,8073382,1031971252,BEATRICE CHOCOLATE MILK,,2.49,,,,$2.49,,2026-08-13T00:00:00-04:00,2026-08-19T23:59:59-04:00,,1728.95,-932.47,2009.12,-1203.9,http://f.wishabi.net/page_items/429897283/1786180346/extra_large.jpg
Metro,8073382,1032136599,BECEL MARGARINE,,4.99,,,,$4.99,,2026-08-13T00:00:00-04:00,2026-08-19T23:59:59-04:00,,33609.9,-375.78,33895.7,-674.09,http://f.wishabi.net/page_items/429898113/1786180347/extra_large.jpg
Metro,8073382,1032134601,BELGIOIOSO MINI BURRATA,,12.99,,,,$12.99,,2026-08-13T00:00:00-04:00,2026-08-19T23:59:59-04:00,,21270.7,-1914.17,21547.2,-2196.28,http://f.wishabi.net/page_items/429897584/1786472177/extra_large.jpg
Metro,8073382,1032132732,BELLE GROVE PORTABELLA MUSHROOMS,,4.79,,,,$4.79,,2026-08-13T00:00:00-04:00,2026-08-19T23:59:59-04:00,,13788.2,-662.45,14073.0,-951.79,http://f.wishabi.net/page_items/429897498/1786180343/extra_large.jpg
Metro,8073382,1031854438,BELLE GROVE WHOLE WHITE OR CREMINI MUSHROOMS,,1.99,,,,$1.99,,2026-08-13T00:00:00-04:00,2026-08-19T23:59:59-04:00,,11.63,-1317.81,248.85,-1427.9,http://f.wishabi.net/page_items/429985527/1786180354/extra_large.jpg
Metro,8073420,1031853587,BERMAN COOKIES,,2.99,,,,$2.99,,2026-08-13T00:00:00-04:00,2026-08-19T23:59:59-04:00,,764.56,-1028.18,970.55,-1310.56,http://f.wishabi.net/page_items/429986099/1786149413/extra_large.jpg
Metro,8073382,1032139384,BETTY CROCKER FRUIT SNACKS,,3.99,,,,$3.99,,2026-08-13T00:00:00-04:00,2026-08-19T23:59:59-04:00,,40965.0,-334.29,41087.8,-490.4,http://f.wishabi.net/page_items/429897867/1786168999/extra_large.jpg
Metro,8073382,1032139526,BETTY CROCKER SUPER MOIST CAKE MIX 375 - 404 G CREAMY DELUXE FROSTING 340 - 450 G,,2.49,,,,$2.49,,2026-08-13T00:00:00-04:00,2026-08-19T23:59:59-04:00,,40503.3,-947.1,40643.9,-1170.46,http://f.wishabi.net/page_items/429897874/1786169003/extra_large.jpg
Metro,8073382,1032139786,BETTY CROCKER SUPER MOIST CAKE MIX OR CREAMY DELUXE FROSTING,,2.49,,,,$2.49,,2026-08-13T00:00:00-04:00,2026-08-19T23:59:59-04:00,,40643.9,-1015.1,40775.3,-1170.46,http://f.wishabi.net/page_items/430004097/1786169012/extra_large.jpg
Metro,8073382,1031847558,"BETTY CROCKER SUPER MOIST CAKE MIX, FROSTING OR ICING",,2.49,,,,$2.49,,2026-08-13T00:00:00-04:00,2026-08-19T23:59:59-04:00,,2174.45,-1327.12,2282.79,-1467.34,http://f.wishabi.net/page_items/429897307/1786180351/extra_large.jpg
Metro,8073382,1031853483,"BLACK DIAMOND SLICED CHEESE, LACTANTIA CREAM CHEESE OR MARGARINE",,2.99,,,,$2.99,,2026-08-13T00:00:00-04:00,2026-08-19T23:59:59-04:00,,424.65,-1205.65,765.64,-1338.97,http://f.wishabi.net/page_items/429897702/1786180349/extra_large.jpg
Metro,8073382,1032104611,BLACK MISSION FIGS,,4.99,,,,$4.99,,2026-08-13T00:00:00-04:00,2026-08-19T23:59:59-04:00,,13787.7,-1597.81,14067.5,-1872.16,http://f.wishabi.net/page_items/429897509/1786180350/extra_large.jpg
Metro,8073382,1031971818,BLUE MOON NON-ALCOHOLIC BEER,,13.49,,,,$13.49,,2026-08-13T00:00:00-04:00,2026-08-19T23:59:59-04:00,,32747.2,-1917.14,33015.5,-2195.56,http://f.wishabi.net/page_items/429898011/1786472215/extra_large.jpg
Metro,8073382,1031971249,BLUEBERRIES,,4.99,,,,$4.99,,2026-08-13T00:00:00-04:00,2026-08-19T23:59:59-04:00,,1728.09,-105.61,2009.71,-373.8,http://f.wishabi.net/page_items/429897297/1786180348/extra_large.jpg
Metro,8073382,1032137805,BOB'S RED MILL MIXES,,6.49,,,,$6.49,,2026-08-13T00:00:00-04:00,2026-08-19T23:59:59-04:00,,34765.5,-707.22,35040.4,-991.37,http://f.wishabi.net/page_items/429898074/1786180349/extra_large.jpg
Metro,8073382,1032132979,BOSTON LETTUCE,,2.49,,,,$2.49,,2026-08-13T00:00:00-04:00,2026-08-19T23:59:59-04:00,,14359.9,-964.43,14633.8,-1273.22,http://f.wishabi.net/page_items/429897510/1786180350/extra_large.jpg
Metro,8073382,1032137239,BOSTON MARKET FROZEN MEAL,,5.49,,,,$5.49,,2026-08-13T00:00:00-04:00,2026-08-19T23:59:59-04:00,,33438.0,-1370.61,33590.0,-1475.61,http://f.wishabi.net/page_items/430005943/1786180369/extra_large.jpg
Metro,8073382,1032138022,BOUNTY PAPER TOWELS,,19.99,,,,$19.99,,2026-08-13T00:00:00-04:00,2026-08-19T23:59:59-04:00,,34769.0,-1597.27,35044.3,-1789.93,http://f.wishabi.net/page_items/429898081/1786180354/extra_large.jpg
Metro,8073382,1032113103,BRANDT SAUSAGE CHUBS,,7.99,,,,$7.99,,2026-08-13T00:00:00-04:00,2026-08-19T23:59:59-04:00,,20424.9,-1916.47,20701.1,-2002.73,http://f.wishabi.net/page_items/429897585/1786472178/extra_large.jpg
Metro,8073382,1032134476,"BRANDT SLICED DELI, LIVER SAUSAGE OR BRETAGNE PÂTE",,4.99,,,,$4.99,,2026-08-13T00:00:00-04:00,2026-08-19T23:59:59-04:00,,20425.9,-1633.53,20556.4,-1749.93,http://f.wishabi.net/page_items/429897577/1786472173/extra_large.jpg
Metro,8073382,1032135903,BREYERS ICE CREAM,,6.49,,,,$6.49,,2026-08-13T00:00:00-04:00,2026-08-19T23:59:59-04:00,,32743.7,-1337.49,32925.9,-1452.67,http://f.wishabi.net/page_items/429898022/1786472218/extra_large.jpg
Metro,8073382,1032133010,BROCCOLI CROWNS,,2.49,,,,$2.49,,2026-08-13T00:00:00-04:00,2026-08-19T23:59:59-04:00,,13785.6,-984.13,14073.8,-1274.1,http://f.wishabi.net/page_items/429897512/1786180352/extra_large.jpg
Metro,8073382,1032135707,BROOKSIDE CELLOPHANE CHOCOLATE,,5.99,,,,$5.99,,2026-08-13T00:00:00-04:00,2026-08-19T23:59:59-04:00,,32170.1,-1629.76,32316.1,-1815.68,http://f.wishabi.net/page_items/429898001/1786472212/extra_large.jpg
Metro,8073382,1031974680,"BUBLY, MONTELLIER OR SAN PELLEGRINO SPARKING DRINKS OR GATORADE SPORT DRINKS",,6.49,,,,$6.49,,2026-08-13T00:00:00-04:00,2026-08-19T23:59:59-04:00,,197.95,-1961.21,388.96,-2056.18,http://f.wishabi.net/page_items/429985535/1786180356/extra_large.jpg
Metro,8073382,1031853559,"BUBLY, MONTELLIER OR SAN PELLEGRINO SPARKLING DRINKS OR GATORADE SPORT DRINKS",,6.49,,,,$6.49,,2026-08-13T00:00:00-04:00,2026-08-19T23:59:59-04:00,,213.95,-1846.21,399.96,-1965.18,http://f.wishabi.net/page_items/429985540/1786180356/extra_large.jpg
Metro,8073382,1031849085,"BUBLY, MONTPELLIER OR SAN PELLEGRINO SPARKLING DRINKS OR GATORADE SPORT DRINKS",,6.49,,,,$6.49,,2026-08-13T00:00:00-04:00,2026-08-19T23:59:59-04:00,,28.95,-1848.21,205.96,-1985.18,http://f.wishabi.net/page_items/429897189/1786180343/extra_large.jpg
Metro,8073382,1031922264,BULL'S EYE OR DIANA BBQ SAUCE,,4.99,,,,$4.99,,2026-08-13T00:00:00-04:00,2026-08-19T23:59:59-04:00,,33146.0,-2240.2,33210.1,-2465.17,http://f.wishabi.net/page_items/429898128/1786180353/extra_large.jpg
Metro,8073382,1032133606,BUNCH CARROTS,,2.99,,,,$2.99,,2026-08-13T00:00:00-04:00,2026-08-19T23:59:59-04:00,,17494.5,-1634.02,18098.0,-1830.56,http://f.wishabi.net/page_items/429898159/1786169005/extra_large.jpg
Metro,8073382,1032134720,BURNBRAE FARMS HARD BOILED EGGS,,1.99,,,,$1.99,,2026-08-13T00:00:00-04:00,2026-08-19T23:59:59-04:00,,20425.0,-2206.85,20697.0,-2482.46,http://f.wishabi.net/page_items/429897591/1786472182/extra_large.jpg
Metro,8073382,1031973211,BUSH'S BEST BAKED BEANS,,2.49,,,,$2.49,,2026-08-13T00:00:00-04:00,2026-08-19T23:59:59-04:00,,1863.69,-1472.8,1998.01,-1653.81,http://f.wishabi.net/page_items/429984848/1786180359/extra_large.jpg
Metro,8073382,1031847450,BUSH'S BEST BEANS,,2.49,,,,$2.49,,2026-08-13T00:00:00-04:00,2026-08-19T23:59:59-04:00,,1729.69,-1473.8,1864.01,-1654.81,http://f.wishabi.net/page_items/429897282/1786180346/extra_large.jpg
Metro,8073382,1031973213,CAMPBELL'S SOUP BROTH,,2.22,,,,$2.22,,2026-08-13T00:00:00-04:00,2026-08-19T23:59:59-04:00,,2044.0,-1534.39,2137.0,-1658.39,http://f.wishabi.net/page_items/429984853/1786180360/extra_large.jpg
Metro,8073382,1031847810,CAMPBELL'S SOUP/BROTH OR KNORR BOUILLON CUBES,,2.22,,,,$2.22,,2026-08-13T00:00:00-04:00,2026-08-19T23:59:59-04:00,,2141.36,-1477.71,2262.56,-1659.24,http://f.wishabi.net/page_items/429897350/1786180356/extra_large.jpg
Metro,8073382,1031847882,"CASHMERE BATHROOM TISSUE, SPONGE PAPER TOWELS OR SCOTTIES FACIAL TISSUE",,9.99,,,,$9.99,,2026-08-13T00:00:00-04:00,2026-08-19T23:59:59-04:00,,2014.49,-1750.6,2127.91,-1839.79,http://f.wishabi.net/page_items/429897365/1786180359/extra_large.jpg
Metro,8073382,1032113615,CEDAR PLANKED SALMON,,6.99,,,,$6.99,,2026-08-13T00:00:00-04:00,2026-08-19T23:59:59-04:00,,20427.3,-671.78,20697.4,-964.51,http://f.wishabi.net/page_items/429897578/1786472173/extra_large.jpg
Metro,8073382,1032133555,CELERY,,2.99,,,,$2.99,,2026-08-13T00:00:00-04:00,2026-08-19T23:59:59-04:00,,17486.5,-1831.53,18099.2,-2091.33,http://f.wishabi.net/page_items/429898156/1786169003/extra_large.jpg
Metro,8073382,1032138631,CHARMIN ULTRA SOFT BATHROOM TISSUE,,19.99,,,,$19.99,,2026-08-13T00:00:00-04:00,2026-08-19T23:59:59-04:00,,35044.3,-1597.27,35320.0,-1789.93,http://f.wishabi.net/page_items/429986361/1786180368/extra_large.jpg
Metro,8073382,1032137297,CHEEMO PEROGIES,,3.49,,,,$3.49,,2026-08-13T00:00:00-04:00,2026-08-19T23:59:59-04:00,,33733.0,-1372.61,33845.0,-1491.61,http://f.wishabi.net/page_items/430005945/1786180371/extra_large.jpg
Metro,8073382,1032112937,CHEEMO PEROGIES FROZEN ENTRÉE,,3.49,,,,$3.49,,2026-08-13T00:00:00-04:00,2026-08-19T23:59:59-04:00,,33619.0,-1364.61,33731.0,-1483.61,http://f.wishabi.net/page_items/430005944/1786180370/extra_large.jpg
Metro,8073382,1032135926,CHEEZ-IT CRACKERS,,2.22,,,,$2.22,,2026-08-13T00:00:00-04:00,2026-08-19T23:59:59-04:00,,31897.4,-1337.28,31998.3,-1522.43,http://f.wishabi.net/page_items/429898024/1786472219/extra_large.jpg
Metro,8073382,1032135056,"CHICKEN WINGS (15), TENDERS (12) OR CHICKEN BITES (20)",,11.99,,,,$11.99,,2026-08-13T00:00:00-04:00,2026-08-16T23:59:59-04:00,,25315.4,-1310.63,26928.8,-2186.87,http://f.wishabi.net/page_items/430003797/1786169004/extra_large.jpg
Metro,8073382,1032134972,"CHICKEN WINGS (15), TENDERS (12) OR CHICKEN BITES (20)",,11.99,,,,$11.99,,2026-08-13T00:00:00-04:00,2026-08-19T23:59:59-04:00,,26928.8,-1310.63,28253.2,-2186.87,http://f.wishabi.net/page_items/429897844/1786169000/extra_large.jpg
Metro,8073382,1032136670,CHOLULA HOT SAUCE,,6.49,,,,$6.49,,2026-08-13T00:00:00-04:00,2026-08-19T23:59:59-04:00,,33050.3,-1583.49,33320.7,-1879.77,http://f.wishabi.net/page_items/429898118/1786180350/extra_large.jpg
Metro,8073382,1032113172,CLUB HOUSE LA GRILLE SPICES,,8.49,,,,$8.49,,2026-08-13T00:00:00-04:00,2026-08-19T23:59:59-04:00,,33610.1,-1580.19,33748.0,-1785.07,http://f.wishabi.net/page_items/429898109/1786180345/extra_large.jpg
Metro,8073382,1031847282,"COCA-COLA, CANADA DRY OR PEPSI SOFT DRINKS",,2.99,,,,$2.99,,2026-08-13T00:00:00-04:00,2026-08-19T23:59:59-04:00,,1635.46,-1204.14,1727.81,-1469.8,http://f.wishabi.net/page_items/429897254/1786180343/extra_large.jpg
Metro,8073382,1032135439,COLAVITA BALSAMIC VINEGAR OF MODENA,,4.99,,,,$4.99,,2026-08-13T00:00:00-04:00,2026-08-19T23:59:59-04:00,,31526.7,-2219.31,31640.9,-2535.8,http://f.wishabi.net/page_items/429897839/1786169004/extra_large.jpg
Metro,8073382,1032130985,COLAVITA EXTRA VIRGIN OLIVE OIL,,12.98,,,,$12.98,,2026-08-13T00:00:00-04:00,2026-08-19T23:59:59-04:00,,1026.62,-2167.22,1142.6,-2477.43,http://f.wishabi.net/page_items/429898260/1786180354/extra_large.jpg
Metro,8073382,1032138872,COME BACK SNACKS POPCORN,,5.99,,,,$5.99,,2026-08-13T00:00:00-04:00,2026-08-19T23:59:59-04:00,,35909.1,-1354.23,36161.4,-1813.02,http://f.wishabi.net/page_items/430004119/1786169004/extra_large.jpg
Metro,8073382,1032138039,COOL WAY FROZEN DESSERT,,6.49,,,,$6.49,,2026-08-13T00:00:00-04:00,2026-08-19T23:59:59-04:00,,34203.2,-705.06,34477.2,-984.99,http://f.wishabi.net/page_items/429898083/1786180354/extra_large.jpg
Metro,8073382,1032133052,"CORED PINEAPPLES, FRUIT SENSATIONS OR BERRY CUPS",,10.0,,,,$10.0,,2026-08-13T00:00:00-04:00,2026-08-19T23:59:59-04:00,,13529.4,-2000.39,13681.1,-2085.2,http://f.wishabi.net/page_items/429897514/1786180353/extra_large.jpg
Metro,8073382,1032106460,"CORED PINEAPPLES, FRUIT SENSATIONS, BERRY CUPS",,10.0,,,,$10.0,,2026-08-13T00:00:00-04:00,2026-08-19T23:59:59-04:00,,13690.4,-1938.39,13793.1,-2069.2,http://f.wishabi.net/page_items/429999353/1786180363/extra_large.jpg
Metro,8073420,1031853608,CROWN CUPS,,8.99,,,,$8.99,,2026-08-13T00:00:00-04:00,2026-08-19T23:59:59-04:00,,2957.91,-1869.95,3352.88,-2409.45,http://f.wishabi.net/page_items/429897130/1786149405/extra_large.jpg
Metro,8073420,1031853597,CROWN DELUXE ALUMINIUM ROASTER PANS,,3.99,,,,$3.99,,2026-08-13T00:00:00-04:00,2026-08-19T23:59:59-04:00,,3355.43,-1876.71,3788.32,-2409.56,http://f.wishabi.net/page_items/429897125/1786149402/extra_large.jpg
Metro,8073420,1031853565,CROWN HEARTS OF PALMS,,1.99,,,,$1.99,,2026-08-13T00:00:00-04:00,2026-08-19T23:59:59-04:00,,565.55,-1457.84,982.6,-1894.35,http://f.wishabi.net/page_items/429897109/1786149401/extra_large.jpg
Metro,8073420,1031853585,CROWN HONEY BEAR,,5.99,,,,$5.99,,2026-08-13T00:00:00-04:00,2026-08-19T23:59:59-04:00,,508.93,-581.51,698.63,-1014.31,http://f.wishabi.net/page_items/429986098/1786149412/extra_large.jpg
Metro,8073420,1031853641,CROWN KNISHES,,5.99,,,,$5.99,,2026-08-13T00:00:00-04:00,2026-08-19T23:59:59-04:00,,4494.48,-1168.47,4918.46,-1678.21,http://f.wishabi.net/page_items/429897142/1786149403/extra_large.jpg
Metro,8073420,1031853567,CROWN LIGHT TUNA,,2.49,,,,$2.49,,2026-08-13T00:00:00-04:00,2026-08-19T23:59:59-04:00,,985.26,-1022.6,1402.27,-1453.69,http://f.wishabi.net/page_items/429897111/1786149403/extra_large.jpg
Metro,8073382,1032137539,DAIYA MAC & CHEESE,,5.49,,,,$5.49,,2026-08-13T00:00:00-04:00,2026-08-19T23:59:59-04:00,,35039.7,-990.95,35314.9,-1273.43,http://f.wishabi.net/page_items/429898065/1786180343/extra_large.jpg
Metro,8073382,1031974092,DEL MONTE SORBET OR IOGO FROZEN YOGURT,,6.99,,,,$6.99,,2026-08-13T00:00:00-04:00,2026-08-19T23:59:59-04:00,,1602.79,-1788.21,1705.71,-1916.5,http://f.wishabi.net/page_items/429984966/1786180375/extra_large.jpg
Metro,8073382,1031847738,DEL MONTE SORBET OR IÖGO FROZEN YOGURT,,6.99,,,,$6.99,,2026-08-13T00:00:00-04:00,2026-08-19T23:59:59-04:00,,1458.79,-1752.21,1606.71,-1854.5,http://f.wishabi.net/page_items/429897332/1786180354/extra_large.jpg
Metro,8073382,1032136223,DEMPSTER'S ENGLISH MUFFINS,,2.99,,,,$2.99,,2026-08-13T00:00:00-04:00,2026-08-19T23:59:59-04:00,,32742.8,-961.66,33015.8,-1273.37,http://f.wishabi.net/page_items/429898163/1786472229/extra_large.jpg
Metro,8073382,1032132849,DONUT PEACHES,,7.99,,,,$7.99,,2026-08-13T00:00:00-04:00,2026-08-19T23:59:59-04:00,,14076.2,-373.3,14355.8,-659.41,http://f.wishabi.net/page_items/429897504/1786180347/extra_large.jpg
Metro,8073382,1032132368,DORITOS TORTILLA CHIPS,,9.0,,,,$9.0,,2026-08-13T00:00:00-04:00,2026-08-19T23:59:59-04:00,,1305.79,-929.92,1441.53,-1111.83,http://f.wishabi.net/page_items/429986104/1786476107/extra_large.jpg
Metro,8073382,1031853241,DORITOS TORTILLA CHIPS OR CHEETOS SNACKS,,9.0,,,,$9.0,,2026-08-13T00:00:00-04:00,2026-08-19T23:59:59-04:00,,1166.79,-927.92,1308.53,-1058.83,http://f.wishabi.net/page_items/429897272/1786180345/extra_large.jpg
Metro,8073382,1032133154,DOZEN ROSES,,20.0,,,,$20.0,,2026-08-13T00:00:00-04:00,2026-08-19T23:59:59-04:00,,14079.9,-1934.8,14354.1,-2216.44,http://f.wishabi.net/page_items/429897518/1786180355/extra_large.jpg
Metro,8073382,1031847534,DR. OETKER RISTORANTE OR CASA DI MAMA PIZZA,,5.99,,,,$5.99,,2026-08-13T00:00:00-04:00,2026-08-19T23:59:59-04:00,,1448.75,-1471.3,1573.72,-1628.16,http://f.wishabi.net/page_items/429897296/1786180349/extra_large.jpg
Metro,8073382,1031973959,DR.OETKER RISTORANTE OR CASA DI MAMA PIZZA,,5.99,,,,$5.99,,2026-08-13T00:00:00-04:00,2026-08-19T23:59:59-04:00,,1575.75,-1519.3,1723.72,-1657.16,http://f.wishabi.net/page_items/429984931/1786180371/extra_large.jpg
Metro,8073420,1031853602,DÉCOR EDGE PLATES OR COMBO,,14.99,,,,$14.99,,2026-08-13T00:00:00-04:00,2026-08-19T23:59:59-04:00,,2528.52,-1867.77,2956.26,-2405.52,http://f.wishabi.net/page_items/429897127/1786149403/extra_large.jpg
Metro,8073382,1032132827,EGGPLANT,,1.99,,,,$1.99,,2026-08-13T00:00:00-04:00,2026-08-19T23:59:59-04:00,,14077.5,-661.93,14360.1,-951.03,http://f.wishabi.net/page_items/429897503/1786180346/extra_large.jpg
Metro,8073382,1031957926,EGGPLANTS OR GREEN PEPPERS,,9.99,,,,$9.99,,2026-08-13T00:00:00-04:00,2026-08-19T23:59:59-04:00,,176.0,-665.03,423.0,-790.03,http://f.wishabi.net/page_items/429986146/1786180364/extra_large.jpg
Metro,8073382,1032137926,ELMHURST OAT CREAMER,,8.49,,,,$8.49,,2026-08-13T00:00:00-04:00,2026-08-19T23:59:59-04:00,,35039.8,-705.46,35316.1,-991.94,http://f.wishabi.net/page_items/429898077/1786180351/extra_large.jpg
Metro,8073382,1032132461,ESKA NATURAL SPRING WATER,,5.99,,,,$5.99,,2026-08-13T00:00:00-04:00,2026-08-19T23:59:59-04:00,,2313.92,-1701.44,3021.64,-2402.43,http://f.wishabi.net/page_items/429898099/1786168999/extra_large.jpg
Metro,8073382,1032135155,FALAFEL GRAIN BOWL,,10.99,,,,$10.99,,2026-08-13T00:00:00-04:00,2026-08-19T23:59:59-04:00,,29314.2,0.0,30351.7,-644.5,http://f.wishabi.net/page_items/429897862/1786169001/extra_large.jpg
Metro,8073382,1032137946,FARM GIRL CEREAL,,8.99,,,,$8.99,,2026-08-13T00:00:00-04:00,2026-08-19T23:59:59-04:00,,34476.4,-698.66,34754.8,-983.07,http://f.wishabi.net/page_items/429898078/1786180352/extra_large.jpg
Metro,8073420,1031853648,FEATURE HERRING FILLETS IN WINE MARINADE,,7.49,,,,$7.49,,2026-08-13T00:00:00-04:00,2026-08-19T23:59:59-04:00,,5339.39,-1685.44,5753.63,-2177.59,http://f.wishabi.net/page_items/429897145/1786149405/extra_large.jpg
Metro,8073382,1032138604,FINISH DISHWASHING TABLETS,,24.99,,,,$24.99,,2026-08-13T00:00:00-04:00,2026-08-19T23:59:59-04:00,,35169.5,-1373.59,35312.1,-1492.88,http://f.wishabi.net/page_items/429986360/1786180367/extra_large.jpg
Metro,8073382,1032135635,FIUGGI WATER,,2.99,,,,$2.99,,2026-08-13T00:00:00-04:00,2026-08-19T23:59:59-04:00,,30918.9,-2211.89,31021.2,-2542.05,http://f.wishabi.net/page_items/429920744/1786169010/extra_large.jpg
Metro,8073382,1032132701,FLAVOR BOMBS TOMATOES,,5.99,,,,$5.99,,2026-08-13T00:00:00-04:00,2026-08-19T23:59:59-04:00,,14356.9,-369.6,14633.1,-657.38,http://f.wishabi.net/page_items/429897496/1786180342/extra_large.jpg
Metro,8073382,1032133799,FRESH 2 GO BBQ PORK BACK RIBS,,14.99,,,,$14.99,,2026-08-13T00:00:00-04:00,2026-08-19T23:59:59-04:00,,18108.6,-547.06,18652.2,-939.72,http://f.wishabi.net/page_items/429898145/1786169004/extra_large.jpg
Metro,8073382,1032134897,FRESH 2 GO WRAP & SUMMER FRESH SINGLE SERVE SALAD,,9.0,,,,$9.0,,2026-08-13T00:00:00-04:00,2026-08-19T23:59:59-04:00,,20985.2,-2201.97,21544.6,-2482.11,http://f.wishabi.net/page_items/429897602/1786472189/extra_large.jpg
Metro,8073382,1032135117,FRESH BOWLS,,10.99,,,,$10.99,,2026-08-13T00:00:00-04:00,2026-08-19T23:59:59-04:00,,28436.5,-1909.71,29517.9,-2539.63,http://f.wishabi.net/page_items/429897860/1786168999/extra_large.jpg
Metro,8073382,1031974101,FRESH CAROUSELS,,11.99,,,,$11.99,,2026-08-13T00:00:00-04:00,2026-08-16T23:59:59-04:00,,2035.0,-2021.39,2284.0,-2174.39,http://f.wishabi.net/page_items/429984951/1786180373/extra_large.jpg
Metro,8073382,1032135014,FRESH CAROUSELS,,11.99,,,,$11.99,,2026-08-13T00:00:00-04:00,2026-08-19T23:59:59-04:00,,26697.1,-2.68,28404.5,-1280.5,http://f.wishabi.net/page_items/429897846/1786169002/extra_large.jpg
Metro,8073382,1031971202,FRESH COHO SALMON FILLETS VALUE PACK | NANUK SMOKED COHO SALMON,,9.99,,,,$9.99,,2026-08-13T00:00:00-04:00,2026-08-19T23:59:59-04:00,,14.66,-1531.72,421.36,-1841.41,http://f.wishabi.net/page_items/429897220/1786180350/extra_large.jpg
Metro,8073382,1032134140,FRESH LAMB LEG,,8.99,,,,$8.99,,2026-08-13T00:00:00-04:00,2026-08-19T23:59:59-04:00,,19267.5,-961.48,19828.1,-1276.9,http://f.wishabi.net/page_items/429897538/1786180347/extra_large.jpg
Metro,8073382,1032133785,FRESH PORK BACK RIBS,,7.99,,,,$7.99,,2026-08-13T00:00:00-04:00,2026-08-19T23:59:59-04:00,,18657.8,-940.21,19247.6,-1287.63,http://f.wishabi.net/page_items/429898144/1786169004/extra_large.jpg
Metro,8073382,1032103952,FRESH PORK BELLIES,,6.99,,,,$6.99,,2026-08-13T00:00:00-04:00,2026-08-19T23:59:59-04:00,,19267.9,-659.38,19828.0,-957.53,http://f.wishabi.net/page_items/429897543/1786180349/extra_large.jpg
Metro,8073382,1031971613,FRESH PORK TENDERLOIN VALUE PACK,,3.99,,,,$3.99,,2026-08-13T00:00:00-04:00,2026-08-19T23:59:59-04:00,,420.77,-579.7,787.27,-883.6,http://f.wishabi.net/page_items/429897698/1786180347/extra_large.jpg
Metro,8073382,1032134256,FRESH SPLIT CHICKEN WINGS,,5.99,,,,$5.99,,2026-08-13T00:00:00-04:00,2026-08-19T23:59:59-04:00,,19825.7,-661.45,20394.8,-950.35,http://f.wishabi.net/page_items/429897546/1786180351/extra_large.jpg
Metro,8073382,1031972728,FRONT STREET BAKERY CHEESE BUNS OR CHEESE STICKS,,5.99,,,,$5.99,,2026-08-13T00:00:00-04:00,2026-08-19T23:59:59-04:00,,32168.9,-354.5,32452.8,-644.55,http://f.wishabi.net/page_items/429898036/1786472223/extra_large.jpg
Metro,8073382,1031972183,FRONT STREET BAKERY COOKIE BITES,,4.99,,,,$4.99,,2026-08-13T00:00:00-04:00,2026-08-19T23:59:59-04:00,,32171.5,-970.95,32452.3,-1268.71,http://f.wishabi.net/page_items/429898034/1786472222/extra_large.jpg
Metro,8073382,1031972181,FRONT STREET BAKERY CUPCAKES,,2.99,,,,$2.99,,2026-08-13T00:00:00-04:00,2026-08-19T23:59:59-04:00,,32742.0,-341.0,33017.7,-644.32,http://f.wishabi.net/page_items/429898028/1786472220/extra_large.jpg
Metro,8073382,1031925612,FRONT STREET BAKERY HALF CAKES,,17.99,,,,$17.99,,2026-08-13T00:00:00-04:00,2026-08-19T23:59:59-04:00,,32460.7,-346.94,32743.5,-643.51,http://f.wishabi.net/page_items/429898026/1786472219/extra_large.jpg
Metro,8073382,1031975129,FRONT STREET BAKERY HAMBURGER OR HOT DOG BUNS,,4.29,,,,$4.29,,2026-08-13T00:00:00-04:00,2026-08-19T23:59:59-04:00,,31970.7,-455.92,32142.8,-547.4,http://f.wishabi.net/page_items/429986096/1786472235/extra_large.jpg
Metro,8073382,1031972405,FRONT STREET BAKERY HOMESTYLE WHITE OR WHOLE WHEAT BREAD,,4.49,,,,$4.49,,2026-08-13T00:00:00-04:00,2026-08-19T23:59:59-04:00,,32171.7,-62.31,32452.9,-338.64,http://f.wishabi.net/page_items/429898046/1786472226/extra_large.jpg
Metro,8073382,1031972527,FRONT STREET BAKERY MINI CROISSANTS,,4.99,,,,$4.99,,2026-08-13T00:00:00-04:00,2026-08-19T23:59:59-04:00,,31896.5,-972.71,32171.6,-1266.86,http://f.wishabi.net/page_items/429898044/1786472226/extra_large.jpg
Metro,8073382,1031972165,FRONT STREET BAKERY MINI DESSERT CAKES,,11.99,,,,$11.99,,2026-08-13T00:00:00-04:00,2026-08-19T23:59:59-04:00,,32740.3,-67.22,33018.0,-338.63,http://f.wishabi.net/page_items/429898032/1786472221/extra_large.jpg
Metro,8073382,1031972128,FRONT STREET BAKERY RYE BREADS,,4.49,,,,$4.49,,2026-08-13T00:00:00-04:00,2026-08-19T23:59:59-04:00,,31894.5,-67.45,32171.7,-333.89,http://f.wishabi.net/page_items/429898040/1786472224/extra_large.jpg
Metro,8073382,1032135350,FRONT STREET BAKERY TOSCANO BREAD,,4.99,,,,$4.99,,2026-08-13T00:00:00-04:00,2026-08-19T23:59:59-04:00,,31292.4,-1583.47,31868.2,-1892.87,http://f.wishabi.net/page_items/429897835/1786169001/extra_large.jpg
Metro,8073382,1031974715,FUZE ICED TEA,,7.99,,,,$7.99,,2026-08-13T00:00:00-04:00,2026-08-19T23:59:59-04:00,,32286.9,-1914.23,32436.8,-2043.14,http://f.wishabi.net/page_items/429986088/1786472233/extra_large.jpg
Metro,8073382,1031974093,"G.H.CREATOR POPCORN, NEAL BROTHERS SALSA OR LA CROIX SPARKLING WATER",,5.49,,,,$5.49,,2026-08-13T00:00:00-04:00,2026-08-19T23:59:59-04:00,,1288.76,-1636.28,1357.45,-1739.19,http://f.wishabi.net/page_items/429984921/1786180369/extra_large.jpg
Metro,8073382,1032132400,"G.H.CREATORS POPCORN, NEAL BROTHERS SALSA OR LA CROIX SPARKLING WATER",,5.49,,,,$5.49,,2026-08-13T00:00:00-04:00,2026-08-19T23:59:59-04:00,,1161.0,-1639.19,1284.0,-1742.19,http://f.wishabi.net/page_items/429986109/1786180372/extra_large.jpg
Metro,8073382,1031974063,"G.H.CRETORS POPCORN, NEAL BROTHERS SALSA OR LA CROIX SPARKLING WATER",,5.49,,,,$5.49,,2026-08-13T00:00:00-04:00,2026-08-19T23:59:59-04:00,,1325.76,-1513.28,1447.45,-1644.19,http://f.wishabi.net/page_items/429984926/1786180370/extra_large.jpg
Metro,8073382,1032134777,GARDEN FRESH TORTILLA CHIPS OR SALSA,,5.99,,,,$5.99,,2026-08-13T00:00:00-04:00,2026-08-19T23:59:59-04:00,,20697.1,-2203.54,20981.8,-2482.14,http://f.wishabi.net/page_items/429897595/1786472185/extra_large.jpg
Metro,8073382,1032137602,GARNIER HAIR CARE,,4.99,,,,$4.99,,2026-08-13T00:00:00-04:00,2026-08-19T23:59:59-04:00,,34565.6,-1601.7,34634.3,-1866.58,http://f.wishabi.net/page_items/429898069/1786180346/extra_large.jpg
Metro,8073382,1032138512,GARNIER HAIR CARE,,4.9,,,,$4.9,,2026-08-13T00:00:00-04:00,2026-08-19T23:59:59-04:00,,34634.3,-1601.7,34755.6,-1866.58,http://f.wishabi.net/page_items/429986357/1786180365/extra_large.jpg
Metro,8073420,1031853632,GEFEN COOKED WHOLE BEETS,,2.49,,,,$2.49,,2026-08-13T00:00:00-04:00,2026-08-19T23:59:59-04:00,,4497.01,-1684.37,4916.93,-2175.46,http://f.wishabi.net/page_items/429897138/1786149400/extra_large.jpg
Metro,8073420,1031853667,GEFEN MANDARINS,,1.99,,,,$1.99,,2026-08-13T00:00:00-04:00,2026-08-19T23:59:59-04:00,,4500.19,-660.31,4914.45,-1161.89,http://f.wishabi.net/page_items/429897152/1786149410/extra_large.jpg
Metro,8073382,1032139986,GENERAL MILLS FAMILY SIZE CEREAL,,6.49,,,,$6.49,,2026-08-13T00:00:00-04:00,2026-08-19T23:59:59-04:00,,40583.8,-15.03,40708.2,-218.9,http://f.wishabi.net/page_items/430004105/1786169017/extra_large.jpg
Metro,8073382,1032139419,GENERAL MILLS K-POP LUCKY CHARMS OR CINNAMON TOAST CRUNCH CEREAL,,4.99,,,,$4.99,,2026-08-13T00:00:00-04:00,2026-08-19T23:59:59-04:00,,40095.1,-941.43,40258.4,-1230.98,http://f.wishabi.net/page_items/429897869/1786169000/extra_large.jpg
Metro,8073382,1031972849,GLADE AIR FRESHENER KITS,,8.99,,,,$8.99,,2026-08-13T00:00:00-04:00,2026-08-19T23:59:59-04:00,,35035.3,-2245.84,35313.1,-2488.09,http://f.wishabi.net/page_items/429898087/1786180356/extra_large.jpg
Metro,8073382,1032137121,GO PURE SNACK BARS,,3.99,,,,$3.99,,2026-08-13T00:00:00-04:00,2026-08-19T23:59:59-04:00,,33749.0,-713.26,33886.0,-868.26,http://f.wishabi.net/page_items/430005937/1786180366/extra_large.jpg
Metro,8073382,1032134019,GOLD LABEL CHICKEN SAUSAGES,,4.99,,,,$4.99,,2026-08-13T00:00:00-04:00,2026-08-19T23:59:59-04:00,,19273.4,-1893.58,19546.9,-2188.21,http://f.wishabi.net/page_items/429897530/1786180343/extra_large.jpg
Metro,8073420,1031853662,GOLD'S DUCK SAUCE,,5.99,,,,$5.99,,2026-08-13T00:00:00-04:00,2026-08-19T23:59:59-04:00,,4089.29,-1684.54,4494.63,-2180.22,http://f.wishabi.net/page_items/429897150/1786149409/extra_large.jpg
Metro,8073420,1031853595,GOLDEN FLUFF FLUTES OR POPCORN,,3.99,,,,$3.99,,2026-08-13T00:00:00-04:00,2026-08-19T23:59:59-04:00,,3358.43,-1291.34,3784.38,-1861.16,http://f.wishabi.net/page_items/429897124/1786149401/extra_large.jpg
Metro,8073382,1032132889,GOODLEAF MICROGREENS,,3.99,,,,$3.99,,2026-08-13T00:00:00-04:00,2026-08-19T23:59:59-04:00,,13516.1,-658.48,13787.6,-953.95,http://f.wishabi.net/page_items/429897506/1786180348/extra_large.jpg
Metro,8073382,1032133484,GREEN CABBAGE,,0.99,,,,$0.99,,2026-08-13T00:00:00-04:00,2026-08-19T23:59:59-04:00,,16957.5,-1668.76,17479.8,-2085.37,http://f.wishabi.net/page_items/429898152/1786169000/extra_large.jpg
Metro,8073382,1032133173,GREENBELT ORGANIC GREENS,,4.99,,,,$4.99,,2026-08-13T00:00:00-04:00,2026-08-19T23:59:59-04:00,,14081.2,-1339.97,14359.4,-1594.54,http://f.wishabi.net/page_items/429897519/1786180356/extra_large.jpg
Metro,8073382,1032138054,GT'S SYNERGY KOMBUCHA,,12.49,,,,$12.49,,2026-08-13T00:00:00-04:00,2026-08-19T23:59:59-04:00,,35038.5,-61.03,35316.7,-333.19,http://f.wishabi.net/page_items/429898084/1786180355/extra_large.jpg
Metro,8073382,1031847846,HAAGEN-DAZS ICE CREAM,,9.99,,,,$9.99,,2026-08-13T00:00:00-04:00,2026-08-19T23:59:59-04:00,,1293.21,-1770.5,1426.27,-1920.73,http://f.wishabi.net/page_items/429897355/1786180357/extra_large.jpg
Metro,8073382,1032138770,HALENDA'S KOBASSA SAUSAGE,,6.49,,,,$6.49,,2026-08-13T00:00:00-04:00,2026-08-19T23:59:59-04:00,,36810.0,-602.09,37120.7,-981.42,http://f.wishabi.net/page_items/429898302/1786169002/extra_large.jpg
Metro,8073382,1032138998,HALENDA'S MILD OR HOT PEPPERETTES,,3.99,,,,$3.99,,2026-08-13T00:00:00-04:00,2026-08-19T23:59:59-04:00,,35938.9,-597.37,36270.3,-1182.47,http://f.wishabi.net/page_items/430004124/1786169008/extra_large.jpg
Metro,8073382,1032138722,"HALENDA'S MINI SMOKED HAM, SLICE BACK BACON OR SMOKED PORK CHOP",,5.99,,,,$5.99,,2026-08-13T00:00:00-04:00,2026-08-19T23:59:59-04:00,,36813.6,-1181.3,37288.6,-1486.9,http://f.wishabi.net/page_items/429898300/1786169001/extra_large.jpg
Metro,8073382,1032138969,HALENDAS KOBASSA SAUSAGE,,6.49,,,,$6.49,,2026-08-13T00:00:00-04:00,2026-08-19T23:59:59-04:00,,36906.2,-981.42,37435.1,-1179.02,http://f.wishabi.net/page_items/430004123/1786169007/extra_large.jpg
Metro,8073382,1031972015,HAWKINS CHEEZIES,,3.99,,,,$3.99,,2026-08-13T00:00:00-04:00,2026-08-19T23:59:59-04:00,,32456.1,-1339.61,32743.4,-1627.46,http://f.wishabi.net/page_items/429898015/1786472217/extra_large.jpg
Metro,8073382,1032133538,HEFTY ECOSAVE COMPOSTABLE PLATES,,5.99,,,,$5.99,,2026-08-13T00:00:00-04:00,2026-08-19T23:59:59-04:00,,17246.2,-2154.12,17528.0,-2558.38,http://f.wishabi.net/page_items/429898155/1786169003/extra_large.jpg
Metro,8073382,1031848915,HEINZ KETCHUP OR FRIES MCCAIN FRENCH FRIES,,4.99,,,,$4.99,,2026-08-13T00:00:00-04:00,2026-08-19T23:59:59-04:00,,435.2,-1858.02,648.98,-1987.19,http://f.wishabi.net/page_items/429897163/1786180340/extra_large.jpg
Metro,8073382,1031974412,HEINZ KETCHUP OR MCCAIN FRENCH FRIES,,4.99,,,,$4.99,,2026-08-13T00:00:00-04:00,2026-08-19T23:59:59-04:00,,692.2,-1855.02,766.98,-2101.19,http://f.wishabi.net/page_items/429985545/1786180357/extra_large.jpg
Metro,8073382,1032135728,HERSHEY'S CHOCOLATE BARS,,3.49,,,,$3.49,,2026-08-13T00:00:00-04:00,2026-08-19T23:59:59-04:00,,31916.2,-1627.44,32036.7,-1816.94,http://f.wishabi.net/page_items/429898003/1786472212/extra_large.jpg
Metro,8073382,1031971381,HOT MAMMOTH BBQ CHICKEN,,11.99,,,,$11.99,,2026-08-13T00:00:00-04:00,2026-08-16T23:59:59-04:00,,1518.73,-2033.93,1731.15,-2313.3,http://f.wishabi.net/page_items/429897381/1786180359/extra_large.jpg
Metro,8073382,1032134078,"IMPOSSIBLE PLANT-BASED BURGERS, NUGGETS OR GROUND",,7.99,,,,$7.99,,2026-08-13T00:00:00-04:00,2026-08-19T23:59:59-04:00,,20122.0,-1894.59,20395.2,-2189.17,http://f.wishabi.net/page_items/429897534/1786180345/extra_large.jpg
Metro,8073382,1031975030,INSIDE VEAL LEG CUTLET FOR SCALLOPINI VALUE PACK OR VEAL LOIN CHOPS,,12.99,,,,$12.99,,2026-08-13T00:00:00-04:00,2026-08-19T23:59:59-04:00,,552.0,-243.04,759.0,-395.04,http://f.wishabi.net/page_items/429986149/1786180364/extra_large.jpg
Metro,8073382,1032136472,IRINI EXTRA VIRGIN OLIVE OIL,,12.49,,,,$12.49,,2026-08-13T00:00:00-04:00,2026-08-19T23:59:59-04:00,,33321.2,-1580.94,33606.6,-1879.93,http://f.wishabi.net/page_items/429898106/1786180343/extra_large.jpg
Metro,8073382,1032134808,IRRESISTIBLE ATLANTIC OR SOCKEYE SMOKED SALMON,,10.99,,,,$10.99,,2026-08-13T00:00:00-04:00,2026-08-19T23:59:59-04:00,,21274.3,-1034.64,21544.3,-1273.55,http://f.wishabi.net/page_items/429897597/1786472186/extra_large.jpg
Metro,8073382,1032133736,IRRESISTIBLE BANDERILLA SKEWERS,,3.99,,,,$3.99,,2026-08-13T00:00:00-04:00,2026-08-19T23:59:59-04:00,,18954.8,-2146.44,19251.1,-2559.06,http://f.wishabi.net/page_items/429898141/1786169001/extra_large.jpg
Metro,8073382,1032133898,IRRESISTIBLE BBQ SAUCE,,3.49,,,,$3.49,,2026-08-13T00:00:00-04:00,2026-08-19T23:59:59-04:00,,18555.0,-2147.37,18673.5,-2459.89,http://f.wishabi.net/page_items/430003888/1786169008/extra_large.jpg
Metro,8073382,1032136239,IRRESISTIBLE BUNS,,4.49,,,,$4.49,,2026-08-13T00:00:00-04:00,2026-08-19T23:59:59-04:00,,32743.0,-716.11,33014.8,-952.49,http://f.wishabi.net/page_items/429898164/1786472230/extra_large.jpg
Metro,8073382,1031972235,IRRESISTIBLE COFFEE CAKES,,10.99,,,,$10.99,,2026-08-13T00:00:00-04:00,2026-08-19T23:59:59-04:00,,32169.4,-719.47,32444.8,-951.33,http://f.wishabi.net/page_items/429898049/1786472227/extra_large.jpg
Metro,8073382,1032113232,IRRESISTIBLE MARYLAND STYLE CRAB CAKES,,10.99,,,,$10.99,,2026-08-13T00:00:00-04:00,2026-08-19T23:59:59-04:00,,20985.2,-1039.01,21273.8,-1272.35,http://f.wishabi.net/page_items/429897600/1786472188/extra_large.jpg
Metro,8073382,1031972363,IRRESISTIBLE MOUSSE CAKES,,26.99,,,,$26.99,,2026-08-13T00:00:00-04:00,2026-08-19T23:59:59-04:00,,32461.2,-66.83,32741.4,-343.3,http://f.wishabi.net/page_items/429898038/1786472224/extra_large.jpg
Metro,8073382,1031849215,IRRESISTIBLE MUFFINS,,4.99,,,,$4.99,,2026-08-13T00:00:00-04:00,2026-08-19T23:59:59-04:00,,783.58,-885.17,1008.46,-989.65,http://f.wishabi.net/page_items/429897462/1786180347/extra_large.jpg
Metro,8073382,1032136614,IRRESISTIBLE OLIVES,,3.99,,,,$3.99,,2026-08-13T00:00:00-04:00,2026-08-19T23:59:59-04:00,,33894.6,-1583.26,34165.9,-1880.45,http://f.wishabi.net/page_items/429898114/1786180348/extra_large.jpg
Metro,8073382,1031972390,IRRESISTIBLE PORTUGUESE CUSTARD TARTS,,7.99,,,,$7.99,,2026-08-13T00:00:00-04:00,2026-08-19T23:59:59-04:00,,31897.6,-717.34,32170.6,-951.08,http://f.wishabi.net/page_items/429898051/1786472227/extra_large.jpg
Metro,8073382,1032134832,IRRESISTIBLE SALMON BURGERS,,7.99,,,,$7.99,,2026-08-13T00:00:00-04:00,2026-08-19T23:59:59-04:00,,20429.7,-1037.1,20699.4,-1272.83,http://f.wishabi.net/page_items/429897599/1786472187/extra_large.jpg
Metro,8073382,1032134792,IRRESISTIBLE SMALL BAY SCALLOPS,,9.99,,,,$9.99,,2026-08-13T00:00:00-04:00,2026-08-19T23:59:59-04:00,,20698.4,-1039.93,20979.7,-1273.42,http://f.wishabi.net/page_items/429897596/1786472185/extra_large.jpg
Metro,8073382,1032134669,"IRRESISTIBLES ARTISAN MONTREAL SMOKED MEAT, CORNED BEEF OR PASTRAMI",,3.49,,,,$3.49,,2026-08-13T00:00:00-04:00,2026-08-19T23:59:59-04:00,,20425.8,-1339.66,20702.1,-1630.32,http://f.wishabi.net/page_items/429897588/1786472180/extra_large.jpg
Metro,8073382,1031973824,IRRESISTIBLES ARTISAN TURKEY BREAST,,3.49,,,,$3.49,,2026-08-13T00:00:00-04:00,2026-08-19T23:59:59-04:00,,1731.87,-716.63,1879.03,-837.11,http://f.wishabi.net/page_items/429984888/1786180364/extra_large.jpg
Metro,8073382,1031847258,IRRESISTIBLES ARTISAN TURKEY BREAST OR CASTELLO HAVARTI,,3.49,,,,$3.49,,2026-08-13T00:00:00-04:00,2026-08-19T23:59:59-04:00,,1879.87,-658.63,2009.03,-839.11,http://f.wishabi.net/page_items/429897251/1786180342/extra_large.jpg
Metro,8073382,1032137028,IRRESISTIBLES MAPLE SYRUP,,14.99,,,,$14.99,,2026-08-13T00:00:00-04:00,2026-08-19T23:59:59-04:00,,33185.3,-370.43,33321.0,-569.49,http://f.wishabi.net/page_items/430005932/1786180362/extra_large.jpg
Metro,8073382,1031972538,IRRESISTIBLES NAAN FLATBREADS,,3.29,,,,$3.29,,2026-08-13T00:00:00-04:00,2026-08-19T23:59:59-04:00,,32449.8,-719.23,32740.6,-951.27,http://f.wishabi.net/page_items/429898053/1786472228/extra_large.jpg
Metro,8073382,1032530784,IRRÉSISTIBLE | METRO,,,,,,,,2026-08-13T00:00:00-04:00,2026-08-19T23:59:59-04:00,,31904.0,-664.11,33011.1,-705.97,http://f.wishabi.net/page_items/430346437/1786472236/extra_large.jpg
Metro,8073382,1032139100,JAMIESON CALCIUM MAGNESIUM,,11.99,,,,$11.99,,2026-08-13T00:00:00-04:00,2026-08-19T23:59:59-04:00,,37643.9,-1275.96,37952.9,-1837.73,http://f.wishabi.net/page_items/429897893/1786169001/extra_large.jpg
Metro,8073382,1032139139,JAMIESON ESSENTIALS PROBIOTIC,,19.99,,,,$19.99,,2026-08-13T00:00:00-04:00,2026-08-19T23:59:59-04:00,,39242.8,-667.51,39943.4,-1291.21,http://f.wishabi.net/page_items/429897895/1786169002/extra_large.jpg
Metro,8073382,1032139177,JAMIESON IRON SUPPLEMENT,,9.99,,,,$9.99,,2026-08-13T00:00:00-04:00,2026-08-19T23:59:59-04:00,,38545.4,-1908.77,39232.1,-2527.63,http://f.wishabi.net/page_items/429897897/1786169004/extra_large.jpg
Metro,8073382,1032139081,JAMIESON MAGNESIUM +D3,,12.99,,,,$12.99,,2026-08-13T00:00:00-04:00,2026-08-19T23:59:59-04:00,,39234.6,-1293.13,39937.0,-1905.8,http://f.wishabi.net/page_items/429897892/1786169000/extra_large.jpg
Metro,8073382,1032139192,JAMIESON MAGNESIUM BISGLYCINATE,,9.99,,,,$9.99,,2026-08-13T00:00:00-04:00,2026-08-19T23:59:59-04:00,,38547.7,-1294.25,39232.7,-1903.81,http://f.wishabi.net/page_items/429897898/1786169004/extra_large.jpg
Metro,8073382,1032139042,JAMIESON MELATONIN GUMMIES,,7.99,,,,$7.99,,2026-08-13T00:00:00-04:00,2026-08-19T23:59:59-04:00,,37644.4,-1897.56,37933.5,-2524.87,http://f.wishabi.net/page_items/429897890/1786168998/extra_large.jpg
Metro,8073382,1032139210,JAMIESON MULTIVITAMINS,,16.99,,,,$16.99,,2026-08-13T00:00:00-04:00,2026-08-19T23:59:59-04:00,,37650.5,-567.73,37947.6,-1267.65,http://f.wishabi.net/page_items/429897899/1786169005/extra_large.jpg
Metro,8073382,1032139061,JAMIESON OMEGA-3,,15.99,,,,$15.99,,2026-08-13T00:00:00-04:00,2026-08-19T23:59:59-04:00,,39231.3,-1907.66,39937.1,-2529.48,http://f.wishabi.net/page_items/429897891/1786168999/extra_large.jpg
Metro,8073382,1032139119,JAMIESON PROBIOTIC,,15.99,,,,$15.99,,2026-08-13T00:00:00-04:00,2026-08-19T23:59:59-04:00,,38553.1,-666.47,39233.0,-1289.23,http://f.wishabi.net/page_items/429897894/1786169001/extra_large.jpg
Metro,8073382,1032139153,JAMIESON VITAMIN B12,,12.99,,,,$12.99,,2026-08-13T00:00:00-04:00,2026-08-19T23:59:59-04:00,,39008.5,-9.16,39305.4,-615.74,http://f.wishabi.net/page_items/429897896/1786169003/extra_large.jpg
Metro,8073382,1032139235,JAMIESON VITAMIN B2 OR B12 COBALAMIN,,9.99,,,,$9.99,,2026-08-13T00:00:00-04:00,2026-08-19T23:59:59-04:00,,38189.9,-27.28,38426.2,-637.06,http://f.wishabi.net/page_items/429897900/1786169006/extra_large.jpg
Metro,8073382,1031973580,JANES PUB STYLE BREADED CHICKEN OR WINGS,,8.99,,,,$8.99,,2026-08-13T00:00:00-04:00,2026-08-19T23:59:59-04:00,,1284.11,-698.24,1446.08,-839.14,http://f.wishabi.net/page_items/429984894/1786180365/extra_large.jpg
Metro,8073382,1031847414,JANES PUB STYLE WINGS,,8.99,,,,$8.99,,2026-08-13T00:00:00-04:00,2026-08-19T23:59:59-04:00,,1166.11,-656.24,1280.08,-809.14,http://f.wishabi.net/page_items/429897277/1786180346/extra_large.jpg
Metro,8073382,1031847666,JANES ULTIMATES FISH FILLETS,,12.99,,,,$12.99,,2026-08-13T00:00:00-04:00,2026-08-19T23:59:59-04:00,,2009.37,-380.25,2121.93,-528.43,http://f.wishabi.net/page_items/429897322/1786180353/extra_large.jpg
Metro,8073382,1032139367,JIFFY CORN MUFFIN MIX,,2.99,,,,$2.99,,2026-08-13T00:00:00-04:00,2026-08-19T23:59:59-04:00,,40810.8,-1296.81,41088.6,-1875.98,http://f.wishabi.net/page_items/429897866/1786168998/extra_large.jpg
Metro,8073382,1031849185,JORDANS CEREAL,,3.99,,,,$3.99,,2026-08-13T00:00:00-04:00,2026-08-19T23:59:59-04:00,,313.6,-2242.45,413.05,-2358.81,http://f.wishabi.net/page_items/429897207/1786180345/extra_large.jpg
Metro,8073382,1031847594,JUMBO RED OR GREEN OR LARGE BLACK SEEDLESS GRAPES,,3.99,,,,$3.99,,2026-08-13T00:00:00-04:00,2026-08-19T23:59:59-04:00,,1446.1,-105.75,1566.07,-195.26,http://f.wishabi.net/page_items/429897312/1786180351/extra_large.jpg
Metro,8073382,1032135496,JUMBO SWEET GREEN PEPPERS OR LOCAL FIELD TOMATOES,,1.29,,,,$1.29,,2026-08-13T00:00:00-04:00,2026-08-19T23:59:59-04:00,,30740.7,-531.43,31157.9,-711.15,http://f.wishabi.net/page_items/429897842/1786169006/extra_large.jpg
Metro,8073420,1031853582,KEDEM GRAPE JUICE OR CERES JUICE,,3.99,,,,$3.99,,2026-08-13T00:00:00-04:00,2026-08-19T23:59:59-04:00,,700.66,-557.12,1258.18,-1014.24,http://f.wishabi.net/page_items/429897120/1786149410/extra_large.jpg
Metro,8073420,1031853646,KEDEM OR YEHUDA GEFILTE FISH,,8.99,,,,$8.99,,2026-08-13T00:00:00-04:00,2026-08-19T23:59:59-04:00,,4086.45,-148.13,4623.43,-657.6,http://f.wishabi.net/page_items/429897144/1786149405/extra_large.jpg
Metro,8073382,1031847474,KELLOGG'S CEREAL,,4.99,,,,$4.99,,2026-08-13T00:00:00-04:00,2026-08-19T23:59:59-04:00,,2009.91,-927.16,2132.64,-1103.82,http://f.wishabi.net/page_items/429897288/1786180348/extra_large.jpg
Metro,8073382,1032133756,KELSEYS PORK BACK RIBS,,12.99,,,,$12.99,,2026-08-13T00:00:00-04:00,2026-08-19T23:59:59-04:00,,18678.7,-1290.66,19243.0,-1568.01,http://f.wishabi.net/page_items/429898142/1786169002/extra_large.jpg
Metro,8073382,1032134762,KIBON ROASTED SEAWEED SNACKS,,13.99,,,,$13.99,,2026-08-13T00:00:00-04:00,2026-08-19T23:59:59-04:00,,20987.8,-653.98,21273.8,-960.28,http://f.wishabi.net/page_items/429897594/1786472184/extra_large.jpg
Metro,8073382,1032137556,KICKING HORSE COFFEE BEANS,,35.99,,,,$35.99,,2026-08-13T00:00:00-04:00,2026-08-19T23:59:59-04:00,,34202.3,-336.29,34477.0,-646.47,http://f.wishabi.net/page_items/429898066/1786180344/extra_large.jpg
Metro,8073420,1031853580,KLIYAT GAT SUNFLOWER SEEDS,,2.99,,,,$2.99,,2026-08-13T00:00:00-04:00,2026-08-19T23:59:59-04:00,,1387.88,-1456.9,1814.89,-1893.48,http://f.wishabi.net/page_items/429897118/1786149409/extra_large.jpg
Metro,8073420,1031853572,KOSHER FRESH BONELESS SKINLESS CHICKEN BREAST,,9.99,,,,$9.99,,2026-08-13T00:00:00-04:00,2026-08-19T23:59:59-04:00,,977.6,-1903.55,1423.72,-2321.31,http://f.wishabi.net/page_items/429897115/1786149406/extra_large.jpg
Metro,8073382,1031975958,KRAFT DINNER PROTEIN MACARONI & CHEESE,,2.99,,,,$2.99,,2026-08-13T00:00:00-04:00,2026-08-19T23:59:59-04:00,,33698.3,-2266.99,33759.4,-2407.42,http://f.wishabi.net/page_items/430003464/1786180368/extra_large.jpg
Metro,8073382,1032137491,KRAFT DINNER RAMEN,,3.99,,,,$3.99,,2026-08-13T00:00:00-04:00,2026-08-19T23:59:59-04:00,,33933.0,-2283.2,34021.0,-2358.2,http://f.wishabi.net/page_items/430005953/1786180376/extra_large.jpg
Metro,8073420,1031853593,KRAVY DIP CRACKERS,,5.99,,,,$5.99,,2026-08-13T00:00:00-04:00,2026-08-19T23:59:59-04:00,,2950.76,-1289.81,3354.2,-1859.97,http://f.wishabi.net/page_items/429897123/1786149400/extra_large.jpg
Metro,8073382,1032132486,LA CROIX SPARKLING WATER,,3.99,,,,$3.99,,2026-08-13T00:00:00-04:00,2026-08-19T23:59:59-04:00,,3505.79,-937.57,4253.03,-1225.05,http://f.wishabi.net/page_items/429898100/1786169000/extra_large.jpg
Metro,8073382,1032134574,LAFLEUR EXTRA LEAN COOKED HAM,,2.99,,,,$2.99,,2026-08-13T00:00:00-04:00,2026-08-19T23:59:59-04:00,,20701.9,-1338.63,20988.0,-1628.7,http://f.wishabi.net/page_items/429897582/1786472176/extra_large.jpg
Metro,8073382,1032137585,LAKEWOOD JUICE,,10.99,,,,$10.99,,2026-08-13T00:00:00-04:00,2026-08-19T23:59:59-04:00,,34478.5,-66.73,34757.5,-335.9,http://f.wishabi.net/page_items/429898068/1786180345/extra_large.jpg
Metro,8073382,1032132993,LARGE CAULIFLOWER,,4.99,,,,$4.99,,2026-08-13T00:00:00-04:00,2026-08-19T23:59:59-04:00,,14077.1,-967.56,14362.5,-1272.42,http://f.wishabi.net/page_items/429897511/1786180351/extra_large.jpg
Metro,8073420,1031853564,LARGE POMEGRANATES,,3.99,,,,$3.99,,2026-08-13T00:00:00-04:00,2026-08-19T23:59:59-04:00,,556.59,-1902.13,976.21,-2322.63,http://f.wishabi.net/page_items/429897108/1786149401/extra_large.jpg
Metro,8073382,1032134171,LEAN GROUND LAMB NEW ZEALAND SPRING LAMB,,11.99,,,,$11.99,,2026-08-13T00:00:00-04:00,2026-08-19T23:59:59-04:00,,19547.6,-1336.34,19832.0,-1608.47,http://f.wishabi.net/page_items/429897540/1786180348/extra_large.jpg
Metro,8073382,1031847498,LECLERC COOKIES OR TOWN HOUSE CRACKER,,3.99,,,,$3.99,,2026-08-13T00:00:00-04:00,2026-08-19T23:59:59-04:00,,1879.51,-1207.35,2010.16,-1379.88,http://f.wishabi.net/page_items/429897291/1786180348/extra_large.jpg
Metro,8073382,1031971326,LEMONS,,4.99,,,,$4.99,,2026-08-13T00:00:00-04:00,2026-08-19T23:59:59-04:00,,2010.41,-106.21,2290.5,-375.37,http://f.wishabi.net/page_items/429897333/1786180353/extra_large.jpg
Metro,8073382,1032134151,LIFE SMART EXTRA LEAN GROUND CHICKEN OR TURKEY,,6.99,,,,$6.99,,2026-08-13T00:00:00-04:00,2026-08-19T23:59:59-04:00,,19273.3,-1337.06,19548.0,-1608.92,http://f.wishabi.net/page_items/429897539/1786180347/extra_large.jpg
Metro,8073382,1032134034,LIFE SMART NATURALIA LEAN GROUND PORK,,5.99,,,,$5.99,,2026-08-13T00:00:00-04:00,2026-08-19T23:59:59-04:00,,19273.1,-1611.82,19547.3,-1881.14,http://f.wishabi.net/page_items/429897531/1786180344/extra_large.jpg
Metro,8073382,1032137045,LIFE SMART PEANUT BUTTER,,4.99,,,,$4.99,,2026-08-13T00:00:00-04:00,2026-08-19T23:59:59-04:00,,33328.0,-390.0,33458.0,-554.0,http://f.wishabi.net/page_items/430005933/1786180363/extra_large.jpg
Metro,8073382,1032133188,LIMES,,3.99,,,,$3.99,,2026-08-13T00:00:00-04:00,2026-08-19T23:59:59-04:00,,13787.0,-1343.17,14070.3,-1597.34,http://f.wishabi.net/page_items/429897520/1786180356/extra_large.jpg
Metro,8073382,1032104341,LOCAL BASKETS PEACHES 3 L OR BLUE OR RED PLUMS 2 L,,7.99,,,,$7.99,,2026-08-13T00:00:00-04:00,2026-08-19T23:59:59-04:00,,14057.5,-32.59,14261.1,-119.11,http://f.wishabi.net/page_items/429897525/1786180359/extra_large.jpg
Metro,8073382,1032133347,LOCAL BASKETS PEACHES OR | BLUE OR RED PLUMS | NECTARINES,,7.99,,,,$7.99,,2026-08-13T00:00:00-04:00,2026-08-19T23:59:59-04:00,,13795.5,-58.59,14038.1,-247.11,http://f.wishabi.net/page_items/429999350/1786180361/extra_large.jpg
Metro,8073382,1032133321,"LOCAL BASKETS PEACHES, BLUE OR RED PLUMS OR NECTARINES",,7.99,,,,$7.99,,2026-08-13T00:00:00-04:00,2026-08-19T23:59:59-04:00,,14140.5,-128.59,14383.1,-317.11,http://f.wishabi.net/page_items/429999349/1786180360/extra_large.jpg
Metro,8073382,1032133207,LOCAL CANTALOUPES,,3.99,,,,$3.99,,2026-08-13T00:00:00-04:00,2026-08-19T23:59:59-04:00,,13515.4,-987.52,13784.5,-1276.33,http://f.wishabi.net/page_items/429897521/1786180357/extra_large.jpg
Metro,8073382,1032132797,LOCAL DILL CUCUMBER OR POTATO BASKETS,,6.99,,,,$6.99,,2026-08-13T00:00:00-04:00,2026-08-19T23:59:59-04:00,,13516.5,-375.46,13790.7,-657.49,http://f.wishabi.net/page_items/429897501/1786180345/extra_large.jpg
Metro,8073382,1032134734,LOCAL POTATO BASKETS,,6.99,,,,$6.99,,2026-08-13T00:00:00-04:00,2026-08-19T23:59:59-04:00,,21270.3,-370.04,21536.9,-624.52,http://f.wishabi.net/page_items/429897592/1786472183/extra_large.jpg
Metro,8073382,1032132868,LOCAL VEGETABLE BASKETS,,4.99,,,,$4.99,,2026-08-13T00:00:00-04:00,2026-08-19T23:59:59-04:00,,13799.0,-381.79,13924.8,-549.72,http://f.wishabi.net/page_items/429897505/1786180347/extra_large.jpg
Metro,8073382,1032134066,LOU'S KITCHEN PEAMEAL BACON OR DOUBLE SMOKED BACK BACON,,6.99,,,,$6.99,,2026-08-13T00:00:00-04:00,2026-08-19T23:59:59-04:00,,19839.6,-1611.59,20122.6,-1883.06,http://f.wishabi.net/page_items/429897533/1786180345/extra_large.jpg
Metro,8073382,1032133819,LOU'S PORK BACK RIBS,,11.99,,,,$11.99,,2026-08-13T00:00:00-04:00,2026-08-19T23:59:59-04:00,,18119.9,-1294.01,18670.1,-1573.23,http://f.wishabi.net/page_items/429898146/1786169005/extra_large.jpg
Metro,8073382,1032134652,LUPA PECORINO ROMANO CHEESE,,4.99,,,,$4.99,,2026-08-13T00:00:00-04:00,2026-08-19T23:59:59-04:00,,21265.7,-1342.15,21546.8,-1631.69,http://f.wishabi.net/page_items/429897587/1786472179/extra_large.jpg
Metro,8073382,1032134465,MANCHEGO CHEESE,,5.49,,,,$5.49,,2026-08-13T00:00:00-04:00,2026-08-19T23:59:59-04:00,,20988.2,-1634.03,21268.0,-1910.6,http://f.wishabi.net/page_items/429897576/1786472172/extra_large.jpg
Metro,8073420,1031853668,MANISCHEWITZ TAM TAM CRACKERS,,3.99,,,,$3.99,,2026-08-13T00:00:00-04:00,2026-08-19T23:59:59-04:00,,4919.47,-150.51,5197.86,-501.85,http://f.wishabi.net/page_items/429986114/1786149411/extra_large.jpg
Metro,8073420,1031853651,MANISCHEWITZ TAM TAMS CRACKERS,,3.99,,,,$3.99,,2026-08-13T00:00:00-04:00,2026-08-19T23:59:59-04:00,,4632.86,-150.51,4919.47,-501.85,http://f.wishabi.net/page_items/429897146/1786149406/extra_large.jpg
Metro,8073382,1032134416,MAPLE LEAF OR SCHNEIDERS SMOKED HAM,,12.99,,,,$12.99,,2026-08-13T00:00:00-04:00,2026-08-19T23:59:59-04:00,,19686.7,-2316.49,19812.3,-2473.09,http://f.wishabi.net/page_items/430005959/1786180356/extra_large.jpg
Metro,8073382,1032106598,MAPLE LEAF PRIME BREADED OR STUFFED CHICKEN OR CHICKEN WINGS OR SCHNEIDERS DIPS,,12.99,,,,$12.99,,2026-08-13T00:00:00-04:00,2026-08-19T23:59:59-04:00,,19836.8,-2191.57,20121.4,-2482.74,http://f.wishabi.net/page_items/429897528/1786180342/extra_large.jpg
Metro,8073382,1031971614,MAPLE LEAF PRIME RAISED WITHOUT ANTIBIOTICS OR MINA HALAL FRESH BONELESS SKINLESS CHICKEN BREAST VALUE PACK,,5.99,,,,$5.99,,2026-08-13T00:00:00-04:00,2026-08-19T23:59:59-04:00,,785.67,-573.67,1146.17,-877.16,http://f.wishabi.net/page_items/429897707/1786180349/extra_large.jpg
Metro,8073382,1032134308,MAPLE LODGE CHICKEN BACON OR ZABIHA HALAL OR BUTTERBALL TURKEY BACON,,6.99,,,,$6.99,,2026-08-13T00:00:00-04:00,2026-08-19T23:59:59-04:00,,20136.3,-1344.38,20192.2,-1469.97,http://f.wishabi.net/page_items/430005954/1786180354/extra_large.jpg
Metro,8073382,1032134381,MARC ANGELO CHICKEN BURGERS,,6.99,,,,$6.99,,2026-08-13T00:00:00-04:00,2026-08-19T23:59:59-04:00,,19868.1,-2003.29,20120.8,-2088.57,http://f.wishabi.net/page_items/430005957/1786180355/extra_large.jpg
Metro,8073382,1031853469,"MARC ANGELO SLICED ITALIAN DELI MEAT, CASTELLO SLICED DELI CHEESE, TRE STELLE RICOTTA OR BOCCONCINI",,5.99,,,,$5.99,,2026-08-13T00:00:00-04:00,2026-08-19T23:59:59-04:00,,444.17,-885.25,626.49,-1108.08,http://f.wishabi.net/page_items/429897697/1786180348/extra_large.jpg
Metro,8073382,1032134364,MARK ANGELO CHICKEN BURGERS,,6.99,,,,$6.99,,2026-08-13T00:00:00-04:00,2026-08-19T23:59:59-04:00,,19861.9,-1910.27,20120.8,-2003.29,http://f.wishabi.net/page_items/430005956/1786180355/extra_large.jpg
Metro,8073382,1032134049,MARK ANGELO SAUSAGES,,6.99,,,,$6.99,,2026-08-13T00:00:00-04:00,2026-08-19T23:59:59-04:00,,19546.8,-1894.87,19833.0,-2183.46,http://f.wishabi.net/page_items/429897532/1786180344/extra_large.jpg
Metro,8073382,1031974837,"MARK ANGELO SLICED ITALIAN DELI MEAT, CASTELLO SLICED DELI CHEESE, TRE STELLE RICOTTA OR BOCCONCINI",,5.99,,,,$5.99,,2026-08-13T00:00:00-04:00,2026-08-19T23:59:59-04:00,,625.0,-1018.04,766.0,-1108.04,http://f.wishabi.net/page_items/429986140/1786180362/extra_large.jpg
Metro,8073382,1031846609,MARY'S CRACKERS,,7.49,,,,$7.49,,2026-08-13T00:00:00-04:00,2026-08-19T23:59:59-04:00,,35046.4,-383.14,35152.9,-466.65,http://f.wishabi.net/page_items/429898095/1786180358/extra_large.jpg
Metro,8073382,1031972897,MARY'S THIN CRACKERS,,6.49,,,,$6.49,,2026-08-13T00:00:00-04:00,2026-08-19T23:59:59-04:00,,34760.9,-345.45,34994.3,-610.44,http://f.wishabi.net/page_items/429898097/1786180359/extra_large.jpg
Metro,8073382,1032135368,MASTRO CAPOCOLLO,,2.99,,,,$2.99,,2026-08-13T00:00:00-04:00,2026-08-19T23:59:59-04:00,,31288.6,-985.48,31861.8,-1289.98,http://f.wishabi.net/page_items/429897836/1786169001/extra_large.jpg
Metro,8073420,1031853610,MATTEO'S SUGAR FREE COFFEE SYRUPS,,5.99,,,,$5.99,,2026-08-13T00:00:00-04:00,2026-08-19T23:59:59-04:00,,3357.09,-729.33,3784.29,-1289.38,http://f.wishabi.net/page_items/429897131/1786149406/extra_large.jpg
Metro,8073420,1031853623,MENTO'S GUM,,4.99,,,,$4.99,,2026-08-13T00:00:00-04:00,2026-08-19T23:59:59-04:00,,2121.33,-1863.73,2523.58,-2411.01,http://f.wishabi.net/page_items/429897136/1786149410/extra_large.jpg
Metro,8073382,1032133717,MEZZETTA PEPPERS,,5.99,,,,$5.99,,2026-08-13T00:00:00-04:00,2026-08-19T23:59:59-04:00,,18684.8,-2151.89,18808.5,-2464.47,http://f.wishabi.net/page_items/429898140/1786169001/extra_large.jpg
Metro,8073382,1032137197,MICHELINA'S FROZEN MEAL,,2.49,,,,$2.49,,2026-08-13T00:00:00-04:00,2026-08-19T23:59:59-04:00,,33185.0,-1346.61,33317.0,-1470.61,http://f.wishabi.net/page_items/430005941/1786180368/extra_large.jpg
Metro,8073382,1032114146,MID-DAY SQUARES BARS,,2.79,,,,$2.79,,2026-08-13T00:00:00-04:00,2026-08-19T23:59:59-04:00,,34765.8,-994.22,35039.8,-1271.9,http://f.wishabi.net/page_items/429898064/1786180343/extra_large.jpg
Metro,8073382,1031847342,MINUTE MAID OR FUZE TETRAS OR CORE POWER BEVERAGE,,4.49,,,,$4.49,,2026-08-13T00:00:00-04:00,2026-08-19T23:59:59-04:00,,1186.26,-1201.33,1449.16,-1294.38,http://f.wishabi.net/page_items/429897262/1786180344/extra_large.jpg
Metro,8073382,1032137389,MIO ICED TEA POWDERS,,7.99,,,,$7.99,,2026-08-13T00:00:00-04:00,2026-08-19T23:59:59-04:00,,33341.0,-2338.2,33400.0,-2445.2,http://f.wishabi.net/page_items/430005949/1786180373/extra_large.jpg
Metro,8073382,1032133863,MONTANA'S PORK BACK RIBS,,14.99,,,,$14.99,,2026-08-13T00:00:00-04:00,2026-08-19T23:59:59-04:00,,18682.4,-1792.26,19232.1,-2070.77,http://f.wishabi.net/page_items/429898149/1786169007/extra_large.jpg
Metro,8073382,1032104798,MOON OR TEAR DROPS GRAPES,,6.99,,,,$6.99,,2026-08-13T00:00:00-04:00,2026-08-19T23:59:59-04:00,,13514.8,-1601.6,13736.6,-1685.69,http://f.wishabi.net/page_items/429897499/1786180344/extra_large.jpg
Metro,8073420,1031853578,MOTOLA OLIVES OR NATHAN'S PICKLES,,6.99,,,,$6.99,,2026-08-13T00:00:00-04:00,2026-08-19T23:59:59-04:00,,982.2,-1456.16,1388.42,-1894.73,http://f.wishabi.net/page_items/429897117/1786149408/extra_large.jpg
Metro,8073420,1031853584,NANUK SMOKED WILD SOCKEYE SALMON,,7.99,,,,$7.99,,2026-08-13T00:00:00-04:00,2026-08-19T23:59:59-04:00,,1421.55,-1902.45,1818.56,-2322.68,http://f.wishabi.net/page_items/429897122/1786149412/extra_large.jpg
Metro,8073382,1032139938,NATURE VALLEY GRANOLA BARS,,3.49,,,,$3.49,,2026-08-13T00:00:00-04:00,2026-08-19T23:59:59-04:00,,40646.7,-244.99,40738.0,-414.86,http://f.wishabi.net/page_items/430004103/1786169015/extra_large.jpg
Metro,8073382,1032136956,NATUREGG OR BURNBRAE OMEGA 3 EGGS,,6.99,,,,$6.99,,2026-08-13T00:00:00-04:00,2026-08-19T23:59:59-04:00,,33047.9,-179.64,33323.3,-270.5,http://f.wishabi.net/page_items/430005929/1786180360/extra_large.jpg
Metro,8073382,1032137635,NIVEA DEODORANT OR LIP BALM,,4.99,,,,$4.99,,2026-08-13T00:00:00-04:00,2026-08-19T23:59:59-04:00,,34505.3,-1335.69,34592.0,-1496.26,http://f.wishabi.net/page_items/429898070/1786180347/extra_large.jpg
Metro,8073382,1032138851,NO.7 HOT SAUCE,,7.99,,,,$7.99,,2026-08-13T00:00:00-04:00,2026-08-19T23:59:59-04:00,,36037.4,-1852.32,36218.0,-2529.73,http://f.wishabi.net/page_items/430004118/1786169004/extra_large.jpg
Metro,8073382,1032136840,NUTELLA HAZELNUT SPREAD,,9.99,,,,$9.99,,2026-08-13T00:00:00-04:00,2026-08-19T23:59:59-04:00,,33609.9,-975.26,33895.5,-1276.18,http://f.wishabi.net/page_items/429898137/1786180356/extra_large.jpg
Metro,8073382,1031922439,NUTELLA PEANUT SPREAD,,9.99,,,,$9.99,,2026-08-13T00:00:00-04:00,2026-08-19T23:59:59-04:00,,33898.3,-981.25,34169.1,-1277.04,http://f.wishabi.net/page_items/429898135/1786180355/extra_large.jpg
Metro,8073382,1032132527,OASIS REFRIGERATED DRINK,,2.99,,,,$2.99,,2026-08-13T00:00:00-04:00,2026-08-19T23:59:59-04:00,,3530.11,-8.7,4584.85,-929.16,http://f.wishabi.net/page_items/429898102/1786169002/extra_large.jpg
Metro,8073382,1032134550,OCEAN JEWEL WHOLE MEDITERRANEAN SEA BASS,,13.99,,,,$13.99,,2026-08-13T00:00:00-04:00,2026-08-19T23:59:59-04:00,,20697.8,-665.86,20980.9,-960.34,http://f.wishabi.net/page_items/429897580/1786472175/extra_large.jpg
Metro,8073382,1032137571,OCEAN'S HALO DRESSING,,11.99,,,,$11.99,,2026-08-13T00:00:00-04:00,2026-08-19T23:59:59-04:00,,34477.3,-337.74,34756.9,-643.64,http://f.wishabi.net/page_items/429898067/1786180345/extra_large.jpg
Metro,8073382,1032138743,OKAZU MISO,,12.99,,,,$12.99,,2026-08-13T00:00:00-04:00,2026-08-19T23:59:59-04:00,,36870.1,-1968.54,37174.8,-2433.34,http://f.wishabi.net/page_items/429898301/1786169001/extra_large.jpg
Metro,8073382,1032139848,OLD EL PASO COMPONENTS,,3.49,,,,$3.49,,2026-08-13T00:00:00-04:00,2026-08-19T23:59:59-04:00,,40730.0,-699.22,40812.0,-927.81,http://f.wishabi.net/page_items/430004100/1786169014/extra_large.jpg
Metro,8073382,1032139965,OLD EL PASO DINNER KIT,,4.49,,,,$4.49,,2026-08-13T00:00:00-04:00,2026-08-19T23:59:59-04:00,,40434.9,-246.49,40646.2,-362.48,http://f.wishabi.net/page_items/430004104/1786169016/extra_large.jpg
Metro,8073382,1032139643,OLD EL PASO SEASONING,,1.25,,,,$1.25,,2026-08-13T00:00:00-04:00,2026-08-19T23:59:59-04:00,,40851.5,-669.6,40958.9,-831.39,http://f.wishabi.net/page_items/429897879/1786169007/extra_large.jpg
Metro,8073382,1032134188,OLYMEL BREAKFAST SAUSAGES,,4.99,,,,$4.99,,2026-08-13T00:00:00-04:00,2026-08-19T23:59:59-04:00,,19839.6,-1337.53,20123.8,-1611.28,http://f.wishabi.net/page_items/429897541/1786180349/extra_large.jpg
Metro,8073382,1032104452,ORGANIC BROCCOLI,,5.49,,,,$5.49,,2026-08-13T00:00:00-04:00,2026-08-19T23:59:59-04:00,,14358.7,-1333.25,14632.6,-1596.28,http://f.wishabi.net/page_items/429897517/1786180354/extra_large.jpg
Metro,8073382,1032132930,ORGANIC MINI CUCUMBERS,,4.99,,,,$4.99,,2026-08-13T00:00:00-04:00,2026-08-19T23:59:59-04:00,,14358.2,-1596.15,14633.3,-1875.51,http://f.wishabi.net/page_items/429897508/1786180349/extra_large.jpg
Metro,8073382,1032132814,ORGANIC MINI WATERMELONS,,6.99,,,,$6.99,,2026-08-13T00:00:00-04:00,2026-08-19T23:59:59-04:00,,14080.6,-1593.8,14357.6,-1872.93,http://f.wishabi.net/page_items/429897502/1786180346/extra_large.jpg
Metro,8073382,1032113479,ORRI MANDARINS,,2.99,,,,$2.99,,2026-08-13T00:00:00-04:00,2026-08-19T23:59:59-04:00,,13515.7,-1340.75,13786.4,-1596.64,http://f.wishabi.net/page_items/429897515/1786180353/extra_large.jpg
Metro,8073420,1031853568,OSEM BAMBA SNACK,,0.99,,,,$0.99,,2026-08-13T00:00:00-04:00,2026-08-19T23:59:59-04:00,,151.2,-1017.04,566.25,-1452.43,http://f.wishabi.net/page_items/429897112/1786149404/extra_large.jpg
Metro,8073382,1032134280,OUR PROMISE LEAN GROUND BEEF,,13.99,,,,$13.99,,2026-08-13T00:00:00-04:00,2026-08-19T23:59:59-04:00,,19824.7,-42.91,20393.5,-351.63,http://f.wishabi.net/page_items/429897548/1786180352/extra_large.jpg
Metro,8073382,1031853429,"OÎKOS YOGOURT, SILK BEVERAGE",,3.49,,,,$3.49,,2026-08-13T00:00:00-04:00,2026-08-19T23:59:59-04:00,,781.21,-1533.47,1001.99,-1667.89,http://f.wishabi.net/page_items/429897213/1786180345/extra_large.jpg
Metro,8073382,1032138575,PALMOLIVE DISHWASHING DETERGENT,,3.4,,,,$3.4,,2026-08-13T00:00:00-04:00,2026-08-19T23:59:59-04:00,,34865.8,-1343.67,34933.5,-1593.15,http://f.wishabi.net/page_items/429986359/1786180367/extra_large.jpg
Metro,8073382,1031958204,PANTENE HAIR CARE OR METHOD HAND SOAP,,4.99,,,,$4.99,,2026-08-13T00:00:00-04:00,2026-08-19T23:59:59-04:00,,1841.0,-1765.39,1918.0,-2005.39,http://f.wishabi.net/page_items/429984936/1786180371/extra_large.jpg
Metro,8073382,1031847774,PANTENE HAIRCARE OR METHOD HAND SOAP,,4.99,,,,$4.99,,2026-08-13T00:00:00-04:00,2026-08-19T23:59:59-04:00,,1918.34,-1747.68,2009.97,-2015.94,http://f.wishabi.net/page_items/429897345/1786180356/extra_large.jpg
Metro,8073420,1031853613,PARDES FARMS FROZEN VEGETABLES,,7.99,,,,$7.99,,2026-08-13T00:00:00-04:00,2026-08-19T23:59:59-04:00,,2123.01,-749.76,2541.66,-1293.72,http://f.wishabi.net/page_items/429897132/1786149407/extra_large.jpg
Metro,8073382,1031971297,PARMIGIANO REGGIANO AGED 24 MONTHS,,3.59,,,,$3.59,,2026-08-13T00:00:00-04:00,2026-08-19T23:59:59-04:00,,2010.26,-655.93,2296.52,-922.88,http://f.wishabi.net/page_items/429897338/1786180354/extra_large.jpg
Metro,8073382,1032133222,PARTY SIZE DELUXE FRUIT SALAD | NACHO PLATTER | READY TO COOK VEGETABLES | CAESAR CHICKEN SALAD | BERRY-KIWI TRAY,,25.0,,,,$25.0,,2026-08-13T00:00:00-04:00,2026-08-19T23:59:59-04:00,,13515.4,-2214.29,13785.8,-2332.16,http://f.wishabi.net/page_items/429897522/1786180358/extra_large.jpg
Metro,8073382,1032133432,"PARTY SIZE DELUXE FRUIT SALAD, NACHO PLATTER, READY TO COOK VEGETABLES, CAESAR CHICKEN SALAD, BERRY-KIWI TRAY",,25.0,,,,$25.0,,2026-08-13T00:00:00-04:00,2026-08-19T23:59:59-04:00,,13786.4,-2241.29,14054.8,-2383.16,http://f.wishabi.net/page_items/429999354/1786180363/extra_large.jpg
Metro,8073382,1031971802,PEEK FREANS COOKIES,,4.99,,,,$4.99,,2026-08-13T00:00:00-04:00,2026-08-19T23:59:59-04:00,,32170.7,-1341.92,32453.6,-1629.56,http://f.wishabi.net/page_items/429898009/1786472214/extra_large.jpg
Metro,8073382,1032134952,"PEPPERONI & CHEESE 16"" X-LARGE HOT PIZZA",,11.99,,,,$11.99,,2026-08-13T00:00:00-04:00,2026-08-19T23:59:59-04:00,,21562.7,-1052.05,23735.9,-2560.0,http://f.wishabi.net/page_items/429897843/1786168998/extra_large.jpg
Metro,8073382,1031847954,"PEPPERONI & CHEESE 16"" X-LARGE HOT PIZZA",,11.99,,,,$11.99,,2026-08-13T00:00:00-04:00,2026-08-16T23:59:59-04:00,,1167.02,-2063.1,1522.12,-2320.21,http://f.wishabi.net/page_items/429897371/1786180357/extra_large.jpg
Metro,8073382,1032137967,PERFECT BAR PROTEIN BARS,,3.49,,,,$3.49,,2026-08-13T00:00:00-04:00,2026-08-19T23:59:59-04:00,,34201.7,-64.96,34477.6,-337.51,http://f.wishabi.net/page_items/429898079/1786180353/extra_large.jpg
Metro,8073382,1032134434,PILLER'S PEPPERONI TOPPING,,6.99,,,,$6.99,,2026-08-13T00:00:00-04:00,2026-08-19T23:59:59-04:00,,20701.0,-1631.9,20985.1,-1909.68,http://f.wishabi.net/page_items/429897574/1786472170/extra_large.jpg
Metro,8073382,1032139401,PILLSBURY DOUGH,,3.49,,,,$3.49,,2026-08-13T00:00:00-04:00,2026-08-19T23:59:59-04:00,,40832.8,-946.26,40946.6,-1192.69,http://f.wishabi.net/page_items/429897868/1786168999/extra_large.jpg
Metro,8073382,1032139594,PILLSBURY PIZZA POPS OR TOASTER STRUDEL,,3.49,,,,$3.49,,2026-08-13T00:00:00-04:00,2026-08-19T23:59:59-04:00,,40073.3,-683.4,40164.1,-865.39,http://f.wishabi.net/page_items/429897877/1786169005/extra_large.jpg
Metro,8073382,1032132570,PLANTERS FLAVOURED CASHEWS,,3.99,,,,$3.99,,2026-08-13T00:00:00-04:00,2026-08-19T23:59:59-04:00,,2341.6,-936.46,2730.25,-1688.87,http://f.wishabi.net/page_items/429898104/1786169003/extra_large.jpg
Metro,8073382,1032134269,PLATINUM GRILL ANGUS TOP SIRLOIN STEAK,,15.99,,,,$15.99,,2026-08-13T00:00:00-04:00,2026-08-19T23:59:59-04:00,,19269.3,-54.66,19825.9,-361.08,http://f.wishabi.net/page_items/429897547/1786180352/extra_large.jpg
Metro,8073382,1031972748,PLEDGE MULTI-SURFACE CLEANER,,7.99,,,,$7.99,,2026-08-13T00:00:00-04:00,2026-08-19T23:59:59-04:00,,35053.0,-1991.67,35312.6,-2242.68,http://f.wishabi.net/page_items/429898093/1786180357/extra_large.jpg
Metro,8073382,1032139662,POPEYES BISCUIT MIX,,3.99,,,,$3.99,,2026-08-13T00:00:00-04:00,2026-08-19T23:59:59-04:00,,39945.8,-1313.88,40344.6,-1866.34,http://f.wishabi.net/page_items/429897880/1786169007/extra_large.jpg
Metro,8073382,1032139692,POPEYES DIPPING SAUCE,,5.49,,,,$5.49,,2026-08-13T00:00:00-04:00,2026-08-19T23:59:59-04:00,,40529.0,-1427.36,40674.9,-1827.38,http://f.wishabi.net/page_items/429897882/1786169009/extra_large.jpg
Metro,8073382,1031853395,"QUAKER RICE CAKES, GOLDFISH OR CHEEZ-IT CRACKERS",,2.22,,,,$2.22,,2026-08-13T00:00:00-04:00,2026-08-19T23:59:59-04:00,,559.56,-1530.9,687.44,-1747.39,http://f.wishabi.net/page_items/429897176/1786180342/extra_large.jpg
Metro,8073382,1032132508,RAINBOW CHARM BOUQUET,,12.99,,,,$12.99,,2026-08-13T00:00:00-04:00,2026-08-19T23:59:59-04:00,,3784.95,-1700.43,4590.53,-2403.68,http://f.wishabi.net/page_items/429898101/1786169001/extra_large.jpg
Metro,8073382,1032135481,RAPINI,,2.99,,,,$2.99,,2026-08-13T00:00:00-04:00,2026-08-19T23:59:59-04:00,,31291.4,-470.21,31859.7,-983.94,http://f.wishabi.net/page_items/429897841/1786169005/extra_large.jpg
Metro,8073382,1031971596,RASPBERRIES,,1.44,,,,$1.44,,2026-08-13T00:00:00-04:00,2026-08-19T23:59:59-04:00,,17.43,-253.78,418.48,-574.89,http://f.wishabi.net/page_items/429897712/1786180351/extra_large.jpg
Metro,8073382,1032139714,RED BARON FROZEN PIZZA,,7.49,,,,$7.49,,2026-08-13T00:00:00-04:00,2026-08-19T23:59:59-04:00,,40802.3,-2280.91,41081.0,-2551.97,http://f.wishabi.net/page_items/430004093/1786169009/extra_large.jpg
Metro,8073382,1032139488,RED BARON FROZEN PIZZA,,4.99,,,,$4.99,,2026-08-13T00:00:00-04:00,2026-08-19T23:59:59-04:00,,39953.2,-1994.52,40410.4,-2554.14,http://f.wishabi.net/page_items/429897872/1786169002/extra_large.jpg
Metro,8073382,1032139736,RED BARON FROZEN PIZZA,,5.49,,,,$5.49,,2026-08-13T00:00:00-04:00,2026-08-19T23:59:59-04:00,,40802.7,-1941.69,41084.4,-2219.84,http://f.wishabi.net/page_items/430004094/1786169010/extra_large.jpg
Metro,8073382,1032133847,RED GRILL BEEF BACK RIBS,,7.99,,,,$7.99,,2026-08-13T00:00:00-04:00,2026-08-19T23:59:59-04:00,,18661.9,-473.06,19249.8,-936.28,http://f.wishabi.net/page_items/429898148/1786169006/extra_large.jpg
Metro,8073382,1032133834,RED GRILL BEEF SHORT RIBS,,11.99,,,,$11.99,,2026-08-13T00:00:00-04:00,2026-08-19T23:59:59-04:00,,18114.2,-943.53,18644.2,-1287.29,http://f.wishabi.net/page_items/429898147/1786169006/extra_large.jpg
Metro,8073382,1032134229,RED GRILL STRIP LOIN STEAK,,12.88,,,,$12.88,,2026-08-13T00:00:00-04:00,2026-08-19T23:59:59-04:00,,19270.6,-360.43,19827.3,-659.64,http://f.wishabi.net/page_items/429897544/1786180350/extra_large.jpg
Metro,8073382,1031971563,RED GRILL STRIP LOIN STEAK VALUE PACK,,10.88,,,,$10.88,,2026-08-13T00:00:00-04:00,2026-08-19T23:59:59-04:00,,784.9,-240.45,1144.64,-569.68,http://f.wishabi.net/page_items/429897718/1786180352/extra_large.jpg
Metro,8073382,1032134295,RED GRILL WHOLE BEEF BRISKET VACUUM PACK,,7.99,,,,$7.99,,2026-08-13T00:00:00-04:00,2026-08-19T23:59:59-04:00,,19831.1,-358.61,20392.6,-654.17,http://f.wishabi.net/page_items/429897549/1786180353/extra_large.jpg
Metro,8073382,1032135242,RIO MARE INSALATISSIME BOWLS,,3.99,,,,$3.99,,2026-08-13T00:00:00-04:00,2026-08-19T23:59:59-04:00,,30737.4,-1891.76,31024.8,-2106.34,http://f.wishabi.net/page_items/429897831/1786168998/extra_large.jpg
Metro,8073382,1032135320,ROCK HARBOUR ANCHOVIES IN OLIVE OIL,,8.99,,,,$8.99,,2026-08-13T00:00:00-04:00,2026-08-19T23:59:59-04:00,,31481.1,-1291.46,31641.4,-1581.6,http://f.wishabi.net/page_items/429897834/1786169000/extra_large.jpg
Metro,8073382,1032133505,ROYALE NAPKINS,,5.49,,,,$5.49,,2026-08-13T00:00:00-04:00,2026-08-19T23:59:59-04:00,,17528.3,-2158.08,17809.3,-2559.01,http://f.wishabi.net/page_items/429898153/1786169001/extra_large.jpg
Metro,8073382,1032976363,SAN MARZANO TOMATO BUSHELS,,25.99,,,,$25.99,,2026-08-13T00:00:00-04:00,2026-08-19T23:59:59-04:00,,14695.9,-20.51,16934.1,-2525.21,http://f.wishabi.net/page_items/430554461/1786590641/extra_large.jpg
Metro,8073382,1032134590,SAPUTO ASIAGO CHEESE,,3.99,,,,$3.99,,2026-08-13T00:00:00-04:00,2026-08-19T23:59:59-04:00,,20989.6,-1342.62,21266.3,-1631.78,http://f.wishabi.net/page_items/429897583/1786472177/extra_large.jpg
Metro,8073382,1032113673,SAPUTO MINI FRIULANO CHEESE,,14.99,,,,$14.99,,2026-08-13T00:00:00-04:00,2026-08-19T23:59:59-04:00,,21267.6,-1632.85,21547.1,-1910.38,http://f.wishabi.net/page_items/429897575/1786472171/extra_large.jpg
Metro,8073382,1032134564,SCHNEIDERS BOLOGNA,,7.99,,,,$7.99,,2026-08-13T00:00:00-04:00,2026-08-19T23:59:59-04:00,,20700.4,-1911.97,20983.5,-2198.5,http://f.wishabi.net/page_items/429897581/1786472175/extra_large.jpg
Metro,8073382,1031973416,"SCHNEIDERS PEPPERETTES, LILYDALE SHAVED TURKEY, CHICKEN OR TURKEY STRIPS",,9.99,,,,$9.99,,2026-08-13T00:00:00-04:00,2026-08-19T23:59:59-04:00,,1579.16,-670.37,1721.97,-826.82,http://f.wishabi.net/page_items/429984891/1786180365/extra_large.jpg
Metro,8073382,1031974281,SCOTTIES FACIAL TISSUE,,9.99,,,,$9.99,,2026-08-13T00:00:00-04:00,2026-08-19T23:59:59-04:00,,2019.49,-1841.6,2133.91,-1912.79,http://f.wishabi.net/page_items/429984946/1786180372/extra_large.jpg
Metro,8073382,1031972649,SCRUBBING BUBBLES OR FANTASTIK CLEANER,,6.49,,,,$6.49,,2026-08-13T00:00:00-04:00,2026-08-19T23:59:59-04:00,,34767.4,-2239.58,35032.4,-2487.43,http://f.wishabi.net/page_items/429898085/1786180356/extra_large.jpg
Metro,8073382,1032134883,SEAFOOD BOIL,,10.99,,,,$10.99,,2026-08-13T00:00:00-04:00,2026-08-19T23:59:59-04:00,,20999.6,-17.26,21540.2,-352.36,http://f.wishabi.net/page_items/429897601/1786472189/extra_large.jpg
Metro,8073382,1032132714,SEASONAL MIXED BOUQUET,,15.0,,,,$15.0,,2026-08-13T00:00:00-04:00,2026-08-19T23:59:59-04:00,,14081.7,-2218.45,14358.3,-2482.43,http://f.wishabi.net/page_items/429897497/1786180342/extra_large.jpg
Metro,8073382,1032133252,SEEDLESS CUCUMBERS,,1.99,,,,$1.99,,2026-08-13T00:00:00-04:00,2026-08-19T23:59:59-04:00,,13513.3,-86.14,13791.7,-374.48,http://f.wishabi.net/page_items/429897523/1786180358/extra_large.jpg
Metro,8073382,1032133268,SEEDLESS RED OR YELLOW WATERMELON QUARTERS,,0.99,,,,$0.99,,2026-08-13T00:00:00-04:00,2026-08-19T23:59:59-04:00,,13790.4,-1927.14,14068.5,-2209.36,http://f.wishabi.net/page_items/429897524/1786180359/extra_large.jpg
Metro,8073382,1032134120,SELECTION BACON,,12.99,,,,$12.99,,2026-08-13T00:00:00-04:00,2026-08-19T23:59:59-04:00,,20122.9,-1613.14,20394.5,-1883.31,http://f.wishabi.net/page_items/429897536/1786180346/extra_large.jpg
Metro,8073382,1032130927,SELECTION BUTTER,,4.99,,,,$4.99,,2026-08-13T00:00:00-04:00,2026-08-19T23:59:59-04:00,,784.43,-1202.55,1090.77,-1322.56,http://f.wishabi.net/page_items/429897711/1786180351/extra_large.jpg
Metro,8073382,1032136504,SELECTION CANNED TOMATOES,,1.99,,,,$1.99,,2026-08-13T00:00:00-04:00,2026-08-19T23:59:59-04:00,,33321.8,-1882.6,33606.2,-2177.88,http://f.wishabi.net/page_items/429898108/1786180344/extra_large.jpg
Metro,8073382,1032137161,SELECTION CREAM,,3.99,,,,$3.99,,2026-08-13T00:00:00-04:00,2026-08-19T23:59:59-04:00,,34077.0,-674.26,34162.0,-967.26,http://f.wishabi.net/page_items/430005939/1786180367/extra_large.jpg
Metro,8073382,1032133572,SELECTION ECO COMPOSTABLE UTENSILS,,2.49,,,,$2.49,,2026-08-13T00:00:00-04:00,2026-08-19T23:59:59-04:00,,17810.0,-2159.48,18105.0,-2559.4,http://f.wishabi.net/page_items/429898157/1786169004/extra_large.jpg
Metro,8073382,1032136488,SELECTION FROZEN MEAL,,1.49,,,,$1.49,,2026-08-13T00:00:00-04:00,2026-08-19T23:59:59-04:00,,33050.4,-1883.35,33321.9,-2176.84,http://f.wishabi.net/page_items/429898107/1786180343/extra_large.jpg
Metro,8073382,1032137365,SELECTION MAYONNAISE,,5.99,,,,$5.99,,2026-08-13T00:00:00-04:00,2026-08-19T23:59:59-04:00,,34025.1,-1912.13,34160.0,-2062.52,http://f.wishabi.net/page_items/430005948/1786180373/extra_large.jpg
Metro,8073382,1032104976,SELECTION PICKLES,,3.99,,,,$3.99,,2026-08-13T00:00:00-04:00,2026-08-19T23:59:59-04:00,,33894.9,-1335.72,34167.4,-1584.29,http://f.wishabi.net/page_items/429898125/1786180353/extra_large.jpg
Metro,8073382,1032136688,SELECTION RICE,,2.99,,,,$2.99,,2026-08-13T00:00:00-04:00,2026-08-19T23:59:59-04:00,,33609.6,-1886.07,33893.6,-2177.86,http://f.wishabi.net/page_items/429898119/1786180350/extra_large.jpg
Metro,8073420,1031853634,SHEFA SMOKED BEEF SAUSAGES,,9.99,,,,$9.99,,2026-08-13T00:00:00-04:00,2026-08-19T23:59:59-04:00,,4919.32,-1684.74,5340.69,-2176.9,http://f.wishabi.net/page_items/429897139/1786149401/extra_large.jpg
Metro,8073420,1031853618,SHUFRA SNOWFLAKES,,5.99,,,,$5.99,,2026-08-13T00:00:00-04:00,2026-08-19T23:59:59-04:00,,2544.03,-1289.52,2949.38,-1860.03,http://f.wishabi.net/page_items/429897134/1786149408/extra_large.jpg
Metro,8073382,1031974363,SIGGI'S TUBS OR IÖGO MULTI YOGOURT,,6.99,,,,$6.99,,2026-08-13T00:00:00-04:00,2026-08-19T23:59:59-04:00,,1595.0,-1030.19,1718.0,-1187.19,http://f.wishabi.net/page_items/429986101/1786180371/extra_large.jpg
Metro,8073382,1031975074,SILK BEVERAGE,,3.49,,,,$3.49,,2026-08-13T00:00:00-04:00,2026-08-19T23:59:59-04:00,,1001.0,-1526.04,1136.0,-1690.04,http://f.wishabi.net/page_items/429986131/1786180360/extra_large.jpg
Metro,8073382,1032138541,SIMPLY GOURMET PUFFED GRAIN SNACK,,2.49,,,,$2.49,,2026-08-13T00:00:00-04:00,2026-08-19T23:59:59-04:00,,34351.1,-1980.14,34478.9,-2135.57,http://f.wishabi.net/page_items/429986358/1786180366/extra_large.jpg
Metro,8073382,1032109702,SKINNY POP POPCORN,,3.99,,,,$3.99,,2026-08-13T00:00:00-04:00,2026-08-19T23:59:59-04:00,,34445.4,-988.63,34592.2,-1216.65,http://f.wishabi.net/page_items/429986352/1786180363/extra_large.jpg
Metro,8073420,1031853656,SNAPPLE TEA,,3.99,,,,$3.99,,2026-08-13T00:00:00-04:00,2026-08-19T23:59:59-04:00,,4089.72,-658.92,4496.8,-1165.45,http://f.wishabi.net/page_items/429897148/1786149407/extra_large.jpg
Metro,8073420,1031853600,SNAPPY SNAX PRETZELS,,1.99,,,,$1.99,,2026-08-13T00:00:00-04:00,2026-08-19T23:59:59-04:00,,2116.25,-145.01,2651.6,-731.31,http://f.wishabi.net/page_items/429897126/1786149402/extra_large.jpg
Metro,8073382,1032134641,SNOW CRAB CLUSTERS,,19.99,,,,$19.99,,2026-08-13T00:00:00-04:00,2026-08-19T23:59:59-04:00,,21273.4,-646.25,21543.5,-963.33,http://f.wishabi.net/page_items/429897586/1786472179/extra_large.jpg
Metro,8073382,1032135181,SPICED YAM & GRAIN BOWL,,10.99,,,,$10.99,,2026-08-13T00:00:00-04:00,2026-08-19T23:59:59-04:00,,30090.4,-649.41,30721.5,-1368.57,http://f.wishabi.net/page_items/429897863/1786169001/extra_large.jpg
Metro,8073382,1032137081,ST DALFOUR SPREAD,,6.99,,,,$6.99,,2026-08-13T00:00:00-04:00,2026-08-19T23:59:59-04:00,,34035.0,-372.0,34174.0,-574.0,http://f.wishabi.net/page_items/430005935/1786180364/extra_large.jpg
Metro,8073382,1032138486,ST. IVES BODY WASHER OR FACIAL CARE,,4.99,,,,$4.99,,2026-08-13T00:00:00-04:00,2026-08-19T23:59:59-04:00,,34375.0,-1605.77,34481.3,-1884.59,http://f.wishabi.net/page_items/429986356/1786180365/extra_large.jpg
Metro,8073382,1031972672,STARBUCKS ICED COFFEE,,8.99,,,,$8.99,,2026-08-13T00:00:00-04:00,2026-08-19T23:59:59-04:00,,31896.2,-2201.59,32454.6,-2483.52,http://f.wishabi.net/page_items/429898057/1786472229/extra_large.jpg
Metro,8073382,1031972168,STONEMILL BREADS,,4.99,,,,$4.99,,2026-08-13T00:00:00-04:00,2026-08-19T23:59:59-04:00,,32456.0,-962.27,32742.8,-1272.28,http://f.wishabi.net/page_items/429898030/1786472221/extra_large.jpg
Metro,8073382,1032135390,STORE MADE SAUSAGES,,4.99,,,,$4.99,,2026-08-13T00:00:00-04:00,2026-08-19T23:59:59-04:00,,30731.9,-1289.96,31294.3,-1579.35,http://f.wishabi.net/page_items/429897837/1786169002/extra_large.jpg
Metro,8073382,1032134702,STORE MADE SEAFOOD SAMPLER WITH SAUCE,,8.99,,,,$8.99,,2026-08-13T00:00:00-04:00,2026-08-19T23:59:59-04:00,,20697.6,-371.2,20986.7,-660.49,http://f.wishabi.net/page_items/429897590/1786472181/extra_large.jpg
Metro,8073382,1031971330,STRAWBERRIES,,4.99,,,,$4.99,,2026-08-13T00:00:00-04:00,2026-08-19T23:59:59-04:00,,1166.35,-105.93,1445.25,-373.76,http://f.wishabi.net/page_items/429897356/1786180356/extra_large.jpg
Metro,8073382,1032133589,SWEET CORN,,4.99,,,,$4.99,,2026-08-13T00:00:00-04:00,2026-08-19T23:59:59-04:00,,16965.7,-903.46,18030.0,-1281.04,http://f.wishabi.net/page_items/429898158/1786169005/extra_large.jpg
Metro,8073382,1032133772,SWISS CHALET PORK BACK RIBS,,14.99,,,,$14.99,,2026-08-13T00:00:00-04:00,2026-08-19T23:59:59-04:00,,18119.2,-1776.0,18672.9,-2076.47,http://f.wishabi.net/page_items/429898143/1786169003/extra_large.jpg
Metro,8073420,1031853604,TA'AMBONNE DIPS,,1.99,,,,$1.99,,2026-08-13T00:00:00-04:00,2026-08-19T23:59:59-04:00,,2658.85,-149.07,3227.09,-405.93,http://f.wishabi.net/page_items/429897128/1786149404/extra_large.jpg
Metro,8073420,1031853570,"TABATCHNICK OR KNORR SOUP, LIPTON MATZO BALL & SOUP MIX",,3.49,,,,$3.49,,2026-08-13T00:00:00-04:00,2026-08-19T23:59:59-04:00,,151.03,-1455.15,564.86,-1894.82,http://f.wishabi.net/page_items/429897114/1786149405/extra_large.jpg
Metro,8073382,1032133878,THE KEG PORK SKIN RIBS,,19.99,,,,$19.99,,2026-08-13T00:00:00-04:00,2026-08-19T23:59:59-04:00,,18334.9,-1578.94,19044.0,-1777.19,http://f.wishabi.net/page_items/429898150/1786169008/extra_large.jpg
Metro,8073382,1031957892,"TIDE LAUNDRY DETERGENT, DOWNY SCENT BOOSTER OR CASCADE",,19.99,,,,$19.99,,2026-08-13T00:00:00-04:00,2026-08-19T23:59:59-04:00,,617.43,-2186.05,788.03,-2385.42,http://f.wishabi.net/page_items/429985563/1786180359/extra_large.jpg
Metro,8073382,1032136656,TIM HORTONS COFFEE CAPSULES,,27.99,,,,$27.99,,2026-08-13T00:00:00-04:00,2026-08-19T23:59:59-04:00,,33608.9,-73.1,33893.7,-373.57,http://f.wishabi.net/page_items/429898117/1786180349/extra_large.jpg
Metro,8073382,1032137010,TIM HORTONS INSTANT COFFEE,,9.99,,,,$9.99,,2026-08-13T00:00:00-04:00,2026-08-19T23:59:59-04:00,,34029.7,-68.13,34170.7,-275.1,http://f.wishabi.net/page_items/430005931/1786180361/extra_large.jpg
Metro,8073382,1031849129,TOSTITOS CHIPS,,3.49,,,,$3.49,,2026-08-13T00:00:00-04:00,2026-08-19T23:59:59-04:00,,959.51,-1849.52,1146.84,-2070.6,http://f.wishabi.net/page_items/429897197/1786180344/extra_large.jpg
Metro,8073382,1032133694,TRACKLEMENTS MUSTARD,,6.99,,,,$6.99,,2026-08-13T00:00:00-04:00,2026-08-19T23:59:59-04:00,,18248.1,-2196.77,18399.2,-2457.34,http://f.wishabi.net/page_items/429898139/1786169000/extra_large.jpg
Metro,8073382,1031975896,TRE STELLE CREAM CHEESE SPREAD,,4.99,,,,$4.99,,2026-08-13T00:00:00-04:00,2026-08-19T23:59:59-04:00,,33048.7,-733.93,33302.4,-932.37,http://f.wishabi.net/page_items/430003450/1786180362/extra_large.jpg
Metro,8073382,1032134538,TRE STELLE MOZZARELLA BALL,,7.99,,,,$7.99,,2026-08-13T00:00:00-04:00,2026-08-19T23:59:59-04:00,,20986.5,-1913.65,21270.1,-2198.21,http://f.wishabi.net/page_items/429897579/1786472174/extra_large.jpg
Metro,8073382,1032136187,TROPICANA REFRIGERATED DRINKS,,4.99,,,,$4.99,,2026-08-13T00:00:00-04:00,2026-08-19T23:59:59-04:00,,32492.4,-2191.34,32608.7,-2479.48,http://f.wishabi.net/page_items/429898055/1786472228/extra_large.jpg
Metro,8073382,1032134685,TRUE BLUE MARYLAND CRAB CAKES,,3.99,,,,$3.99,,2026-08-13T00:00:00-04:00,2026-08-19T23:59:59-04:00,,20428.3,-372.8,20698.5,-665.15,http://f.wishabi.net/page_items/429897589/1786472181/extra_large.jpg
Metro,8073420,1031853653,USHIA SAUCES,,2.99,,,,$2.99,,2026-08-13T00:00:00-04:00,2026-08-19T23:59:59-04:00,,4089.55,-1166.78,4492.82,-1681.11,http://f.wishabi.net/page_items/429897147/1786149407/extra_large.jpg
Metro,8073382,1032135882,VH SAUCE,,3.99,,,,$3.99,,2026-08-13T00:00:00-04:00,2026-08-19T23:59:59-04:00,,32745.8,-1624.91,32882.1,-1825.98,http://f.wishabi.net/page_items/429898020/1786472218/extra_large.jpg
Metro,8073382,1032133522,VIDALIA SWEET YELLOW ONIONS,,2.49,,,,$2.49,,2026-08-13T00:00:00-04:00,2026-08-19T23:59:59-04:00,,16957.8,-1278.68,17486.2,-1665.0,http://f.wishabi.net/page_items/429898154/1786169002/extra_large.jpg
Metro,8073382,1031847630,"VILLAGGIO BREADS, BUNS, DEMPSTER'S BAGELS OR WHOLE GRAIN BREADS",,7.0,,,,$7.0,,2026-08-13T00:00:00-04:00,2026-08-19T23:59:59-04:00,,1437.42,-425.4,1579.21,-654.39,http://f.wishabi.net/page_items/429897317/1786180352/extra_large.jpg
Metro,8073382,1032132906,VINTAGE PETALS BOUQUET,,20.0,,,,$20.0,,2026-08-13T00:00:00-04:00,2026-08-19T23:59:59-04:00,,14356.2,-2219.49,14635.6,-2485.63,http://f.wishabi.net/page_items/429897507/1786180349/extra_large.jpg
Metro,8073420,1031853669,WHITE ROCK SOFT DRINKS,,0.79,,,,$0.79,,2026-08-13T00:00:00-04:00,2026-08-19T23:59:59-04:00,,5544.6,-149.57,5701.44,-646.57,http://f.wishabi.net/page_items/429986115/1786149412/extra_large.jpg
Metro,8073382,1032133974,WHITE VALLEY LEAN GROUND VEAL,,9.99,,,,$9.99,,2026-08-13T00:00:00-04:00,2026-08-19T23:59:59-04:00,,19546.7,-1611.49,19831.8,-1882.45,http://f.wishabi.net/page_items/429897527/1786180342/extra_large.jpg
Metro,8073382,1032137778,WHOLESOME SUGAR,,9.99,,,,$9.99,,2026-08-13T00:00:00-04:00,2026-08-19T23:59:59-04:00,,34760.7,-67.66,35038.5,-330.68,http://f.wishabi.net/page_items/429898073/1786180349/extra_large.jpg
Metro,8073382,1032134751,WILD CAUGHT PACIFIC COD FILLETS,,9.99,,,,$9.99,,2026-08-13T00:00:00-04:00,2026-08-19T23:59:59-04:00,,20423.7,-65.48,20991.4,-369.14,http://f.wishabi.net/page_items/429897593/1786472183/extra_large.jpg
Metro,8073382,1031847378,WILD PINK ARGENTINIAN RAW SHRIMP | OCEAN JEWEL LARGE COOKED OR RAW SHRIMP 31/40 SIZE,,6.99,,,,$6.99,,2026-08-13T00:00:00-04:00,2026-08-19T23:59:59-04:00,,1863.53,-377.34,2009.4,-545.7,http://f.wishabi.net/page_items/429897267/1786180344/extra_large.jpg
Metro,8073382,1031973968,"WILD PINK ARGENTINIAN RAW SHRIMP, OCEAN JEWEL LARGE COOKED OR RAW SHRIMP 31/40 SIZE",,6.99,,,,$6.99,,2026-08-13T00:00:00-04:00,2026-08-19T23:59:59-04:00,,1732.53,-378.34,1863.4,-546.7,http://f.wishabi.net/page_items/429984878/1786180363/extra_large.jpg
Metro,8073420,1031853636,WISSOTZKY OR GALIL TEA,,3.49,,,,$3.49,,2026-08-13T00:00:00-04:00,2026-08-19T23:59:59-04:00,,4920.04,-1161.53,5105.37,-1505.47,http://f.wishabi.net/page_items/429897140/1786149402/extra_large.jpg
Metro,8073382,1032134003,WONG WING ENTRÉES,,7.99,,,,$7.99,,2026-08-13T00:00:00-04:00,2026-08-19T23:59:59-04:00,,19273.7,-2191.25,19547.2,-2481.98,http://f.wishabi.net/page_items/429897529/1786180343/extra_large.jpg
Metro,8073382,1032132783,YELLOW-FLESH POTATOES,,4.99,,,,$4.99,,2026-08-13T00:00:00-04:00,2026-08-19T23:59:59-04:00,,14358.7,-657.54,14633.5,-949.65,http://f.wishabi.net/page_items/429897500/1786180344/extra_large.jpg
Metro,8073382,1032122253,YORKSHIRE VALLEY FARMS ORGANIC BREADED CHICKEN OR PIES,,14.99,,,,$14.99,,2026-08-13T00:00:00-04:00,2026-08-19T23:59:59-04:00,,20121.6,-2194.88,20393.8,-2480.58,http://f.wishabi.net/page_items/429897535/1786180346/extra_large.jpg
Metro,8073382,1032134240,YORKSHIRE VALLEY FARMS ORGANIC FRESH CHICKEN QUARTERS OR CHICKEN DRUMSTICKS,,5.99,,,,$5.99,,2026-08-13T00:00:00-04:00,2026-08-19T23:59:59-04:00,,19824.7,-959.17,20394.9,-1273.47,http://f.wishabi.net/page_items/429897545/1786180351/extra_large.jpg
Metro,8073382,1032530966,YOUR FIRST 3 ORDERS,,,,,,,,2026-08-13T00:00:00-04:00,2026-08-19T23:59:59-04:00,,4623.99,-34.64,13471.3,-2539.62,http://f.wishabi.net/page_items/430346809/1786472527/extra_large.jpg
Metro,8073382,1032135292,ZERTO MOZZARELLA,,9.99,,,,$9.99,,2026-08-13T00:00:00-04:00,2026-08-19T23:59:59-04:00,,30919.0,-987.63,31099.8,-1275.91,http://f.wishabi.net/page_items/429897833/1786168999/extra_large.jpg
Metro,8073382,1031972804,ZIPLOC BAGS,,9.99,,,,$9.99,,2026-08-13T00:00:00-04:00,2026-08-19T23:59:59-04:00,,34768.5,-1997.03,35053.1,-2238.34,http://f.wishabi.net/page_items/429898091/1786180357/extra_large.jpg
Metro,8073382,1031974573,ZOA ENERGY DRINKS,,5.0,,,,$5.0,,2026-08-13T00:00:00-04:00,2026-08-19T23:59:59-04:00,,31943.9,-1912.89,32034.7,-2059.81,http://f.wishabi.net/page_items/429986086/1786472233/extra_large.jpg
Metro,8073420,1031853643,ZWEET SOUR BELTS,,4.99,,,,$4.99,,2026-08-13T00:00:00-04:00,2026-08-19T23:59:59-04:00,,5339.9,-1162.33,5752.47,-1678.69,http://f.wishabi.net/page_items/429897143/1786149404/extra_large.jpg
Nations Fresh Foods,8085181,1033389319,AA-1 Bullet Tuna 680g,AA-1,3.99,,,,$3.99,,2026-08-14T00:00:00-04:00,2026-08-20T23:59:59-04:00,,2601.44,-511.4,2842.06,-678.92,http://f.wishabi.net/page_items/430724249/1786753998/extra_large.jpg
Nations Fresh Foods,8085181,1033389418,Aik Cheong White Coffee 600g,Aik Cheong,1.99,,,,$1.99,,2026-08-14T00:00:00-04:00,2026-08-20T23:59:59-04:00,,2207.74,-338.35,2369.32,-508.79,http://f.wishabi.net/page_items/430724279/1786754017/extra_large.jpg
Nations Fresh Foods,8085181,1033389364,Ajinomoto Umami Seasoning 454g,Ajinomoto,2.99,,,,$2.99,,2026-08-14T00:00:00-04:00,2026-08-20T23:59:59-04:00,,2127.28,-1365.12,2367.58,-1532.08,http://f.wishabi.net/page_items/430724263/1786754007/extra_large.jpg
Nations Fresh Foods,8085181,1033389107,Armstrong Marble Cheese,Armstrong,2.29,,,,$2.29,,2026-08-14T00:00:00-04:00,2026-08-20T23:59:59-04:00,,1422.71,-852.32,1655.91,-1020.87,http://f.wishabi.net/page_items/430724153/1786753988/extra_large.jpg
Nations Fresh Foods,8085181,1033389121,Armstrong Medium Cheddar,Armstrong,2.29,,,,$2.29,,2026-08-14T00:00:00-04:00,2026-08-20T23:59:59-04:00,,1656.08,-851.22,1893.65,-1020.3,http://f.wishabi.net/page_items/430724161/1786753994/extra_large.jpg
Nations Fresh Foods,8085181,1033389401,Aroy-D Coconut Milk 400ml,AROY-D,1.59,,,,$1.59,,2026-08-14T00:00:00-04:00,2026-08-20T23:59:59-04:00,,2126.4,-1191.93,2367.23,-1361.28,http://f.wishabi.net/page_items/430724274/1786754014/extra_large.jpg
Nations Fresh Foods,8083028,1033157085,Aurora Honey,Aurora,6.99,,,,$6.99,,2026-08-14T00:00:00-04:00,2026-08-20T23:59:59-04:00,,2128.83,-1534.75,2367.93,-1701.21,http://f.wishabi.net/page_items/430641742/1786665772/extra_large.jpg
Nations Fresh Foods,8085181,1033389326,Aurora Honey 1kg,Aurora,6.99,,,,$6.99,,2026-08-14T00:00:00-04:00,2026-08-20T23:59:59-04:00,,2128.8,-1534.7,2367.9,-1701.38,http://f.wishabi.net/page_items/430724251/1786754000/extra_large.jpg
Nations Fresh Foods,8085181,1033389503,Australian Tangerine,,1.99,,,,$1.99,,2026-08-14T00:00:00-04:00,2026-08-20T23:59:59-04:00,,3073.72,-1877.89,3315.24,-2043.38,http://f.wishabi.net/page_items/430724335/1786753997/extra_large.jpg
Nations Fresh Foods,8085181,1033389596,Avocados In Bag,,2.99,,,,$2.99,,2026-08-14T00:00:00-04:00,2026-08-20T23:59:59-04:00,,3072.5,-2048.52,3314.71,-2214.21,http://f.wishabi.net/page_items/430724362/1786754014/extra_large.jpg
Nations Fresh Foods,8085181,1033389228,BBQ Roast Duck,,19.99,,,,$19.99,,2026-08-14T00:00:00-04:00,2026-08-20T23:59:59-04:00,,1183.24,-1703.49,1420.58,-1870.46,http://f.wishabi.net/page_items/430724189/1786754013/extra_large.jpg
Nations Fresh Foods,8085181,1033389466,Baby Gai Lan,,1.69,,,,$1.69,,2026-08-14T00:00:00-04:00,2026-08-20T23:59:59-04:00,,3154.59,-173.18,3315.87,-337.68,http://f.wishabi.net/page_items/430724324/1786753990/extra_large.jpg
Nations Fresh Foods,8085181,1033389450,Baby Golden Peach,,1.99,,,,$1.99,,2026-08-14T00:00:00-04:00,2026-08-20T23:59:59-04:00,,2845.18,-1877.96,3073.94,-2042.96,http://f.wishabi.net/page_items/430724320/1786753987/extra_large.jpg
Nations Fresh Foods,8085181,1033389117,Barilo's Chilli Roasted Pork Roll,Barilo,2.49,,,,$2.49,,2026-08-14T00:00:00-04:00,2026-08-20T23:59:59-04:00,,1424.0,-511.55,1654.62,-677.95,http://f.wishabi.net/page_items/430724159/1786753993/extra_large.jpg
Nations Fresh Foods,8085181,1033389130,Barilo's Pepper Roasted Pork Roll,Barilo,2.49,,,,$2.49,,2026-08-14T00:00:00-04:00,2026-08-20T23:59:59-04:00,,1655.2,-512.42,1894.05,-679.02,http://f.wishabi.net/page_items/430724164/1786753996/extra_large.jpg
Nations Fresh Foods,8085181,1033389165,Bean Curd Skin Rolls,,4.49,,,,$4.49,,2026-08-14T00:00:00-04:00,2026-08-20T23:59:59-04:00,,1658.66,-2046.25,1894.9,-2214.99,http://f.wishabi.net/page_items/430724175/1786754004/extra_large.jpg
Nations Fresh Foods,8085181,1033389239,Beauty Of Joseon Revive Serum 30ml,Beauty Of Joseon,15.99,,,,$15.99,,2026-08-14T00:00:00-04:00,2026-08-20T23:59:59-04:00,,949.89,-342.62,1108.2,-510.76,http://f.wishabi.net/page_items/430724192/1786754016/extra_large.jpg
Nations Fresh Foods,8085181,1033389102,Beef Rice Rolls,,3.99,,,,$3.99,,2026-08-14T00:00:00-04:00,2026-08-20T23:59:59-04:00,,1660.18,-2220.36,1894.83,-2385.43,http://f.wishabi.net/page_items/430724149/1786753985/extra_large.jpg
Nations Fresh Foods,8085181,1033389579,Bok Choy Sum,,0.99,,,,$0.99,,2026-08-14T00:00:00-04:00,2026-08-20T23:59:59-04:00,,2844.82,-512.65,2997.47,-679.36,http://f.wishabi.net/page_items/430724357/1786754011/extra_large.jpg
Nations Fresh Foods,8085181,1033389495,Bone In Pork Chop,,1.99,,,,$1.99,,2026-08-14T00:00:00-04:00,2026-08-20T23:59:59-04:00,,3634.12,-173.29,3790.72,-337.66,http://f.wishabi.net/page_items/430724332/1786753995/extra_large.jpg
Nations Fresh Foods,8085181,1033389439,Boneless Beef Blade Roast,,8.99,,,,$8.99,,2026-08-14T00:00:00-04:00,2026-08-20T23:59:59-04:00,,3318.09,-512.94,3548.29,-678.65,http://f.wishabi.net/page_items/430724317/1786753985/extra_large.jpg
Nations Fresh Foods,8085181,1033389435,Boneless Beef Blade Steak,,9.99,,,,$9.99,,2026-08-14T00:00:00-04:00,2026-08-20T23:59:59-04:00,,3548.54,-512.54,3789.98,-679.46,http://f.wishabi.net/page_items/430724316/1786753985/extra_large.jpg
Nations Fresh Foods,8085181,1033389521,Boneless Pork Loin Roast,,2.69,,,,$2.69,,2026-08-14T00:00:00-04:00,2026-08-20T23:59:59-04:00,,3318.27,-339.64,3549.4,-510.39,http://f.wishabi.net/page_items/430724340/1786754000/extra_large.jpg
Nations Fresh Foods,8083028,1033156843,Borges Portuguese Salami,Borges,1.99,,,,$1.99,,2026-08-14T00:00:00-04:00,2026-08-20T23:59:59-04:00,,1424.96,-338.22,1656.37,-508.01,http://f.wishabi.net/page_items/430641655/1786665763/extra_large.jpg
Nations Fresh Foods,8085181,1033389221,Borges Portuguese Salami (Mild / Hot),Borges,1.99,,,,$1.99,,2026-08-14T00:00:00-04:00,2026-08-20T23:59:59-04:00,,1653.13,-169.95,1893.88,-337.7,http://f.wishabi.net/page_items/430724187/1786754012/extra_large.jpg
Nations Fresh Foods,8085181,1033389599,Bosc Pear,,1.39,,,,$1.39,,2026-08-14T00:00:00-04:00,2026-08-20T23:59:59-04:00,,2845.72,-2048.32,3073.45,-2215.95,http://f.wishabi.net/page_items/430724363/1786754015/extra_large.jpg
Nations Fresh Foods,8083028,1033156977,Brandt Roast Beef,Brandt,2.99,,,,$2.99,,2026-08-14T00:00:00-04:00,2026-08-20T23:59:59-04:00,,1732.75,-170.36,1894.94,-336.69,http://f.wishabi.net/page_items/430641690/1786665791/extra_large.jpg
Nations Fresh Foods,8085181,1033389552,Bunch Red Radish,,2.5,,,,$2.5,,2026-08-14T00:00:00-04:00,2026-08-20T23:59:59-04:00,,2845.56,-1192.61,3075.67,-1360.87,http://f.wishabi.net/page_items/430724349/1786754006/extra_large.jpg
Nations Fresh Foods,8085181,1033389456,CBC Beef Karubi Plate Roll,CBC,8.99,,,,$8.99,,2026-08-14T00:00:00-04:00,2026-08-20T23:59:59-04:00,,3548.56,-681.97,3791.19,-849.15,http://f.wishabi.net/page_items/430724322/1786753989/extra_large.jpg
Nations Fresh Foods,8085181,1033389297,CGF Noodle Soup Series,CGF,6.99,,,,$6.99,,2026-08-14T00:00:00-04:00,2026-08-20T23:59:59-04:00,,2370.11,-851.93,2602.46,-1019.89,http://f.wishabi.net/page_items/430724242/1786753994/extra_large.jpg
Nations Fresh Foods,8085181,1033389316,CGF Seafood Net Spring Rolls 450g,CGF,7.99,,,,$7.99,,2026-08-14T00:00:00-04:00,2026-08-20T23:59:59-04:00,,2602.5,-853.51,2842.7,-1019.17,http://f.wishabi.net/page_items/430724248/1786753998/extra_large.jpg
Nations Fresh Foods,8085181,1033389374,CLF Yam Powder Series,CLF,5.0,,,,$5.0,,2026-08-14T00:00:00-04:00,2026-08-20T23:59:59-04:00,,1898.09,-1191.4,2126.28,-1361.25,http://f.wishabi.net/page_items/430724266/1786754009/extra_large.jpg
Nations Fresh Foods,8085181,1033389125,COW Bouncia Body Wash Series,COW,7.99,,,,$7.99,,2026-08-14T00:00:00-04:00,2026-08-20T23:59:59-04:00,,949.99,-514.09,1183.2,-681.45,http://f.wishabi.net/page_items/430724162/1786753995/extra_large.jpg
Nations Fresh Foods,8085181,1033389132,Cantonese Chow Mein,,6.99,,,,$6.99,,2026-08-14T00:00:00-04:00,2026-08-20T23:59:59-04:00,,1423.15,-1877.81,1657.09,-2044.4,http://f.wishabi.net/page_items/430724165/1786753997/extra_large.jpg
Nations Fresh Foods,8085181,1033389603,Carrots 2Lb,,3.0,,,,$3.0,,2026-08-14T00:00:00-04:00,2026-08-20T23:59:59-04:00,,2844.46,-1022.08,2997.78,-1189.77,http://f.wishabi.net/page_items/430724365/1786754016/extra_large.jpg
Nations Fresh Foods,8085181,1033389114,Casa Mendosa Tortillas Large (Original / Whole Wheat),Casa Mendosa,3.99,,,,$3.99,,2026-08-14T00:00:00-04:00,2026-08-20T23:59:59-04:00,,1182.74,-851.92,1419.91,-1021.06,http://f.wishabi.net/page_items/430724158/1786753992/extra_large.jpg
Nations Fresh Foods,8085181,1033389175,Casa Mendoza Tortillas Medium (Original / Whole Wheat),Casa Mendoza,3.29,,,,$3.29,,2026-08-14T00:00:00-04:00,2026-08-20T23:59:59-04:00,,949.81,-852.8,1181.16,-1020.59,http://f.wishabi.net/page_items/430724178/1786754006/extra_large.jpg
Nations Fresh Foods,8085181,1033389530,Cauliflower,,2.59,,,,$2.59,,2026-08-14T00:00:00-04:00,2026-08-20T23:59:59-04:00,,3075.47,-1365.4,3315.36,-1532.77,http://f.wishabi.net/page_items/430724343/1786754002/extra_large.jpg
Nations Fresh Foods,8085181,1033389572,Chinese Shiitake Mushroom,,4.99,,,,$4.99,,2026-08-14T00:00:00-04:00,2026-08-20T23:59:59-04:00,,3155.7,-850.15,3316.4,-1018.88,http://f.wishabi.net/page_items/430724355/1786754009/extra_large.jpg
Nations Fresh Foods,8085181,1033389337,Choripdong Flavoured Lobster Ball 500g,,5.99,,,,$5.99,,2026-08-14T00:00:00-04:00,2026-08-20T23:59:59-04:00,,2369.51,-1192.08,2603.44,-1362.6,http://f.wishabi.net/page_items/430724255/1786754002/extra_large.jpg
Nations Fresh Foods,8085181,1033389384,Choyesco Frozen Cooked Sweet Corn 800g,Choyesco,2.99,,,,$2.99,,2026-08-14T00:00:00-04:00,2026-08-20T23:59:59-04:00,,2602.02,-681.56,2842.49,-848.25,http://f.wishabi.net/page_items/430724269/1786754011/extra_large.jpg
Nations Fresh Foods,8085181,1033389485,Corn 5pcs,,1.99,,,,$1.99,,2026-08-14T00:00:00-04:00,2026-08-20T23:59:59-04:00,,2845.54,-1365.29,3074.98,-1532.88,http://f.wishabi.net/page_items/430724329/1786753993/extra_large.jpg
Nations Fresh Foods,8085181,1033389097,Crispy Fish Fillet,,9.99,,,,$9.99,,2026-08-14T00:00:00-04:00,2026-08-20T23:59:59-04:00,,3.47,-2127.06,311.27,-2409.75,http://f.wishabi.net/page_items/430724145/1786753984/extra_large.jpg
Nations Fresh Foods,8085181,1033389501,Crown Broccoli,,1.29,,,,$1.29,,2026-08-14T00:00:00-04:00,2026-08-20T23:59:59-04:00,,3077.04,-1535.44,3315.03,-1700.15,http://f.wishabi.net/page_items/430724334/1786753996/extra_large.jpg
Nations Fresh Foods,8085181,1033389601,Cubanelle Pepper,,1.99,,,,$1.99,,2026-08-14T00:00:00-04:00,2026-08-20T23:59:59-04:00,,2844.65,-680.74,2998.1,-848.56,http://f.wishabi.net/page_items/430724364/1786754015/extra_large.jpg
Nations Fresh Foods,8085181,1033389351,DJ Fried Red Onion 400g,DJ,4.99,,,,$4.99,,2026-08-14T00:00:00-04:00,2026-08-20T23:59:59-04:00,,1897.72,-1365.8,2127.3,-1532.64,http://f.wishabi.net/page_items/430724259/1786754005/extra_large.jpg
Nations Fresh Foods,8085181,1033389112,Delfresh Black Forest Ham,Delfresh,0.99,,,,$0.99,,2026-08-14T00:00:00-04:00,2026-08-20T23:59:59-04:00,,1424.77,-169.14,1650.9,-337.67,http://f.wishabi.net/page_items/430724157/1786753991/extra_large.jpg
Nations Fresh Foods,8085181,1033389371,Doritos Chips Series,Doritos,7.0,,,,$7.0,,2026-08-14T00:00:00-04:00,2026-08-20T23:59:59-04:00,,2126.96,-852.54,2367.78,-1019.5,http://f.wishabi.net/page_items/430724265/1786754008/extra_large.jpg
Nations Fresh Foods,8085181,1033389246,Dr. Althea PDRN Reju 5000 Cream 20g,Dr. Althea,27.99,,,,$27.99,,2026-08-14T00:00:00-04:00,2026-08-20T23:59:59-04:00,,1108.68,-344.52,1264.38,-511.97,http://f.wishabi.net/page_items/430724194/1786754017/extra_large.jpg
Nations Fresh Foods,8085181,1033389266,Dried Mushroom,,39.99,,,,$39.99,,2026-08-14T00:00:00-04:00,2026-08-20T23:59:59-04:00,,2609.93,-2049.81,2843.58,-2217.67,http://f.wishabi.net/page_items/430724232/1786753987/extra_large.jpg
Nations Fresh Foods,8085181,1033389195,Elite Sweets Dessert Cups,Elite Sweets,2.29,,,,$2.29,,2026-08-14T00:00:00-04:00,2026-08-20T23:59:59-04:00,,1183.09,-1535.62,1420.25,-1699.93,http://f.wishabi.net/page_items/430724182/1786754009/extra_large.jpg
Nations Fresh Foods,8085181,1033389242,Etude House Cleanser 150g,Etude House,10.99,,,,$10.99,,2026-08-14T00:00:00-04:00,2026-08-20T23:59:59-04:00,,1265.24,-339.73,1423.81,-509.7,http://f.wishabi.net/page_items/430724193/1786754016/extra_large.jpg
Nations Fresh Foods,8085181,1033389534,Family Pack Chicken Leg,,1.99,,,,$1.99,,2026-08-14T00:00:00-04:00,2026-08-20T23:59:59-04:00,,3316.34,-173.14,3469.23,-337.85,http://f.wishabi.net/page_items/430724344/1786754002/extra_large.jpg
Nations Fresh Foods,8085181,1033389289,Ferma Atlantic Whiting Slice 750g,Ferma,6.99,,,,$6.99,,2026-08-14T00:00:00-04:00,2026-08-20T23:59:59-04:00,,2369.24,-511.97,2600.9,-678.16,http://f.wishabi.net/page_items/430724240/1786753992/extra_large.jpg
Nations Fresh Foods,8085181,1033389329,Ferma Frozen Cassava 500g,Ferma,2.99,,,,$2.99,,2026-08-14T00:00:00-04:00,2026-08-20T23:59:59-04:00,,2370.14,-1021.12,2603.13,-1189.26,http://f.wishabi.net/page_items/430724252/1786754000/extra_large.jpg
Nations Fresh Foods,8085181,1033389381,Fox's Fruit Candy 180g,Fox's,3.0,,,,$3.0,,2026-08-14T00:00:00-04:00,2026-08-20T23:59:59-04:00,,1897.62,-853.95,2125.96,-1020.07,http://f.wishabi.net/page_items/430724268/1786754010/extra_large.jpg
Nations Fresh Foods,8085181,1033389527,Fragrant Pear,,1.29,,,,$1.29,,2026-08-14T00:00:00-04:00,2026-08-20T23:59:59-04:00,,3073.92,-1706.4,3315.68,-1873.04,http://f.wishabi.net/page_items/430724342/1786754001/extra_large.jpg
Nations Fresh Foods,8085181,1033389593,Fresh Free Run Chicken (Extra Large),,15.99,,,,$15.99,,2026-08-14T00:00:00-04:00,2026-08-20T23:59:59-04:00,,3470.02,-171.75,3633.59,-337.29,http://f.wishabi.net/page_items/430724361/1786754013/extra_large.jpg
Nations Fresh Foods,8085181,1033389508,Frozen Mutton Leg Stew,,5.99,,,,$5.99,,2026-08-14T00:00:00-04:00,2026-08-20T23:59:59-04:00,,3318.43,-682.03,3548.48,-847.57,http://f.wishabi.net/page_items/430724336/1786753998/extra_large.jpg
Nations Fresh Foods,8085181,1033389446,Frozen Squid U2,,6.99,,,,$6.99,,2026-08-14T00:00:00-04:00,2026-08-20T23:59:59-04:00,,3318.33,-2392.07,3790.56,-2553.09,http://f.wishabi.net/page_items/430724319/1786753987/extra_large.jpg
Nations Fresh Foods,8085181,1033389098,General Chicken,,10.99,,,,$10.99,,2026-08-14T00:00:00-04:00,2026-08-20T23:59:59-04:00,,1423.69,-2220.36,1659.47,-2387.76,http://f.wishabi.net/page_items/430724146/1786753983/extra_large.jpg
Nations Fresh Foods,8085181,1033389405,Golden King Jelly Series,Golden King,1.0,,,,$1.0,,2026-08-14T00:00:00-04:00,2026-08-20T23:59:59-04:00,,2056.2,-170.29,2209.22,-337.9,http://f.wishabi.net/page_items/430724275/1786754014/extra_large.jpg
Nations Fresh Foods,8083028,1033157168,Golden King Jelly Series 540g,Golden king,1.0,,,,$1.0,,2026-08-14T00:00:00-04:00,2026-08-20T23:59:59-04:00,,2056.21,-170.17,2209.16,-337.92,http://f.wishabi.net/page_items/430641763/1786665787/extra_large.jpg
Nations Fresh Foods,8085181,1033389332,Golden Ray Sunflower Oil 3L,Golden Ray,6.99,,,,$6.99,,2026-08-14T00:00:00-04:00,2026-08-20T23:59:59-04:00,,1897.42,-1877.34,2128.48,-2044.22,http://f.wishabi.net/page_items/430724253/1786754001/extra_large.jpg
Nations Fresh Foods,8085181,1033389422,Golden Royal Ox Thai Hom Mali Rice 8kg,Golden Royal Ox,19.99,,,,$19.99,,2026-08-14T00:00:00-04:00,2026-08-20T23:59:59-04:00,,1896.98,-340.39,2053.95,-509.51,http://f.wishabi.net/page_items/430724280/1786754018/extra_large.jpg
Nations Fresh Foods,8085181,1033389103,Golden Sushi Combo,Golden,17.99,,,,$17.99,,2026-08-14T00:00:00-04:00,2026-08-20T23:59:59-04:00,,949.88,-2390.8,1422.54,-2552.73,http://f.wishabi.net/page_items/430724150/1786753986/extra_large.jpg
Nations Fresh Foods,8085181,1033389306,Goya Chile Guajillo,Goya,3.99,,,,$3.99,,2026-08-14T00:00:00-04:00,2026-08-20T23:59:59-04:00,,2128.95,-2219.02,2368.21,-2386.48,http://f.wishabi.net/page_items/430724245/1786753996/extra_large.jpg
Nations Fresh Foods,8083028,1033157082,Goya Chile Guajillo 85g,Goya,3.99,,,,$3.99,,2026-08-14T00:00:00-04:00,2026-08-20T23:59:59-04:00,,2128.92,-2219.03,2368.24,-2386.36,http://f.wishabi.net/page_items/430641741/1786665771/extra_large.jpg
Nations Fresh Foods,8085181,1033389274,Goya Masarica Instant Corn Masa Flour 4Lb,GOYA,4.99,,,,$4.99,,2026-08-14T00:00:00-04:00,2026-08-20T23:59:59-04:00,,1897.47,-2388.98,2129.61,-2551.45,http://f.wishabi.net/page_items/430724235/1786753989/extra_large.jpg
Nations Fresh Foods,8085181,1033389478,Grass Carp Steak,,5.49,,,,$5.49,,2026-08-14T00:00:00-04:00,2026-08-20T23:59:59-04:00,,3549.41,-1707.04,3790.44,-1872.91,http://f.wishabi.net/page_items/430724327/1786753992/extra_large.jpg
Nations Fresh Foods,8085181,1033389096,Greek Salad,,5.99,,,,$5.99,,2026-08-14T00:00:00-04:00,2026-08-20T23:59:59-04:00,,312.18,-2126.83,631.06,-2413.52,http://f.wishabi.net/page_items/430724144/1786753983/extra_large.jpg
Nations Fresh Foods,8085181,1033389310,Green Cabbage,,20.0,,,,$20.0,,2026-08-14T00:00:00-04:00,2026-08-20T23:59:59-04:00,,2609.36,-2389.47,2843.47,-2556.05,http://f.wishabi.net/page_items/430724246/1786753996/extra_large.jpg
Nations Fresh Foods,8085181,1033389569,Green Cabbage,,0.39,,,,$0.39,,2026-08-14T00:00:00-04:00,2026-08-20T23:59:59-04:00,,2997.67,-679.84,3157.1,-849.08,http://f.wishabi.net/page_items/430724354/1786754009/extra_large.jpg
Nations Fresh Foods,8085181,1033389590,Green Ton Choy,,1.79,,,,$1.79,,2026-08-14T00:00:00-04:00,2026-08-20T23:59:59-04:00,,2845.25,-171.35,2998.43,-337.76,http://f.wishabi.net/page_items/430724360/1786754013/extra_large.jpg
Nations Fresh Foods,8085181,1033389518,Grouper Steak,,13.99,,,,$13.99,,2026-08-14T00:00:00-04:00,2026-08-20T23:59:59-04:00,,3550.4,-1193.0,3791.43,-1362.47,http://f.wishabi.net/page_items/430724339/1786753999/extra_large.jpg
Nations Fresh Foods,8085181,1033389336,Haagen Dazs Ice Cream Series,Haagen-Dazs,4.99,,,,$4.99,,2026-08-14T00:00:00-04:00,2026-08-20T23:59:59-04:00,,2604.32,-1193.45,2843.42,-1361.52,http://f.wishabi.net/page_items/430724254/1786754002/extra_large.jpg
Nations Fresh Foods,8085181,1033389453,Hami Melon,,0.79,,,,$0.79,,2026-08-14T00:00:00-04:00,2026-08-20T23:59:59-04:00,,3074.27,-2389.36,3316.68,-2550.69,http://f.wishabi.net/page_items/430724321/1786753988/extra_large.jpg
Nations Fresh Foods,8085181,1033389545,Head On White Shrimp 20/30,,5.99,,,,$5.99,,2026-08-14T00:00:00-04:00,2026-08-20T23:59:59-04:00,,3316.74,-1365.82,3550.06,-1533.11,http://f.wishabi.net/page_items/430724347/1786754004/extra_large.jpg
Nations Fresh Foods,8085181,1033389109,Italian Mortadella,,2.49,,,,$2.49,,2026-08-14T00:00:00-04:00,2026-08-20T23:59:59-04:00,,1425.24,-340.38,1654.06,-507.47,http://f.wishabi.net/page_items/430724155/1786753989/extra_large.jpg
Nations Fresh Foods,8083028,1033157139,Jack 'n Jill Piattos Potato Crisps,Jack 'n Jill,1.0,,,,$1.0,,2026-08-14T00:00:00-04:00,2026-08-20T23:59:59-04:00,,1897.52,-680.0,2126.65,-848.39,http://f.wishabi.net/page_items/430641756/1786665783/extra_large.jpg
Nations Fresh Foods,8085181,1033389387,Jack 'n Jill Piattos Potato Crisps Series 85g,Jack 'n Jill,1.0,,,,$1.0,,2026-08-14T00:00:00-04:00,2026-08-20T23:59:59-04:00,,1897.55,-679.97,2126.63,-848.54,http://f.wishabi.net/page_items/430724270/1786754011/extra_large.jpg
Nations Fresh Foods,8085181,1033389398,Jack 'n Jill Vcut Piattos Chips 60g,Jack 'n Jill,1.0,,,,$1.0,,2026-08-14T00:00:00-04:00,2026-08-20T23:59:59-04:00,,2128.77,-680.44,2368.03,-847.65,http://f.wishabi.net/page_items/430724273/1786754013/extra_large.jpg
Nations Fresh Foods,8085181,1033389136,Jarlsberg Cheese,,3.49,,,,$3.49,,2026-08-14T00:00:00-04:00,2026-08-20T23:59:59-04:00,,1657.23,-681.03,1894.27,-848.41,http://f.wishabi.net/page_items/430724166/1786753998/extra_large.jpg
Nations Fresh Foods,8085181,1033389278,Jasmine Tea 5Lb,,24.99,,,,$24.99,,2026-08-14T00:00:00-04:00,2026-08-20T23:59:59-04:00,,2370.73,-2049.42,2608.25,-2216.73,http://f.wishabi.net/page_items/430724236/1786753989/extra_large.jpg
Nations Fresh Foods,8085181,1033389314,Joyshare Dried Antler Mushroom,Joyshare,3.99,,,,$3.99,,2026-08-14T00:00:00-04:00,2026-08-20T23:59:59-04:00,,1897.87,-1534.31,2127.75,-1702.73,http://f.wishabi.net/page_items/430724247/1786753997/extra_large.jpg
Nations Fresh Foods,8083028,1033156951,Junik Beta-Glucan Power Moisture Serum 50ml,Junik,25.99,,,,$25.99,,2026-08-14T00:00:00-04:00,2026-08-20T23:59:59-04:00,,1184.64,-514.48,1423.25,-681.72,http://f.wishabi.net/page_items/430641683/1786665785/extra_large.jpg
Nations Fresh Foods,8085181,1033389340,Kewpie Mayonnaise Dressing 3.78L,Kewpie,12.99,,,,$12.99,,2026-08-14T00:00:00-04:00,2026-08-20T23:59:59-04:00,,2370.83,-2220.99,2607.71,-2387.56,http://f.wishabi.net/page_items/430724256/1786754003/extra_large.jpg
Nations Fresh Foods,8085181,1033389367,Knorr Tamarind Soup Base 40g,Knorr,1.0,,,,$1.0,,2026-08-14T00:00:00-04:00,2026-08-20T23:59:59-04:00,,1897.92,-2048.03,2127.54,-2214.8,http://f.wishabi.net/page_items/430724264/1786754008/extra_large.jpg
Nations Fresh Foods,8085181,1033389303,Korean BBQ Sauce Series,,3.99,,,,$3.99,,2026-08-14T00:00:00-04:00,2026-08-20T23:59:59-04:00,,1897.49,-1707.1,2128.65,-1873.62,http://f.wishabi.net/page_items/430724244/1786753995/extra_large.jpg
Nations Fresh Foods,8085181,1033389428,Korean Golden Melon,,1.99,,,,$1.99,,2026-08-14T00:00:00-04:00,2026-08-20T23:59:59-04:00,,3072.73,-2219.34,3315.37,-2386.06,http://f.wishabi.net/page_items/430724314/1786753983/extra_large.jpg
Nations Fresh Foods,8085181,1033389432,Kyoho Grapes,,6.99,,,,$6.99,,2026-08-14T00:00:00-04:00,2026-08-20T23:59:59-04:00,,2845.4,-2388.59,3075.78,-2550.53,http://f.wishabi.net/page_items/430724315/1786753984/extra_large.jpg
Nations Fresh Foods,8085181,1033389145,Lactogal Castelões Whole Cheese (Product Of Portugal),Lactogal,18.99,,,,$18.99,,2026-08-14T00:00:00-04:00,2026-08-20T23:59:59-04:00,,1656.75,-1023.02,1894.41,-1191.37,http://f.wishabi.net/page_items/430724169/1786754000/extra_large.jpg
Nations Fresh Foods,8085181,1033389566,Leaf Fish,,1.99,,,,$1.99,,2026-08-14T00:00:00-04:00,2026-08-20T23:59:59-04:00,,3316.85,-1875.97,3549.36,-2043.04,http://f.wishabi.net/page_items/430724353/1786754008/extra_large.jpg
Nations Fresh Foods,8085181,1033389251,Lee Kum Kee Hoisin Sauce 6x5Lb,Lee Kum Kee,48.99,,,,$48.99,,2026-08-14T00:00:00-04:00,2026-08-20T23:59:59-04:00,,2609.63,-1708.72,2843.03,-1874.58,http://f.wishabi.net/page_items/430724227/1786753983/extra_large.jpg
Nations Fresh Foods,8085181,1033389273,Lee Kum Kee Panda Oyster Flavored Sauce 6x5Lb,Lee Kum Kee,50.99,,,,$50.99,,2026-08-14T00:00:00-04:00,2026-08-20T23:59:59-04:00,,2370.76,-1707.92,2609.65,-1875.21,http://f.wishabi.net/page_items/430724234/1786753988/extra_large.jpg
Nations Fresh Foods,8085181,1033389481,Live Cat Fish,,3.99,,,,$3.99,,2026-08-14T00:00:00-04:00,2026-08-20T23:59:59-04:00,,3318.5,-2220.65,3790.4,-2387.21,http://f.wishabi.net/page_items/430724328/1786753993/extra_large.jpg
Nations Fresh Foods,8085181,1033389537,Long Hot Pepper,,1.99,,,,$1.99,,2026-08-14T00:00:00-04:00,2026-08-20T23:59:59-04:00,,3156.15,-510.98,3316.64,-679.21,http://f.wishabi.net/page_items/430724345/1786754003/extra_large.jpg
Nations Fresh Foods,8085181,1033389231,Lunik Beta-Glucan Power Moisture Serum 50ml,Lunik,25.99,,,,$25.99,,2026-08-14T00:00:00-04:00,2026-08-20T23:59:59-04:00,,1184.37,-514.45,1422.96,-681.43,http://f.wishabi.net/page_items/430724190/1786754014/extra_large.jpg
Nations Fresh Foods,8085181,1033389095,MEAL COMBO,,8.99,,,,$8.99,,2026-08-14T00:00:00-04:00,2026-08-20T23:59:59-04:00,,631.17,-2124.59,946.07,-2416.82,http://f.wishabi.net/page_items/430724143/1786753983/extra_large.jpg
Nations Fresh Foods,8085181,1033389292,Maizteca Corn Tortillas 1Lb,Maizteca,2.99,,,,$2.99,,2026-08-14T00:00:00-04:00,2026-08-20T23:59:59-04:00,,1897.11,-2220.31,2128.74,-2385.42,http://f.wishabi.net/page_items/430724241/1786753993/extra_large.jpg
Nations Fresh Foods,8085181,1033389425,Mama Instant Noodles,MAMA,7.99,,,,$7.99,,2026-08-14T00:00:00-04:00,2026-08-20T23:59:59-04:00,,2055.02,-340.35,2206.53,-509.24,http://f.wishabi.net/page_items/430724281/1786754018/extra_large.jpg
Nations Fresh Foods,8085181,1033389181,Medicube Toner Pads Series,Medicube,27.99,,,,$27.99,,2026-08-14T00:00:00-04:00,2026-08-20T23:59:59-04:00,,1264.39,-169.69,1423.21,-339.11,http://f.wishabi.net/page_items/430724179/1786754007/extra_large.jpg
Nations Fresh Foods,8083028,1033156928,Medicube Toner Pads Series 70pcs,Medicube,27.99,,,,$27.99,,2026-08-14T00:00:00-04:00,2026-08-20T23:59:59-04:00,,1264.83,-170.39,1423.52,-338.56,http://f.wishabi.net/page_items/430641676/1786665780/extra_large.jpg
Nations Fresh Foods,8085181,1033389261,Medium Cooking Onion 50Lb,,38.0,,,,$38.0,,2026-08-14T00:00:00-04:00,2026-08-20T23:59:59-04:00,,2608.93,-2220.61,2843.02,-2387.57,http://f.wishabi.net/page_items/430724230/1786753985/extra_large.jpg
Nations Fresh Foods,8085181,1033389101,Mini Sesame Balls With Red Bean Paste,,3.49,,,,$3.49,,2026-08-14T00:00:00-04:00,2026-08-20T23:59:59-04:00,,1660.56,-2389.71,1895.0,-2551.51,http://f.wishabi.net/page_items/430724148/1786753985/extra_large.jpg
Nations Fresh Foods,8085181,1033389236,Mise En Scene Perfect Serum Shampoo / Conditioner 168ml,Mise En Scene,14.99,,,,$14.99,,2026-08-14T00:00:00-04:00,2026-08-20T23:59:59-04:00,,949.2,-170.97,1107.04,-341.42,http://f.wishabi.net/page_items/430724191/1786754015/extra_large.jpg
Nations Fresh Foods,8085181,1033389210,Mousse Cake Series,,2.49,,,,$2.49,,2026-08-14T00:00:00-04:00,2026-08-20T23:59:59-04:00,,949.74,-1534.16,1181.93,-1698.79,http://f.wishabi.net/page_items/430724185/1786754011/extra_large.jpg
Nations Fresh Foods,8083028,1033156921,Mousse Cake Series,,4.99,,,,$4.99,,2026-08-14T00:00:00-04:00,2026-08-20T23:59:59-04:00,,949.84,-1534.03,1181.92,-1699.03,http://f.wishabi.net/page_items/430641674/1786665778/extra_large.jpg
Nations Fresh Foods,8085181,1033389409,Nissin Fuku Shrimp Dumpling 104g,Nissin,1.99,,,,$1.99,,2026-08-14T00:00:00-04:00,2026-08-20T23:59:59-04:00,,2371.36,-1369.81,2841.33,-1531.62,http://f.wishabi.net/page_items/430724276/1786754015/extra_large.jpg
Nations Fresh Foods,8085181,1033389577,Norwegian Salmon Fillet,,11.99,,,,$11.99,,2026-08-14T00:00:00-04:00,2026-08-20T23:59:59-04:00,,3551.2,-1026.52,3790.92,-1191.35,http://f.wishabi.net/page_items/430724356/1786754010/extra_large.jpg
Nations Fresh Foods,8085181,1033389512,Norwegian Salmon Steak,,8.99,,,,$8.99,,2026-08-14T00:00:00-04:00,2026-08-20T23:59:59-04:00,,3317.27,-1023.27,3550.3,-1190.26,http://f.wishabi.net/page_items/430724337/1786753998/extra_large.jpg
Nations Fresh Foods,8085181,1033389394,Old Jamaica Ginger Beer 355ml,Old Jamaica,1.0,,,,$1.0,,2026-08-14T00:00:00-04:00,2026-08-20T23:59:59-04:00,,2129.39,-513.22,2368.39,-679.49,http://f.wishabi.net/page_items/430724272/1786754013/extra_large.jpg
Nations Fresh Foods,8085181,1033389563,Oyster Meat 1Lb,,14.99,,,,$14.99,,2026-08-14T00:00:00-04:00,2026-08-20T23:59:59-04:00,,3551.06,-1366.49,3790.62,-1533.72,http://f.wishabi.net/page_items/430724352/1786754007/extra_large.jpg
Nations Fresh Foods,8085181,1033389284,Palm Corned Beef Triple Pack 978g,Palm,16.99,,,,$16.99,,2026-08-14T00:00:00-04:00,2026-08-20T23:59:59-04:00,,2128.82,-1877.6,2368.41,-2043.98,http://f.wishabi.net/page_items/430724238/1786753991/extra_large.jpg
Nations Fresh Foods,8085181,1033389286,Patty King Beef Patties,Patty King,10.99,,,,$10.99,,2026-08-14T00:00:00-04:00,2026-08-20T23:59:59-04:00,,2603.98,-1021.58,2843.13,-1190.04,http://f.wishabi.net/page_items/430724239/1786753991/extra_large.jpg
Nations Fresh Foods,8083028,1033156947,Piller's Smoked Turkey,Piller's,1.99,,,,$1.99,,2026-08-14T00:00:00-04:00,2026-08-20T23:59:59-04:00,,1424.28,-170.12,1576.85,-337.12,http://f.wishabi.net/page_items/430641682/1786665785/extra_large.jpg
Nations Fresh Foods,8085181,1033389472,Pork Back Rib,,4.49,,,,$4.49,,2026-08-14T00:00:00-04:00,2026-08-20T23:59:59-04:00,,3549.82,-340.45,3790.88,-510.39,http://f.wishabi.net/page_items/430724326/1786753991/extra_large.jpg
Nations Fresh Foods,8085181,1033389612,Purple Eggplant,,1.49,,,,$1.49,,2026-08-14T00:00:00-04:00,2026-08-20T23:59:59-04:00,,2997.8,-1021.85,3154.24,-1189.29,http://f.wishabi.net/page_items/430724368/1786754018/extra_large.jpg
Nations Fresh Foods,8085181,1033389264,Purple Onion 25Lb,unknown,25.0,,,,$25.0,,2026-08-14T00:00:00-04:00,2026-08-20T23:59:59-04:00,,2370.51,-2390.92,2608.79,-2554.74,http://f.wishabi.net/page_items/430724231/1786753986/extra_large.jpg
Nations Fresh Foods,8085181,1033389620,Red Amaranth,,1.49,,,,$1.49,,2026-08-14T00:00:00-04:00,2026-08-20T23:59:59-04:00,,2997.77,-339.74,3152.8,-508.58,http://f.wishabi.net/page_items/430724372/1786754021/extra_large.jpg
Nations Fresh Foods,8085181,1033389616,Red Onions,,9.99,,,,$9.99,,2026-08-14T00:00:00-04:00,2026-08-20T23:59:59-04:00,,2999.2,-849.88,3155.68,-1020.52,http://f.wishabi.net/page_items/430724370/1786754020/extra_large.jpg
Nations Fresh Foods,8085181,1033389514,Red Pepper,,1.99,,,,$1.99,,2026-08-14T00:00:00-04:00,2026-08-20T23:59:59-04:00,,2997.55,-511.73,3156.09,-680.24,http://f.wishabi.net/page_items/430724338/1786753999/extra_large.jpg
Nations Fresh Foods,8083028,1033157028,Roasted Cashew,,2.99,,,,$2.99,,2026-08-14T00:00:00-04:00,2026-08-20T23:59:59-04:00,,2127.62,-1022.77,2368.52,-1188.88,http://f.wishabi.net/page_items/430641727/1786665759/extra_large.jpg
Nations Fresh Foods,8085181,1033389270,Roasted Cashew 100g,Pretzel King,2.99,,,,$2.99,,2026-08-14T00:00:00-04:00,2026-08-20T23:59:59-04:00,,2127.34,-1022.95,2368.36,-1189.1,http://f.wishabi.net/page_items/430724233/1786753987/extra_large.jpg
Nations Fresh Foods,8085181,1033389488,Roma Tomato,,0.99,,,,$0.99,,2026-08-14T00:00:00-04:00,2026-08-20T23:59:59-04:00,,3157.4,-680.41,3316.58,-848.88,http://f.wishabi.net/page_items/430724330/1786753994/extra_large.jpg
Nations Fresh Foods,8085181,1033389609,Romaine Hearts,Unknown,1.99,,,,$1.99,,2026-08-14T00:00:00-04:00,2026-08-20T23:59:59-04:00,,3153.48,-1022.71,3316.21,-1189.2,http://f.wishabi.net/page_items/430724367/1786754017/extra_large.jpg
Nations Fresh Foods,8085181,1033389299,Royal Oak Hardwood Lump Charcoal 10Lb,ROYAL OAK,9.99,,,,$9.99,,2026-08-14T00:00:00-04:00,2026-08-20T23:59:59-04:00,,2128.74,-2389.93,2368.43,-2552.52,http://f.wishabi.net/page_items/430724243/1786753994/extra_large.jpg
Nations Fresh Foods,8085181,1033389468,Runner Beans,,1.99,,,,$1.99,,2026-08-14T00:00:00-04:00,2026-08-20T23:59:59-04:00,,2845.89,-1534.71,3075.5,-1701.22,http://f.wishabi.net/page_items/430724325/1786753991/extra_large.jpg
Nations Fresh Foods,8085181,1033389105,Rustico Genoa Salami,Rustico,1.99,,,,$1.99,,2026-08-14T00:00:00-04:00,2026-08-20T23:59:59-04:00,,1655.16,-339.86,1894.92,-509.81,http://f.wishabi.net/page_items/430724152/1786753987/extra_large.jpg
Nations Fresh Foods,8085181,1033389412,SH Pompano,SH,7.99,,,,$7.99,,2026-08-14T00:00:00-04:00,2026-08-20T23:59:59-04:00,,2605.14,-171.52,2841.9,-338.14,http://f.wishabi.net/page_items/430724277/1786754016/extra_large.jpg
Nations Fresh Foods,8085181,1033389549,Salad Tomato,,0.99,,,,$0.99,,2026-08-14T00:00:00-04:00,2026-08-20T23:59:59-04:00,,2844.71,-849.82,2999.44,-1020.91,http://f.wishabi.net/page_items/430724348/1786754005/extra_large.jpg
Nations Fresh Foods,8085181,1033389141,Santa Lucia Provolone Cheese,Santa Lucia,2.49,,,,$2.49,,2026-08-14T00:00:00-04:00,2026-08-20T23:59:59-04:00,,1423.29,-681.3,1654.98,-847.87,http://f.wishabi.net/page_items/430724168/1786753999/extra_large.jpg
Nations Fresh Foods,8085181,1033389255,Saporito Vegetable Oil,Saporito,44.99,,,,$44.99,,2026-08-14T00:00:00-04:00,2026-08-20T23:59:59-04:00,,2610.16,-1877.04,2843.03,-2045.95,http://f.wishabi.net/page_items/430724228/1786753984/extra_large.jpg
Nations Fresh Foods,8085181,1033389206,Saputo Mini Friulano Cheese 500g,Saputo,11.99,,,,$11.99,,2026-08-14T00:00:00-04:00,2026-08-20T23:59:59-04:00,,1422.1,-1366.05,1657.06,-1533.49,http://f.wishabi.net/page_items/430724184/1786754010/extra_large.jpg
Nations Fresh Foods,8085181,1033389391,Sautao Noodle Series 880g,Sautao,6.99,,,,$6.99,,2026-08-14T00:00:00-04:00,2026-08-20T23:59:59-04:00,,2127.99,-2048.27,2367.92,-2214.07,http://f.wishabi.net/page_items/430724271/1786754012/extra_large.jpg
Nations Fresh Foods,8085181,1033389560,Sea Bass,,7.99,,,,$7.99,,2026-08-14T00:00:00-04:00,2026-08-20T23:59:59-04:00,,3317.7,-1535.05,3551.77,-1700.27,http://f.wishabi.net/page_items/430724351/1786754007/extra_large.jpg
Nations Fresh Foods,8083028,1033157019,Seven Baskets Seeded Durian Pulp,Seven Baskets,6.99,,,,$6.99,,2026-08-14T00:00:00-04:00,2026-08-20T23:59:59-04:00,,2369.64,-681.27,2600.54,-847.4,http://f.wishabi.net/page_items/430641725/1786665758/extra_large.jpg
Nations Fresh Foods,8085181,1033389281,Seven Baskets Seeded Durian Pulp 400g,Seven Baskets,6.99,,,,$6.99,,2026-08-14T00:00:00-04:00,2026-08-20T23:59:59-04:00,,2369.69,-681.13,2600.63,-847.87,http://f.wishabi.net/page_items/430724237/1786753990/extra_large.jpg
Nations Fresh Foods,8085181,1033389357,Seven Baskets Squid Skewer Series,Seven Baskets,7.99,,,,$7.99,,2026-08-14T00:00:00-04:00,2026-08-20T23:59:59-04:00,,2602.17,-339.22,2842.82,-508.2,http://f.wishabi.net/page_items/430724261/1786754006/extra_large.jpg
Nations Fresh Foods,8085181,1033389619,Shanghai Bok Choy,,0.99,,,,$0.99,,2026-08-14T00:00:00-04:00,2026-08-20T23:59:59-04:00,,2845.14,-340.05,2997.73,-510.09,http://f.wishabi.net/page_items/430724371/1786754020/extra_large.jpg
Nations Fresh Foods,8085181,1033389443,Shell Oyster (M),,2.99,,,,$2.99,,2026-08-14T00:00:00-04:00,2026-08-20T23:59:59-04:00,,3552.21,-1536.17,3790.85,-1700.35,http://f.wishabi.net/page_items/430724318/1786753986/extra_large.jpg
Nations Fresh Foods,8085181,1033389606,Sliced King Oyster Mushroom,Enviro Mushrooms,2.99,,,,$2.99,,2026-08-14T00:00:00-04:00,2026-08-20T23:59:59-04:00,,3077.08,-1194.71,3315.6,-1361.05,http://f.wishabi.net/page_items/430724366/1786754017/extra_large.jpg
Nations Fresh Foods,8085181,1033389583,Smelt Fish,,4.99,,,,$4.99,,2026-08-14T00:00:00-04:00,2026-08-20T23:59:59-04:00,,3316.78,-2048.47,3549.92,-2215.54,http://f.wishabi.net/page_items/430724358/1786754011/extra_large.jpg
Nations Fresh Foods,8085181,1033389462,Snail,,2.99,,,,$2.99,,2026-08-14T00:00:00-04:00,2026-08-20T23:59:59-04:00,,3317.75,-1705.16,3550.14,-1872.52,http://f.wishabi.net/page_items/430724323/1786753989/extra_large.jpg
Nations Fresh Foods,8085181,1033389099,Snow Mountain Roll,,7.99,,,,$7.99,,2026-08-14T00:00:00-04:00,2026-08-20T23:59:59-04:00,,1183.48,-2221.36,1420.97,-2388.63,http://f.wishabi.net/page_items/430724147/1786753984/extra_large.jpg
Nations Fresh Foods,8085181,1033389613,Snow Pea Sprouts,,3.69,,,,$3.69,,2026-08-14T00:00:00-04:00,2026-08-20T23:59:59-04:00,,3153.11,-339.45,3316.04,-508.74,http://f.wishabi.net/page_items/430724369/1786754019/extra_large.jpg
Nations Fresh Foods,8085181,1033389218,Soy Sauce Chicken Leg,,7.99,,,,$7.99,,2026-08-14T00:00:00-04:00,2026-08-20T23:59:59-04:00,,949.79,-1703.77,1183.21,-1871.4,http://f.wishabi.net/page_items/430724186/1786754011/extra_large.jpg
Nations Fresh Foods,8085181,1033389491,Spanish Mackerel,,4.99,,,,$4.99,,2026-08-14T00:00:00-04:00,2026-08-20T23:59:59-04:00,,3548.88,-1878.08,3790.81,-2044.39,http://f.wishabi.net/page_items/430724331/1786753995/extra_large.jpg
Nations Fresh Foods,8085181,1033389376,Sparkling Water Series 480ml,,1.0,,,,$1.0,,2026-08-14T00:00:00-04:00,2026-08-20T23:59:59-04:00,,1897.01,-168.76,2055.67,-338.43,http://f.wishabi.net/page_items/430724267/1786754010/extra_large.jpg
Nations Fresh Foods,8085181,1033389120,Spicy Tuna Roll,,5.99,,,,$5.99,,2026-08-14T00:00:00-04:00,2026-08-20T23:59:59-04:00,,949.98,-2221.43,1182.5,-2387.78,http://f.wishabi.net/page_items/430724160/1786753993/extra_large.jpg
Nations Fresh Foods,8085181,1033389129,Springer's Kolbassa Sausage 375g,Springer's,4.99,,,,$4.99,,2026-08-14T00:00:00-04:00,2026-08-20T23:59:59-04:00,,1657.32,-1369.09,1893.39,-1533.03,http://f.wishabi.net/page_items/430724163/1786753995/extra_large.jpg
Nations Fresh Foods,8085181,1033389190,Springer's Polish Sausage 375g,Springer's,3.99,,,,$3.99,,2026-08-14T00:00:00-04:00,2026-08-20T23:59:59-04:00,,1421.9,-1538.44,1894.28,-1704.54,http://f.wishabi.net/page_items/430724181/1786754008/extra_large.jpg
Nations Fresh Foods,8085181,1033389111,Steamed Chicken Bun,,3.19,,,,$3.19,,2026-08-14T00:00:00-04:00,2026-08-20T23:59:59-04:00,,1657.67,-1878.95,1895.05,-2045.21,http://f.wishabi.net/page_items/430724156/1786753990/extra_large.jpg
Nations Fresh Foods,8085181,1033389224,Stir Fried Green Beans,,7.99,,,,$7.99,,2026-08-14T00:00:00-04:00,2026-08-20T23:59:59-04:00,,1424.25,-2046.59,1657.77,-2213.96,http://f.wishabi.net/page_items/430724188/1786754013/extra_large.jpg
Nations Fresh Foods,8085181,1033389257,Sugar 20kg,Redpath,29.99,,,,$29.99,,2026-08-14T00:00:00-04:00,2026-08-20T23:59:59-04:00,,2371.22,-1878.51,2608.87,-2045.48,http://f.wishabi.net/page_items/430724229/1786753985/extra_large.jpg
Nations Fresh Foods,8085181,1033389323,Sun Fung Fresh Milk Cake Series,Sun Fung,5.99,,,,$5.99,,2026-08-14T00:00:00-04:00,2026-08-20T23:59:59-04:00,,1897.81,-1023.7,2125.66,-1189.61,http://f.wishabi.net/page_items/430724250/1786753999/extra_large.jpg
Nations Fresh Foods,8085181,1033389104,Sweet & Sour Fish Fillet,,10.99,,,,$10.99,,2026-08-14T00:00:00-04:00,2026-08-20T23:59:59-04:00,,1423.68,-2390.46,1661.26,-2553.03,http://f.wishabi.net/page_items/430724151/1786753987/extra_large.jpg
Nations Fresh Foods,8085181,1033389497,Sweet Mango,,6.59,,,,$6.59,,2026-08-14T00:00:00-04:00,2026-08-20T23:59:59-04:00,,2845.43,-1706.06,3073.6,-1873.28,http://f.wishabi.net/page_items/430724333/1786753996/extra_large.jpg
Nations Fresh Foods,8085181,1033389555,Sweet Watermelon 20Lb & Up,,5.59,,,,$5.59,,2026-08-14T00:00:00-04:00,2026-08-20T23:59:59-04:00,,2845.32,-2219.87,3073.73,-2386.22,http://f.wishabi.net/page_items/430724350/1786754006/extra_large.jpg
Nations Fresh Foods,8085181,1033389343,Taza 100% Avocado Oil 500ml,Taza,7.99,,,,$7.99,,2026-08-14T00:00:00-04:00,2026-08-20T23:59:59-04:00,,2128.34,-1706.64,2368.07,-1875.33,http://f.wishabi.net/page_items/430724257/1786754004/extra_large.jpg
Nations Fresh Foods,8085181,1033389361,Thai Gold Frozen Headless White Shrimp,Thai Gold,6.99,,,,$6.99,,2026-08-14T00:00:00-04:00,2026-08-20T23:59:59-04:00,,2371.95,-170.5,2602.06,-336.8,http://f.wishabi.net/page_items/430724262/1786754007/extra_large.jpg
Nations Fresh Foods,8085181,1033389354,Thai Gold Head On White Shrimp 380g,THAI GOLD,5.99,,,,$5.99,,2026-08-14T00:00:00-04:00,2026-08-20T23:59:59-04:00,,2370.66,-339.31,2600.96,-507.4,http://f.wishabi.net/page_items/430724260/1786754005/extra_large.jpg
Nations Fresh Foods,8083028,1033157182,Thaisian Thai Glutinous Rice,Thaisian,3.99,,,,$3.99,,2026-08-14T00:00:00-04:00,2026-08-20T23:59:59-04:00,,2209.54,-169.42,2370.06,-338.57,http://f.wishabi.net/page_items/430641767/1786665790/extra_large.jpg
Nations Fresh Foods,8085181,1033389416,Thaisian Thai Glutinous Rice 4Lb,Thaisian,3.99,,,,$3.99,,2026-08-14T00:00:00-04:00,2026-08-20T23:59:59-04:00,,2209.65,-169.39,2370.02,-338.6,http://f.wishabi.net/page_items/430724278/1786754016/extra_large.jpg
Nations Fresh Foods,8085181,1033389151,The Laughing Cow Original Cheese 800g,The Laughing Cow,14.99,,,,$14.99,,2026-08-14T00:00:00-04:00,2026-08-20T23:59:59-04:00,,1421.95,-1193.37,1656.71,-1362.29,http://f.wishabi.net/page_items/430724171/1786754002/extra_large.jpg
Nations Fresh Foods,8085181,1033389108,Topo/Beira/Queijo Sao Jorge Cheese,,3.99,,,,$3.99,,2026-08-14T00:00:00-04:00,2026-08-20T23:59:59-04:00,,1422.01,-1021.55,1654.81,-1190.06,http://f.wishabi.net/page_items/430724154/1786753989/extra_large.jpg
Nations Fresh Foods,8085181,1033389524,Tuna,,7.49,,,,$7.49,,2026-08-14T00:00:00-04:00,2026-08-20T23:59:59-04:00,,3317.23,-1192.02,3549.97,-1361.89,http://f.wishabi.net/page_items/430724341/1786754001/extra_large.jpg
Nations Fresh Foods,8085181,1033389154,Tutto Caramelized Onion Cheddar 290g,TUTTO,8.99,,,,$8.99,,2026-08-14T00:00:00-04:00,2026-08-20T23:59:59-04:00,,1657.82,-1194.74,1894.39,-1363.6,http://f.wishabi.net/page_items/430724172/1786754002/extra_large.jpg
Nations Fresh Foods,8085181,1033389186,Vietnamese Special Banh Mi,,5.99,,,,$5.99,,2026-08-14T00:00:00-04:00,2026-08-20T23:59:59-04:00,,950.86,-1877.76,1419.62,-2043.82,http://f.wishabi.net/page_items/430724180/1786754008/extra_large.jpg
Nations Fresh Foods,8085181,1033389171,Villaggio Artesano Bread 600g,Villaggio Artesano,3.49,,,,$3.49,,2026-08-14T00:00:00-04:00,2026-08-20T23:59:59-04:00,,950.02,-1367.87,1178.72,-1533.22,http://f.wishabi.net/page_items/430724177/1786754005/extra_large.jpg
Nations Fresh Foods,8085181,1033389161,Villaggio Bread (White/Whole Wheat) 675g,Villaggio,3.49,,,,$3.49,,2026-08-14T00:00:00-04:00,2026-08-20T23:59:59-04:00,,1179.39,-1367.28,1420.12,-1533.83,http://f.wishabi.net/page_items/430724174/1786754004/extra_large.jpg
Nations Fresh Foods,8085181,1033389140,Villaggio Crustini Hamburger/Sausage Buns 8PK/6PK,Villaggio,3.49,,,,$3.49,,2026-08-14T00:00:00-04:00,2026-08-20T23:59:59-04:00,,1179.34,-1194.81,1420.89,-1361.9,http://f.wishabi.net/page_items/430724167/1786753999/extra_large.jpg
Nations Fresh Foods,8085181,1033389168,Villaggio Toscana Hamburger/Sausage Buns 8PK/6PK,Villaggio,3.49,,,,$3.49,,2026-08-14T00:00:00-04:00,2026-08-20T23:59:59-04:00,,949.32,-1194.92,1178.52,-1363.28,http://f.wishabi.net/page_items/430724176/1786754005/extra_large.jpg
Nations Fresh Foods,8085181,1033389157,Wonder Breads Series 675g,Wonder,2.99,,,,$2.99,,2026-08-14T00:00:00-04:00,2026-08-20T23:59:59-04:00,,949.18,-1022.28,1179.11,-1190.64,http://f.wishabi.net/page_items/430724173/1786754003/extra_large.jpg
Nations Fresh Foods,8085181,1033389148,Wonder Hotdog / Hamburger Buns,Wonder,3.19,,,,$3.19,,2026-08-14T00:00:00-04:00,2026-08-20T23:59:59-04:00,,1180.48,-1023.25,1420.6,-1190.38,http://f.wishabi.net/page_items/430724170/1786754001/extra_large.jpg
Nations Fresh Foods,8083028,1033156836,Wonder Hotdog / Hamburger Buns 8PK/8PK,Wonder,3.19,,,,$3.19,,2026-08-14T00:00:00-04:00,2026-08-20T23:59:59-04:00,,1180.88,-1022.59,1419.89,-1190.97,http://f.wishabi.net/page_items/430641653/1786665761/extra_large.jpg
Nations Fresh Foods,8085181,1033389200,Xunyu Perfume Series,Xunyu,29.99,,,,$29.99,,2026-08-14T00:00:00-04:00,2026-08-20T23:59:59-04:00,,1106.96,-170.59,1265.26,-341.44,http://f.wishabi.net/page_items/430724183/1786754009/extra_large.jpg
Nations Fresh Foods,8085181,1033389346,YQSL Iced Tea 900ml,YQSL,3.0,,,,$3.0,,2026-08-14T00:00:00-04:00,2026-08-20T23:59:59-04:00,,1897.06,-513.21,2127.73,-677.95,http://f.wishabi.net/page_items/430724258/1786754004/extra_large.jpg
Nations Fresh Foods,8085181,1033389541,Yellow Tail Snapper,,4.99,,,,$4.99,,2026-08-14T00:00:00-04:00,2026-08-20T23:59:59-04:00,,3548.42,-2048.84,3791.01,-2215.63,http://f.wishabi.net/page_items/430724346/1786754004/extra_large.jpg
Nations Fresh Foods,8085181,1033389587,Yu Choy,,1.49,,,,$1.49,,2026-08-14T00:00:00-04:00,2026-08-20T23:59:59-04:00,,2998.06,-172.57,3153.29,-337.89,http://f.wishabi.net/page_items/430724359/1786754012/extra_large.jpg
No Frills,8073751,1033153563,"550 OLIVIERI TWIN PACK PASTA, 450/500 g or SAUCE, 300 mL",Olivieri,5.5,,,,$5.5,,2026-08-13T00:00:00-04:00,2026-08-19T23:59:59-04:00,,6727.32,-2918.61,7323.72,-3351.79,http://f.wishabi.net/page_items/430634781/1786655615/extra_large.jpg
No Frills,8073751,1032906969,"AASHIRVAAD WHOLE WHEAT FLOUR, 9.07 kg",Aashirvaad,13.0,,,,$13.0,,2026-08-13T00:00:00-04:00,2026-08-19T23:59:59-04:00,,23624.8,-3060.83,24138.2,-3987.04,http://f.wishabi.net/page_items/430541102/1786579253/extra_large.jpg
No Frills,8073751,1033153546,"ACE BISTRO LOAF, 545-640 g or GOURMET BUNS, 296/340 g",ACE Bakery,4.0,,,,$4.0,,2026-08-13T00:00:00-04:00,2026-08-19T23:59:59-04:00,,6873.68,-3372.99,7321.08,-4001.17,http://f.wishabi.net/page_items/430634777/1786655612/extra_large.jpg
No Frills,8073751,1031939368,"AIR WICK SCENTED OIL REFILL or KITS, 5x20 mL",Air Wick,18.0,,,,$18.0,,2026-08-13T00:00:00-04:00,2026-08-19T23:59:59-04:00,,13784.2,-2697.6,14281.8,-3315.07,http://f.wishabi.net/page_items/429924328/1786160959/extra_large.jpg
No Frills,8073751,1032008415,"ALL CREST TOOTHPASTE, SCOPE MOUTHWASH or ORAL-B PRO 300 TOOTHBRUSHES, OLD SPICE, AUSSIE, PANTENE, GILLETTE, SECRET, IVORY, OLAY & JOY PRODUCTS.",CREST | SCOPE | ORAL-B | OLD SPICE | AUSSIE | PANTENE | GILLETTE | SECRET | IVORY | OLAY & JOY,,,,,,,2026-08-13T00:00:00-04:00,2026-08-19T23:59:59-04:00,,8089.81,-3223.49,8699.81,-3481.49,http://f.wishabi.net/page_items/429988928/1786160969/extra_large.jpg
No Frills,8073751,1031931058,"ALPHONSO REAL FRUIT BEVERAGES, 1.75 L",ALPHONSO,3.5,,,,$3.5,,2026-08-13T00:00:00-04:00,2026-08-19T23:59:59-04:00,,20522.8,-1615.73,21017.3,-2209.84,http://f.wishabi.net/page_items/429924247/1786160959/extra_large.jpg
No Frills,8073751,1031898175,"ANNE'S MACARONI & CHEESE, 170 g",Annie's,1.75,,,,$1.75,,2026-08-13T00:00:00-04:00,2026-08-19T23:59:59-04:00,,24954.9,-1066.19,25700.4,-1694.35,http://f.wishabi.net/page_items/429924370/1786160967/extra_large.jpg
No Frills,8073751,1031952238,"AVOCADOS, PKG OF 5",,3.99,,,,$3.99,,2026-08-13T00:00:00-04:00,2026-08-19T23:59:59-04:00,,3938.25,-2665.8,4427.98,-3094.02,http://f.wishabi.net/page_items/429924101/1786160953/extra_large.jpg
No Frills,8073751,1032008513,"AXE or DEGREE, 48-76 g DEODORANT or AXE BODY, 113 g SPRAY",AXE | DEGREE,,,,,,,2026-08-13T00:00:00-04:00,2026-08-19T23:59:59-04:00,,8700.13,-3212.83,9236.69,-3482.44,http://f.wishabi.net/page_items/429924090/1786160968/extra_large.jpg
No Frills,8073751,1031898418,"BASA STEAK, 1 kg",,8.0,,,,$8.0,,2026-08-13T00:00:00-04:00,2026-08-19T23:59:59-04:00,,17974.5,-2367.53,18465.6,-2901.69,http://f.wishabi.net/page_items/429924145/1786160954/extra_large.jpg
No Frills,8073751,1031908215,"BECEL MARGARINE, 637/800 g",Becel,6.99,,,,$6.99,,2026-08-13T00:00:00-04:00,2026-08-19T23:59:59-04:00,,8850.81,-638.3,9291.96,-1290.78,http://f.wishabi.net/page_items/429924087/1786160966/extra_large.jpg
No Frills,8073751,1033153607,BEEF STIR-FRY STRIPS INSIDE ROUND,,13.0,,,,$13.0,,2026-08-13T00:00:00-04:00,2026-08-19T23:59:59-04:00,,6451.42,-181.51,7333.35,-1047.76,http://f.wishabi.net/page_items/430634790/1786655622/extra_large.jpg
No Frills,8073751,1031937756,"BERNARDIN DECORATIVE WIDE MOUTH MASON JAR, 12X1 L",Bernardin,20.0,,,,$20.0,,2026-08-13T00:00:00-04:00,2026-08-19T23:59:59-04:00,,21839.6,-2957.15,22580.8,-3476.06,http://f.wishabi.net/page_items/429924258/1786160956/extra_large.jpg
No Frills,8073751,1032008351,"BERNARDIN REGULAR MOUTH SNAP LIDS, 12's",Bernardin,5.79,,,,$5.79,,2026-08-13T00:00:00-04:00,2026-08-19T23:59:59-04:00,,21097.3,-2954.94,21838.6,-3473.77,http://f.wishabi.net/page_items/429924257/1786160955/extra_large.jpg
No Frills,8073751,1031951832,"BERNARDIN STANDARD MOUTH MASON JARS, 12x1L",Bernardin,20.0,,,,$20.0,,2026-08-13T00:00:00-04:00,2026-08-19T23:59:59-04:00,,21841.6,-3475.03,22580.7,-3989.26,http://f.wishabi.net/page_items/429924261/1786160958/extra_large.jpg
No Frills,8073751,1031926024,"BERNARDIN WIDE MOUTH SNAP LIDS, 12's",Bernardin,5.79,,,,$5.79,,2026-08-13T00:00:00-04:00,2026-08-19T23:59:59-04:00,,21098.9,-3474.72,21835.5,-3988.76,http://f.wishabi.net/page_items/429924259/1786160956/extra_large.jpg
No Frills,8073751,1031914917,"BERTOLLI OLIVE OIL, 750 mL/1 L",Bertolli,10.99,,,,$10.99,,2026-08-13T00:00:00-04:00,2026-08-19T23:59:59-04:00,,10542.9,-3117.34,10913.8,-3553.92,http://f.wishabi.net/page_items/429924314/1786160962/extra_large.jpg
No Frills,8073751,1033153588,"BEYOND MEAT PLANT-BASED BURGERS OR PLANT-BASED GROUND BEEF, 678/908 G",Beyond Meat,16.99,,,,$16.99,,2026-08-13T00:00:00-04:00,2026-08-19T23:59:59-04:00,,6421.78,-2045.75,7322.37,-2477.85,http://f.wishabi.net/page_items/430634786/1786655618/extra_large.jpg
No Frills,8073751,1032006135,"BIBIGO MINI WONTONS or MANDU, 680 g",Bibigo,7.5,,,,$7.5,,2026-08-13T00:00:00-04:00,2026-08-19T23:59:59-04:00,,19534.5,-2213.33,20025.7,-2798.98,http://f.wishabi.net/page_items/429924245/1786160958/extra_large.jpg
No Frills,8073751,1032007339,"BLACK DIAMOND CHEESTRINGS or SNACKS, 252/336 g or CRACKER BARREL CHEESE SHREDS, 320 g",BLACK DIAMOND | CRACKER BARREL,6.0,,,,$6.0,,2026-08-13T00:00:00-04:00,2026-08-19T23:59:59-04:00,,754.96,-3610.96,1115.23,-3900.11,http://f.wishabi.net/page_items/429924227/1786160969/extra_large.jpg
No Frills,8073751,1032906838,"BLACK DIAMOND CHEESTRINGS, 504 g",Black Diamond,,,,,,,2026-08-13T00:00:00-04:00,2026-08-19T23:59:59-04:00,,15967.1,-3148.12,16334.4,-3990.84,http://f.wishabi.net/page_items/430541044/1786579255/extra_large.jpg
No Frills,8073751,1031945957,"BOLTHOUSE FARMS SMOOTHIES OR JUICE, 946 ml",Bolthouse Farms,3.5,,,,$3.5,,2026-08-01T00:00:00-04:00,2026-08-31T23:59:59-04:00,,9419.81,-2355.68,10080.9,-3031.36,http://f.wishabi.net/page_items/429924095/1786160951/extra_large.jpg
No Frills,8073751,1031946571,"BOOCH LIVING KOMBUCHA, 355 ml",BOOCH,3.0,,,,$3.0,,2026-08-13T00:00:00-04:00,2026-08-19T23:59:59-04:00,,24955.6,-357.13,25698.5,-1055.47,http://f.wishabi.net/page_items/429924371/1786160968/extra_large.jpg
No Frills,8073751,1032005965,"BREYERS CLASSIC, MAGNUM NOVELTIES, BEN & JERRY'S or POPSICLE WATER ICE NOVELTIES",BREYERS | MAGNUM | BEN & JERRY'S | POPSICLE,,,,,,,2026-08-13T00:00:00-04:00,2026-08-19T23:59:59-04:00,,8344.85,-3480.79,8776.29,-3755.76,http://f.wishabi.net/page_items/429924082/1786160963/extra_large.jpg
No Frills,8073751,1031925812,"BREYERS CREAMERY STYLE ICE CREAM, 1.41 L",Breyers,4.5,,,,$4.5,,2026-08-13T00:00:00-04:00,2026-08-19T23:59:59-04:00,,99.41,-3615.31,751.86,-3904.49,http://f.wishabi.net/page_items/429924229/1786160970/extra_large.jpg
No Frills,8073751,1031958355,BROCCOLI CROWNS,,1.99,,,,$1.99,,2026-08-13T00:00:00-04:00,2026-08-19T23:59:59-04:00,,4604.82,-3603.98,5007.81,-3872.23,http://f.wishabi.net/page_items/429924114/1786160962/extra_large.jpg
No Frills,8073751,1031951365,"BUBLY POP LOW-SUGAR SODA, 6x355 mL",bubly,8.99,,,,$8.99,,2026-08-13T00:00:00-04:00,2026-08-19T23:59:59-04:00,,25327.1,-2718.61,25695.8,-3342.25,http://f.wishabi.net/page_items/429924363/1786160962/extra_large.jpg
No Frills,8073751,1031929340,"BUBLY or MONTELLiER SPARKLING WATER, 10/12x355 mL",BUBLY | MONTELLiER,6.5,,,,$6.5,,2026-08-13T00:00:00-04:00,2026-08-19T23:59:59-04:00,,10544.4,-2237.05,10911.9,-2670.35,http://f.wishabi.net/page_items/429924305/1786160957/extra_large.jpg
No Frills,8073751,1031932826,"CADBURY CHOCOLATE BAR, 90 G",Cadbury,2.75,,,,$2.75,,2026-08-13T00:00:00-04:00,2026-08-19T23:59:59-04:00,,12695.5,-3643.35,13213.3,-4006.43,http://f.wishabi.net/page_items/429924136/1786160967/extra_large.jpg
No Frills,8073751,1031928539,"CAMPBELL'S CONDENSED SOUP, 284 mL",Campbell's,1.29,,,,$1.29,,2026-08-13T00:00:00-04:00,2026-08-19T23:59:59-04:00,,10917.4,-2238.49,11286.3,-2670.58,http://f.wishabi.net/page_items/429924300/1786160954/extra_large.jpg
No Frills,8073751,1031951298,"CATELLI PROTEIN+ PASTA, 340 g",Catelli,3.0,,,,$3.0,,2026-08-13T00:00:00-04:00,2026-08-19T23:59:59-04:00,,8832.7,-1325.51,9274.66,-1738.12,http://f.wishabi.net/page_items/429924075/1786160959/extra_large.jpg
No Frills,8073751,1031905237,CAULIFLOWER,,3.99,,,,$3.99,,2026-08-13T00:00:00-04:00,2026-08-19T23:59:59-04:00,,2602.54,-782.7,3809.52,-1544.52,http://f.wishabi.net/page_items/429924044/1786160956/extra_large.jpg
No Frills,8073751,1031931141,"CAVENDISH FARMS CLASSIC FRIES, 800 G",Cavendish Farms,2.25,,,,$2.25,,2026-08-13T00:00:00-04:00,2026-08-19T23:59:59-04:00,,19540.5,-1190.85,20414.8,-1600.44,http://f.wishabi.net/page_items/429924255/1786160965/extra_large.jpg
No Frills,8073751,1032006330,CELERY,,2.49,,,,$2.49,,2026-08-13T00:00:00-04:00,2026-08-19T23:59:59-04:00,,3938.14,-2236.38,4427.72,-2662.05,http://f.wishabi.net/page_items/429924100/1786160952/extra_large.jpg
No Frills,8073751,1031925715,"CHAPMAN'S SUPER PREMIUM PLUS ICE CREAM, 500 mL",Chapman's,3.99,,,,$3.99,,2026-08-13T00:00:00-04:00,2026-08-19T23:59:59-04:00,,11742.5,-1862.84,12107.5,-2297.92,http://f.wishabi.net/page_items/429924133/1786160964/extra_large.jpg
No Frills,8073751,1031926195,"CHEEMO PEROGIES, 745-907 g",Cheemo,3.0,,,,$3.0,,2026-08-13T00:00:00-04:00,2026-08-19T23:59:59-04:00,,20439.4,-166.21,21017.3,-839.67,http://f.wishabi.net/page_items/429924256/1786160966/extra_large.jpg
No Frills,8073751,1031964971,"CHEEZ-IT CRACKERS, 191/200 g",Cheez-It,2.0,,,,$2.0,,2026-08-13T00:00:00-04:00,2026-08-19T23:59:59-04:00,,20525.2,-2212.9,21015.8,-2802.07,http://f.wishabi.net/page_items/429924241/1786160955/extra_large.jpg
No Frills,8073751,1031937454,CHERRIES,,3.99,,,,$3.99,,2026-08-13T00:00:00-04:00,2026-08-19T23:59:59-04:00,,4923.03,-1803.15,5415.13,-2238.38,http://f.wishabi.net/page_items/429924108/1786160958/extra_large.jpg
No Frills,8073751,1031956834,CHICKEN DRUMSTICKS,,1.99,,,,$1.99,,2026-08-13T00:00:00-04:00,2026-08-19T23:59:59-04:00,,949.02,-418.47,1862.98,-1029.38,http://f.wishabi.net/page_items/429924223/1786160966/extra_large.jpg
No Frills,8073751,1032006037,"CHRISTIE TRISCUITS, GOOD THINS OR WHEAT THINS CRACKERS, 100 - 200 g",Christie,1.88,,,,$1.88,,2026-08-01T00:00:00-04:00,2026-08-31T23:59:59-04:00,,9418.19,-1670.37,10081.5,-2367.73,http://f.wishabi.net/page_items/429924096/1786160951/extra_large.jpg
No Frills,8073751,1032906844,CLICK FOR THESE COUPONS AND MORE,,,,,,,,2026-08-13T00:00:00-04:00,2026-08-19T23:59:59-04:00,,14880.6,-1147.71,15511.1,-1374.03,http://f.wishabi.net/page_items/430541045/1786579255/extra_large.jpg
No Frills,8073751,1031914833,"CLIF BARS, 5pk, 340 g",Clif Bar,8.0,,,,$8.0,,2026-08-13T00:00:00-04:00,2026-08-19T23:59:59-04:00,,19904.3,-3412.8,20275.3,-3988.28,http://f.wishabi.net/page_items/429924240/1786160954/extra_large.jpg
No Frills,8073751,1032006296,"CLIF ZBAR, 5X36 G OR CLIF ENERGY MINIS, 5X28 G",Clif Bar,3.5,,,,$3.5,,2026-08-01T00:00:00-04:00,2026-08-31T23:59:59-04:00,,9422.21,-3029.55,10082.2,-3666.13,http://f.wishabi.net/page_items/429924097/1786160952/extra_large.jpg
No Frills,8073751,1032007390,"CLUB HOUSE DRY SAUCE MIX, 21-47 g",Club House,,,,,,,2026-08-13T00:00:00-04:00,2026-08-19T23:59:59-04:00,,10933.2,-3576.68,11657.7,-3966.99,http://f.wishabi.net/page_items/429924316/1786160964/extra_large.jpg
No Frills,8073751,1031898354,"CLUB HOUSE PICKLING SPICE, 110 g",Club House,4.49,,,,$4.49,,2026-08-13T00:00:00-04:00,2026-08-19T23:59:59-04:00,,21838.8,-2425.89,22577.9,-2956.07,http://f.wishabi.net/page_items/429924263/1786160959/extra_large.jpg
No Frills,8073751,1031912051,"COCA-COLA or PEPSI SOFT DRINKS, 2 L",COCA-COLA | PEPSI,2.0,,,,$2.0,,2026-08-13T00:00:00-04:00,2026-08-19T23:59:59-04:00,,8832.75,-2154.36,9273.16,-2558.53,http://f.wishabi.net/page_items/429924073/1786160958/extra_large.jpg
No Frills,8073751,1033153530,"COUNTRY HARVEST BREAD, 600 g",Country Harvest,3.0,,,,$3.0,,2026-08-13T00:00:00-04:00,2026-08-19T23:59:59-04:00,,5982.53,-3373.13,6427.69,-4001.24,http://f.wishabi.net/page_items/430634775/1786655611/extra_large.jpg
No Frills,8073751,1031912092,"DAIYA GLUTEN FREE & DAIRY FREE FROZEN PIZZA, 363-550 g",Daiya,8.0,,,,$8.0,,2026-08-13T00:00:00-04:00,2026-08-19T23:59:59-04:00,,18968.0,-3455.77,19458.1,-3992.9,http://f.wishabi.net/page_items/429924149/1786160957/extra_large.jpg
No Frills,8073751,1031951563,"DARE VIVA PUFFS, WAGON WHEELS, ULTIMATE OR BEAR PAWS COOKIES, 168-360 g",Dare,2.5,,,,$2.5,,2026-08-13T00:00:00-04:00,2026-08-19T23:59:59-04:00,,7494.33,-2153.34,7931.34,-2555.39,http://f.wishabi.net/page_items/429924072/1786160958/extra_large.jpg
No Frills,8073751,1031952068,"DILL CUCUMBERS, 1/4 BUSHEL",,10.99,,,,$10.99,,2026-08-13T00:00:00-04:00,2026-08-19T23:59:59-04:00,,21105.1,-343.98,21916.6,-1164.92,http://f.wishabi.net/page_items/429924268/1786160963/extra_large.jpg
No Frills,8073751,1031926296,"DILL CUCUMBERS, 3 L",,4.99,,,,$4.99,,2026-08-13T00:00:00-04:00,2026-08-19T23:59:59-04:00,,2027.89,-2372.06,2622.46,-3189.82,http://f.wishabi.net/page_items/429924037/1786160952/extra_large.jpg
No Frills,8073751,1031940001,"DOVE BAR SOAP 3x106 g, BODY WASH 325 mL, DEODORANT 45-74 g, HAIRCARE 142-198 g/195-355 mL",Dove,5.0,,,,$5.0,,2026-08-13T00:00:00-04:00,2026-08-19T23:59:59-04:00,,7504.96,-3223.71,8087.11,-3481.37,http://f.wishabi.net/page_items/429924088/1786160967/extra_large.jpg
No Frills,8073751,1031934817,"EARTH'S OWN BARISTA, 946 ML",Earth's Own,4.5,,,,$4.5,,2026-08-13T00:00:00-04:00,2026-08-19T23:59:59-04:00,,19535.6,-2807.61,20027.9,-3395.78,http://f.wishabi.net/page_items/429924243/1786160956/extra_large.jpg
No Frills,8073751,1032006749,"EAT SMART SWEET KALE or TAYLOR FARMS SALAD KITS, 292- 383 G",EAT SMART | TAYLOR FARMS,3.99,,,,$3.99,,2026-08-13T00:00:00-04:00,2026-08-19T23:59:59-04:00,,82.15,-1481.78,985.75,-1752.77,http://f.wishabi.net/page_items/429924224/1786160967/extra_large.jpg
No Frills,8073751,1031957467,"EGGPLANT, APPROX. 11 LB CASE",Foodland Ontario,11.99,,,,$11.99,,2026-08-13T00:00:00-04:00,2026-08-19T23:59:59-04:00,,21101.4,-1168.59,21921.9,-1900.72,http://f.wishabi.net/page_items/429924265/1786160961/extra_large.jpg
No Frills,8073751,1031927522,ENGLISH CUCUMBERS,,0.99,,,,$0.99,,2026-08-13T00:00:00-04:00,2026-08-19T23:59:59-04:00,,3939.36,-1805.06,4427.17,-2233.37,http://f.wishabi.net/page_items/429924107/1786160957/extra_large.jpg
No Frills,8073751,1031956894,"EVERYDAY ESSENTIALS™ 12"" SKILLET",Everyday Essentials™,8.0,,,,$8.0,,2026-08-13T00:00:00-04:00,2026-08-19T23:59:59-04:00,,13966.7,-3670.38,14397.2,-3979.97,http://f.wishabi.net/page_items/429924333/1786160963/extra_large.jpg
No Frills,8073751,1031914866,EVERYDAY ESSENTIALS™ 3 PIECE KNIFE SET,Everyday Essentials™,7.0,,,,$7.0,,2026-08-13T00:00:00-04:00,2026-08-19T23:59:59-04:00,,13960.3,-3340.18,14399.5,-3673.79,http://f.wishabi.net/page_items/429924335/1786160964/extra_large.jpg
No Frills,8073751,1031943977,"EXCEL or DOUBLEMINT GUM, 3x18 pieces",EXCEL | DOUBLEMINT,3.5,,,,$3.5,,2026-08-13T00:00:00-04:00,2026-08-19T23:59:59-04:00,,20278.0,-3410.36,20650.2,-3986.36,http://f.wishabi.net/page_items/429924242/1786160956/extra_large.jpg
No Frills,8073751,1032005786,"FARMER'S MARKET YELLOW PEACHES, 3 L",Farmer's Market,6.99,,,,$6.99,,2026-08-13T00:00:00-04:00,2026-08-19T23:59:59-04:00,,2624.55,-1556.05,3211.51,-2366.45,http://f.wishabi.net/page_items/429924040/1786160954/extra_large.jpg
No Frills,8073751,1031934304,"FARMER'S MARKET™ CARROTS, 3 LB BAG",Farmer's Market,2.99,,,,$2.99,,2026-08-13T00:00:00-04:00,2026-08-19T23:59:59-04:00,,2028.33,-1560.47,2623.11,-2363.93,http://f.wishabi.net/page_items/429924039/1786160953/extra_large.jpg
No Frills,8073751,1031915185,"FARMER'S MARKET™ GRAPE TOMATOES, 283 G",Farmer's Market,2.99,,,,$2.99,,2026-08-13T00:00:00-04:00,2026-08-19T23:59:59-04:00,,3216.69,-2374.65,3814.61,-3190.12,http://f.wishabi.net/page_items/429924041/1786160954/extra_large.jpg
No Frills,8073751,1031922730,"FARMER'S MARKET™ LEMONS, 2 LB BAG OR ORANGES, 3 LB BAG OR KIWI, 600 G",Farmer's Market,4.99,,,,$4.99,,2026-08-13T00:00:00-04:00,2026-08-19T23:59:59-04:00,,4306.13,-3107.46,4676.48,-3595.74,http://f.wishabi.net/page_items/429924105/1786160956/extra_large.jpg
No Frills,8073751,1031936140,"FARMER'S MARKET™ MANDARINS, 2 LB BAG",Farmer's Market,3.99,,,,$3.99,,2026-08-13T00:00:00-04:00,2026-08-19T23:59:59-04:00,,4676.75,-3105.68,5043.45,-3595.78,http://f.wishabi.net/page_items/429924106/1786160956/extra_large.jpg
No Frills,8073751,1031953647,"FARMER'S MARKET™ MINI CUCUMBERS, PKG OF 6",FARMERS MARKET™,1.99,,,,$1.99,,2026-08-13T00:00:00-04:00,2026-08-19T23:59:59-04:00,,4924.57,-2664.41,5416.79,-3090.07,http://f.wishabi.net/page_items/429924102/1786160954/extra_large.jpg
No Frills,8073751,1031957738,"FARMER'S MARKET™ SWEET PEPPERS, PKG OF 4",FARMER'S MARKET™,3.99,,,,$3.99,,2026-08-13T00:00:00-04:00,2026-08-19T23:59:59-04:00,,5006.9,-3599.12,5413.46,-3872.31,http://f.wishabi.net/page_items/429924112/1786160961/extra_large.jpg
No Frills,8073751,1032008228,"FARMER'S MARKET™ YELLOW NECTARINES, 2 L",Farmer's Market,5.99,,,,$5.99,,2026-08-13T00:00:00-04:00,2026-08-19T23:59:59-04:00,,3215.32,-1562.73,3814.27,-2365.51,http://f.wishabi.net/page_items/429924043/1786160955/extra_large.jpg
No Frills,8073751,1031957704,"FINISH DISHWASHER TABS, 60-105's",Finish,21.0,,,,$21.0,,2026-08-13T00:00:00-04:00,2026-08-19T23:59:59-04:00,,14282.9,-2696.65,14776.0,-3310.43,http://f.wishabi.net/page_items/429924326/1786160958/extra_large.jpg
No Frills,8073751,1031965154,"FLEECY FABRIC SOFTENER, 3.5 L or DRYER SHEETS, 200's",Fleecy,10.0,,,,$10.0,,2026-08-13T00:00:00-04:00,2026-08-19T23:59:59-04:00,,13785.5,-2065.07,14283.1,-2688.86,http://f.wishabi.net/page_items/429924324/1786160956/extra_large.jpg
No Frills,8073751,1031951257,"FREE YUMM COOKIES OR BARS, 135/154 g",FREEYUMM,5.0,,,,$5.0,,2026-08-13T00:00:00-04:00,2026-08-19T23:59:59-04:00,,25205.4,-2197.91,25699.0,-2698.67,http://f.wishabi.net/page_items/429924360/1786160959/extra_large.jpg
No Frills,8073751,1032906795,FRUITS AND VEGETABLES,,4.5,,,,$4.5,,2026-08-13T00:00:00-04:00,2026-08-19T23:59:59-04:00,,15968.4,-2290.18,16334.1,-3134.85,http://f.wishabi.net/page_items/430541037/1786579252/extra_large.jpg
No Frills,8073751,1031952336,"GAIN LIQUID 4.25 L OR FLINGS 42'S LAUNDRY DETERGENT, BEADS 598/680 G OR DRYER SHEETS 240'S",Gain,15.0,,,,$15.0,,2026-08-13T00:00:00-04:00,2026-08-19T23:59:59-04:00,,14282.0,-2069.08,14775.9,-2688.96,http://f.wishabi.net/page_items/429924325/1786160957/extra_large.jpg
No Frills,8073751,1031951478,GATORADE SPORT DRINKS 6X591 ML/8X355 ML OR POWDERS 10PK/560 G,Gatorade,6.25,,,,$6.25,,2026-08-13T00:00:00-04:00,2026-08-19T23:59:59-04:00,,8386.84,-2151.36,8830.54,-2556.72,http://f.wishabi.net/page_items/429924071/1786160957/extra_large.jpg
No Frills,8073751,1032906773,GET'EMS! SNACKS FOR KIDS,GET' EMS,,,,,,,2026-08-13T00:00:00-04:00,2026-08-19T23:59:59-04:00,,14862.5,-3146.84,15232.3,-3987.56,http://f.wishabi.net/page_items/430541035/1786579251/extra_large.jpg
No Frills,8073751,1031926241,GREEN CABBAGE,,0.99,,,,$0.99,,2026-08-13T00:00:00-04:00,2026-08-19T23:59:59-04:00,,3940.94,-3602.54,4601.09,-3873.33,http://f.wishabi.net/page_items/429924118/1786160965/extra_large.jpg
No Frills,8073751,1031914713,"GREEN GIANT VEGETABLES, 283-750 g",Green Giant,3.5,,,,$3.5,,2026-08-13T00:00:00-04:00,2026-08-19T23:59:59-04:00,,10999.8,-880.12,11653.3,-1754.65,http://f.wishabi.net/page_items/429924319/1786160965/extra_large.jpg
No Frills,8073751,1031938726,GREEN ONIONS,,1.29,,,,$1.29,,2026-08-13T00:00:00-04:00,2026-08-19T23:59:59-04:00,,4427.53,-2664.96,4924.59,-3092.39,http://f.wishabi.net/page_items/429924111/1786160960/extra_large.jpg
No Frills,8073751,1031965212,"GREEN PEPPERS, APPROX. 13 LB CASE",,10.99,,,,$10.99,,2026-08-13T00:00:00-04:00,2026-08-19T23:59:59-04:00,,21916.1,-278.08,22578.1,-1138.19,http://f.wishabi.net/page_items/429924267/1786160962/extra_large.jpg
No Frills,8073751,1031945477,GREEN or RED SEEDLESS GRAPES,,1.99,,,,$1.99,,2026-08-13T00:00:00-04:00,2026-08-19T23:59:59-04:00,,86.0,-911.42,963.56,-1202.99,http://f.wishabi.net/page_items/429924225/1786160967/extra_large.jpg
No Frills,8073751,1031904932,GREEN or YELLOW BEANS,,2.99,,,,$2.99,,2026-08-13T00:00:00-04:00,2026-08-19T23:59:59-04:00,,21912.4,-1146.36,22577.3,-1900.09,http://f.wishabi.net/page_items/429924266/1786160961/extra_large.jpg
No Frills,8073751,1031930630,"GREEN, GREY or YELLOW ZUCCHINI",,1.69,,,,$1.69,,2026-08-13T00:00:00-04:00,2026-08-19T23:59:59-04:00,,4424.12,-2237.71,4921.61,-2660.07,http://f.wishabi.net/page_items/429924103/1786160954/extra_large.jpg
No Frills,8073751,1032005933,"GROUND CHICKEN, 454 g",,3.88,,,,$3.88,,2026-08-13T00:00:00-04:00,2026-08-19T23:59:59-04:00,,84.9,-2056.71,523.03,-2432.33,http://f.wishabi.net/page_items/429924217/1786160961/extra_large.jpg
No Frills,8073751,1031918005,"HEALTHY CRUNCH CRISPY SQUARES or GRANOLA BARS, 120/132 g",HEALTHY CRUNCH,4.0,,,,$4.0,,2026-08-13T00:00:00-04:00,2026-08-19T23:59:59-04:00,,24705.5,-2201.06,25205.7,-2694.08,http://f.wishabi.net/page_items/429924366/1786160964/extra_large.jpg
No Frills,8073751,1031905168,"HEINZ MAYO STYLE DIPS, 340 mL",Heinz,4.0,,,,$4.0,,2026-08-13T00:00:00-04:00,2026-08-19T23:59:59-04:00,,10179.5,-3117.55,10543.2,-3555.41,http://f.wishabi.net/page_items/429924313/1786160962/extra_large.jpg
No Frills,8073751,1031965044,"HEINZ PICNIC PACK, 3x375 mL",Heinz,5.0,,,,$5.0,,2026-08-13T00:00:00-04:00,2026-08-19T23:59:59-04:00,,7927.54,-3485.6,8340.2,-3757.05,http://f.wishabi.net/page_items/429924081/1786160963/extra_large.jpg
No Frills,8073751,1031935542,"HERSHEY'S CHOCOLATE POUCHES, 160-235 g",Hershey's,4.5,,,,$4.5,,2026-08-13T00:00:00-04:00,2026-08-19T23:59:59-04:00,,20024.1,-2210.61,20520.9,-2798.37,http://f.wishabi.net/page_items/429924244/1786160957/extra_large.jpg
No Frills,8073751,1031964164,"HIGH LINER FAMILY FISH, 315-700 g",HIGH LINER®,6.0,,,,$6.0,,2026-08-13T00:00:00-04:00,2026-08-19T23:59:59-04:00,,523.77,-2435.16,972.2,-2815.75,http://f.wishabi.net/page_items/429924204/1786160952/extra_large.jpg
No Frills,8073751,1031934345,"HIGH LINER PAN-SEAR OR BATTERED FISH FILLETS, 425-540 G",HIGH LINER®,11.0,,,,$11.0,,2026-08-13T00:00:00-04:00,2026-08-19T23:59:59-04:00,,7490.39,-1329.83,7933.74,-1737.96,http://f.wishabi.net/page_items/429924074/1786160959/extra_large.jpg
No Frills,8073751,1032006717,"JELL-O DESSERTS, 4x89-113 g",Jell-O,3.25,,,,$3.25,,2026-08-13T00:00:00-04:00,2026-08-19T23:59:59-04:00,,18465.2,-2367.89,18960.6,-2900.87,http://f.wishabi.net/page_items/429924153/1786160960/extra_large.jpg
No Frills,8073751,1031898462,"JORDANS MORNING CRISP, 375/400 g",Jordans,6.0,,,,$6.0,,2026-08-13T00:00:00-04:00,2026-08-19T23:59:59-04:00,,12852.1,-2298.62,13216.9,-2734.28,http://f.wishabi.net/page_items/429924124/1786160958/extra_large.jpg
No Frills,8073751,1031915978,KALE,,1.99,,,,$1.99,,2026-08-13T00:00:00-04:00,2026-08-19T23:59:59-04:00,,2621.29,-3196.5,3213.46,-4010.08,http://f.wishabi.net/page_items/429924036/1786160951/extra_large.jpg
No Frills,8073751,1032006201,"KD PROTEIN+, 175 g",KD,2.5,,,,$2.5,,2026-08-13T00:00:00-04:00,2026-08-19T23:59:59-04:00,,7894.09,-2579.92,8483.1,-2923.4,http://f.wishabi.net/page_items/429924086/1786160965/extra_large.jpg
No Frills,8073751,1031956634,"KELLOGG'S CEREAL, 250-335 g",Kellogg's,3.5,,,,$3.5,,2026-08-13T00:00:00-04:00,2026-08-19T23:59:59-04:00,,8779.85,-3485.46,9230.32,-3753.37,http://f.wishabi.net/page_items/429924084/1786160964/extra_large.jpg
No Frills,8073751,1031938591,"KELLOGG'S EGGO WAFFLES, PANCAKES OR FRENCH TOAST STICKS, 270-330 G",Kellogg's,3.5,,,,$3.5,,2026-08-13T00:00:00-04:00,2026-08-19T23:59:59-04:00,,20417.2,-880.92,21019.9,-1596.51,http://f.wishabi.net/page_items/429924253/1786160964/extra_large.jpg
No Frills,8073751,1031908153,"KELLOGG'S NUTRI-GRAIN BARS 295 g, POP-TARTS 384 g, RICE KRISPIES SQUARES 176-198 g or SPECIAL K CRISPS 125 g",Kellogg's,3.0,,,,$3.0,,2026-08-13T00:00:00-04:00,2026-08-19T23:59:59-04:00,,12478.4,-3182.55,12848.9,-3625.55,http://f.wishabi.net/page_items/429924125/1786160958/extra_large.jpg
No Frills,8073751,1031946441,"KICKING HORSE ORGANIC GROUND COFFEE, 284 g",KICKING HORSE,11.0,,,,$11.0,,2026-08-13T00:00:00-04:00,2026-08-19T23:59:59-04:00,,7934.36,-1742.04,8380.67,-2147.16,http://f.wishabi.net/page_items/429924069/1786160956/extra_large.jpg
No Frills,8073751,1031912466,"KIND GLUTEN FREE GRANOLA, 312 g",Kind,6.49,,,,$6.49,,2026-08-13T00:00:00-04:00,2026-08-19T23:59:59-04:00,,25205.1,-1715.83,25700.4,-2197.31,http://f.wishabi.net/page_items/429924367/1786160965/extra_large.jpg
No Frills,8073751,1031925462,"KIND HEALTHY GRAINS BARS, 175 G OR BREAKFAST BARS, 200 G",Kind,4.0,,,,$4.0,,2026-08-13T00:00:00-04:00,2026-08-19T23:59:59-04:00,,18466.6,-2907.64,18964.4,-3448.03,http://f.wishabi.net/page_items/429924146/1786160955/extra_large.jpg
No Frills,8073751,1032906816,KNORR CUPS,Knorr,,,,,,,2026-08-13T00:00:00-04:00,2026-08-19T23:59:59-04:00,,15229.2,-3149.74,15599.5,-3989.04,http://f.wishabi.net/page_items/430541040/1786579253/extra_large.jpg
No Frills,8073751,1031957559,"KOOL-AID JAMMERS, 10×180 ML OR MIO, CRYSTAL LIGHT OR KOOL-AID LIQUID WATER ENHANCERS, 48 ML/24-56 G",Kool-Aid | MIO,3.0,,,,$3.0,,2026-08-13T00:00:00-04:00,2026-08-19T23:59:59-04:00,,7505.02,-3481.3,7930.47,-3755.05,http://f.wishabi.net/page_items/429924077/1786160960/extra_large.jpg
No Frills,8073751,1032007498,"KRAFT DINNER RAMEN, 95/97 g",Kraft,2.5,,,,$2.5,,2026-08-13T00:00:00-04:00,2026-08-19T23:59:59-04:00,,8495.79,-2575.71,9267.72,-2924.92,http://f.wishabi.net/page_items/429924078/1786160961/extra_large.jpg
No Frills,8073751,1031931293,"KRAFT SINGLES, 410 g",Kraft,4.0,,,,$4.0,,2026-08-13T00:00:00-04:00,2026-08-19T23:59:59-04:00,,8343.4,-101.96,9277.52,-595.39,http://f.wishabi.net/page_items/429924080/1786160962/extra_large.jpg
No Frills,8073751,1031965374,"LA CROIX SPARKLING WATER, 8x355 ml",La Croix,5.5,,,,$5.5,,2026-08-13T00:00:00-04:00,2026-08-19T23:59:59-04:00,,24955.7,-2715.4,25325.6,-3343.83,http://f.wishabi.net/page_items/429924356/1786160956/extra_large.jpg
No Frills,8073751,1032006071,"LA FOURNÉE DORÉE BRIOCHE BREAD, 500 g",La Fournée Dorée,5.0,,,,$5.0,,2026-08-13T00:00:00-04:00,2026-08-19T23:59:59-04:00,,18808.7,-87.18,19456.7,-995.07,http://f.wishabi.net/page_items/429924159/1786160964/extra_large.jpg
No Frills,8073751,1031963590,"LA GRILLE SEASONING or CLUB HOUSE BLENDS, 111-248 g",Club House,4.5,,,,$4.5,,2026-08-13T00:00:00-04:00,2026-08-19T23:59:59-04:00,,12479.9,-2299.74,12848.9,-2733.1,http://f.wishabi.net/page_items/429924119/1786160954/extra_large.jpg
No Frills,8073751,1031953878,"LACTANTIA PURFILTRE MILK, 2 L",Lactantia,4.99,,,,$4.99,,2026-08-13T00:00:00-04:00,2026-08-19T23:59:59-04:00,,7492.1,-1743.09,7933.04,-2145.45,http://f.wishabi.net/page_items/429924068/1786160956/extra_large.jpg
No Frills,8073751,1032006395,"LAVAZZA CREMA E GUSTO, QUALITA ORO or QUALITA ROSSA GROUND COFFEE, 250 g",LavAzza,6.0,,,,$6.0,,2026-08-13T00:00:00-04:00,2026-08-19T23:59:59-04:00,,19535.4,-3411.77,19906.1,-3990.87,http://f.wishabi.net/page_items/429924246/1786160959/extra_large.jpg
No Frills,8073751,1032007536,"LECLERC CÉLÉBRATION COOKIES, 200/240 g",Leclerc,3.0,,,,$3.0,,2026-08-13T00:00:00-04:00,2026-08-19T23:59:59-04:00,,10178.6,-2679.31,10542.7,-3116.22,http://f.wishabi.net/page_items/429924311/1786160961/extra_large.jpg
No Frills,8073751,1031915260,"LIBERTÉ GREEK, 650/750 g, MÉDITERRANÉE, 900 g or YOPLAIT SOURCE, 16x100 g YOGURT",LIBERTÉ | YOPLAIT,7.0,,,,$7.0,,2026-08-13T00:00:00-04:00,2026-08-19T23:59:59-04:00,,10188.3,-390.05,10932.6,-1121.48,http://f.wishabi.net/page_items/429924321/1786160966/extra_large.jpg
No Frills,8073751,1033153597,"LILYDALE TURKEY DINNER SAUSAGES, 500 g",Lilydale,6.99,,,,$6.99,,2026-08-13T00:00:00-04:00,2026-08-19T23:59:59-04:00,,6425.89,-1063.92,7329.53,-1754.33,http://f.wishabi.net/page_items/430634788/1786655620/extra_large.jpg
No Frills,8073751,1031956766,"LINDT EXCELLENCE CHOCOLATE BAR, 80/100 g",Lindt,,,,,,,2026-08-13T00:00:00-04:00,2026-08-19T23:59:59-04:00,,10186.7,-3576.56,10932.7,-3969.07,http://f.wishabi.net/page_items/429924317/1786160964/extra_large.jpg
No Frills,8073751,1032007978,"LIPTON or KNORR SOUP MIX, 113-338 g",LIPTON | KNORR,3.0,,,,$3.0,,2026-08-13T00:00:00-04:00,2026-08-19T23:59:59-04:00,,11290.6,-2235.59,11656.0,-2673.28,http://f.wishabi.net/page_items/429924308/1786160959/extra_large.jpg
No Frills,8073751,1031934389,"LITTLE NORTHERN BAKEHOUSE BREAD or HAMBURGER BUNS, 320-567 g",LITTLE NORTHERN BAKEHOUSE,7.0,,,,$7.0,,2026-08-13T00:00:00-04:00,2026-08-19T23:59:59-04:00,,24957.7,-3354.92,25325.3,-3984.1,http://f.wishabi.net/page_items/429924355/1786160955/extra_large.jpg
No Frills,8073751,1031912243,"MADEGOOD BARS, COOKIES, MINI'S, CRISPY SQUARES or CRUNCHY SQUARES, 110-150 g",Made Good,2.25,,,,$2.25,,2026-08-13T00:00:00-04:00,2026-08-19T23:59:59-04:00,,84.27,-2434.8,523.03,-2817.42,http://f.wishabi.net/page_items/429924205/1786160953/extra_large.jpg
No Frills,8073751,1031954643,MAPLE LEAF FLAKED MEAT 156 g OR HOLIDAY LUNCHEON MEAT 340 g,MAPLE LEAF | HOLIDAY,2.0,,,,$2.0,,2026-08-13T00:00:00-04:00,2026-08-19T23:59:59-04:00,,8380.56,-1324.08,8832.34,-1736.29,http://f.wishabi.net/page_items/429924066/1786160955/extra_large.jpg
No Frills,8073751,1031915523,"MAPLE LEAF PRIME CHICKEN DRUMSTICKS, up to 843 g",Maple Leaf,6.0,,,,$6.0,,2026-08-13T00:00:00-04:00,2026-08-19T23:59:59-04:00,,18835.5,-1011.62,19456.0,-1799.55,http://f.wishabi.net/page_items/429924158/1786160964/extra_large.jpg
No Frills,8073751,1033153573,"MARCANGELO SLICED DELI MEAT, 85 g OR PEPPERONI, 175 g",Marcangelo Chicken,6.0,,,,$6.0,,2026-08-13T00:00:00-04:00,2026-08-19T23:59:59-04:00,,5536.72,-2921.99,6134.9,-3352.6,http://f.wishabi.net/page_items/430634783/1786655616/extra_large.jpg
No Frills,8073751,1032008545,"MARS CHOCOLATE BAG, 155-170 g",Mars,4.79,,,,$4.79,,2026-08-13T00:00:00-04:00,2026-08-19T23:59:59-04:00,,12851.2,-3184.12,13215.7,-3626.08,http://f.wishabi.net/page_items/429924127/1786160960/extra_large.jpg
No Frills,8073751,1032008010,"MARZETTI DIPS, 340 g",Marzetti,4.0,,,,$4.0,,2026-08-13T00:00:00-04:00,2026-08-19T23:59:59-04:00,,17983.4,-650.23,18802.4,-1233.91,http://f.wishabi.net/page_items/429924160/1786160965/extra_large.jpg
No Frills,8073751,1031908544,"MAYNARDS CANDY BAG, 100-154 g",,2.25,,,,$2.25,,2026-08-13T00:00:00-04:00,2026-08-19T23:59:59-04:00,,12120.9,-3647.36,12694.7,-4002.08,http://f.wishabi.net/page_items/429924138/1786160968/extra_large.jpg
No Frills,8073751,1032007040,"MCCAIN PIZZA POCKETS, 540/600 g",McCain,6.5,,,,$6.5,,2026-08-13T00:00:00-04:00,2026-08-19T23:59:59-04:00,,11744.2,-1266.65,12605.9,-1849.64,http://f.wishabi.net/page_items/429924134/1786160965/extra_large.jpg
No Frills,8073751,1032008315,"MIDEL GLUTEN FREE COOKIES, 227 g",MI-DEL,5.5,,,,$5.5,,2026-08-13T00:00:00-04:00,2026-08-19T23:59:59-04:00,,24582.7,-3355.83,24952.6,-3986.33,http://f.wishabi.net/page_items/429924354/1786160955/extra_large.jpg
No Frills,8073751,1032006235,"MINUTE MAID ZERO SUGAR BEVERAGES, 1.54 L or FUZE ICED TEA, 1.75 L",Minute Maid,3.75,,,,$3.75,,2026-08-13T00:00:00-04:00,2026-08-19T23:59:59-04:00,,18967.9,-2908.8,19457.5,-3446.83,http://f.wishabi.net/page_items/429924154/1786160961/extra_large.jpg
No Frills,8073751,1032005742,"MINUTE MAID, FIVE ALIVE or FUZE DRINK BOXES, 8/10x200 mL",MINUTE MAID | FIVE ALIVE | FUZE,3.5,,,,$3.5,,2026-08-13T00:00:00-04:00,2026-08-19T23:59:59-04:00,,10177.6,-2237.91,10542.6,-2673.04,http://f.wishabi.net/page_items/429924304/1786160956/extra_large.jpg
No Frills,8073751,1032007878,"MOLISANA PASTA, 450 g or STRAINED TOMATOES, 680 mL",MOLISANA,2.79,,,,$2.79,,2026-08-13T00:00:00-04:00,2026-08-19T23:59:59-04:00,,11288.2,-3114.8,11655.9,-3556.82,http://f.wishabi.net/page_items/429924302/1786160955/extra_large.jpg
No Frills,8073751,1031927917,"NATURE'S BAKERY FIG BAR OR BROWNIE, , 270/340 G",Nature's Bakery,6.5,,,,$6.5,,2026-08-13T00:00:00-04:00,2026-08-19T23:59:59-04:00,,12851.5,-2738.13,13217.2,-3180.77,http://f.wishabi.net/page_items/429924122/1786160956/extra_large.jpg
No Frills,8073751,1031912367,"NEILSON CHOCOLATE or STRAWBERRY MILK, 1 L",Neilson,2.0,,,,$2.0,,2026-08-13T00:00:00-04:00,2026-08-19T23:59:59-04:00,,1111.55,-3615.36,1439.11,-3899.15,http://f.wishabi.net/page_items/429924228/1786160969/extra_large.jpg
No Frills,8073751,1031938333,"NEILSON CREAM, 473 mL/1 L or GAYLEA WHIPPED CREAM, 225 g",Neilson,3.75,,,,$3.75,,2026-08-13T00:00:00-04:00,2026-08-19T23:59:59-04:00,,7494.86,-964.23,8225.97,-1313.56,http://f.wishabi.net/page_items/429924083/1786160964/extra_large.jpg
No Frills,8073751,1031964906,"NEILSON TRUTASTE MILK LACTOSE FREE, 2 L or PROTEIN MILK, 1.89 L",Neilson,5.99,,,,$5.99,,2026-08-13T00:00:00-04:00,2026-08-19T23:59:59-04:00,,10179.9,-1793.34,10542.4,-2232.79,http://f.wishabi.net/page_items/429924310/1786160960/extra_large.jpg
No Frills,8073751,1032006848,"NESQUIK SYRUP, 510/700 mL or POWDER, 540 g",Nesquik,5.0,,,,$5.0,,2026-08-13T00:00:00-04:00,2026-08-19T23:59:59-04:00,,12479.3,-2737.73,12849.4,-3179.32,http://f.wishabi.net/page_items/429924120/1786160955/extra_large.jpg
No Frills,8073751,1031935797,"NESTLE KIT KAT, AERO OR CRUNCH TABLETS, 95-105 G",Nestle,1.75,,,,$1.75,,2026-08-01T00:00:00-04:00,2026-08-31T23:59:59-04:00,,9416.14,-1075.42,10084.2,-1687.05,http://f.wishabi.net/page_items/429924098/1786160952/extra_large.jpg
No Frills,8073751,1031928846,"NESTLÉ CONFECTIONERY FROZEN DESSERT, 1.5 L or NOVELTIES, 4-10's",Nestle,5.0,,,,$5.0,,2026-08-13T00:00:00-04:00,2026-08-19T23:59:59-04:00,,19534.5,-1615.27,20025.4,-2205.3,http://f.wishabi.net/page_items/429924248/1786160960/extra_large.jpg
No Frills,8073751,1032906382,NESTLÉ SNACK PACK 12's,Nestle,,,,,,,2026-08-13T00:00:00-04:00,2026-08-19T23:59:59-04:00,,15600.2,-3150.9,15968.9,-3992.37,http://f.wishabi.net/page_items/430541038/1786579252/extra_large.jpg
No Frills,8073751,1031945651,"NO NAME® AIR FRYER LINERS ROUND or SQUARE, 30's",no name,2.5,,,,$2.5,,2026-08-13T00:00:00-04:00,2026-08-19T23:59:59-04:00,,25771.9,-3467.83,26267.2,-3997.38,http://f.wishabi.net/page_items/429924188/1786160963/extra_large.jpg
No Frills,8073751,1031928145,"NO NAME® ALUMINUM FOIL, 100 ft",no name,5.0,,,,$5.0,,2026-08-13T00:00:00-04:00,2026-08-19T23:59:59-04:00,,26267.0,-2401.4,26763.2,-2927.7,http://f.wishabi.net/page_items/429924183/1786160959/extra_large.jpg
No Frills,8073751,1033153552,"NO NAME® BAGELS OR ENGLISH MUFFINS, 6'S",no name,2.25,,,,$2.25,,2026-08-13T00:00:00-04:00,2026-08-19T23:59:59-04:00,,5538.09,-3374.53,5982.15,-3999.2,http://f.wishabi.net/page_items/430634778/1786655613/extra_large.jpg
No Frills,8073751,1031934026,"NO NAME® BATHROOM TISSUE, 12=24 rolls",no name,6.5,,,,$6.5,,2026-08-13T00:00:00-04:00,2026-08-19T23:59:59-04:00,,26487.3,-458.15,27253.7,-1116.02,http://f.wishabi.net/page_items/429924189/1786160963/extra_large.jpg
No Frills,8073751,1031912175,"NO NAME® BLEACH, 2.4 L",no name,3.5,,,,$3.5,,2026-08-13T00:00:00-04:00,2026-08-19T23:59:59-04:00,,26765.3,-1862.55,27257.7,-2397.29,http://f.wishabi.net/page_items/429924185/1786160960/extra_large.jpg
No Frills,8073751,1032008062,"NO NAME® CHEESE BARS, 700 g",no name,8.79,,,,$8.79,,2026-08-13T00:00:00-04:00,2026-08-19T23:59:59-04:00,,10940.7,-248.95,11652.0,-816.66,http://f.wishabi.net/page_items/429924320/1786160966/extra_large.jpg
No Frills,8073751,1031941821,"NO NAME® CHEESE SLICES, 210/230 g",no name,4.5,,,,$4.5,,2026-08-13T00:00:00-04:00,2026-08-19T23:59:59-04:00,,11747.8,-429.01,12464.8,-1266.03,http://f.wishabi.net/page_items/429924139/1786160969/extra_large.jpg
No Frills,8073751,1032906735,"NO NAME® CHICKEN WIENERS, 1.5 kg",no name,,,,,,,2026-08-13T00:00:00-04:00,2026-09-09T23:59:59-04:00,,15601.2,-2289.21,15969.8,-3135.67,http://f.wishabi.net/page_items/430541032/1786579249/extra_large.jpg
No Frills,8073751,1031958275,"NO NAME® COFFEE PODS, 102's",no name,,,,,,,2026-08-13T00:00:00-04:00,2026-09-09T23:59:59-04:00,,16909.8,-620.4,17405.9,-1758.55,http://f.wishabi.net/page_items/429924061/1786427896/extra_large.jpg
No Frills,8073751,1031927311,"NO NAME® COMPOSTABLE KITCHEN BAGS, 20's",no name,5.0,,,,$5.0,,2026-08-13T00:00:00-04:00,2026-08-19T23:59:59-04:00,,25774.0,-2401.75,26267.7,-2928.3,http://f.wishabi.net/page_items/429924178/1786160955/extra_large.jpg
No Frills,8073751,1032008383,"NO NAME® CORN, 341/398 mL",no name,1.25,,,,$1.25,,2026-08-13T00:00:00-04:00,2026-08-19T23:59:59-04:00,,11737.6,-3190.1,12105.5,-3632.39,http://f.wishabi.net/page_items/429924132/1786160963/extra_large.jpg
No Frills,8073751,1032006167,"NO NAME® DISINFECTANT WIPES, 75's",no name,3.0,,,,$3.0,,2026-08-13T00:00:00-04:00,2026-08-19T23:59:59-04:00,,26766.3,-2399.71,27258.0,-2931.6,http://f.wishabi.net/page_items/429924177/1786160954/extra_large.jpg
No Frills,8073751,1032006279,NO NAME® FOOD STORAGE CONTAINERS,no name,3.0,,,,$3.0,,2026-08-13T00:00:00-04:00,2026-08-19T23:59:59-04:00,,14404.3,-3331.53,14773.6,-3692.29,http://f.wishabi.net/page_items/429924334/1786160963/extra_large.jpg
No Frills,8073751,1032906785,"NO NAME® FULLY COOKED, BRANDED CHICKEN BURGERS, 908 G",no name,,,,,,,2026-08-13T00:00:00-04:00,2026-09-09T23:59:59-04:00,,14863.1,-2291.1,15233.1,-3134.75,http://f.wishabi.net/page_items/430541036/1786579251/extra_large.jpg
No Frills,8073751,1031912307,"NO NAME® GARBAGE BAGS, 40's",no name,9.0,,,,$9.0,,2026-08-13T00:00:00-04:00,2026-08-19T23:59:59-04:00,,25783.6,-1255.71,26655.4,-1850.57,http://f.wishabi.net/page_items/429924191/1786160966/extra_large.jpg
No Frills,8073751,1032008472,"NO NAME® GROUND COFFEE, 907 g or DONUT HOUSE, KRISPY KREME or TIMOTHY'S K-CUP PODS, 30's",NO NAME® | DONUT HOUSE | KRISPY KREME | TIMOTHY'S,15.0,,,,$15.0,,2026-08-13T00:00:00-04:00,2026-08-19T23:59:59-04:00,,976.34,-2817.21,1423.76,-3205.91,http://f.wishabi.net/page_items/429924210/1786160956/extra_large.jpg
No Frills,8073751,1031948366,NO NAME® HONEY 1kg,no name,,,,,,,2026-08-13T00:00:00-04:00,2026-09-09T23:59:59-04:00,,17408.1,-634.54,17895.6,-1755.83,http://f.wishabi.net/page_items/429924063/1786427897/extra_large.jpg
No Frills,8073751,1032906824,"NO NAME® ICE CREAM SANDWICHES or BARS, 24/30's",no name,,,,,,,2026-08-13T00:00:00-04:00,2026-09-09T23:59:59-04:00,,15348.8,-1437.22,15839.2,-2280.4,http://f.wishabi.net/page_items/430541041/1786579253/extra_large.jpg
No Frills,8073751,1032006802,"NO NAME® INSTANT COFFEE, 150 g",no name,5.0,,,,$5.0,,2026-08-13T00:00:00-04:00,2026-08-19T23:59:59-04:00,,11740.0,-2740.59,12104.5,-3181.32,http://f.wishabi.net/page_items/429924126/1786160959/extra_large.jpg
No Frills,8073751,1031959536,"NO NAME® LAUNDRY DETERGENT, 4.43 L FABRIC SOFTENER, 3.5 L or DRYER SHEETS, 200's",no name,8.0,,,,$8.0,,2026-08-13T00:00:00-04:00,2026-08-19T23:59:59-04:00,,26268.1,-1860.79,26762.0,-2396.9,http://f.wishabi.net/page_items/429924181/1786160957/extra_large.jpg
No Frills,8073751,1031930468,"NO NAME® LEMONADE or ICED TEA, 1.75 L",no name,2.5,,,,$2.5,,2026-08-13T00:00:00-04:00,2026-08-19T23:59:59-04:00,,10542.2,-1788.32,10914.5,-2232.29,http://f.wishabi.net/page_items/429924303/1786160956/extra_large.jpg
No Frills,8073751,1031918112,"NO NAME® LUNCH PAPER PLATES, 40's",no name,5.0,,,,$5.0,,2026-08-13T00:00:00-04:00,2026-08-19T23:59:59-04:00,,26766.3,-2938.65,27256.9,-3462.91,http://f.wishabi.net/page_items/429924180/1786160957/extra_large.jpg
No Frills,8073751,1031949607,"NO NAME® MEDIUM EGGS, 30's",no name,6.99,,,,$6.99,,2026-08-13T00:00:00-04:00,2026-08-19T23:59:59-04:00,,977.07,-1048.84,1861.89,-1506.22,http://f.wishabi.net/page_items/429924221/1786160964/extra_large.jpg
No Frills,8073751,1032008295,"NO NAME® MULTI PURPOSE CLEANING SPRAY, 650 mL or TOILET BOWL CLEANER, 710 mL",no name,3.0,,,,$3.0,,2026-08-13T00:00:00-04:00,2026-08-19T23:59:59-04:00,,14029.8,-325.58,14774.9,-1092.32,http://f.wishabi.net/page_items/429924331/1786160961/extra_large.jpg
No Frills,8073751,1032007826,"NO NAME® MUSHROOMS, 284 mL",no name,1.25,,,,$1.25,,2026-08-13T00:00:00-04:00,2026-08-19T23:59:59-04:00,,10917.2,-2676.73,11286.7,-3111.22,http://f.wishabi.net/page_items/429924307/1786160958/extra_large.jpg
No Frills,8073751,1031946009,"NO NAME® NAPKINS, 500's",no name,5.49,,,,$5.49,,2026-08-13T00:00:00-04:00,2026-08-19T23:59:59-04:00,,25776.6,-1864.49,26268.3,-2398.79,http://f.wishabi.net/page_items/429924182/1786160958/extra_large.jpg
No Frills,8073751,1032906761,"NO NAME® NATURALLY IMPERFECT FROZEN FRUIT, 2 kg",no name,,,,,,,2026-08-13T00:00:00-04:00,2026-09-09T23:59:59-04:00,,14862.3,-1440.65,15350.3,-2285.43,http://f.wishabi.net/page_items/430541034/1786579250/extra_large.jpg
No Frills,8073751,1031934424,"NO NAME® NATURALLY IMPERFECT™ MINI CUCUMBERS, 2 LB BAG",no name,4.0,,,,$4.0,,2026-08-13T00:00:00-04:00,2026-08-19T23:59:59-04:00,,8205.83,-2973.29,9026.36,-3208.16,http://f.wishabi.net/page_items/429924091/1786160968/extra_large.jpg
No Frills,8073751,1031927268,"NO NAME® NATURALLY IMPERFECT™ MIXED PEPPERS, 2.5 LB BAG",no name,5.0,,,,$5.0,,2026-08-13T00:00:00-04:00,2026-08-19T23:59:59-04:00,,7509.37,-2950.32,8208.28,-3221.32,http://f.wishabi.net/page_items/429924079/1786160962/extra_large.jpg
No Frills,8073751,1031951917,"NO NAME® OLIVE OIL, 750 mL",no name,,,,,,,2026-08-13T00:00:00-04:00,2026-09-09T23:59:59-04:00,,16415.9,-1763.05,16908.5,-2886.26,http://f.wishabi.net/page_items/429924059/1786427894/extra_large.jpg
No Frills,8073751,1031953457,"NO NAME® PAPER TOWELS, 6=12 rolls",no name,6.0,,,,$6.0,,2026-08-13T00:00:00-04:00,2026-08-19T23:59:59-04:00,,25785.1,-504.7,26483.3,-1168.61,http://f.wishabi.net/page_items/429924190/1786160964/extra_large.jpg
No Frills,8073751,1031927417,"NO NAME® PLASTIC WRAP, 60 M",NO NAME™,4.0,,,,$4.0,,2026-08-13T00:00:00-04:00,2026-08-19T23:59:59-04:00,,25773.2,-2936.78,26266.5,-3460.51,http://f.wishabi.net/page_items/429924187/1786160962/extra_large.jpg
No Frills,8073751,1032007143,"NO NAME® POTATO CHIPS, 200 g",no name,1.5,,,,$1.5,,2026-08-13T00:00:00-04:00,2026-08-19T23:59:59-04:00,,1426.53,-2817.26,1865.85,-3205.46,http://f.wishabi.net/page_items/429924216/1786160960/extra_large.jpg
No Frills,8073751,1031966173,"NO NAME® PURE WHITE VINEGAR, 4 L",no name,2.29,,,,$2.29,,2026-08-13T00:00:00-04:00,2026-08-19T23:59:59-04:00,,21099.9,-2436.27,21838.9,-2953.78,http://f.wishabi.net/page_items/429924260/1786160957/extra_large.jpg
No Frills,8073751,1031917343,"NO NAME® RAINBOW BAKING CUPS, 50's",no name,2.0,,,,$2.0,,2026-08-13T00:00:00-04:00,2026-08-19T23:59:59-04:00,,26265.4,-3469.9,26766.8,-3993.29,http://f.wishabi.net/page_items/429924186/1786160961/extra_large.jpg
No Frills,8073751,1031952169,"NO NAME® RED PLASTIC PARTY CUPS, 50's",no name,5.0,,,,$5.0,,2026-08-13T00:00:00-04:00,2026-08-19T23:59:59-04:00,,26766.0,-3468.67,27258.3,-3990.41,http://f.wishabi.net/page_items/429924179/1786160956/extra_large.jpg
No Frills,8073751,1032006909,"NO NAME® SANDWICH BAGS, 100's",no name,2.0,,,,$2.0,,2026-08-13T00:00:00-04:00,2026-08-19T23:59:59-04:00,,26639.6,-1117.37,27248.4,-1845.75,http://f.wishabi.net/page_items/429924192/1786160967/extra_large.jpg
No Frills,8073751,1032005831,"NO NAME® SHREDDED CHEESE, 900 g",no name,13.5,,,,$13.5,,2026-08-13T00:00:00-04:00,2026-08-19T23:59:59-04:00,,12462.2,-288.47,13215.2,-948.04,http://f.wishabi.net/page_items/429924140/1786160970/extra_large.jpg
No Frills,8073751,1031949254,NO NAME® WHIPPED TOPPING 1 L OR PIE SHELLS 9 INCH,no name,4.0,,,,$4.0,,2026-08-13T00:00:00-04:00,2026-08-19T23:59:59-04:00,,10181.7,-1148.35,10983.3,-1771.52,http://f.wishabi.net/page_items/429924318/1786160965/extra_large.jpg
No Frills,8073751,1031933518,"NO NAME® WHITE BAKING CUPS, 50'S",no name,2.0,,,,$2.0,,2026-08-13T00:00:00-04:00,2026-08-19T23:59:59-04:00,,26267.4,-2935.02,26764.4,-3462.56,http://f.wishabi.net/page_items/429924184/1786160960/extra_large.jpg
No Frills,8073751,1032906749,"NO NAME™ FISH FILLETS, BURGERS or STICKS, 454 g",no name,,,,,,,2026-08-13T00:00:00-04:00,2026-08-19T23:59:59-04:00,,15232.7,-2288.97,15600.6,-3137.07,http://f.wishabi.net/page_items/430541033/1786579250/extra_large.jpg
No Frills,8073751,1032007287,"NONGSHIM SHIN or PREMIUM NOODLES, 388-548 g",Nongshim,7.5,,,,$7.5,,2026-08-13T00:00:00-04:00,2026-08-19T23:59:59-04:00,,20526.2,-2811.08,21017.2,-3393.09,http://f.wishabi.net/page_items/429924250/1786160961/extra_large.jpg
No Frills,8073751,1031915367,No Frills,,,,,,,,2026-08-13T00:00:00-04:00,2026-08-19T23:59:59-04:00,,1641.31,-3928.11,1857.97,-4021.3,http://f.wishabi.net/page_items/429988938/1786160971/extra_large.jpg
No Frills,8073751,1032007912,"OCEAN SPRAY CRANBERRY COCKTAIL or MOTT'S CLAMATO, 1.89 L",OCEAN SPRAY | MOTT'S,3.0,,,,$3.0,,2026-08-13T00:00:00-04:00,2026-08-19T23:59:59-04:00,,1424.85,-2435.51,1864.28,-2816.69,http://f.wishabi.net/page_items/429924207/1786160954/extra_large.jpg
No Frills,8073751,1031934910,"OCEAN'S WHITE TUNA, 170 g",Ocean's,3.0,,,,$3.0,,2026-08-13T00:00:00-04:00,2026-08-19T23:59:59-04:00,,11288.0,-1783.63,11655.7,-2235.57,http://f.wishabi.net/page_items/429924315/1786160963/extra_large.jpg
No Frills,8073751,1031965268,"OIKOS GREEK YOGURT, 4x100 g",Oikos,3.75,,,,$3.75,,2026-08-13T00:00:00-04:00,2026-08-19T23:59:59-04:00,,7497.37,-625.93,8743.64,-962.56,http://f.wishabi.net/page_items/429924089/1786160967/extra_large.jpg
No Frills,8073751,1032008141,"OLIVIERI SKILLET GNOCCHI, 280/300 g",Olivieri,4.0,,,,$4.0,,2026-08-13T00:00:00-04:00,2026-08-19T23:59:59-04:00,,18465.0,-1821.57,18961.1,-2363.58,http://f.wishabi.net/page_items/429924155/1786160962/extra_large.jpg
No Frills,8073751,1031935997,"ORVILLE REDENBACHER MICROWAVE POPCORN, 385-492 g or KERNEL JAR, 850 g",ORVILLE REDENBACHER,4.0,,,,$4.0,,2026-08-13T00:00:00-04:00,2026-08-19T23:59:59-04:00,,10917.6,-1782.23,11287.4,-2233.74,http://f.wishabi.net/page_items/429924301/1786160955/extra_large.jpg
No Frills,8073751,1032398587,OUR FLYER. YOUR INBOX.,,,,,,,,2026-08-13T00:00:00-04:00,2026-08-19T23:59:59-04:00,,27336.4,-1923.67,28815.5,-3806.98,http://f.wishabi.net/page_items/430271348/1786428105/extra_large.jpg
No Frills,8073751,1031945796,"PALDO ROASTED SEAWEED, 15 g",Paldo,1.5,,,,$1.5,,2026-08-13T00:00:00-04:00,2026-08-19T23:59:59-04:00,,17974.2,-2916.32,18465.5,-3449.06,http://f.wishabi.net/page_items/429924151/1786160959/extra_large.jpg
No Frills,8073751,1032398536,PC Express,,,,,,,,2026-08-13T00:00:00-04:00,2026-08-19T23:59:59-04:00,,27344.5,-48.43,28823.6,-1899.42,http://f.wishabi.net/page_items/430271347/1786428104/extra_large.jpg
No Frills,8073751,1031957994,"PC NUTRITION FIRST CANNED CAT FOOD, 85 g",PC,,,,,,,2026-08-13T00:00:00-04:00,2026-09-09T23:59:59-04:00,,16909.2,-1760.6,17403.3,-2886.41,http://f.wishabi.net/page_items/429924057/1786427893/extra_large.jpg
No Frills,8073751,1031966273,PC SOFT DRINKS,PC,,,,,,,2026-08-13T00:00:00-04:00,2026-09-09T23:59:59-04:00,,16416.8,-2890.27,16909.3,-4013.38,http://f.wishabi.net/page_items/429924062/1786427897/extra_large.jpg
No Frills,8073751,1031949452,"PC® BLUE MENU® BEANS, PEAS OR LENTILS, 900 g",PC,3.79,,,,$3.79,,2026-08-13T00:00:00-04:00,2026-08-19T23:59:59-04:00,,11288.7,-2678.59,11655.9,-3112.91,http://f.wishabi.net/page_items/429924312/1786160961/extra_large.jpg
No Frills,8073751,1031937861,"PC® BLUE MENU® MARGARINE, 907 g",PC,5.0,,,,$5.0,,2026-08-13T00:00:00-04:00,2026-08-19T23:59:59-04:00,,17974.3,-3456.78,18467.3,-3993.22,http://f.wishabi.net/page_items/429924147/1786160956/extra_large.jpg
No Frills,8073751,1031954564,"PC® BLUE MENU® OR THICK AND JUICY™ 4 PACK BURGERS, 568 g",PC,10.0,,,,$10.0,,2026-08-13T00:00:00-04:00,2026-08-19T23:59:59-04:00,,980.44,-1505.47,1863.2,-2022.23,http://f.wishabi.net/page_items/429924219/1786160963/extra_large.jpg
No Frills,8073751,1031926565,"PC® BLUE MENU® SPARKLING WATER, 1 L, PEACE TEA ICED TEA, 695 ML, NESTLÉ OR MARS CHOCOLATE SINGLES, 41-60 G OR SKITTLES CANDY, 51-61 G",PC® | PEACE TEA | NESTLÉ | SKITTLES,1.0,,,,$1.0,,2026-08-13T00:00:00-04:00,2026-08-19T23:59:59-04:00,,1426.41,-3210.63,1863.33,-3593.45,http://f.wishabi.net/page_items/429924215/1786160960/extra_large.jpg
No Frills,8073751,1032906831,PC® Brioche Buns,PC,,,,,,,2026-08-13T00:00:00-04:00,2026-09-09T23:59:59-04:00,,15840.7,-1439.67,16335.1,-2280.51,http://f.wishabi.net/page_items/430541042/1786579254/extra_large.jpg
No Frills,8073751,1031954032,PC® DINNER ENTRÉES 700 G-1.13 KG OR SWANSON SKILLETS 1.19 KG,PC® | SWANSON,9.5,,,,$9.5,,2026-08-13T00:00:00-04:00,2026-08-19T23:59:59-04:00,,12606.2,-956.82,13217.6,-1841.8,http://f.wishabi.net/page_items/429924137/1786160967/extra_large.jpg
No Frills,8073751,1032008036,"PC® DISHWASHING LIQUID, 638 mL-1 L",PC,2.0,,,,$2.0,,2026-08-13T00:00:00-04:00,2026-08-19T23:59:59-04:00,,13307.2,-383.33,14022.5,-1242.71,http://f.wishabi.net/page_items/429924329/1786160960/extra_large.jpg
No Frills,8073751,1031926608,"PC® FLATBREAD, 330-395 G",PC,5.0,,,,$5.0,,2026-08-13T00:00:00-04:00,2026-08-19T23:59:59-04:00,,7934.71,-1330.22,8380.55,-1737.47,http://f.wishabi.net/page_items/429924076/1786160960/extra_large.jpg
No Frills,8073751,1031948579,PC® FROZEN FRUIT 300-600 g or CHAPMAN'S PREMIUM ICE CREAM 2 L,PC | CHAPMAN'S,5.5,,,,$5.5,,2026-08-13T00:00:00-04:00,2026-08-19T23:59:59-04:00,,8226.38,-950.89,8847.01,-1305.73,http://f.wishabi.net/page_items/429924085/1786160965/extra_large.jpg
No Frills,8073751,1031945345,"PC® GLUTEN-FREE WAFFLES, 320 g",PC,4.99,,,,$4.99,,2026-08-13T00:00:00-04:00,2026-08-19T23:59:59-04:00,,25326.2,-3356.88,25697.2,-3986.89,http://f.wishabi.net/page_items/429924362/1786160961/extra_large.jpg
No Frills,8073751,1031928076,"PC® LAMBS, BROWN RICE & PEA DOG FOOD, 14 kg",PC,,,,,,,2026-08-13T00:00:00-04:00,2026-09-09T23:59:59-04:00,,17406.6,-1756.5,17895.9,-2890.21,http://f.wishabi.net/page_items/429924058/1786427894/extra_large.jpg
No Frills,8073751,1033153538,"PC® MINI MUFFINS, 12's",PC,4.0,,,,$4.0,,2026-08-13T00:00:00-04:00,2026-08-19T23:59:59-04:00,,6427.77,-3374.72,6873.23,-4002.16,http://f.wishabi.net/page_items/430634776/1786655612/extra_large.jpg
No Frills,8073751,1031952989,"PC® ORANGE JUICE, 2.5 L",PC,,,,,,,2026-08-13T00:00:00-04:00,2026-09-09T23:59:59-04:00,,16419.5,-628.11,16908.9,-1757.78,http://f.wishabi.net/page_items/429924060/1786427895/extra_large.jpg
No Frills,8073751,1031945399,"PC® ORGANICS APPLE SAUCE CUPS 6x100 g, SQUEEZABLE FRUIT SNACKS 360 g, or JUMBO RAISIN SNACK PACK 196 g",PC,3.5,,,,$3.5,,2026-08-13T00:00:00-04:00,2026-08-19T23:59:59-04:00,,24217.1,-3357.1,24582.7,-3988.97,http://f.wishabi.net/page_items/429924357/1786160957/extra_large.jpg
No Frills,8073751,1031951997,"PC® ORGANICS KEFIR, 1 L",PC,6.0,,,,$6.0,,2026-08-13T00:00:00-04:00,2026-08-19T23:59:59-04:00,,18465.8,-3455.54,18967.1,-3996.15,http://f.wishabi.net/page_items/429924152/1786160960/extra_large.jpg
No Frills,8073751,1031949419,"PC® ORGANICS OATS, 1 kg",PC,4.79,,,,$4.79,,2026-08-13T00:00:00-04:00,2026-08-19T23:59:59-04:00,,24704.5,-1713.67,25204.1,-2199.68,http://f.wishabi.net/page_items/429924365/1786160963/extra_large.jpg
No Frills,8073751,1031954210,"PC® ORGANICS POUCHES 128 ML, BABY BELLIES SNACKS, 8/12 G, COLGATE OR CREST TOOTHPASTE, 50-100 ML OR MANUAL TOOTHBRUSH, 1 EA",PC® | BABY BELLIES | COLGATE | CREST,1.0,,,,$1.0,,2026-08-13T00:00:00-04:00,2026-08-19T23:59:59-04:00,,976.1,-3208.92,1425.92,-3593.7,http://f.wishabi.net/page_items/429924209/1786160956/extra_large.jpg
No Frills,8073751,1031936077,"PC® PEANUTS 700 g, CASHEWS 700 g or MIXED NUTS 200 g",PC,5.0,,,,$5.0,,2026-08-13T00:00:00-04:00,2026-08-19T23:59:59-04:00,,12479.9,-1859.75,12847.6,-2296.45,http://f.wishabi.net/page_items/429924129/1786160961/extra_large.jpg
No Frills,8073751,1031937133,"PC® ROAST AND GROUND COFFEE, 800-930 G, WHOLE BEAN, 820/907 G OR PODS, 30'S",PC,20.0,,,,$20.0,,2026-08-13T00:00:00-04:00,2026-08-19T23:59:59-04:00,,8385.12,-1740.77,8832.65,-2144.02,http://f.wishabi.net/page_items/429924065/1786160954/extra_large.jpg
No Frills,8073751,1031911810,"PC® SAFAWI or SUKKARI DATES product of Saudi Arabia or PC® MEDJOOL DATES product of Israel, 400 g",PC,5.0,,,,$5.0,,2026-08-13T00:00:00-04:00,2026-08-19T23:59:59-04:00,,5044.01,-3106.65,5415.17,-3594.54,http://f.wishabi.net/page_items/429924109/1786160959/extra_large.jpg
No Frills,8073751,1031914657,"PC® THE DECADENT® COOKIE, 280/300 g",PC,4.5,,,,$4.5,,2026-08-13T00:00:00-04:00,2026-08-19T23:59:59-04:00,,11741.3,-2301.75,12104.8,-2735.01,http://f.wishabi.net/page_items/429924128/1786160960/extra_large.jpg
No Frills,8073751,1033153602,"PC® WHOLE CHICKEN, UP TO 1.7 KG",PC,15.0,,,,$15.0,,2026-08-13T00:00:00-04:00,2026-08-19T23:59:59-04:00,,5545.48,-349.89,6441.87,-1091.72,http://f.wishabi.net/page_items/430634789/1786655621/extra_large.jpg
No Frills,8073751,1032008269,"PC® WHOLE or SLICED, WHITE or CREMINI MUSHROOMS, 227 G",PC,2.49,,,,$2.49,,2026-08-13T00:00:00-04:00,2026-08-19T23:59:59-04:00,,3216.25,-3199.63,3817.64,-4005.67,http://f.wishabi.net/page_items/429924042/1786160955/extra_large.jpg
No Frills,8073751,1032006650,"PC® YARD WASTE PAPER BAGS, 5's",PC,2.0,,,,$2.0,,2026-08-13T00:00:00-04:00,2026-08-19T23:59:59-04:00,,13298.0,-2700.66,13785.2,-3319.64,http://f.wishabi.net/page_items/429924323/1786160955/extra_large.jpg
No Frills,8073751,1031943791,PEARL MILLING COMPANY SYRUP 710 mL or PANCAKE MIX 905 g,Pearl Milling Company,3.5,,,,$3.5,,2026-08-13T00:00:00-04:00,2026-08-19T23:59:59-04:00,,8834.28,-1742.39,9273.63,-2149.28,http://f.wishabi.net/page_items/429924067/1786160955/extra_large.jpg
No Frills,8073751,1031927383,"PEDIGREE WET DOG FOOD, 375 g",Pedigree,1.75,,,,$1.75,,2026-08-13T00:00:00-04:00,2026-08-19T23:59:59-04:00,,18966.6,-2365.54,19457.0,-2898.89,http://f.wishabi.net/page_items/429924150/1786160958/extra_large.jpg
No Frills,8073751,1031934697,"PERSIL LAUNDRY DETERGENT, 3.72 L",Persil,22.0,,,,$22.0,,2026-08-13T00:00:00-04:00,2026-08-19T23:59:59-04:00,,13297.5,-2066.33,13787.8,-2691.93,http://f.wishabi.net/page_items/429924322/1786160954/extra_large.jpg
No Frills,8073751,1031931215,"PERSIL, 1.86 L",Persil,,,,,,,2026-08-13T00:00:00-04:00,2026-08-19T23:59:59-04:00,,17407.4,-2894.22,17897.8,-4005.32,http://f.wishabi.net/page_items/429924064/1786427898/extra_large.jpg
No Frills,8073751,1031952511,"PHILADELPHIA CREAM CHEESE PRODUCT, 227/250 g",PHILADELPHIA,3.99,,,,$3.99,,2026-08-13T00:00:00-04:00,2026-08-19T23:59:59-04:00,,976.4,-2433.22,1422.16,-2816.85,http://f.wishabi.net/page_items/429924203/1786160951/extra_large.jpg
No Frills,8073751,1031953565,"PINE-SOL MULTI SURFACE CLEANER, 1.41 L",Pine-Sol,4.5,,,,$4.5,,2026-08-13T00:00:00-04:00,2026-08-19T23:59:59-04:00,,13299.6,-1245.32,14033.1,-2049.83,http://f.wishabi.net/page_items/429924327/1786160958/extra_large.jpg
No Frills,8073751,1031909357,"POPPI SODA, 4x355 mL",poppi,10.99,,,,$10.99,,2026-08-13T00:00:00-04:00,2026-08-19T23:59:59-04:00,,24582.3,-2715.27,24951.1,-3344.18,http://f.wishabi.net/page_items/429924358/1786160958/extra_large.jpg
No Frills,8073751,1033153592,PORK TENDERLOIN,,4.49,,,,$4.49,,2026-08-13T00:00:00-04:00,2026-08-19T23:59:59-04:00,,5542.89,-1087.23,6427.16,-1747.7,http://f.wishabi.net/page_items/430634787/1786655619/extra_large.jpg
No Frills,8073751,1031957672,"QUAKER DIPPS or CHEWY GRANOLA BARS, 120-156 g",Quaker,2.29,,,,$2.29,,2026-08-13T00:00:00-04:00,2026-08-19T23:59:59-04:00,,12103.9,-3186.44,12473.9,-3628.51,http://f.wishabi.net/page_items/429924130/1786160962/extra_large.jpg
No Frills,8073751,1032007081,"RASPBERRIES, 6 OZ CLAMSHELL or BLUEBERRIES, PINT",,3.99,,,,$3.99,,2026-08-13T00:00:00-04:00,2026-08-19T23:59:59-04:00,,3945.44,-394.71,4688.04,-981.42,http://f.wishabi.net/page_items/429924115/1786160963/extra_large.jpg
No Frills,8073751,1031949376,"REALEMON LEMON JUICE, 945 mL",ReaLemon,3.5,,,,$3.5,,2026-08-13T00:00:00-04:00,2026-08-19T23:59:59-04:00,,21097.9,-1909.94,21837.6,-2433.99,http://f.wishabi.net/page_items/429924262/1786160959/extra_large.jpg
No Frills,8073751,1031929133,"RED BARON CLASSIC CRUST PIZZA, 584-665 g",Red Baron,4.0,,,,$4.0,,2026-08-13T00:00:00-04:00,2026-08-19T23:59:59-04:00,,20022.5,-1619.84,20517.0,-2205.5,http://f.wishabi.net/page_items/429924252/1786160963/extra_large.jpg
No Frills,8073751,1031945569,"RED MANGOES, each",,1.49,,,,$1.49,,2026-08-13T00:00:00-04:00,2026-08-19T23:59:59-04:00,,3941.47,-3108.68,4308.28,-3593.52,http://f.wishabi.net/page_items/429924104/1786160955/extra_large.jpg
No Frills,8073751,1031965336,"RED ONIONS, 7 LB BAG",,6.99,,,,$6.99,,2026-08-13T00:00:00-04:00,2026-08-19T23:59:59-04:00,,4925.09,-2237.53,5416.06,-2662.24,http://f.wishabi.net/page_items/429924099/1786160952/extra_large.jpg
No Frills,8073751,1032007455,"ROBIN HOOD, 2/2.5 kg or FIVE ROSES, 2.5 kg FLOUR",ROBIN HOOD | FIVE ROSES,5.5,,,,$5.5,,2026-08-13T00:00:00-04:00,2026-08-19T23:59:59-04:00,,12108.3,-1859.71,12478.4,-2298.63,http://f.wishabi.net/page_items/429924131/1786160963/extra_large.jpg
No Frills,8073751,1031930097,ROMA TOMATOES,,0.99,,,,$0.99,,2026-08-13T00:00:00-04:00,2026-08-19T23:59:59-04:00,,79.93,-1751.98,985.06,-2035.98,http://f.wishabi.net/page_items/429924220/1786160963/extra_large.jpg
No Frills,8073751,1031908636,"ROMAINE HEARTS, PKG OF 3",,3.99,,,,$3.99,,2026-08-13T00:00:00-04:00,2026-08-19T23:59:59-04:00,,4423.62,-1799.5,4921.97,-2236.12,http://f.wishabi.net/page_items/429924110/1786160959/extra_large.jpg
No Frills,8073751,1032907008,"ROOSTER GARLIC, PKG OF 3",ROOSTER®,0.89,,,,$0.89,,2026-08-13T00:00:00-04:00,2026-08-19T23:59:59-04:00,,23396.2,-1522.95,24139.1,-2020.54,http://f.wishabi.net/page_items/430541112/1786579259/extra_large.jpg
No Frills,8073751,1032906998,"ROOSTER® COCONUT MILK, 398 ML",ROOSTER®,1.5,,,,$1.5,,2026-08-13T00:00:00-04:00,2026-08-19T23:59:59-04:00,,22659.1,-1570.7,23322.2,-2022.6,http://f.wishabi.net/page_items/430541109/1786579257/extra_large.jpg
No Frills,8073751,1032906952,"ROOSTER® CORN STARCH, 454 g",Rooster,3.0,,,,$3.0,,2026-08-13T00:00:00-04:00,2026-08-19T23:59:59-04:00,,22662.9,-1058.92,23293.1,-1573.79,http://f.wishabi.net/page_items/430541098/1786579251/extra_large.jpg
No Frills,8073751,1032906984,"ROOSTER® TOFU, 454 g",ROOSTER®,2.48,,,,$2.48,,2026-08-13T00:00:00-04:00,2026-08-19T23:59:59-04:00,,23450.3,-1051.78,24140.8,-1514.41,http://f.wishabi.net/page_items/430541106/1786579256/extra_large.jpg
No Frills,8073751,1031939152,"ROYALE BATHROOM TISSUE, 8=16 rolls or FACIAL TISSUE, 6x100 sheets",Royale,5.0,,,,$5.0,,2026-08-13T00:00:00-04:00,2026-08-19T23:59:59-04:00,,1436.07,-3606.78,1859.07,-3909.45,http://f.wishabi.net/page_items/429924226/1786160968/extra_large.jpg
No Frills,8073751,1032907016,"SAMYANG BULDAK HOT SAUCE, 200 g",BULDAK,4.99,,,,$4.99,,2026-08-13T00:00:00-04:00,2026-08-19T23:59:59-04:00,,23437.1,-534.98,24139.0,-1038.95,http://f.wishabi.net/page_items/430541115/1786579260/extra_large.jpg
No Frills,8073751,1032906992,"SAMYANG BULDAK NOODLES, 650/700 g",Samyang,7.99,,,,$7.99,,2026-08-13T00:00:00-04:00,2026-08-19T23:59:59-04:00,,22659.9,-67.61,23408.1,-551.11,http://f.wishabi.net/page_items/430541108/1786579256/extra_large.jpg
No Frills,8073751,1032906979,"SAMYANG BULDAK STIR-FRIED RAMEN, 105 g",Samyang,2.99,,,,$2.99,,2026-08-13T00:00:00-04:00,2026-08-19T23:59:59-04:00,,23411.7,-69.48,24141.0,-526.45,http://f.wishabi.net/page_items/430541105/1786579255/extra_large.jpg
No Frills,8073751,1032906974,"SAMYANG SPICY CHICKEN DUMPLINGS, 700 g",Samyang,8.99,,,,$8.99,,2026-08-13T00:00:00-04:00,2026-08-19T23:59:59-04:00,,22663.4,-558.73,23433.4,-1038.3,http://f.wishabi.net/page_items/430541103/1786579254/extra_large.jpg
No Frills,8073751,1031953945,"SAPUTO RICOTTA, FETA, BOCCONCINI, MOZZARELLA or SHREDDED CHEESE, 140-500 g",Saputo,5.0,,,,$5.0,,2026-08-13T00:00:00-04:00,2026-08-19T23:59:59-04:00,,17980.7,-1237.06,18838.1,-1807.63,http://f.wishabi.net/page_items/429924157/1786160963/extra_large.jpg
No Frills,8073751,1033153583,"SCHNEIDERS JUICY JUMBOS or SMOKED SAUSAGES, 375/450 g",Schneiders,6.0,,,,$6.0,,2026-08-13T00:00:00-04:00,2026-08-19T23:59:59-04:00,,5535.17,-2042.72,6430.35,-2477.32,http://f.wishabi.net/page_items/430634785/1786655618/extra_large.jpg
No Frills,8073751,1031956965,"SCHNEIDERS LUNCHMATE LUNCH KITS or STACKERS, 75-120 g",Schneiders,2.5,,,,$2.5,,2026-08-13T00:00:00-04:00,2026-08-19T23:59:59-04:00,,18962.9,-1822.44,19455.6,-2363.31,http://f.wishabi.net/page_items/429924156/1786160962/extra_large.jpg
No Frills,8073751,1031946385,"SCHNEIDERS PEPPERETTES, 225/375 g",Schneiders,6.5,,,,$6.5,,2026-08-13T00:00:00-04:00,2026-08-19T23:59:59-04:00,,17974.5,-1825.73,18468.3,-2364.84,http://f.wishabi.net/page_items/429924148/1786160957/extra_large.jpg
No Frills,8073751,1033153562,"SEAQUEST® PACIFIC RAW, 51-70/lb or COOKED, 61-90/lb SHRIMP, 160 g, SURIMI, 227 g, DOM SMOKED STEELHEAD SALMON, 50 g or YELLOW FIN TUNA STEAK, 92 g",SEAQUEST® | DOM,3.49,,,,$3.49,,2026-08-13T00:00:00-04:00,2026-08-19T23:59:59-04:00,,6445.75,-2476.47,7303.87,-2908.9,http://f.wishabi.net/page_items/430634779/1786655614/extra_large.jpg
No Frills,8073751,1031954747,"SEAQUEST® RAW SHRIMP, 36-55 PER LB 300 G, SHRIMP RING, 227 G OR BAY SCALLOP, 400 G",SEAQUEST®,5.5,,,,$5.5,,2026-08-13T00:00:00-04:00,2026-08-19T23:59:59-04:00,,976.69,-2048.52,1422.33,-2433.1,http://f.wishabi.net/page_items/429924206/1786160953/extra_large.jpg
No Frills,8073751,1031925358,"SILK COFFEE CREAMER, 890 ML",Silk,5.25,,,,$5.25,,2026-08-13T00:00:00-04:00,2026-08-19T23:59:59-04:00,,24218.5,-1058.12,24956.7,-1691.19,http://f.wishabi.net/page_items/429924364/1786160962/extra_large.jpg
No Frills,8073751,1031935358,"SILK NON-DAIRY ASEPTIC BEVERAGES, 946 ML",Silk,3.0,,,,$3.0,,2026-08-13T00:00:00-04:00,2026-08-19T23:59:59-04:00,,24217.4,-2719.24,24581.8,-3343.33,http://f.wishabi.net/page_items/429924359/1786160958/extra_large.jpg
No Frills,8073751,1031939291,"SILK SOY PROTEIN NON-DAIRY BEVERAGES, 1.42 L",Silk,6.0,,,,$6.0,,2026-08-13T00:00:00-04:00,2026-08-19T23:59:59-04:00,,24220.5,-336.18,24956.0,-1052.57,http://f.wishabi.net/page_items/429924369/1786160966/extra_large.jpg
No Frills,8073751,1031912414,"SIMPLY PROTEIN STACKED SNACK BARS, 4x45 g",SIMPLY PROTEIN,12.0,,,,$12.0,,2026-08-13T00:00:00-04:00,2026-08-19T23:59:59-04:00,,24216.9,-2202.41,24708.1,-2698.21,http://f.wishabi.net/page_items/429924361/1786160960/extra_large.jpg
No Frills,8073751,1032006679,"SISTEMA STARTER KIT, 6 pieces",Sistema,12.0,,,,$12.0,,2026-08-13T00:00:00-04:00,2026-08-19T23:59:59-04:00,,14398.4,-3686.74,14774.4,-3992.57,http://f.wishabi.net/page_items/429924332/1786160962/extra_large.jpg
No Frills,8073751,1031931326,"SMALL WHITE POTATOES, 3 L",,4.99,,,,$4.99,,2026-08-13T00:00:00-04:00,2026-08-19T23:59:59-04:00,,2624.68,-2374.08,3213.09,-3190.51,http://f.wishabi.net/page_items/429924035/1786160951/extra_large.jpg
No Frills,8073751,1031930340,"SMUCKER'S UNCRUSTABLES SANDWICHES, 4x58 g",Smucker's,4.75,,,,$4.75,,2026-08-13T00:00:00-04:00,2026-08-19T23:59:59-04:00,,19543.8,-707.57,20420.4,-1183.42,http://f.wishabi.net/page_items/429924254/1786160965/extra_large.jpg
No Frills,8073751,1033153569,SNACK FACTORY PRETZEL CRISPS 200 G OR PC® GUACAMOLE 227/228 G OR SQUEEZE BOTTLES 255 ML OR SALSA 300 G-430 ML,SNACK FACTORY | PC®,5.0,,,,$5.0,,2026-08-13T00:00:00-04:00,2026-08-19T23:59:59-04:00,,5537.63,-2481.94,6403.48,-2916.2,http://f.wishabi.net/page_items/430634782/1786655616/extra_large.jpg
No Frills,8073751,1031939925,SNUGGLE,Snuggle,,,,,,,2026-08-13T00:00:00-04:00,2026-08-19T23:59:59-04:00,,16910.4,-2891.54,17405.7,-4011.38,http://f.wishabi.net/page_items/429924056/1786427892/extra_large.jpg
No Frills,8073751,1031933994,"STOK COLD BREW COFFEE, 1.42 L or STARBUCKS ICED COFFEE, COLD BREW or ICED ESPRESSO, 1.18/1.42 L",STOK | STARBUCKS,7.29,,,,$7.29,,2026-08-13T00:00:00-04:00,2026-08-19T23:59:59-04:00,,12106.4,-2298.87,12476.6,-2735.23,http://f.wishabi.net/page_items/429924121/1786160956/extra_large.jpg
No Frills,8073751,1032007236,"STRAWBERRIES, 1 LB CLAMSHELL",,4.99,,,,$4.99,,2026-08-13T00:00:00-04:00,2026-08-19T23:59:59-04:00,,3949.45,-987.78,4683.7,-1530.09,http://f.wishabi.net/page_items/429924113/1786160961/extra_large.jpg
No Frills,8073751,1032907003,"SURAJ® BEANS or CHICKPEAS, 540 mL",SURAJ®,1.49,,,,$1.49,,2026-08-13T00:00:00-04:00,2026-08-19T23:59:59-04:00,,23556.4,-2042.47,24139.9,-2547.02,http://f.wishabi.net/page_items/430541110/1786579258/extra_large.jpg
No Frills,8073751,1032906956,"SURAJ® GROUND TURMERIC, 1 KG",SURAJ®,5.5,,,,$5.5,,2026-08-13T00:00:00-04:00,2026-08-19T23:59:59-04:00,,22662.2,-2032.89,23311.8,-2545.58,http://f.wishabi.net/page_items/430541099/1786579252/extra_large.jpg
No Frills,8073751,1032906946,"SURAJ® LIGHT or DARK RED KIDNEY BEANS, 1.8 kg",SURAJ®,7.49,,,,$7.49,,2026-08-13T00:00:00-04:00,2026-08-19T23:59:59-04:00,,23336.6,-2562.51,24139.9,-3015.6,http://f.wishabi.net/page_items/430541097/1786579250/extra_large.jpg
No Frills,8073751,1032906963,"SURAJ® NAAN, 5's",SURAJ®,2.29,,,,$2.29,,2026-08-13T00:00:00-04:00,2026-08-19T23:59:59-04:00,,22660.2,-2547.62,23333.4,-3008.66,http://f.wishabi.net/page_items/430541100/1786579252/extra_large.jpg
No Frills,8073751,1031927017,SWEET CORN,,0.49,,,,$0.49,,2026-08-13T00:00:00-04:00,2026-08-19T23:59:59-04:00,,4681.01,-1001.0,5409.65,-1524.86,http://f.wishabi.net/page_items/429924116/1786160963/extra_large.jpg
No Frills,8073751,1031905886,"SWISS CHALET or MONTANA'S PORK RIBS, 600/650 g",SWISS CHALET | MONTANA'S,8.99,,,,$8.99,,2026-08-13T00:00:00-04:00,2026-08-19T23:59:59-04:00,,523.87,-2050.2,975.12,-2432.6,http://f.wishabi.net/page_items/429924218/1786160962/extra_large.jpg
No Frills,8073751,1031915297,"TERRA VEGETABLE CHIPS, 141 g",Terra Chips,5.0,,,,$5.0,,2026-08-13T00:00:00-04:00,2026-08-19T23:59:59-04:00,,12850.5,-1857.18,13216.0,-2297.3,http://f.wishabi.net/page_items/429924135/1786160966/extra_large.jpg
No Frills,8073751,1031957352,"TIDE DETERGENT 887 mL/1 L, PODS, 16's, DOWNY FABRIC SOFTENER, 0.78/1.31 L, PURIFYING RINSE, 473 mL or SCENT BOOSTERS, 141/150 g, BOUNCE DRYER SHEETS, 40/80's, CASCADE AUTO DISHWASHER TABS, 10-15's or RINSE AID, 473 mL",TIDE | DOWNY | BOUNCE | CASCADE,5.0,,,,$5.0,,2026-08-13T00:00:00-04:00,2026-08-19T23:59:59-04:00,,14032.1,-1085.21,14774.9,-2032.67,http://f.wishabi.net/page_items/429924330/1786160961/extra_large.jpg
No Frills,8073751,1031932672,"TIDE LIQUID, 3.46/3.9 L PODS OR FLINGS, 45-76'S LAUNDRY DETERGENT",Tide,19.99,,,,$19.99,,2026-08-13T00:00:00-04:00,2026-08-19T23:59:59-04:00,,85.17,-2820.25,522.03,-3204.12,http://f.wishabi.net/page_items/429924212/1786160958/extra_large.jpg
No Frills,8073751,1031965564,"TILDA BASMATI RICE, 4,54 kg",Tilda,12.99,,,,$12.99,,2026-08-13T00:00:00-04:00,2026-08-19T23:59:59-04:00,,522.55,-2819.48,970.99,-3205.97,http://f.wishabi.net/page_items/429924211/1786160957/extra_large.jpg
No Frills,8073751,1031950082,"TINA'S BURRITO, 113 g",Tina's,1.0,,,,$1.0,,2026-08-13T00:00:00-04:00,2026-08-19T23:59:59-04:00,,86.22,-3209.0,521.63,-3595.42,http://f.wishabi.net/page_items/429924213/1786160958/extra_large.jpg
No Frills,8073751,1031925980,"TORANI SYRUP, 375 ML",Torani,6.0,,,,$6.0,,2026-08-13T00:00:00-04:00,2026-08-19T23:59:59-04:00,,12104.3,-2740.52,12476.1,-3183.59,http://f.wishabi.net/page_items/429924123/1786160957/extra_large.jpg
No Frills,8073751,1031945264,"TOSTITOS or DORITOS TORTILLA CHIPS, 210-295 g",TOSTITOS | DORITOS,4.0,,,,$4.0,,2026-08-13T00:00:00-04:00,2026-08-19T23:59:59-04:00,,7936.44,-2150.36,8381.35,-2556.92,http://f.wishabi.net/page_items/429924070/1786160957/extra_large.jpg
No Frills,8073751,1031935074,"UNICO BEANS, 540 ML OR TOMATOES, 796 ML",Unico,1.5,,,,$1.5,,2026-08-13T00:00:00-04:00,2026-08-19T23:59:59-04:00,,10545.0,-2675.85,10911.8,-3113.17,http://f.wishabi.net/page_items/429924309/1786160959/extra_large.jpg
No Frills,8073751,1031908334,"UNICO OLIVES, PEPPER RINGS, PEPERONCINI or CAPERS, 125-750 mL",Unico,2.99,,,,$2.99,,2026-08-13T00:00:00-04:00,2026-08-19T23:59:59-04:00,,10919.3,-3113.93,11288.6,-3554.03,http://f.wishabi.net/page_items/429924306/1786160958/extra_large.jpg
No Frills,8073751,1031941435,"UNICO TOMATO PASTE 156 mL, PIZZA SAUCE, 213 mL or OLIVES 200 mL",Unico,1.0,,,,$1.0,,2026-08-13T00:00:00-04:00,2026-08-19T23:59:59-04:00,,522.31,-3207.59,970.52,-3594.42,http://f.wishabi.net/page_items/429924208/1786160955/extra_large.jpg
No Frills,8073751,1032006423,"VEGGIES MADE GREAT FRITTATAS, 340 g",Veggies Made Great,10.99,,,,$10.99,,2026-08-13T00:00:00-04:00,2026-08-19T23:59:59-04:00,,24217.5,-1711.81,24706.7,-2193.36,http://f.wishabi.net/page_items/429924368/1786160965/extra_large.jpg
No Frills,8073751,1031908396,"VH COOKING or DIPPING SAUCE, 341-380 mL",VH,3.0,,,,$3.0,,2026-08-13T00:00:00-04:00,2026-08-19T23:59:59-04:00,,20026.0,-2805.2,20522.6,-3394.75,http://f.wishabi.net/page_items/429924251/1786160962/extra_large.jpg
No Frills,8073751,1031958077,"WHITE POTATOES, 10 LB BAG",,1.99,,,,$1.99,,2026-08-13T00:00:00-04:00,2026-08-19T23:59:59-04:00,,83.63,-1202.62,973.92,-1477.88,http://f.wishabi.net/page_items/429924222/1786160965/extra_large.jpg
No Frills,8073751,1031953050,"WHOLE SEEDLESS WATERMELON, 11 LB AVERAGE",,4.99,,,,$4.99,,2026-08-13T00:00:00-04:00,2026-08-19T23:59:59-04:00,,4700.06,-324.55,5414.35,-992.01,http://f.wishabi.net/page_items/429924117/1786160964/extra_large.jpg
No Frills,8073751,1031928386,"WINDEX GLASS CLEANER 765 mL, SCRUBBING BUBBLES 946/950 mL or FANTASTIK, 650 mL",WINDEX | SCRUBBING BUBBLES | FANTASTIK,4.5,,,,$4.5,,2026-08-13T00:00:00-04:00,2026-08-19T23:59:59-04:00,,20649.3,-3411.29,21017.0,-3988.88,http://f.wishabi.net/page_items/429924249/1786160961/extra_large.jpg
No Frills,8073751,1031939453,"WINDSOR COARSE PICKLING SALT, 1.36 kg",Windsor,3.0,,,,$3.0,,2026-08-13T00:00:00-04:00,2026-08-19T23:59:59-04:00,,21835.9,-1911.29,22576.4,-2424.59,http://f.wishabi.net/page_items/429924264/1786160960/extra_large.jpg
No Frills,8073751,1031954820,"YOPLAIT YOP DRINKABLE YOGURT, 200 mL",Yoplait,0.97,,,,$0.97,,2026-08-13T00:00:00-04:00,2026-08-19T23:59:59-04:00,,1423.34,-2046.12,1862.84,-2432.87,http://f.wishabi.net/page_items/429924214/1786160959/extra_large.jpg
No Frills,8073751,1032906403,"ZABIHA HALAL JUICY SUPREME CHICKEN HOT DOGS, 909 g",Zabiha Halal,6.0,,,,$6.0,,2026-08-13T00:00:00-04:00,2026-08-19T23:59:59-04:00,,23111.8,-3056.3,23612.5,-3989.06,http://f.wishabi.net/page_items/430541113/1786579260/extra_large.jpg
No Frills,8073751,1032906423,"ZABIHA HALAL SLICED CHICKEN BREAST, 200 g",Zabiha Halal,4.5,,,,$4.5,,2026-08-13T00:00:00-04:00,2026-08-19T23:59:59-04:00,,22663.2,-3056.96,23104.5,-3991.08,http://f.wishabi.net/page_items/430541096/1786579249/extra_large.jpg
No Frills,8073751,1033153577,"ZIGGY'S® MOZZARELLA 340 g, ALEXIS DE PORTNEUF BRIE or CAMEMBERT CHEESE 125 g or DORE-MI HALOUMI 160 g",,6.0,,,,$6.0,,2026-08-13T00:00:00-04:00,2026-08-19T23:59:59-04:00,,6129.8,-2921.38,6729.52,-3351.96,http://f.wishabi.net/page_items/430634784/1786655617/extra_large.jpg
No Frills,8073751,1033153339,no name mobile,,,,,,,,2026-08-13T00:00:00-04:00,2026-08-19T23:59:59-04:00,,28920.6,-60.62,30367.5,-1919.69,http://f.wishabi.net/page_items/430636084/1786656296/extra_large.jpg
Shoppers Drug Mart,8069919,1031517120,"ABREVA COLD SORE TREATMENT (2g), SENSODYNE BRILLIANT WHITENING (135mL) o REPAIR & PROTECT (75ml) TOOTHPASTE",,,,,,,,2026-08-15T00:00:00-04:00,2026-08-20T23:59:59-04:00,,2070.28,-1366.54,2261.73,-1638.82,http://f.wishabi.net/page_items/429622631/1785891540/extra_large.jpg
Shoppers Drug Mart,8069919,1032473338,ACTIVIA DRINKABLE YOGURT 8 x 93mL,Activia,6.79,,,,$6.79,,2026-08-15T00:00:00-04:00,2026-08-20T23:59:59-04:00,,4979.71,-111.66,5377.07,-443.65,http://f.wishabi.net/page_items/430323123/1786466115/extra_large.jpg
Shoppers Drug Mart,8069919,1031492110,ADVIL,Advil,16.49,,,,$16.49,,2026-08-15T00:00:00-04:00,2026-08-16T23:59:59-04:00,,1065.25,-1113.4,1253.87,-1341.68,http://f.wishabi.net/page_items/429625379/1785891548/extra_large.jpg
Shoppers Drug Mart,8069919,1031508140,"ADVIL CHILDREN'S SYRUP (100mL), JUNIOR STRENGTH CHEWABLE TABLETS (20's) or PEDIATRIC DROPS (24mL)",Advil,,,,,,,2026-08-15T00:00:00-04:00,2026-08-20T23:59:59-04:00,,9153.05,-455.23,9383.22,-689.68,http://f.wishabi.net/page_items/429624563/1785891553/extra_large.jpg
Shoppers Drug Mart,8069919,1031522199,ADVIL IBUPROFEN PAIN RELIEF PRODUCTS 100's,Advil,14.99,,,,$14.99,,2026-08-15T00:00:00-04:00,2026-08-20T23:59:59-04:00,,3465.27,-697.63,3695.36,-921.59,http://f.wishabi.net/page_items/429622559/1785891542/extra_large.jpg
Shoppers Drug Mart,8069919,1031517543,AERIUS (30's - 40's) or CLARITIN (40's - 50's) ALLERGY RELIEF PRODUCTS,,27.99,,,,$27.99,,2026-08-15T00:00:00-04:00,2026-08-20T23:59:59-04:00,,2693.28,-1113.79,2885.12,-1386.57,http://f.wishabi.net/page_items/429622455/1785891545/extra_large.jpg
Shoppers Drug Mart,8069919,1031497536,AERIUS or CLARITIN ALLERGY REEF PRODUCTS,,,,,,,,2026-08-15T00:00:00-04:00,2026-08-20T23:59:59-04:00,,3693.75,-452.88,3923.37,-688.47,http://f.wishabi.net/page_items/429622538/1785891537/extra_large.jpg
Shoppers Drug Mart,8069919,1031539877,ALBERTO or FRUCTIS HAIR STYLING PRODUCTS,,5.99,,,,$5.99,,2026-08-15T00:00:00-04:00,2026-08-20T23:59:59-04:00,,9151.42,-1042.1,9436.57,-1478.54,http://f.wishabi.net/page_items/429624576/1785891561/extra_large.jpg
Shoppers Drug Mart,8069919,1031510561,ALEVEX PAIN RELIEVING ROLL-ON (72g). ASPIRIN DAILY LOW DOSE (100's - 120's) or ALEVE (40's - 100's) PAIN RELIEF PRODUCTS,,15.99,,,,$15.99,,2026-08-15T00:00:00-04:00,2026-08-20T23:59:59-04:00,,3748.97,-1067.91,4040.43,-1472.4,http://f.wishabi.net/page_items/429622590/1785891552/extra_large.jpg
Shoppers Drug Mart,8069919,1031497654,ALIGN PROBIOTIC GUMMIES (50's - 60's) or CAPSULES (21's - 28's),Align,29.99,,,,$29.99,,2026-08-15T00:00:00-04:00,2026-08-20T23:59:59-04:00,,7766.88,-753.81,7974.37,-1007.61,http://f.wishabi.net/page_items/429623789/1785891554/extra_large.jpg
Shoppers Drug Mart,8069919,1031505662,"ALLEN'S (1L), DEL MONTE NECTAR or OASIS (960mL) BEVERAGE",,4.0,,,,$4.0,,2026-08-15T00:00:00-04:00,2026-08-20T23:59:59-04:00,,18268.7,-1051.91,18522.0,-1517.13,http://f.wishabi.net/page_items/429626057/1785891565/extra_large.jpg
Shoppers Drug Mart,8069919,1031522424,ALWAYS INFINITY (30's - 46's) or RADIANT (26'3 - 42's) PADS,Always,14.49,,,,$14.49,,2026-08-15T00:00:00-04:00,2026-08-20T23:59:59-04:00,,9610.2,-1900.44,9840.16,-2140.16,http://f.wishabi.net/page_items/429624578/1785891562/extra_large.jpg
Shoppers Drug Mart,8069919,1031531011,ALWAYS LINERS (116's - 216's) or PADS (28's - 48's),Always,12.99,,,,$12.99,,2026-08-15T00:00:00-04:00,2026-08-20T23:59:59-04:00,,683.85,-2041.93,871.88,-2279.32,http://f.wishabi.net/page_items/429621536/1785891528/extra_large.jpg
Shoppers Drug Mart,8069919,1031505931,"ALWAYS PURE COTTON (12's - 14's), INFINITY (12's) or POCKET (10's) WITH FLEXFOAM PADS",,5.49,,,,$5.49,,2026-08-15T00:00:00-04:00,2026-08-20T23:59:59-04:00,,9720.64,-1062.29,10015.0,-1472.74,http://f.wishabi.net/page_items/429624579/1785891563/extra_large.jpg
Shoppers Drug Mart,8069919,1031516830,ALWAYS ULTRA THIN PADS 445-625's,Always,13.99,,,,$13.99,,2026-08-15T00:00:00-04:00,2026-08-20T23:59:59-04:00,,3694.37,-2139.67,3922.15,-2371.42,http://f.wishabi.net/page_items/429622578/1785891548/extra_large.jpg
Shoppers Drug Mart,8069919,1031503850,"ANNABELLE PERFECT PLUMPING LIQUID BLUSH, NYX MICRO BROW PENCIL or REVLON COLORSTAY FLEX WEAR CONCEALER",,,,,,,,2026-08-15T00:00:00-04:00,2026-08-20T23:59:59-04:00,,19729.5,-127.69,20064.3,-481.94,http://f.wishabi.net/page_items/429626546/1785891581/extra_large.jpg
Shoppers Drug Mart,8069919,1032473362,ANNIE'S MACARONI & CHEESE (170g) or PC READY TO SERVE SOUP (500mL - 540mL),,2.99,,,,$2.99,,2026-08-15T00:00:00-04:00,2026-08-20T23:59:59-04:00,,4988.01,-1519.12,5377.59,-1894.04,http://f.wishabi.net/page_items/430323127/1786466118/extra_large.jpg
Shoppers Drug Mart,8069919,1031491981,APPLE,,129.99,,,,$129.99,,2026-08-15T00:00:00-04:00,2026-08-20T23:59:59-04:00,,8735.87,-1593.05,9102.48,-1925.16,http://f.wishabi.net/page_items/429625978/1785891568/extra_large.jpg
Shoppers Drug Mart,8069919,1031507694,APPLE AIRPODS,Apple,199.99,,,,$199.99,,2026-08-15T00:00:00-04:00,2026-08-20T23:59:59-04:00,,8066.07,-1595.37,8400.12,-1927.34,http://f.wishabi.net/page_items/429626454/1785891567/extra_large.jpg
Shoppers Drug Mart,8069919,1031522521,APPLE AIRPODS 4TH GENERATION WITH ACTIVE NOISE CANCELLATION & CHARGING CASE,APPLE AIRPODS,274.99,,,,$274.99,,2026-08-15T00:00:00-04:00,2026-08-20T23:59:59-04:00,,21146.6,-2193.83,21354.0,-2459.65,http://f.wishabi.net/page_items/429626813/1785891580/extra_large.jpg
Shoppers Drug Mart,8069919,1031517006,APPLE AIRPODS PRO 3RD GENERATION with CHARGING CASE,Apple,359.99,,,,$359.99,,2026-08-15T00:00:00-04:00,2026-08-20T23:59:59-04:00,,8394.97,-1605.69,8737.94,-1928.13,http://f.wishabi.net/page_items/429626455/1785891568/extra_large.jpg
Shoppers Drug Mart,8069919,1031507233,APPLE HOMEPOD MINI,Apple,129.99,,,,$129.99,,2026-08-15T00:00:00-04:00,2026-08-20T23:59:59-04:00,,8071.68,-1932.3,8277.13,-2193.65,http://f.wishabi.net/page_items/429626450/1785891565/extra_large.jpg
Shoppers Drug Mart,8069919,1031541779,ARIANA GRANDE CLOUD PINK EAU DE PARFUM,ARIANA GRANDE,110.0,,,,$110.0,,2026-08-15T00:00:00-04:00,2026-08-20T23:59:59-04:00,,13248.1,-449.1,13477.4,-687.34,http://f.wishabi.net/page_items/429624480/1785891565/extra_large.jpg
Shoppers Drug Mart,8069919,1031506998,ARMSTRONG CHEESE BLOCK,Armstrong,3.49,,,,$3.49,,2026-08-15T00:00:00-04:00,2026-08-20T23:59:59-04:00,,5808.44,-1572.63,6154.8,-1927.65,http://f.wishabi.net/page_items/429626461/1785891566/extra_large.jpg
Shoppers Drug Mart,8069919,1031522273,"AUSSIE MIRACLE MOIST PUMP SHAMPOO (778mL), RENPURE or WHOLE BLENDS HAIR CARE PRODUCTS",,8.99,,,,$8.99,,2026-08-15T00:00:00-04:00,2026-08-20T23:59:59-04:00,,2314.1,-710.43,2600.76,-1034.38,http://f.wishabi.net/page_items/429622444/1785891536/extra_large.jpg
Shoppers Drug Mart,8069919,1031508166,AVEENO ABSOLUTELY AGELESS or CALM+RESTORE FACIAL MOISTURIZERS,Aveeno,,,,,,,2026-08-15T00:00:00-04:00,2026-08-20T23:59:59-04:00,,8067.76,-1110.12,8328.76,-1518.15,http://f.wishabi.net/page_items/429625965/1785891564/extra_large.jpg
Shoppers Drug Mart,8069919,1031516692,"AVEENO BODY WASH (532mL), DEGREE DRY SPRAY (107g) or STICK (74g) ANTIPERSPIRANT/DEODORANT",,8.99,,,,$8.99,,2026-08-15T00:00:00-04:00,2026-08-20T23:59:59-04:00,,3170.2,-373.07,3456.84,-700.06,http://f.wishabi.net/page_items/429622445/1785891537/extra_large.jpg
Shoppers Drug Mart,8069919,1031510727,"AVEENO HAND CREAM (97mL), OGX (577mL) or AVEENO (222mL - 227mL) LOTIONS",,8.99,,,,$8.99,,2026-08-15T00:00:00-04:00,2026-08-20T23:59:59-04:00,,20857.9,-124.67,21193.6,-475.39,http://f.wishabi.net/page_items/429626249/1785891580/extra_large.jpg
Shoppers Drug Mart,8069919,1031516715,AVEENO POSITIVELY RADIANT BRIGHTENING CLEANSER (375mL) or FACIAL MOISTURIZERS,Aveeno,,,,,,,2026-08-15T00:00:00-04:00,2026-08-20T23:59:59-04:00,,9433.32,-1061.09,9719.52,-1474.33,http://f.wishabi.net/page_items/429624580/1785891563/extra_large.jpg
Shoppers Drug Mart,8069919,1031512326,"AVEENO, NEUTROGENA DUO WIPES (2 × 25's) or OLAY TOTAL EFFECTS FACIAL MOISTURIZERS",,19.99,,,,$19.99,,2026-08-15T00:00:00-04:00,2026-08-20T23:59:59-04:00,,7276.45,-134.84,7623.19,-474.93,http://f.wishabi.net/page_items/429623805/1785891566/extra_large.jpg
Shoppers Drug Mart,8069919,1031529905,AVEENO  DAILY MOISTURIZING OIL MIST (200mL) or BODY LOTIONS (532mL - 629mL),Aveeno,9.99,,,,$9.99,,2026-08-15T00:00:00-04:00,2026-08-20T23:59:59-04:00,,14443.9,-1268.16,14791.9,-1841.23,http://f.wishabi.net/page_items/429625913/1785891559/extra_large.jpg
Shoppers Drug Mart,8069919,1031491805,"AVÈNE ANTI-AGING, DUCRAY ACNE or ECZEMA CARE PRODUCTS",,,,,,,,2026-08-15T00:00:00-04:00,2026-08-20T23:59:59-04:00,,12560.8,-453.8,12790.9,-691.27,http://f.wishabi.net/page_items/429624471/1785891558/extra_large.jpg
Shoppers Drug Mart,8069919,1031504420,AXE 3-IN-1 or 2-IN-1 SHAMPOO 473mL,Axe,5.99,,,,$5.99,,2026-08-15T00:00:00-04:00,2026-08-20T23:59:59-04:00,,3922.55,-1902.26,4153.42,-2136.44,http://f.wishabi.net/page_items/429622586/1785891551/extra_large.jpg
Shoppers Drug Mart,8069919,1031541756,"AXE STYLING (75g), L'OREAL HAIR EXPERTISE or OGX HAIR CARE PRODUCTS",,7.99,,,,$7.99,,2026-08-15T00:00:00-04:00,2026-08-20T23:59:59-04:00,,872.89,-1799.89,1063.67,-2036.46,http://f.wishabi.net/page_items/429621516/1785891526/extra_large.jpg
Shoppers Drug Mart,8069919,1031507560,BAGEL BITES PIZZA SNACKS (9's) SWANSON FROZEN MEAT PIE (200g) or MICHELINA'S SINGLE SERVE FROZEN ENTREES,,2.29,,,,$2.29,,2026-08-15T00:00:00-04:00,2026-08-20T23:59:59-04:00,,6436.07,-755.46,6641.04,-1006.9,http://f.wishabi.net/page_items/429623493/1785891561/extra_large.jpg
Shoppers Drug Mart,8069919,1031522504,"BAND-AID BANDAGES (10's - 60's), POLYSPORIN OINTMENT or CREAM (30g)",,,,,,,,2026-08-15T00:00:00-04:00,2026-08-20T23:59:59-04:00,,494.48,-2044.72,684.53,-2279.43,http://f.wishabi.net/page_items/429621666/1785891547/extra_large.jpg
Shoppers Drug Mart,8069919,1031508052,"BATISTE PREMIUM DRY SHAMPOO (200mL), göt2b PREMIUM CURLED STYLING or L'ORÉAL EVERPURE HAIR CARE PRODUCTS (200mL - 250mL)",,10.99,,,,$10.99,,2026-08-15T00:00:00-04:00,2026-08-20T23:59:59-04:00,,2314.54,-369.61,2600.35,-707.29,http://f.wishabi.net/page_items/429622446/1785891538/extra_large.jpg
Shoppers Drug Mart,8069919,1031512177,BEATS SOLO BUDS TRUE WIRELESS EARBUDS,BEATS BY DR DRE,99.99,,,,$99.99,,2026-08-15T00:00:00-04:00,2026-08-20T23:59:59-04:00,,8275.88,-1932.69,8483.93,-2191.48,http://f.wishabi.net/page_items/429626453/1785891567/extra_large.jpg
Shoppers Drug Mart,8069919,1031536390,BECEL MARGARINE (400g - 454g) or SAPUTO MOZZARELLA CHEESE (300g - 340g),,4.99,,,,$4.99,,2026-08-15T00:00:00-04:00,2026-08-20T23:59:59-04:00,,6018.55,-480.58,6226.82,-741.77,http://f.wishabi.net/page_items/429623440/1785891548/extra_large.jpg
Shoppers Drug Mart,8069919,1031512993,BED HEAD HAIR STYLING PRODUCTS,Bed Head,19.99,,,,$19.99,,2026-08-15T00:00:00-04:00,2026-08-20T23:59:59-04:00,,19811.9,-1932.96,20019.7,-2193.35,http://f.wishabi.net/page_items/429626528/1785891570/extra_large.jpg
Shoppers Drug Mart,8069919,1031530979,BEN & JERRY'S ICE CREAM 473mL,,,,,,,,2026-08-15T00:00:00-04:00,2026-08-20T23:59:59-04:00,,6434.67,-479.83,6642.0,-740.77,http://f.wishabi.net/page_items/429623444/1785891550/extra_large.jpg
Shoppers Drug Mart,8069919,1031530574,BEN & JERRY'S NON-DAIRY FROZEN DESSERT (473mL) or MAGNUM PREMIUM ICE CREAM BARS,,5.49,,,,$5.49,,2026-08-15T00:00:00-04:00,2026-08-16T23:59:59-04:00,,1442.64,-636.79,1634.28,-878.56,http://f.wishabi.net/page_items/429621673/1785891547/extra_large.jpg
Shoppers Drug Mart,8069919,1031505298,BENADRYL (36's - 60's) or REACTINE (20's - 24's) ALLERGY RELIEF PRODUCTS,,19.99,,,,$19.99,,2026-08-15T00:00:00-04:00,2026-08-20T23:59:59-04:00,,2504.92,-1111.77,2693.56,-1385.4,http://f.wishabi.net/page_items/429622464/1785891552/extra_large.jpg
Shoppers Drug Mart,8069919,1031535728,BENADRYL ANTI-ITCH STICK 14mL,Benadryl,7.99,,,,$7.99,,2026-08-15T00:00:00-04:00,2026-08-20T23:59:59-04:00,,19095.5,-754.05,19303.4,-1009.24,http://f.wishabi.net/page_items/429626070/1785891569/extra_large.jpg
Shoppers Drug Mart,8069919,1031505709,"BIC DISPOSABLE RAZORS (3's - 4's), PRORASO BEARD or SHAVE CARE PRODUCTS",,,,,,,,2026-08-15T00:00:00-04:00,2026-08-20T23:59:59-04:00,,20732.1,-756.96,20938.5,-1011.48,http://f.wishabi.net/page_items/429626188/1785891567/extra_large.jpg
Shoppers Drug Mart,8069919,1031505432,BIC STATIONARY PRODUCTS,Bic,,,,,,,2026-08-15T00:00:00-04:00,2026-08-20T23:59:59-04:00,,7147.01,-2135.49,7355.01,-2333.81,http://f.wishabi.net/page_items/429623811/1785891570/extra_large.jpg
Shoppers Drug Mart,8069919,1031525979,BICK'S PICKLES (375mL - 1L) or HEINZ TOMATO KETCHUP (750mL - 1L),,5.99,,,,$5.99,,2026-08-15T00:00:00-04:00,2026-08-20T23:59:59-04:00,,5814.1,-1932.72,6021.05,-2191.58,http://f.wishabi.net/page_items/429626458/1785891564/extra_large.jpg
Shoppers Drug Mart,8069919,1031521899,"BILLIE WOMEN'S RAZOR STARTER KIT, SCHICK HYDRO SILK (4's) or INTUITION (3's) REFILL CARTRIDGES",,,,,,,,2026-08-15T00:00:00-04:00,2026-08-20T23:59:59-04:00,,20526.8,-480.63,20733.7,-745.2,http://f.wishabi.net/page_items/429626191/1785891568/extra_large.jpg
Shoppers Drug Mart,8069919,1031492186,BIO-OIL SKIN (125mL) or THE GREEN BEAVER COMPANY,,,,,,,,2026-08-15T00:00:00-04:00,2026-08-20T23:59:59-04:00,,21352.1,-478.41,21559.9,-745.14,http://f.wishabi.net/page_items/429626206/1785891571/extra_large.jpg
Shoppers Drug Mart,8069919,1031516474,"BIODERMA PHOTODERM, SEBIUM or NEOSTRATA SKIN CARE PRODUCTS",,,,,,,,2026-08-15T00:00:00-04:00,2026-08-20T23:59:59-04:00,,3077.85,-1112.16,3268.28,-1389.35,http://f.wishabi.net/page_items/429622453/1785891543/extra_large.jpg
Shoppers Drug Mart,8069919,1031507664,BIODERMA SENSIBIO SKIN CARE PRODUCTS,Bioderma,,,,,,,2026-08-15T00:00:00-04:00,2026-08-20T23:59:59-04:00,,12788.9,-452.82,13018.6,-688.76,http://f.wishabi.net/page_items/429624477/1785891563/extra_large.jpg
Shoppers Drug Mart,8069919,1031517240,"BIOS BLOOD PRESSURE DEVICE, HOMEDICS or OBUSFORME WELLNESS PRODUCTS",,,,,,,,2026-08-15T00:00:00-04:00,2026-08-20T23:59:59-04:00,,18891.4,-756.12,19097.1,-1009.86,http://f.wishabi.net/page_items/429626063/1785891566/extra_large.jpg
Shoppers Drug Mart,8069919,1031523114,"BIOTÈNE DRY MOUTH MOUTHWASH (1L), PHILIPS SONICARE SIMPLY CLEAN REFILL BRUSH HEADS (2's) or ONE FOR KIDS BATTERY TOOTHBRUSH WITH SUCTION CUP (1's)",,22.99,,,,$22.99,,2026-08-15T00:00:00-04:00,2026-08-20T23:59:59-04:00,,20779.1,-1104.46,21043.7,-1514.21,http://f.wishabi.net/page_items/429626227/1785891575/extra_large.jpg
Shoppers Drug Mart,8069919,1031509244,BLISTEX LIP BALMS 3's,Blistex,,,,,,,2026-08-15T00:00:00-04:00,2026-08-20T23:59:59-04:00,,15573.9,-1852.24,15919.8,-2438.09,http://f.wishabi.net/page_items/429625084/1785891561/extra_large.jpg
Shoppers Drug Mart,8069919,1032473368,BLUEBERRIES,,2.99,,,,$2.99,,2026-08-15T00:00:00-04:00,2026-08-20T23:59:59-04:00,,4617.67,-2141.64,4846.84,-2371.17,http://f.wishabi.net/page_items/430323128/1786466118/extra_large.jpg
Shoppers Drug Mart,8069919,1031517354,BOLD & BRIGHT HAIR COLOR,BOLD & BRIGHT,11.99,,,,$11.99,,2026-08-15T00:00:00-04:00,2026-08-20T23:59:59-04:00,,19912.2,-1087.51,20170.3,-1515.46,http://f.wishabi.net/page_items/429626531/1785891572/extra_large.jpg
Shoppers Drug Mart,8069919,1031505732,BONDI SANDS SUNLESS TANNING PRODUCTS,Bondi Sands,,,,,,,2026-08-15T00:00:00-04:00,2026-08-20T23:59:59-04:00,,14102.8,-1848.43,14445.3,-2432.25,http://f.wishabi.net/page_items/429625918/1785891563/extra_large.jpg
Shoppers Drug Mart,8069919,1031509133,BREYERS CLASSIC FROZEN DESSERT,Breyers,3.49,,,,$3.49,,2026-08-15T00:00:00-04:00,2026-08-20T23:59:59-04:00,,6140.84,-149.59,6489.21,-471.06,http://f.wishabi.net/page_items/429623498/1785891562/extra_large.jpg
Shoppers Drug Mart,8069919,1031514630,BUBBLE or GLYSOMED SKIN CARE PRODUCTS,,,,,,,,2026-08-15T00:00:00-04:00,2026-08-20T23:59:59-04:00,,3266.54,-1395.55,3458.4,-1663.4,http://f.wishabi.net/page_items/429622450/1785891541/extra_large.jpg
Shoppers Drug Mart,8069919,1031509019,"BULLDOG MEN'S BEARD, SHAVE or SKIN CARE PRODUCTS",Bulldog,,,,,,,2026-08-15T00:00:00-04:00,2026-08-20T23:59:59-04:00,,9382.56,-2142.3,9610.18,-2373.0,http://f.wishabi.net/page_items/429624589/1785891569/extra_large.jpg
Shoppers Drug Mart,8069919,1032471674,"BURNBRAE NATUREGG OMEGA 3, LARGE BROWN EGGS (1 Dozen) or NEILSON ULTRAFILTERED MILK (IL)",,4.59,,,,$4.59,,2026-08-15T00:00:00-04:00,2026-08-20T23:59:59-04:00,,4617.49,-454.79,4846.97,-688.82,http://f.wishabi.net/page_items/430323102/1786466100/extra_large.jpg
Shoppers Drug Mart,8069919,1031504346,BURT'S BEES Beeswax Lip Balm,Burt's Bees,,,,,,,2026-08-15T00:00:00-04:00,2026-08-20T23:59:59-04:00,,25030.1,-1078.01,25546.1,-1605.3,http://f.wishabi.net/page_items/429626709/1785891568/extra_large.jpg
Shoppers Drug Mart,8069919,1031498007,BYOMA SKIN CARE PRODUCTS,BYOMA,,,,,,,2026-08-15T00:00:00-04:00,2026-08-20T23:59:59-04:00,,2069.92,-544.98,2261.71,-817.9,http://f.wishabi.net/page_items/429622624/1785891535/extra_large.jpg
Shoppers Drug Mart,8069919,1031517718,Benefit the POREfessional Concealer,,43.0,,,,$43.0,,2026-08-15T00:00:00-04:00,2026-08-20T23:59:59-04:00,,10350.5,-1946.0,10693.2,-2467.18,http://f.wishabi.net/page_items/429624278/1785891554/extra_large.jpg
Shoppers Drug Mart,8069919,1031514917,Bonus Redemption Event,,,,,,,,2026-08-14T00:00:00-04:00,2026-08-19T23:59:59-04:00,,1060.7,-177.22,1640.0,-588.09,http://f.wishabi.net/page_items/429652232/1785891547/extra_large.jpg
Shoppers Drug Mart,8078489,1032468879,Bonus Redemption Event: Up to $500 Off!,,500.0,,,,$500.0,,2026-08-14T00:00:00-04:00,2026-08-19T23:59:59-04:00,,51.76,-1332.69,476.89,-1450.99,http://f.wishabi.net/page_items/430321069/1786462633/extra_large.jpg
Shoppers Drug Mart,8069919,1031517674,CADBURY CHOCOLATE BARS,,5.0,,,,$5.0,,2026-08-15T00:00:00-04:00,2026-08-20T23:59:59-04:00,,1878.12,-2185.64,2071.08,-2463.3,http://f.wishabi.net/page_items/429622619/1785891531/extra_large.jpg
Shoppers Drug Mart,8069919,1031526117,CADBURY FAVOURITES FUN TREATS,Cadbury,11.99,,,,$11.99,,2026-08-15T00:00:00-04:00,2026-08-20T23:59:59-04:00,,7355.23,-1930.55,7563.63,-2134.18,http://f.wishabi.net/page_items/429623809/1785891568/extra_large.jpg
Shoppers Drug Mart,8069919,1031530543,CALTRATE CALCIUM or CENTRUM MULTIVITAMIN PRODUCTS,,,,,,,,2026-08-15T00:00:00-04:00,2026-08-20T23:59:59-04:00,,7767.48,-481.04,7975.18,-741.15,http://f.wishabi.net/page_items/429623788/1785891553/extra_large.jpg
Shoppers Drug Mart,8069919,1031507366,CANON PRINTER INK,Canon,74.99,,,,$74.99,,2026-08-15T00:00:00-04:00,2026-08-20T23:59:59-04:00,,8897.95,-2195.92,9100.49,-2461.82,http://f.wishabi.net/page_items/429625975/1785891567/extra_large.jpg
Shoppers Drug Mart,8069919,1031505644,CAPRINA GOAT'S MILK BAR SOAP (3 x 90g) or DIAL ANTIBACTERIAL LIQUID HAND SOAP (325mL),,5.99,,,,$5.99,,2026-08-15T00:00:00-04:00,2026-08-20T23:59:59-04:00,,20021.2,-2201.13,20226.8,-2457.8,http://f.wishabi.net/page_items/429626527/1785891570/extra_large.jpg
Shoppers Drug Mart,8069919,1031508824,"CAREFREE PADS (28's), o.b. (40's) or PLAYTEX SPORT (32's - 36's) TAMPON",,,,,,,,2026-08-15T00:00:00-04:00,2026-08-20T23:59:59-04:00,,3465.76,-2141.46,3695.5,-2371.1,http://f.wishabi.net/page_items/429622585/1785891550/extra_large.jpg
Shoppers Drug Mart,8069919,1031507193,CARNABY SWEET CANDY,CARNABY,5.0,,,,$5.0,,2026-08-15T00:00:00-04:00,2026-08-20T23:59:59-04:00,,6938.23,-1112.63,7193.52,-1518.5,http://f.wishabi.net/page_items/429623796/1785891559/extra_large.jpg
Shoppers Drug Mart,8069919,1031512815,CAROL'S DAUGHTER HAIR CARE PRODUCTS,Carol's Daughter,,,,,,,2026-08-15T00:00:00-04:00,2026-08-20T23:59:59-04:00,,21350.7,-758.26,21558.6,-1010.26,http://f.wishabi.net/page_items/429626221/1785891574/extra_large.jpg
Shoppers Drug Mart,8069919,1031541562,"CAVENDISH FARMS HASHBROWN PATTIES (600g), FLAVOUR CRISP FRIES or KETTLE SYLE WEDGES (750g)",Cavendish Farms,3.99,,,,$3.99,,2026-08-15T00:00:00-04:00,2026-08-20T23:59:59-04:00,,20527.1,-1932.83,20733.5,-2190.74,http://f.wishabi.net/page_items/429626236/1785891577/extra_large.jpg
Shoppers Drug Mart,8069919,1031498280,CERAVE,CeraVe,,,,,,,2026-08-15T00:00:00-04:00,2026-08-20T23:59:59-04:00,,14445.3,-107.79,14789.6,-677.79,http://f.wishabi.net/page_items/429625922/1785891566/extra_large.jpg
Shoppers Drug Mart,8069919,1031513201,CERAVE SKIN CARE PRODUCTS,CeraVe,,,,,,,2026-08-15T00:00:00-04:00,2026-08-20T23:59:59-04:00,,1688.46,-266.25,1880.89,-546.52,http://f.wishabi.net/page_items/429622641/1785891547/extra_large.jpg
Shoppers Drug Mart,8069919,1031516858,CHRISTIE COOKIES or CRACKERS,Mr. Christie's,5.0,,,,$5.0,,2026-08-15T00:00:00-04:00,2026-08-16T23:59:59-04:00,,875.27,-638.65,1064.33,-875.3,http://f.wishabi.net/page_items/429625383/1785891551/extra_large.jpg
Shoppers Drug Mart,8069919,1031508001,CHRISTIE FAMILY SIZE TOPPABLES (454g) or PREMIUM PLUS (450g) CRACKERS,Christie,4.99,,,,$4.99,,2026-08-15T00:00:00-04:00,2026-08-20T23:59:59-04:00,,18270.8,-2197.15,18476.0,-2463.99,http://f.wishabi.net/page_items/429626555/1785891584/extra_large.jpg
Shoppers Drug Mart,8069919,1031521561,"CLEAN & CLEAR, NEUTROGENA ACNE FACIAL CLEANSERS or BIORE SKIN CARE PRODUCTS",,,,,,,,2026-08-15T00:00:00-04:00,2026-08-20T23:59:59-04:00,,3077.32,-1393.95,3268.36,-1664.42,http://f.wishabi.net/page_items/429622447/1785891538/extra_large.jpg
Shoppers Drug Mart,8069919,1031522821,CLEARASIL ACNE CLEANSING PADS (90's) or PANOXYL SKIN CARE PRODUCTS,,,,,,,,2026-08-15T00:00:00-04:00,2026-08-20T23:59:59-04:00,,1878.77,-819.95,2071.17,-1092.66,http://f.wishabi.net/page_items/429622637/1785891544/extra_large.jpg
Shoppers Drug Mart,8069919,1031505567,CLEARBLUE OVULATION (10's) or PREGNANCY (1's - 3's) TESTS,Clearblue,,,,,,,2026-08-15T00:00:00-04:00,2026-08-20T23:59:59-04:00,,18684.1,-479.11,18891.5,-744.86,http://f.wishabi.net/page_items/429626055/1785891564/extra_large.jpg
Shoppers Drug Mart,8069919,1031517452,"CLOVER LEAF WHITE ALBACORE TUNA (170g), CATELLI PROTEIN+ PASTA (340g) or BEN'S ORIGINAL BISTRO EXPRESS SIDE DISH (240g - 250g)",,3.99,,,,$3.99,,2026-08-15T00:00:00-04:00,2026-08-20T23:59:59-04:00,,6018.58,-1932.26,6226.79,-2189.07,http://f.wishabi.net/page_items/429626457/1785891563/extra_large.jpg
Shoppers Drug Mart,8069919,1031526038,COCA-COLA BEVERAGES,Coca-Cola,9.99,,,,$9.99,,2026-08-15T00:00:00-04:00,2026-08-20T23:59:59-04:00,,1251.92,-1547.26,1442.7,-1793.1,http://f.wishabi.net/page_items/429621711/1785891544/extra_large.jpg
Shoppers Drug Mart,8069919,1031513547,COCA-COLA or PEPSI BEVERAGES,,3.99,,,,$3.99,,2026-08-15T00:00:00-04:00,2026-08-16T23:59:59-04:00,,1253.96,-638.01,1442.86,-875.77,http://f.wishabi.net/page_items/429625385/1785891552/extra_large.jpg
Shoppers Drug Mart,8069919,1031541700,COLD FX DAILY SUPPORT CHEWABLES (45's) or CAPSULES (45's - 150's),Cold-FX,,,,,,,2026-08-15T00:00:00-04:00,2026-08-20T23:59:59-04:00,,18270.9,-755.07,18477.7,-1011.36,http://f.wishabi.net/page_items/429626068/1785891568/extra_large.jpg
Shoppers Drug Mart,8069919,1031504048,COLGATE,Colgate,,,,,,,2026-08-15T00:00:00-04:00,2026-08-20T23:59:59-04:00,,10012.9,-1054.41,10297.9,-1471.46,http://f.wishabi.net/page_items/429624573/1785891559/extra_large.jpg
Shoppers Drug Mart,8069919,1031502244,"COLGATE HARRY POTTER BATTERY TOOTHBRUSH (1's), CREST PRO-HEALTH CLEAN MINT MOUTHWASH (1.5L) or POLIDENT DENTURE CLEANSING TABLETS (96's)",,8.99,,,,$8.99,,2026-08-15T00:00:00-04:00,2026-08-20T23:59:59-04:00,,7563.52,-1933.41,7772.79,-2134.65,http://f.wishabi.net/page_items/429623795/1785891558/extra_large.jpg
Shoppers Drug Mart,8069919,1031510673,"COLGATE PERIOGARD GUM CARE TOOTHPASTE (105mL), HELLO or TOM'S OF MAINE ORAL CARE PRODUCTS",,6.99,,,,$6.99,,2026-08-15T00:00:00-04:00,2026-08-20T23:59:59-04:00,,7708.9,-1107.78,7977.42,-1520.55,http://f.wishabi.net/page_items/429623793/1785891557/extra_large.jpg
Shoppers Drug Mart,8069919,1031492406,COLORSILK BOND REPAIR HAIR COLOUR,Colorsilk,6.99,,,,$6.99,,2026-08-15T00:00:00-04:00,2026-08-20T23:59:59-04:00,,3694.01,-1902.43,3923.09,-2136.57,http://f.wishabi.net/page_items/429622529/1785891535/extra_large.jpg
Shoppers Drug Mart,8069919,1031511494,COLORSTRONG HAIR COLOUR,COLORSTRONG,,,,,,,2026-08-15T00:00:00-04:00,2026-08-20T23:59:59-04:00,,19650.7,-1087.5,19911.2,-1509.41,http://f.wishabi.net/page_items/429626538/1785891576/extra_large.jpg
Shoppers Drug Mart,8069919,1031501664,COMPOUND W WART or SKIN TAG REMOVER PRODUCTS,Compound W,,,,,,,2026-08-15T00:00:00-04:00,2026-08-20T23:59:59-04:00,,1879.03,-1911.06,2071.27,-2183.62,http://f.wishabi.net/page_items/429622623/1785891534/extra_large.jpg
Shoppers Drug Mart,8069919,1031491506,CONTOUR NEXT METER,Contour Next,,,,,,,2026-08-15T00:00:00-04:00,2026-08-20T23:59:59-04:00,,4152.79,-700.2,4380.69,-922.44,http://f.wishabi.net/page_items/429622575/1785891547/extra_large.jpg
Shoppers Drug Mart,8069919,1031514407,COPPER 88 COMPRESSION SUPPORT PRODUCTS,Copper88,,,,,,,2026-08-15T00:00:00-04:00,2026-08-20T23:59:59-04:00,,18891.8,-481.72,19098.9,-743.07,http://f.wishabi.net/page_items/429626050/1785891562/extra_large.jpg
Shoppers Drug Mart,8069919,1031503905,"COVERGIRL LASH BLAST MASCARA, CLEAN FRESH POWDER or BROW NANO EYEBROW PENCIL",CoverGirl,8.99,,,,$8.99,,2026-08-15T00:00:00-04:00,2026-08-20T23:59:59-04:00,,19812.3,-759.05,20019.3,-1014.23,http://f.wishabi.net/page_items/429626530/1785891572/extra_large.jpg
Shoppers Drug Mart,8069919,1031502732,"COVERGIRL PROFESSIONAL MASCARA, CLEAN LIP COLOUR or RIMMEL LONDON OH MY PLUMP! LIP LINER",,7.99,,,,$7.99,,2026-08-15T00:00:00-04:00,2026-08-20T23:59:59-04:00,,12926.1,-1536.33,13276.2,-1897.78,http://f.wishabi.net/page_items/429624498/1785891575/extra_large.jpg
Shoppers Drug Mart,8069919,1032473332,CRAVE FROZEN ENTREES or PC FROZEN VEGETABLES,,8.0,,,,$8.0,,2026-08-15T00:00:00-04:00,2026-08-20T23:59:59-04:00,,5184.81,-1064.69,5468.58,-1467.97,http://f.wishabi.net/page_items/430323122/1786466114/extra_large.jpg
Shoppers Drug Mart,8069919,1031535755,CRAYOLA or ZEBRA STATIONERY PRODUCTS,,,,,,,,2026-08-15T00:00:00-04:00,2026-08-20T23:59:59-04:00,,7355.67,-2137.6,7563.1,-2333.65,http://f.wishabi.net/page_items/429623812/1785891570/extra_large.jpg
Shoppers Drug Mart,8069919,1031518838,CREMO MOISTURIZING BODY WASH,Cremo,11.99,,,,$11.99,,2026-08-15T00:00:00-04:00,2026-08-20T23:59:59-04:00,,20225.0,-2198.55,20430.6,-2460.28,http://f.wishabi.net/page_items/429626541/1785891578/extra_large.jpg
Shoppers Drug Mart,8069919,1031529996,"CREST 3DWHITE BRILLANCE DEEP STAIN REMOVER TOOTHPASTE (67mL), COLGATE 360° 4-IN-1 MANUAL (4's) or ORAL-B COMPLETE BATTERY (2's) TOOTHBRUSHES",,8.99,,,,$8.99,,2026-08-15T00:00:00-04:00,2026-08-20T23:59:59-04:00,,2887.19,-705.79,3170.06,-1033.15,http://f.wishabi.net/page_items/429622440/1785891533/extra_large.jpg
Shoppers Drug Mart,8069919,1031530953,"CREST 3DWHITESTRIPS 1 HOUR EXPRESS WHITENING KIT (10's), PHILIPS SONICARE FOR KIDS or ORAL-B iO4 RECHARGEABLE TOOTHBRUSH",,,,,,,,2026-08-15T00:00:00-04:00,2026-08-20T23:59:59-04:00,,683.86,-2283.26,871.63,-2526.07,http://f.wishabi.net/page_items/429621551/1785891531/extra_large.jpg
Shoppers Drug Mart,8069919,1031541844,"CREST CLEAN BREATH TOOTHPASTE (55mL), ORAL-B DUAL ACTION MANUAL TOOTHBRUSHES (4's) or BURT'S BEES LIP BALMS (1's)",,4.99,,,,$4.99,,2026-08-15T00:00:00-04:00,2026-08-20T23:59:59-04:00,,2886.54,-370.1,3171.11,-701.18,http://f.wishabi.net/page_items/429622442/1785891534/extra_large.jpg
Shoppers Drug Mart,8069919,1031513078,"CREST DEEP STAIN REMOVER ULTIMATE WHITE (45mL), COLGATE OPTIC WHITE STAIN FIGHTER (3 x 90mL) TOOTHPASTE or ORAL-B CROSS ACTION MANUAL TOOTHBRUSHES (2's)",,7.99,,,,$7.99,,2026-08-15T00:00:00-04:00,2026-08-20T23:59:59-04:00,,7768.76,-1932.4,7976.27,-2134.13,http://f.wishabi.net/page_items/429623803/1785891564/extra_large.jpg
Shoppers Drug Mart,8069919,1031497593,CRISPERS ALL DRESSED BAKED SNACK CRACKERS (18's) or HERSHEY'S FUN TREATS (35's - 50's),,14.99,,,,$14.99,,2026-08-15T00:00:00-04:00,2026-08-20T23:59:59-04:00,,7272.52,-1586.22,7623.54,-1925.87,http://f.wishabi.net/page_items/429623804/1785891565/extra_large.jpg
Shoppers Drug Mart,8069919,1031504197,Clarins Double Serum Eye 20mL,CLARINS,110.0,,,,$110.0,,2026-08-15T00:00:00-04:00,2026-08-20T23:59:59-04:00,,10353.6,-203.11,11381.2,-1282.63,http://f.wishabi.net/page_items/429624284/1785891558/extra_large.jpg
Shoppers Drug Mart,8069919,1031512104,Coola Classic Face Sunscreen,Coola,54.0,,,,$54.0,,2026-08-15T00:00:00-04:00,2026-08-20T23:59:59-04:00,,10783.1,-1550.19,10870.1,-1751.86,http://f.wishabi.net/page_items/429624281/1785891556/extra_large.jpg
Shoppers Drug Mart,8069919,1031518767,Coola Clear Sunscreen Spray,Coola,49.0,,,,$49.0,,2026-08-15T00:00:00-04:00,2026-08-20T23:59:59-04:00,,10873.0,-1476.22,10994.0,-1744.22,http://f.wishabi.net/page_items/429652244/1785891559/extra_large.jpg
Shoppers Drug Mart,8069919,1031196445,Coupon,,,,,,,,2026-08-17T00:00:00-04:00,2026-08-19T23:59:59-04:00,,489.55,-310.43,1065.55,-592.43,http://f.wishabi.net/page_items/429652224/1785891546/extra_large.jpg
Shoppers Drug Mart,8069919,1031514541,DAISE FRAGRANCE BODY MIST (100mL) or ALL BODY SPRAY & DEODORANT (100g),Daise,8.99,,,,$8.99,,2026-08-15T00:00:00-04:00,2026-08-20T23:59:59-04:00,,19603.8,-760.27,19809.8,-1014.08,http://f.wishabi.net/page_items/429626521/1785891566/extra_large.jpg
Shoppers Drug Mart,8069919,1032473015,DANONE ACTIVIA YOGURT TUB (650g) or NO NAME CREAM CHEESE (227g - 250g),,4.19,,,,$4.19,,2026-08-15T00:00:00-04:00,2026-08-20T23:59:59-04:00,,4845.86,-697.69,5073.79,-924.04,http://f.wishabi.net/page_items/430323111/1786466106/extra_large.jpg
Shoppers Drug Mart,8069919,1031508297,"DIAL COCONUT WATER & MANGO LIQUID HAND SOAP (221mL), SPEED STICK (70g) or LADY SPEED STICK (45g) ANTIPERSPIRANT/DEODORANT",,3.29,,,,$3.29,,2026-08-15T00:00:00-04:00,2026-08-20T23:59:59-04:00,,9841.68,-2142.78,10070.5,-2372.06,http://f.wishabi.net/page_items/429624588/1785891568/extra_large.jpg
Shoppers Drug Mart,8069919,1031497962,"DIPPITY-DO HAIR GEL, FRUCTIS SHAMPOO (370mL) or CONDITIONER (354mL)",,3.49,,,,$3.49,,2026-08-15T00:00:00-04:00,2026-08-20T23:59:59-04:00,,20224.2,-1932.21,20431.7,-2190.76,http://f.wishabi.net/page_items/429626529/1785891571/extra_large.jpg
Shoppers Drug Mart,8069919,1031525450,"DOVE BODY WASH (325mL), IVORY (10 x 90g) or OLAY (4 x 90g) BAR SOAP",,5.99,,,,$5.99,,2026-08-15T00:00:00-04:00,2026-08-20T23:59:59-04:00,,7146.69,-481.67,7355.55,-742.35,http://f.wishabi.net/page_items/429623784/1785891550/extra_large.jpg
Shoppers Drug Mart,8069919,1031531034,DOVE HAIR CARE PRODUCTS,Dove,4.99,,,,$4.99,,2026-08-15T00:00:00-04:00,2026-08-20T23:59:59-04:00,,2886.3,-1394.31,3077.92,-1664.36,http://f.wishabi.net/page_items/429622454/1785891544/extra_large.jpg
Shoppers Drug Mart,8069919,1031525656,DOVE INTENSIVE REPAIR or DOVE MEN+CARE HAIR CARE PRODUCTS 530mL,Dove,,,,,,,2026-08-15T00:00:00-04:00,2026-08-20T23:59:59-04:00,,15571.3,-682.24,15918.8,-1264.38,http://f.wishabi.net/page_items/429625090/1785891565/extra_large.jpg
Shoppers Drug Mart,8069919,1031539910,DOVE WHOLE BODY DEODORANT PRODUCTS,Dove,11.99,,,,$11.99,,2026-08-15T00:00:00-04:00,2026-08-20T23:59:59-04:00,,14886.9,-1264.66,15231.8,-1844.67,http://f.wishabi.net/page_items/429625081/1785891559/extra_large.jpg
Shoppers Drug Mart,8069919,1031502386,DR. SCHOLL'S,Dr Scholls,13.99,,,,$13.99,,2026-08-15T00:00:00-04:00,2026-08-20T23:59:59-04:00,,4330.96,-1056.51,4611.07,-1472.93,http://f.wishabi.net/page_items/429622550/1785891540/extra_large.jpg
Shoppers Drug Mart,8069919,1031533004,DR. SCHOLL'S ORTHOTIC INSOLES 1 Pair,Dr Scholls,19.99,,,,$19.99,,2026-08-15T00:00:00-04:00,2026-08-20T23:59:59-04:00,,18949.1,-125.91,19303.9,-470.52,http://f.wishabi.net/page_items/429626084/1785891574/extra_large.jpg
Shoppers Drug Mart,8069919,1031523000,DR. SCHOLL'S SKIN TAG or WART REMOVER PRODUCTS,Dr Scholls,,,,,,,2026-08-15T00:00:00-04:00,2026-08-20T23:59:59-04:00,,19095.7,-479.07,19303.7,-741.94,http://f.wishabi.net/page_items/429626089/1785891576/extra_large.jpg
Shoppers Drug Mart,8069919,1031506044,"DULCOLAX LAXATIVE LIQUID (354mL), SOFT CHEWS (15's - 30's) or TABLETS (30's - 60's)",Dulcolax,,,,,,,2026-08-15T00:00:00-04:00,2026-08-20T23:59:59-04:00,,4379.46,-455.82,4611.63,-687.34,http://f.wishabi.net/page_items/429622544/1785891539/extra_large.jpg
Shoppers Drug Mart,8069919,1031506438,"DURACELL COPPERTOP AA, AAA or HEARING AND BATTERIES 16's",Duracell,,,,,,,2026-08-15T00:00:00-04:00,2026-08-20T23:59:59-04:00,,21352.1,-2194.19,21556.7,-2462.34,http://f.wishabi.net/page_items/429626814/1785891580/extra_large.jpg
Shoppers Drug Mart,8069919,1031491934,"ECO-MAX (740mL), DAWN ULTRA (431mL - 502mL) DISH SOAP or LYSOL HOUSEHOLD CLEANER",,6.0,,,,$6.0,,2026-08-15T00:00:00-04:00,2026-08-20T23:59:59-04:00,,3266.47,-2015.69,3458.35,-2302.11,http://f.wishabi.net/page_items/429622461/1785891550/extra_large.jpg
Shoppers Drug Mart,8069919,1031530889,ELIZABETH ARDEN CERAMIDE SKIN RENEWING CLEANSER 125mL,Elizabeth Arden,50.0,,,,$50.0,,2026-08-15T00:00:00-04:00,2026-08-20T23:59:59-04:00,,12908.6,-96.83,13284.8,-444.67,http://f.wishabi.net/page_items/429624497/1785891574/extra_large.jpg
Shoppers Drug Mart,8069919,1031517414,ELMER'S GLUE. PAPER MATE or SHARPIE STATIONERY PRODUCTS,,,,,,,,2026-08-15T00:00:00-04:00,2026-08-20T23:59:59-04:00,,7452.59,-1135.74,7712.35,-1528.35,http://f.wishabi.net/page_items/429623800/1785891562/extra_large.jpg
Shoppers Drug Mart,8069919,1031512395,EMBRYOLISSE SKIN CARE PRODUCTS,EMBRYOLISSE,,,,,,,2026-08-15T00:00:00-04:00,2026-08-20T23:59:59-04:00,,12558.0,-101.36,12910.6,-449.99,http://f.wishabi.net/page_items/429624493/1785891572/extra_large.jpg
Shoppers Drug Mart,8069919,1031519209,ENFAMIL A+ NEUROPRO (2 x 445g) or NEUROPRO GENTLEASE (2 x 431g) INFANT FORMULA POWDER REFILL,Enfamil,72.99,,,,$72.99,,2026-08-15T00:00:00-04:00,2026-08-20T23:59:59-04:00,,2314.66,-1671.38,2506.35,-1944.37,http://f.wishabi.net/page_items/429622457/1785891547/extra_large.jpg
Shoppers Drug Mart,8069919,1031533061,EOS 24H MOISTURE BODY LOTIONS,EOS,,,,,,,2026-08-15T00:00:00-04:00,2026-08-20T23:59:59-04:00,,8327.18,-1127.4,8589.1,-1520.82,http://f.wishabi.net/page_items/429625953/1785891560/extra_large.jpg
Shoppers Drug Mart,8069919,1031506333,ESSIE NAIL ENAMEL or TREATMENTS,Essie,9.99,,,,$9.99,,2026-08-15T00:00:00-04:00,2026-08-20T23:59:59-04:00,,2070.02,-1091.32,2261.87,-1365.18,http://f.wishabi.net/page_items/429622625/1785891536/extra_large.jpg
Shoppers Drug Mart,8069919,1031516843,ESTÉE LAUDER Advanced Night Repair Serum Synchronized Multi-Recovery Complex,Estee Lauder,,,,,,,2026-08-15T00:00:00-04:00,2026-08-20T23:59:59-04:00,,21967.8,-578.35,22135.1,-886.65,http://f.wishabi.net/page_items/429652250/1785891566/extra_large.jpg
Shoppers Drug Mart,8069919,1031512872,EUCERIN SKIN CARE PRODUCTS,Eucerin,,,,,,,2026-08-15T00:00:00-04:00,2026-08-20T23:59:59-04:00,,13757.4,-104.01,14099.7,-674.73,http://f.wishabi.net/page_items/429625920/1785891564/extra_large.jpg
Shoppers Drug Mart,8069919,1031541914,"EXCELLENCE, FÉRIA or PREFERENCE ULTIMATE HAIR CONDITIONER 120mL",,9.99,,,,$9.99,,2026-08-15T00:00:00-04:00,2026-08-20T23:59:59-04:00,,3462.39,-1529.22,3833.67,-1896.37,http://f.wishabi.net/page_items/429622572/1785891546/extra_large.jpg
Shoppers Drug Mart,8069919,1031513983,Estée Lauder Glimmer Eau de Parfum 50mL,,145.0,,,,$145.0,,2026-08-15T00:00:00-04:00,2026-08-20T23:59:59-04:00,,12165.3,-1904.61,12507.5,-2434.85,http://f.wishabi.net/page_items/429624466/1785891559/extra_large.jpg
Shoppers Drug Mart,8069919,1031519189,"FAMILY GUARD DISINFECTANT CLEANER (946mL), DAWN POWERWASH DISH SPRAY or MR. CLEAN CLEAN FREAK (473mL)",,5.99,,,,$5.99,,2026-08-15T00:00:00-04:00,2026-08-20T23:59:59-04:00,,19095.5,-2198.57,19302.1,-2464.64,http://f.wishabi.net/page_items/429626553/1785891582/extra_large.jpg
Shoppers Drug Mart,8069919,1031512769,FANCY FEAST (79.4 g - 85g) or FRISKIES (34g - 156g) WET CAT FOOD,,5.0,,,,$5.0,,2026-08-15T00:00:00-04:00,2026-08-20T23:59:59-04:00,,6019.26,-2195.76,6225.4,-2458.54,http://f.wishabi.net/page_items/429623683/1785891563/extra_large.jpg
Shoppers Drug Mart,8069919,1031516742,"FARMER'S MARKET BUTTER CROISSANTS, BUTTER TARTS (6's) or PC MINI MUFFINS (12's)",,5.49,,,,$5.49,,2026-08-15T00:00:00-04:00,2026-08-20T23:59:59-04:00,,6228.44,-752.38,6433.25,-1005.17,http://f.wishabi.net/page_items/429626462/1785891566/extra_large.jpg
Shoppers Drug Mart,8069919,1032473374,FARMER'S MARKET GRAPE TOMATOES (283g) FARMER'S MARKET MINI CUCUMBERS (6's),Farmer's Market,2.99,,,,$2.99,,2026-08-15T00:00:00-04:00,2026-08-20T23:59:59-04:00,,5075.3,-2138.27,5303.46,-2368.56,http://f.wishabi.net/page_items/430323129/1786466119/extra_large.jpg
Shoppers Drug Mart,8069919,1032473350,"FARMER'S MARKET NAVEL ORANGES (3lb), FARMER'S MARKET AVOCADOS (5's)",Farmer's Market,4.99,,,,$4.99,,2026-08-15T00:00:00-04:00,2026-08-20T23:59:59-04:00,,4845.63,-2140.29,5073.35,-2371.77,http://f.wishabi.net/page_items/430323125/1786466116/extra_large.jpg
Shoppers Drug Mart,8069919,1031541431,FINISH DISHWASHER DETERGENT or AIR WICK AIR FRESHENER PRODUCTS,,,,,,,,2026-08-15T00:00:00-04:00,2026-08-20T23:59:59-04:00,,1252.87,-2281.34,1443.22,-2524.6,http://f.wishabi.net/page_items/429621615/1785891539/extra_large.jpg
Shoppers Drug Mart,8069919,1031492303,FLONASE ALLERGY RELIEF NASAL SPRAY 120 Doses,Flonase,29.99,,,,$29.99,,2026-08-15T00:00:00-04:00,2026-08-20T23:59:59-04:00,,3462.63,-93.7,3834.93,-443.06,http://f.wishabi.net/page_items/429622569/1785891546/extra_large.jpg
Shoppers Drug Mart,8069919,1031511181,FLORASTOR or BIO-K PROBIOTIC PRODUCTS,,,,,,,,2026-08-15T00:00:00-04:00,2026-08-20T23:59:59-04:00,,10067.6,-453.35,10299.1,-685.22,http://f.wishabi.net/page_items/429624568/1785891556/extra_large.jpg
Shoppers Drug Mart,8069919,1031510861,"G.U.M PROFESSIONAL CLEAN FLOSSER PICKS (150's), GO-BETWEENS (6's - 8's) or BURT'S BEES LIP BALMS",G.U.M,,,,,,,2026-08-15T00:00:00-04:00,2026-08-20T23:59:59-04:00,,7620.7,-1583.95,7976.91,-1926.06,http://f.wishabi.net/page_items/429623792/1785891556/extra_large.jpg
Shoppers Drug Mart,8069919,1031525746,GARNIER MICELLAR WATER 200mL - 400mL,Garnier,10.99,,,,$10.99,,2026-08-15T00:00:00-04:00,2026-08-20T23:59:59-04:00,,14101.7,-683.49,14211.9,-1088.54,http://f.wishabi.net/page_items/429625915/1785891561/extra_large.jpg
Shoppers Drug Mart,8069919,1031514950,GARNIER Micellar Water for Sensitive Skin,Garnier,,,,,,,2026-08-15T00:00:00-04:00,2026-08-20T23:59:59-04:00,,24504.8,-1077.23,25029.3,-1606.17,http://f.wishabi.net/page_items/429626710/1785891569/extra_large.jpg
Shoppers Drug Mart,8069919,1031492429,GARNIER PUMP CLEANSERS,Garnier,,,,,,,2026-08-15T00:00:00-04:00,2026-08-20T23:59:59-04:00,,14227.0,-733.03,14439.0,-1086.03,http://f.wishabi.net/page_items/429652243/1785891567/extra_large.jpg
Shoppers Drug Mart,8069919,1031540193,GAVISCON ANTACID FOAMTABS (50's - 100's) or SOOTHING LIQUID (340mL - 600mL),Gaviscon,,,,,,,2026-08-15T00:00:00-04:00,2026-08-20T23:59:59-04:00,,1687.31,-2187.58,1879.64,-2464.2,http://f.wishabi.net/page_items/429622636/1785891544/extra_large.jpg
Shoppers Drug Mart,8069919,1031514829,"GENACOL NATURAL HEALTH, IRON KIDS VITAMIN or NATURAL HEALTH PRODUCTS",,,,,,,,2026-08-15T00:00:00-04:00,2026-08-20T23:59:59-04:00,,9517.49,-105.88,9890.38,-448.12,http://f.wishabi.net/page_items/429624587/1785891568/extra_large.jpg
Shoppers Drug Mart,8069919,1032472422,GENERAL MILLS CHEERIOS or KIDS CEREAL,General Mills,3.99,,,,$3.99,,2026-08-15T00:00:00-04:00,2026-08-20T23:59:59-04:00,,5467.66,-1055.63,5761.36,-1469.34,http://f.wishabi.net/page_items/430323107/1786466103/extra_large.jpg
Shoppers Drug Mart,8069919,1031537073,"GILLETTE MIAMI SUNSET COMFORTGLIDE RAZOR SYSTEM, DAISY CLASSIC (18's) or VENUS SENSITIVE (6's) DISPOSABLE RAZORS",Gillette,17.99,,,,$17.99,,2026-08-15T00:00:00-04:00,2026-08-20T23:59:59-04:00,,9150.0,-1526.9,9521.02,-1897.76,http://f.wishabi.net/page_items/429624577/1785891562/extra_large.jpg
Shoppers Drug Mart,8069919,1031505397,GILLETTE PREMIUM RAZOR SYSTEMS,Gilette,18.99,,,,$18.99,,2026-08-15T00:00:00-04:00,2026-08-20T23:59:59-04:00,,7356.59,-478.36,7563.06,-744.28,http://f.wishabi.net/page_items/429623785/1785891551/extra_large.jpg
Shoppers Drug Mart,8069919,1031504390,GILLETTE SERIES or SATIN CARE SHAVE GEL,Gillette,5.99,,,,$5.99,,2026-08-15T00:00:00-04:00,2026-08-20T23:59:59-04:00,,20527.5,-756.22,20733.4,-1012.85,http://f.wishabi.net/page_items/429626197/1785891569/extra_large.jpg
Shoppers Drug Mart,8069919,1031522172,GILLETTE SKIN SHIELD CLEAR GEL (108g) or OLD SPICE GENTLEMAN'S COLLECTION (73g - 85g) ANTIPERSPIRANT/DEODORANT,,8.49,,,,$8.49,,2026-08-15T00:00:00-04:00,2026-08-20T23:59:59-04:00,,2694.62,-1670.87,2885.44,-1944.59,http://f.wishabi.net/page_items/429622458/1785891547/extra_large.jpg
Shoppers Drug Mart,8069919,1031512953,"GILLETTE VENUS COMFORTGLIDE RAZOR SYSTEM, VENUS BREEZE (6's) or SENSITIVEGLIDE (4's) REFILL CARTRIDGES",Gillette,27.99,,,,$27.99,,2026-08-15T00:00:00-04:00,2026-08-20T23:59:59-04:00,,3170.3,-703.46,3455.99,-1033.11,http://f.wishabi.net/page_items/429622443/1785891535/extra_large.jpg
Shoppers Drug Mart,8069919,1031517529,"GILLETTE VENUS PUBIC HAIR & SKIN GENTLE TRIMMER, FUSION (12's) or FUSION PROGLIDE (8's) REFILL CARTRIDGES",Gillette,51.99,,,,$51.99,,2026-08-15T00:00:00-04:00,2026-08-20T23:59:59-04:00,,9152.79,-1903.69,9383.57,-2139.91,http://f.wishabi.net/page_items/429624565/1785891554/extra_large.jpg
Shoppers Drug Mart,8069919,1031536865,GILLETTE VENUS SIMPLY3 REVEAL (4's) or SENSOR3 DISPOSABLE RAZORS,,8.99,,,,$8.99,,2026-08-15T00:00:00-04:00,2026-08-20T23:59:59-04:00,,9152.84,-2142.01,9383.86,-2372.93,http://f.wishabi.net/page_items/429624583/1785891565/extra_large.jpg
Shoppers Drug Mart,8069919,1031507296,GLUCERNA (6's) or ENSURE (4's - 6's) MEAL REPLACEMENT SHAKES,,10.99,,,,$10.99,,2026-08-15T00:00:00-04:00,2026-08-16T23:59:59-04:00,,495.14,-879.75,685.92,-1109.32,http://f.wishabi.net/page_items/429621529/1785891528/extra_large.jpg
Shoppers Drug Mart,8069919,1031512237,GOOD HAIR COLOUR,GOOD,14.99,,,,$14.99,,2026-08-15T00:00:00-04:00,2026-08-20T23:59:59-04:00,,12560.7,-1901.13,12791.5,-2136.11,http://f.wishabi.net/page_items/429624470/1785891557/extra_large.jpg
Shoppers Drug Mart,8069919,1031530589,"GRADE ""A"" LARGE WHITE EGGS",,3.49,,,,$3.49,,2026-08-15T00:00:00-04:00,2026-08-16T23:59:59-04:00,,494.51,-630.34,685.29,-875.3,http://f.wishabi.net/page_items/429621719/1785891546/extra_large.jpg
Shoppers Drug Mart,8069919,1031504323,"GREAT LAKES WELLNESS COLLAGEN (227g - 284g), VEGA PROTEIN POWDER or LIFE BRAND VITAMIN PRODUCTS",,,,,,,,2026-08-15T00:00:00-04:00,2026-08-20T23:59:59-04:00,,495.08,-1801.44,684.78,-2037.93,http://f.wishabi.net/page_items/429621563/1785891532/extra_large.jpg
Shoppers Drug Mart,8069919,1031529649,GRENADE PROTEIN BARS,GRENADE,8.0,,,,$8.0,,2026-08-15T00:00:00-04:00,2026-08-20T23:59:59-04:00,,18473.7,-480.19,18682.7,-742.37,http://f.wishabi.net/page_items/429626048/1785891562/extra_large.jpg
Shoppers Drug Mart,8069919,1031528914,Giorgio Armani Stronger With You Spices Eau de Parfum,ARMANI,185.0,,,,$185.0,,2026-08-15T00:00:00-04:00,2026-08-20T23:59:59-04:00,,12166.6,-1369.24,12507.5,-1897.55,http://f.wishabi.net/page_items/429624467/1785891560/extra_large.jpg
Shoppers Drug Mart,8069919,1031506959,HARTZ DELECTABLES GREENIES FELINE DENTAL or TEMPTATIONS CAT TREATS,,7.0,,,,$7.0,,2026-08-15T00:00:00-04:00,2026-08-20T23:59:59-04:00,,6228.96,-2195.77,6433.25,-2461.87,http://f.wishabi.net/page_items/429623673/1785891560/extra_large.jpg
Shoppers Drug Mart,8069919,1031522760,HEAD & SHOULDERS CLINICAL SHAMPOO 400mL,Head & Shoulders,11.99,,,,$11.99,,2026-08-15T00:00:00-04:00,2026-08-20T23:59:59-04:00,,15405.1,-233.48,15575.5,-667.32,http://f.wishabi.net/page_items/429652246/1785891566/extra_large.jpg
Shoppers Drug Mart,8069919,1031533035,HEAD & SHOULDERS DANDRUFF SHAMPOO 613mL,Head & Shoulders,9.99,,,,$9.99,,2026-08-15T00:00:00-04:00,2026-08-20T23:59:59-04:00,,15231.9,-227.42,15407.4,-672.54,http://f.wishabi.net/page_items/429625088/1785891563/extra_large.jpg
Shoppers Drug Mart,8069919,1031514929,HEAD & SHOULDERS HAIR CARE PRODUCTS,Head & Shoulders,5.99,,,,$5.99,,2026-08-15T00:00:00-04:00,2026-08-16T23:59:59-04:00,,42.9,-1996.67,439.67,-2456.33,http://f.wishabi.net/page_items/429621449/1785891519/extra_large.jpg
Shoppers Drug Mart,8069919,1031514297,HELLMANN'S MAYONNAISE (340mL) or MINUTE RICE (600g - 700g),,4.99,,,,$4.99,,2026-08-15T00:00:00-04:00,2026-08-20T23:59:59-04:00,,6434.86,-1930.1,6643.22,-2189.52,http://f.wishabi.net/page_items/429623664/1785891557/extra_large.jpg
Shoppers Drug Mart,8069919,1031528974,HELUVA GOOD! SOUR CREAM DIP,Heluva Good,3.79,,,,$3.79,,2026-08-15T00:00:00-04:00,2026-08-20T23:59:59-04:00,,5814.57,-481.23,6020.82,-741.96,http://f.wishabi.net/page_items/429623438/1785891547/extra_large.jpg
Shoppers Drug Mart,8069919,1031506409,HERBAL ESSENCES PURE PLANTS 400mL HAIR CARE PRODUCTS,Herbal Essences,8.99,,,,$8.99,,2026-08-15T00:00:00-04:00,2026-08-20T23:59:59-04:00,,15572.5,-114.08,15919.0,-672.53,http://f.wishabi.net/page_items/429625092/1785891566/extra_large.jpg
Shoppers Drug Mart,8069919,1031522541,HERSHEY'S CELLO BAGS 160g - 270g,Hershey's,7.29,,,,$7.29,,2026-08-15T00:00:00-04:00,2026-08-20T23:59:59-04:00,,2070.19,-2185.4,2261.96,-2462.59,http://f.wishabi.net/page_items/429622622/1785891533/extra_large.jpg
Shoppers Drug Mart,8069919,1031512011,"HIGH LINER (5's), PC (6's) BREADED HADDOCK FILLETS or HIGH LINER PAN-SEAR SELECTS (4's)",,14.49,,,,$14.49,,2026-08-15T00:00:00-04:00,2026-08-20T23:59:59-04:00,,6638.63,-754.97,6846.23,-1009.44,http://f.wishabi.net/page_items/429623511/1785891564/extra_large.jpg
Shoppers Drug Mart,8069919,1031497190,"HUGGIES JUMBO DIAPERS, GOODNITES or PULL-UPS",,13.99,,,,$13.99,,2026-08-15T00:00:00-04:00,2026-08-20T23:59:59-04:00,,2505.6,-1671.88,2694.61,-1945.88,http://f.wishabi.net/page_items/429622459/1785891548/extra_large.jpg
Shoppers Drug Mart,8069919,1031509177,ICY HOT or RUB-A535 TOPICAL PAIN RELIEF PRODUCTS,,,,,,,,2026-08-15T00:00:00-04:00,2026-08-20T23:59:59-04:00,,9383.15,-698.38,9609.76,-920.75,http://f.wishabi.net/page_items/429624571/1785891558/extra_large.jpg
Shoppers Drug Mart,8069919,1031503877,IMODIUM ANTI-DIARRHEAL LIQUI-GELS (24's). QUICK DISSOLVE or CAPLETS (20's),IMODIUM,,,,,,,2026-08-15T00:00:00-04:00,2026-08-20T23:59:59-04:00,,4193.62,-104.53,4609.09,-449.74,http://f.wishabi.net/page_items/429622603/1785891556/extra_large.jpg
Shoppers Drug Mart,8069919,1031522449,INDEED SKIN CARE PRODUCTS,Indeed,,,,,,,2026-08-15T00:00:00-04:00,2026-08-20T23:59:59-04:00,,17139.5,-1070.6,17396.4,-1521.06,http://f.wishabi.net/page_items/429626008/1785891575/extra_large.jpg
Shoppers Drug Mart,8069919,1031492380,"INTERNATIONAL DELIGHT (425mL), BAILEYS (400mL) or SILK (473mL)",,2.99,,,,$2.99,,2026-08-15T00:00:00-04:00,2026-08-20T23:59:59-04:00,,5808.51,-143.8,6145.55,-470.93,http://f.wishabi.net/page_items/429623467/1785891555/extra_large.jpg
Shoppers Drug Mart,8069919,1031522352,IRISH SPRING BAR SOAP (6 x 104.8g) or MRS. MEYER'S LIQUID HAND SOAP (370mL),,6.49,,,,$6.49,,2026-08-15T00:00:00-04:00,2026-08-20T23:59:59-04:00,,10068.4,-1901.7,10300.1,-2138.32,http://f.wishabi.net/page_items/429624570/1785891557/extra_large.jpg
Shoppers Drug Mart,8069919,1031506379,JAGUAR CLASSIC RED EAU DE TOILETTE or ALFRED SUNG SHI EAU DE PARFUM 100mL,,23.99,,,,$23.99,,2026-08-15T00:00:00-04:00,2026-08-20T23:59:59-04:00,,3266.49,-1111.67,3458.83,-1388.74,http://f.wishabi.net/page_items/429622456/1785891546/extra_large.jpg
Shoppers Drug Mart,8069919,1031497910,JAMIESON HEALTHY SLEEP or SLEEP-EZE SLEEP AND PRODUCTS,,,,,,,,2026-08-15T00:00:00-04:00,2026-08-20T23:59:59-04:00,,18271.2,-480.23,18477.3,-743.46,http://f.wishabi.net/page_items/429626053/1785891563/extra_large.jpg
Shoppers Drug Mart,8069919,1031512689,JAMIESON NATURAL HEALTH PRODUCTS,Jamieson,,,,,,,2026-08-15T00:00:00-04:00,2026-08-16T23:59:59-04:00,,875.78,-1112.79,1064.09,-1341.5,http://f.wishabi.net/page_items/429621715/1785891545/extra_large.jpg
Shoppers Drug Mart,8069919,1031510054,JAMIESON™ Ashwagandha†,Jamieson,,,,,,,2026-08-15T00:00:00-04:00,2026-09-11T23:59:59-04:00,,23359.7,-887.74,23669.7,-1514.65,http://f.wishabi.net/page_items/429654647/1785891567/extra_large.jpg
Shoppers Drug Mart,8069919,1032473296,"JANES PUB STYLE CHICKEN NUGGETS, STRIPS or BURGERS",Janes Pub Style,9.29,,,,$9.29,,2026-08-15T00:00:00-04:00,2026-08-20T23:59:59-04:00,,5075.39,-695.57,5303.72,-924.11,http://f.wishabi.net/page_items/430323116/1786466110/extra_large.jpg
Shoppers Drug Mart,8069919,1031503702,JEAN PAUL GAULTIER Divine,Jean Paul Gaultier,175.0,,,,$175.0,,2026-08-15T00:00:00-04:00,2026-08-20T23:59:59-04:00,,11820.4,-1904.57,12164.5,-2433.16,http://f.wishabi.net/page_items/429624464/1785891558/extra_large.jpg
Shoppers Drug Mart,8069919,1031514482,JERGENS LOTIONS,Jergens,8.99,,,,$8.99,,2026-08-15T00:00:00-04:00,2026-08-20T23:59:59-04:00,,4380.7,-2139.97,4610.66,-2372.58,http://f.wishabi.net/page_items/429622568/1785891545/extra_large.jpg
Shoppers Drug Mart,8069919,1031514870,JERGENS NATURAL GLOW SUNLESS TANNING PRODUCTS,Jergens,11.99,,,,$11.99,,2026-08-15T00:00:00-04:00,2026-08-20T23:59:59-04:00,,13758.9,-1858.28,14102.3,-2431.93,http://f.wishabi.net/page_items/429625911/1785891558/extra_large.jpg
Shoppers Drug Mart,8069919,1031516960,JOE FRESH KIDS ACCESSORIES,JOE FRESH,,,,,,,2026-08-15T00:00:00-04:00,2026-08-20T23:59:59-04:00,,8895.29,-755.02,9101.5,-1008.74,http://f.wishabi.net/page_items/429625935/1785891555/extra_large.jpg
Shoppers Drug Mart,8069919,1031536687,JOHN FRIEDA ILLUMINATING WATER (200mL) or FRIZZ EASE TREATMENTS (50mL - 150mL),,13.99,,,,$13.99,,2026-08-15T00:00:00-04:00,2026-08-20T23:59:59-04:00,,19603.2,-1933.32,19811.1,-2191.33,http://f.wishabi.net/page_items/429626520/1785891566/extra_large.jpg
Shoppers Drug Mart,8069919,1031517695,JOUVIANCE Hydractiv Exfoliant,JOUVIANCE,,,,,,,2026-08-15T00:00:00-04:00,2026-08-20T23:59:59-04:00,,22135.1,-336.67,22273.0,-886.65,http://f.wishabi.net/page_items/429652251/1785891567/extra_large.jpg
Shoppers Drug Mart,8069919,1031516649,JOUVIANCE SKIN CARE PRODUCTS,JOUVIANCE,,,,,,,2026-08-15T00:00:00-04:00,2026-08-20T23:59:59-04:00,,12790.3,-696.79,13018.3,-922.3,http://f.wishabi.net/page_items/429624485/1785891568/extra_large.jpg
Shoppers Drug Mart,8069919,1031492452,JUICY COUTURE FINE FRAGRANCE MIST,Juicy Couture,24.99,,,,$24.99,,2026-08-15T00:00:00-04:00,2026-08-20T23:59:59-04:00,,13248.6,-697.33,13475.8,-922.99,http://f.wishabi.net/page_items/429624484/1785891567/extra_large.jpg
Shoppers Drug Mart,8069919,1031511778,JUICY COUTURE VIVA LA JUICY ELIXIR EAU DE PARFUM,,141.0,,,,$141.0,,2026-08-15T00:00:00-04:00,2026-08-20T23:59:59-04:00,,13291.1,-96.92,13706.4,-441.22,http://f.wishabi.net/page_items/429624491/1785891571/extra_large.jpg
Shoppers Drug Mart,8069919,1031518716,JUICY FRUIT or EXCEL GUM BOTTLE,,5.49,,,,$5.49,,2026-08-15T00:00:00-04:00,2026-08-20T23:59:59-04:00,,18596.1,-1579.96,18936.2,-1924.91,http://f.wishabi.net/page_items/429626091/1785891576/extra_large.jpg
Shoppers Drug Mart,8069919,1031516622,Juicy Couture Just Moi Intense Eau de Parfum 100mL,,186.0,,,,$186.0,,2026-08-15T00:00:00-04:00,2026-08-20T23:59:59-04:00,,11822.0,-1369.93,12163.9,-1900.54,http://f.wishabi.net/page_items/429624465/1785891559/extra_large.jpg
Shoppers Drug Mart,8069919,1031514496,KIND SNACK or POWER CRUNCH PROTEIN BARS 40g,,4.0,,,,$4.0,,2026-08-15T00:00:00-04:00,2026-08-20T23:59:59-04:00,,9840.57,-695.78,10068.5,-920.54,http://f.wishabi.net/page_items/429624586/1785891567/extra_large.jpg
Shoppers Drug Mart,8069919,1031497393,"KINGSTON 128GB, 256GB MICRO SD CARD or USB DATA TRAVELER",Kingston,,,,,,,2026-08-15T00:00:00-04:00,2026-08-20T23:59:59-04:00,,8484.65,-1934.03,8691.32,-2194.54,http://f.wishabi.net/page_items/429625972/1785891567/extra_large.jpg
Shoppers Drug Mart,8069919,1031527836,"KING·C·GILLETTE DOUBLE EDGE SAFETY RAZORS, GILLETTE MACH3 (12's) or PROGLIDE (8's) REFILL CARTRIDGES",,39.99,,,,$39.99,,2026-08-15T00:00:00-04:00,2026-08-20T23:59:59-04:00,,3077.2,-1670.08,3267.66,-1943.81,http://f.wishabi.net/page_items/429622448/1785891539/extra_large.jpg
Shoppers Drug Mart,8069919,1031535692,KISS BARE BUT BETTER FALSE NAILS or LASHES,,,,,,,,2026-08-15T00:00:00-04:00,2026-08-20T23:59:59-04:00,,13020.2,-2139.88,13248.7,-2369.31,http://f.wishabi.net/page_items/429624495/1785891573/extra_large.jpg
Shoppers Drug Mart,8069919,1031497470,KLORANE HAIR or FILORGA SKIN CARE PRODUCTS,,,,,,,,2026-08-15T00:00:00-04:00,2026-08-20T23:59:59-04:00,,12560.7,-699.37,12790.9,-924.18,http://f.wishabi.net/page_items/429624474/1785891560/extra_large.jpg
Shoppers Drug Mart,8069919,1031497993,"KOTEX CLICK TAMPONS (45's), 100% BAMBOO-DERIVED VISCOSE TOP LAYER LINERS (94's) or PREMIUM BAMBOO PADS (36's - 48's)",,,,,,,,2026-08-15T00:00:00-04:00,2026-08-20T23:59:59-04:00,,3923.59,-2138.82,4152.67,-2370.48,http://f.wishabi.net/page_items/429622596/1785891554/extra_large.jpg
Shoppers Drug Mart,8069919,1031511369,KRAFT PEANUT BUTTER,Kraft,5.99,,,,$5.99,,2026-08-15T00:00:00-04:00,2026-08-20T23:59:59-04:00,,21147.4,-1933.29,21355.0,-2186.88,http://f.wishabi.net/page_items/429626203/1785891570/extra_large.jpg
Shoppers Drug Mart,8069919,1031497133,KRISTIN ESS HAIR CARE PRODUCTS,Kristin Ess,,,,,,,2026-08-15T00:00:00-04:00,2026-08-20T23:59:59-04:00,,19736.8,-1581.41,20075.6,-1926.23,http://f.wishabi.net/page_items/429626544/1785891580/extra_large.jpg
Shoppers Drug Mart,8069919,1031506179,L'IMAGE HAIR COLOUR,L'IMAGE,5.99,,,,$5.99,,2026-08-15T00:00:00-04:00,2026-08-20T23:59:59-04:00,,19398.2,-1931.14,19605.6,-2191.91,http://f.wishabi.net/page_items/429626522/1785891567/extra_large.jpg
Shoppers Drug Mart,8069919,1031513173,"L'ORÉAL MEN EXPERT, HAIR EXPERTISE or WHOLE BLENDS HAIR CARE PRODUCTS",,,,,,,,2026-08-15T00:00:00-04:00,2026-08-20T23:59:59-04:00,,20073.2,-1583.19,20434.4,-1928.81,http://f.wishabi.net/page_items/429626540/1785891578/extra_large.jpg
Shoppers Drug Mart,8069919,1031525115,"L'ORÉAL TELESCOPIC EXTENSIONIST, VOLUMINOUS PANORAMA or PARADISE BIG DEAL MASCARA",,16.99,,,,$16.99,,2026-08-15T00:00:00-04:00,2026-08-20T23:59:59-04:00,,20020.6,-483.87,20228.5,-747.1,http://f.wishabi.net/page_items/429626518/1785891564/extra_large.jpg
Shoppers Drug Mart,8069919,1031527585,"L'ORÉAL TRUE MATCH FOUNDATION, LUMI LE GLOW TINT or MAGIC BB CREAM",,17.99,,,,$17.99,,2026-08-15T00:00:00-04:00,2026-08-20T23:59:59-04:00,,13248.8,-1901.34,13478.1,-2138.58,http://f.wishabi.net/page_items/429624476/1785891562/extra_large.jpg
Shoppers Drug Mart,8069919,1031536780,"L'ORÉAL TRUE MATCH HYALURON SERUM TINT, WITCHCRAFT or VITRY NAIL TREATMENT",,,,,,,,2026-08-15T00:00:00-04:00,2026-08-20T23:59:59-04:00,,20225.6,-754.5,20430.8,-1015.25,http://f.wishabi.net/page_items/429626537/1785891576/extra_large.jpg
Shoppers Drug Mart,8069919,1031506128,"L'ORÉAL VOLUMINOUS MASCARA, MAYBELLINE NEW YORK SUPERSTAY LIP COLOUR or COVERGIRL TRUBLEND ENHANCER BAKED LUMINOUS BLUSH",,10.99,,,,$10.99,,2026-08-15T00:00:00-04:00,2026-08-20T23:59:59-04:00,,2886.76,-1114.33,3077.84,-1388.6,http://f.wishabi.net/page_items/429622463/1785891551/extra_large.jpg
Shoppers Drug Mart,8069919,1031492218,L'ORÉAL WRINKLE EXPERT FACIAL MOISTURIZERS (15ml - 50mL) or LIFE BRAND SKIN CARE PRODUCTS,,,,,,,,2026-08-15T00:00:00-04:00,2026-08-20T23:59:59-04:00,,1688.72,-547.15,1879.94,-820.18,http://f.wishabi.net/page_items/429622630/1785891539/extra_large.jpg
Shoppers Drug Mart,8069919,1031504285,L. TAMPONS (42's) or ULTRA THIN PADS (48's - 56's),,15.49,,,,$15.49,,2026-08-15T00:00:00-04:00,2026-08-20T23:59:59-04:00,,9610.41,-2141.75,9839.92,-2372.6,http://f.wishabi.net/page_items/429624590/1785891569/extra_large.jpg
Shoppers Drug Mart,8069919,1031537152,LA ROCHE-POSAY ANTI-AGING or TOLERIANE SKIN CARE PRODUCTS,,,,,,,,2026-08-15T00:00:00-04:00,2026-08-20T23:59:59-04:00,,1879.23,-261.76,2070.94,-545.76,http://f.wishabi.net/page_items/429622638/1785891545/extra_large.jpg
Shoppers Drug Mart,8069919,1031514383,LA ROCHE-POSAY EFFACLAR DUO+M or MAT ACNE CARE SET,La Roche-Posay,,,,,,,2026-08-15T00:00:00-04:00,2026-08-20T23:59:59-04:00,,19398.2,-758.39,19605.4,-1015.87,http://f.wishabi.net/page_items/429626532/1785891573/extra_large.jpg
Shoppers Drug Mart,8069919,1031517077,LA ROCHE-POSAY EFFACLAR or ROSLIAC SKIN CARE PRODUCTS,,,,,,,,2026-08-15T00:00:00-04:00,2026-08-20T23:59:59-04:00,,1878.79,-545.84,2071.39,-819.56,http://f.wishabi.net/page_items/429622621/1785891533/extra_large.jpg
Shoppers Drug Mart,8069919,1031512364,LA ROCHE-POSAY SENSITIVE SKIN CARE SET with the $45 purchase of SELECTED LA ROCHE-POSAY SKIN CARE PRODUCTS,La Roche-Posay,45.0,,,,$45.0,,2026-08-15T00:00:00-04:00,2026-08-20T23:59:59-04:00,,19392.5,-126.17,19732.6,-480.35,http://f.wishabi.net/page_items/429626533/1785891573/extra_large.jpg
Shoppers Drug Mart,8069919,1031536331,LA ROSÉE CLEAR SKIN CONCENTRATED SERUM,LA ROSÉE,49.0,,,,$49.0,,2026-08-15T00:00:00-04:00,2026-08-20T23:59:59-04:00,,17967.0,-754.3,18174.7,-1009.51,http://f.wishabi.net/page_items/429626012/1785891578/extra_large.jpg
Shoppers Drug Mart,8069919,1031509047,LAKOTA or TIGER BALM TOPICAL PAIN RELIEF PRODUCTS,,,,,,,,2026-08-15T00:00:00-04:00,2026-08-20T23:59:59-04:00,,9381.41,-454.76,9610.4,-688.81,http://f.wishabi.net/page_items/429624567/1785891555/extra_large.jpg
Shoppers Drug Mart,8069919,1031513218,"LANTIC GRANULATED (2kg), BRILLIANT YELLOW or ICING (1kg) SUGAR",LANTIC,2.99,,,,$2.99,,2026-08-15T00:00:00-04:00,2026-08-16T23:59:59-04:00,,42.58,-642.37,440.22,-1094.43,http://f.wishabi.net/page_items/429621451/1785891521/extra_large.jpg
Shoppers Drug Mart,8069919,1032472577,LEAN GROUND PORK (450g) or NO NAME ORIGINAL HOT DOGS (12's),,4.0,,,,$4.0,,2026-08-15T00:00:00-04:00,2026-08-20T23:59:59-04:00,,4844.79,-1903.63,5074.14,-2137.54,http://f.wishabi.net/page_items/430323108/1786466104/extra_large.jpg
Shoppers Drug Mart,8069919,1031525018,LIFE BRAND 150mg FLUCONAZOLE 1 Capsule,Life Brand,16.99,,,,$16.99,,2026-08-15T00:00:00-04:00,2026-08-20T23:59:59-04:00,,16427.9,-480.26,16635.7,-745.09,http://f.wishabi.net/page_items/429624914/1785891566/extra_large.jpg
Shoppers Drug Mart,8069919,1031523590,LIFE BRAND 24HR ALLERGY REMEDY TABLETS (30's) or ALLERTIN SOFT GELS (24's),Life Brand,17.99,,,,$17.99,,2026-08-15T00:00:00-04:00,2026-08-20T23:59:59-04:00,,16008.2,-126.7,16352.6,-475.63,http://f.wishabi.net/page_items/429624943/1785891573/extra_large.jpg
Shoppers Drug Mart,8069919,1031492335,LIFE BRAND ALL-GEL ARCH SLEEVES. CALLUS or BUNION FOOT CARE PRODUCTS,Life Brand,,,,,,,2026-08-15T00:00:00-04:00,2026-08-20T23:59:59-04:00,,16269.5,-1081.82,16530.7,-1516.16,http://f.wishabi.net/page_items/429624957/1785891575/extra_large.jpg
Shoppers Drug Mart,8069919,1031514653,"LIFE BRAND ANTIBACTERIAL MOUTHWASH (1L), COLGATE MAXFRESH WATERMELON BLAST TOOTHPASTE (130mL) or LISTERINE TOTAL CARE MOUTHWASH (250mL)",,4.99,,,,$4.99,,2026-08-15T00:00:00-04:00,2026-08-20T23:59:59-04:00,,1878.97,-1367.62,2071.58,-1638.86,http://f.wishabi.net/page_items/429622639/1785891546/extra_large.jpg
Shoppers Drug Mart,8069919,1031508320,LIFE BRAND ANTIBIOTIC CREAM or OINTMENT,Life Brand,7.99,,,,$7.99,,2026-08-15T00:00:00-04:00,2026-08-20T23:59:59-04:00,,16684.6,-130.5,17053.0,-472.26,http://f.wishabi.net/page_items/429624954/1785891575/extra_large.jpg
Shoppers Drug Mart,8069919,1031512927,LIFE BRAND ASSISTED LIVING BEDDING or ACCESSORIES,Life Brand,,,,,,,2026-08-15T00:00:00-04:00,2026-08-20T23:59:59-04:00,,16636.9,-759.89,16841.8,-1010.85,http://f.wishabi.net/page_items/429624903/1785891564/extra_large.jpg
Shoppers Drug Mart,8069919,1031508997,"LIFE BRAND CLASSIC WHITE (5's), BRILLIANT WHITE (14's) WHITENING STRIPS or SONIC REPLACEMENT BRUSH HEADS (3's)",Life Brand,,,,,,,2026-08-15T00:00:00-04:00,2026-08-20T23:59:59-04:00,,17556.2,-1930.33,17763.9,-2192.71,http://f.wishabi.net/page_items/429625996/1785891567/extra_large.jpg
Shoppers Drug Mart,8069919,1031492155,LIFE BRAND CLEARLY FIBRE or SMOOTH TEXTURE PRODUCTS,Life Brand,,,,,,,2026-08-15T00:00:00-04:00,2026-08-20T23:59:59-04:00,,16839.9,-757.67,17047.3,-1012.38,http://f.wishabi.net/page_items/429624925/1785891569/extra_large.jpg
Shoppers Drug Mart,8069919,1031530014,"LIFE BRAND DENTAL FLOSSERS MINT (150's), CREST 3DWHITE ADVANCED TOOTHPASTE (70mL) or ORAL-B GLIDE FLOSS (40m)",,3.99,,,,$3.99,,2026-08-15T00:00:00-04:00,2026-08-20T23:59:59-04:00,,7617.18,-128.5,7974.73,-472.47,http://f.wishabi.net/page_items/429623801/1785891563/extra_large.jpg
Shoppers Drug Mart,8069919,1031492316,LIFE BRAND DESLORATADINE ALLERGY CONTROL TABLETS,Life Brand,39.99,,,,$39.99,,2026-08-15T00:00:00-04:00,2026-08-20T23:59:59-04:00,,9153.74,-697.45,9383.41,-919.82,http://f.wishabi.net/page_items/429624575/1785891560/extra_large.jpg
Shoppers Drug Mart,8069919,1031521874,LIFE BRAND DIABETIC SOCKS 1 Pair,Life Brand,20.0,,,,$20.0,,2026-08-15T00:00:00-04:00,2026-08-20T23:59:59-04:00,,16220.3,-755.59,16426.9,-1009.22,http://f.wishabi.net/page_items/429624900/1785891563/extra_large.jpg
Shoppers Drug Mart,8069919,1031541514,LIFE BRAND DISPOSABLE RAZORS 3's - 10's,Life Brand,6.99,,,,$6.99,,2026-08-15T00:00:00-04:00,2026-08-20T23:59:59-04:00,,17348.2,-2196.94,17555.2,-2458.87,http://f.wishabi.net/page_items/429626005/1785891574/extra_large.jpg
Shoppers Drug Mart,8069919,1031512130,LIFE BRAND DOCOSANOL COLD SORE TREATMENT (2g) or INVISIBLE COLD SORE PATCHES (16's),Life Brand,,,,,,,2026-08-15T00:00:00-04:00,2026-08-20T23:59:59-04:00,,17764.3,-1930.81,17971.7,-2190.21,http://f.wishabi.net/page_items/429625988/1785891561/extra_large.jpg
Shoppers Drug Mart,8069919,1031527175,LIFE BRAND FEMININE CARE TREATMENT PRODUCTS,Life Brand,,,,,,,2026-08-15T00:00:00-04:00,2026-08-20T23:59:59-04:00,,16428.7,-754.56,16634.5,-1009.83,http://f.wishabi.net/page_items/429624917/1785891567/extra_large.jpg
Shoppers Drug Mart,8069919,1031505482,LIFE BRAND FOAMING HAND SOAP,Life Brand,2.99,,,,$2.99,,2026-08-15T00:00:00-04:00,2026-08-20T23:59:59-04:00,,17968.1,-1930.97,18174.9,-2190.49,http://f.wishabi.net/page_items/429626004/1785891573/extra_large.jpg
Shoppers Drug Mart,8069919,1031543945,LIFE BRAND FOAMING SHAVE CREAM 311g,Life Brand,3.99,,,,$3.99,,2026-08-15T00:00:00-04:00,2026-08-20T23:59:59-04:00,,17765.6,-2198.57,17970.7,-2458.93,http://f.wishabi.net/page_items/429626001/1785891571/extra_large.jpg
Shoppers Drug Mart,8069919,1031537180,LIFE BRAND HAND SOAP REFILLS,Life Brand,3.99,,,,$3.99,,2026-08-15T00:00:00-04:00,2026-08-20T23:59:59-04:00,,17820.4,-1567.61,18176.8,-1922.2,http://f.wishabi.net/page_items/429626000/1785891570/extra_large.jpg
Shoppers Drug Mart,8069919,1031512698,"LIFE BRAND HOT WATER BOTTLE, HOT/COLD COMPRESS PRODUCTS",Life Brand,,,,,,,2026-08-15T00:00:00-04:00,2026-08-20T23:59:59-04:00,,16635.7,-481.51,16843.1,-746.5,http://f.wishabi.net/page_items/429624885/1785891560/extra_large.jpg
Shoppers Drug Mart,8069919,1031541635,"LIFE BRAND ICE GEL ROLL-ON (90g), COLD RELIEF PATCH (6's) or HEAT WRAPS (4's) PAIN RELIEF PRODUCTS",Life Brand,,,,,,,2026-08-15T00:00:00-04:00,2026-08-20T23:59:59-04:00,,16014.9,-481.79,16222.2,-745.72,http://f.wishabi.net/page_items/429624891/1785891562/extra_large.jpg
Shoppers Drug Mart,8069919,1031497498,LIFE BRAND LINERS (34's - 64's) or PADS (16's - 22's),Life Brand,3.99,,,,$3.99,,2026-08-15T00:00:00-04:00,2026-08-20T23:59:59-04:00,,17346.2,-1930.67,17555.8,-2190.74,http://f.wishabi.net/page_items/429625989/1785891562/extra_large.jpg
Shoppers Drug Mart,8069919,1031504437,LIFE BRAND LINERS (96's - 129's) or PADS (20's - 48's),Life Brand,5.99,,,,$5.99,,2026-08-15T00:00:00-04:00,2026-08-20T23:59:59-04:00,,17484.0,-1579.12,17822.3,-1922.82,http://f.wishabi.net/page_items/429626011/1785891578/extra_large.jpg
Shoppers Drug Mart,8069919,1031522476,LIFE BRAND MINOXIDIL FOAM HAIR REGROWTH PRODUCTS 180g,Life Brand,,,,,,,2026-08-15T00:00:00-04:00,2026-08-20T23:59:59-04:00,,17142.6,-1929.41,17348.7,-2192.37,http://f.wishabi.net/page_items/429625993/1785891565/extra_large.jpg
Shoppers Drug Mart,8069919,1031507986,"LIFE BRAND NAPROXEN (200's), IBUPROFEN (110's - 250's) or ACETAMINOPHEN (120's - 500's) PAIN RELIEF PRODUCTS",,,,,,,,2026-08-15T00:00:00-04:00,2026-08-20T23:59:59-04:00,,2314.07,-1109.53,2505.61,-1394.9,http://f.wishabi.net/page_items/429622468/1785891555/extra_large.jpg
Shoppers Drug Mart,8069919,1031508678,LIFE BRAND NATURAL HEALTH PRODUCTS,Life Brand,,,,,,,2026-08-15T00:00:00-04:00,2026-08-20T23:59:59-04:00,,16346.7,-136.71,16684.6,-476.79,http://f.wishabi.net/page_items/429624963/1785891576/extra_large.jpg
Shoppers Drug Mart,8069919,1031497159,LIFE BRAND NICOTINE CLEAR PATCH 7's,Life Brand,24.99,,,,$24.99,,2026-08-15T00:00:00-04:00,2026-08-20T23:59:59-04:00,,9151.18,-117.18,9520.49,-447.01,http://f.wishabi.net/page_items/429624585/1785891566/extra_large.jpg
Shoppers Drug Mart,8069919,1031526592,"LIFE BRAND NICOTINE PATCHE'S (14's), LOZENGES (81's) or GUM (105's)",Life Brand,,,,,,,2026-08-15T00:00:00-04:00,2026-08-20T23:59:59-04:00,,2314.96,-1408.37,2506.03,-1667.38,http://f.wishabi.net/page_items/429622470/1785891556/extra_large.jpg
Shoppers Drug Mart,8069919,1031513124,LIFE BRAND PURAVIDA BODY WASH,Life Brand,6.99,,,,$6.99,,2026-08-15T00:00:00-04:00,2026-08-20T23:59:59-04:00,,17968.5,-2197.28,18174.0,-2461.1,http://f.wishabi.net/page_items/429626013/1785891579/extra_large.jpg
Shoppers Drug Mart,8069919,1031492007,LIFE BRAND SLEEP AID PRODUCTS,Life Brand,8.49,,,,$8.49,,2026-08-15T00:00:00-04:00,2026-08-20T23:59:59-04:00,,16014.5,-759.4,16221.6,-1011.54,http://f.wishabi.net/page_items/429624908/1785891565/extra_large.jpg
Shoppers Drug Mart,8069919,1031526610,LIFE BRAND WOUND CARE PRODUCTS,Life Brand,,,,,,,2026-08-15T00:00:00-04:00,2026-08-20T23:59:59-04:00,,16839.9,-479.4,17047.9,-744.29,http://f.wishabi.net/page_items/429624934/1785891570/extra_large.jpg
Shoppers Drug Mart,8069919,1031507529,LINDT EXCELLENCE CHOCOLATE BAR,Lindt,11.0,,,,$11.0,,2026-08-15T00:00:00-04:00,2026-08-20T23:59:59-04:00,,18522.2,-1066.24,18777.3,-1513.76,http://f.wishabi.net/page_items/429626080/1785891573/extra_large.jpg
Shoppers Drug Mart,8069919,1031529472,LIPTON ICED TEA (12 x 340mL) or GATORADE SPORT DRINK (6 x 591mL),,6.49,,,,$6.49,,2026-08-15T00:00:00-04:00,2026-08-20T23:59:59-04:00,,2695.32,-2020.14,2884.64,-2299.08,http://f.wishabi.net/page_items/429622465/1785891553/extra_large.jpg
Shoppers Drug Mart,8069919,1031498319,"LIPTON SOUP MIX (4's), CAMPBELL'S CHUNKY READY TO SERVE SOUP (515mL) or STAGG CHILI (425g)",,3.49,,,,$3.49,,2026-08-15T00:00:00-04:00,2026-08-20T23:59:59-04:00,,3078.07,-2018.23,3266.79,-2299.76,http://f.wishabi.net/page_items/429622466/1785891553/extra_large.jpg
Shoppers Drug Mart,8069919,1031540230,"LIQUID I.V. HYDRATION SACHETS (6's), ORGANIKA NATURAL HEALTH. OLLY VITAMIN or NATURAL HEALTH PRODUCTS",,,,,,,,2026-08-15T00:00:00-04:00,2026-08-20T23:59:59-04:00,,3924.61,-695.97,4152.01,-922.37,http://f.wishabi.net/page_items/429622579/1785891549/extra_large.jpg
Shoppers Drug Mart,8069919,1031491769,"LISTERINE ANTISEPTIC MOUTHWASH (1L), COLGATE OPTIC WHITE ADVANCED TOOTHPASTE (133mL) or 360˚ MANUAL TOOTHBRUSHES (2's)",,5.99,,,,$5.99,,2026-08-15T00:00:00-04:00,2026-08-20T23:59:59-04:00,,495.09,-2284.56,684.41,-2525.91,http://f.wishabi.net/page_items/429621590/1785891535/extra_large.jpg
Shoppers Drug Mart,8069919,1031508094,"LISTERINE CLINICAL SOLUTIONS MOUTHWASH (1L), COLGATE OPTIC WHITE PRO-SERIES BATTERY TOOTHBRUSH (1's) or ORAL-B CLIC REFILL BRUSH HEADS (2's)",,12.99,,,,$12.99,,2026-08-15T00:00:00-04:00,2026-08-20T23:59:59-04:00,,21042.7,-1102.37,21294.5,-1514.91,http://f.wishabi.net/page_items/429626224/1785891574/extra_large.jpg
Shoppers Drug Mart,8069919,1031509328,"LISTERINE TOTAL CARE MOUTHWASH (1.5L), GREEN BEAVER KIDS 100% NATURAL FLUORIDE-FREE (100g) or SENSODYNE CLINICAL REPAIR (75mL) TOOTHPASTE",,9.99,,,,$9.99,,2026-08-15T00:00:00-04:00,2026-08-20T23:59:59-04:00,,15231.7,-1852.89,15576.1,-2439.04,http://f.wishabi.net/page_items/429625082/1785891559/extra_large.jpg
Shoppers Drug Mart,8069919,1031541125,LUBRIDERM LOTIONS,Lubriderm,11.99,,,,$11.99,,2026-08-15T00:00:00-04:00,2026-08-20T23:59:59-04:00,,21193.5,-120.49,21562.8,-471.55,http://f.wishabi.net/page_items/429626239/1785891577/extra_large.jpg
Shoppers Drug Mart,8069919,1031526133,LUMIFY® Redness Reliever Eye Drops†,lumify,,,,,,,2026-08-15T00:00:00-04:00,2026-08-20T23:59:59-04:00,,24535.6,-304.61,24858.3,-1043.12,http://f.wishabi.net/page_items/429626714/1785891572/extra_large.jpg
Shoppers Drug Mart,8069919,1031497571,"LYPSYL LIP BALMS (2's), LIFE BRAND DENTAL FLOSSERS (90's) or COLGATE TOTAL TOOTHPASTE (120mL)",,3.49,,,,$3.49,,2026-08-15T00:00:00-04:00,2026-08-20T23:59:59-04:00,,20523.1,-1089.03,20780.4,-1516.3,http://f.wishabi.net/page_items/429626233/1785891576/extra_large.jpg
Shoppers Drug Mart,8069919,1031492079,"LYSOL DISINFECTANT (1.2L), TRU EARTH LAUNDRY STRIPS (16's) or OXICLEAN STAIN REMOVER PRODUCTS",,8.99,,,,$8.99,,2026-08-15T00:00:00-04:00,2026-08-20T23:59:59-04:00,,19094.6,-1928.6,19302.0,-2190.29,http://f.wishabi.net/page_items/429626551/1785891581/extra_large.jpg
Shoppers Drug Mart,8069919,1031506269,Lancôme Teint Idole Ultra Wear Shape Stick,LANCOME PARIS,62.0,,,,$62.0,,2026-08-15T00:00:00-04:00,2026-08-20T23:59:59-04:00,,11037.4,-1946.84,11379.8,-2467.3,http://f.wishabi.net/page_items/429624282/1785891557/extra_large.jpg
Shoppers Drug Mart,8069919,1031505334,MANIC PANIC HAIR COLOUR,Manic Panic,,,,,,,2026-08-15T00:00:00-04:00,2026-08-20T23:59:59-04:00,,19399.8,-2200.59,19604.9,-2462.29,http://f.wishabi.net/page_items/429626542/1785891579/extra_large.jpg
Shoppers Drug Mart,8069919,1031512794,"MAPLE LODGE FARMS THE ORIGINAL CHICKEN WIENER (12's), PC HUMMUS (227g) or THE LAUGHING COW CHEESE PORTIONS (8's)",,3.0,,,,$3.0,,2026-08-15T00:00:00-04:00,2026-08-20T23:59:59-04:00,,5810.43,-1111.66,6068.91,-1513.43,http://f.wishabi.net/page_items/429623504/1785891563/extra_large.jpg
Shoppers Drug Mart,8069919,1031508195,MARC JACOBS Daisy Love Eau de Toilette,Marc Jacobs,,,,,,,2026-08-15T00:00:00-04:00,2026-09-11T23:59:59-04:00,,22396.9,-553.56,22604.5,-895.95,http://f.wishabi.net/page_items/429652253/1785891568/extra_large.jpg
Shoppers Drug Mart,8069919,1031528943,"MARCELLE I-BRONZE MATTE BRONZING POWDER, L'ORÉAL LUMI BRONZE STICK or O·P·I RAPID DRY NAIL ENAMEL",,14.99,,,,$14.99,,2026-08-15T00:00:00-04:00,2026-08-20T23:59:59-04:00,,20225.3,-483.06,20430.9,-742.97,http://f.wishabi.net/page_items/429626539/1785891577/extra_large.jpg
Shoppers Drug Mart,8069919,1031507158,MARCH ANTHONY or NOT YOU MOTHER'S HAIR CARE PRODUCTS,,,,,,,,2026-08-15T00:00:00-04:00,2026-08-20T23:59:59-04:00,,1688.0,-1363.73,1879.59,-1637.16,http://f.wishabi.net/page_items/429622627/1785891537/extra_large.jpg
Shoppers Drug Mart,8069919,1031536842,"MARS FUN SIZE TREATS (50's), KINDER BUENO or CHOCOLATE MINIS (55's)",,13.99,,,,$13.99,,2026-08-15T00:00:00-04:00,2026-08-20T23:59:59-04:00,,7147.2,-753.91,7354.17,-1004.5,http://f.wishabi.net/page_items/429623787/1785891552/extra_large.jpg
Shoppers Drug Mart,8069919,1031512671,MASQUE BAR by LOOK BEAUTY MASKS or SKIN CARE PRODUCTS,MASQUE BAR,,,,,,,2026-08-15T00:00:00-04:00,2026-08-20T23:59:59-04:00,,17137.9,-1567.56,17488.1,-1924.53,http://f.wishabi.net/page_items/429625998/1785891568/extra_large.jpg
Shoppers Drug Mart,8069919,1031508269,MAXWELL HOUSE ORIGINAL (864g) or DARK (900g) ROAST GROUND COFFEE,Maxwell House,15.99,,,,$15.99,,2026-08-15T00:00:00-04:00,2026-08-20T23:59:59-04:00,,2315.22,-2015.45,2505.4,-2299.0,http://f.wishabi.net/page_items/429622467/1785891554/extra_large.jpg
Shoppers Drug Mart,8069919,1031505687,"MAYBELLINE NEW YORK BROW INSERTS, SUPERSTAY SKIN TINT or L'ORÉAL TRUE MATCH POWDER",,15.99,,,,$15.99,,2026-08-15T00:00:00-04:00,2026-08-20T23:59:59-04:00,,19811.4,-483.84,20020.7,-749.75,http://f.wishabi.net/page_items/429626525/1785891569/extra_large.jpg
Shoppers Drug Mart,8069919,1031511953,"MAYBELLINE NEW YORK FIT ME FOUNDATION, CONCEALER or COVERGIRL OUTLAST LIPSTAIN",,10.99,,,,$10.99,,2026-08-15T00:00:00-04:00,2026-08-20T23:59:59-04:00,,1063.69,-2282.53,1250.36,-2524.98,http://f.wishabi.net/page_items/429621620/1785891539/extra_large.jpg
Shoppers Drug Mart,8069919,1031510149,"MAYBELLINE NEW YORK GREAT LASH MASCARA, BABY LIPS MOISTURIZING LIP BALM or BURT'S BEES LIP SHIMMER",,6.99,,,,$6.99,,2026-08-15T00:00:00-04:00,2026-08-20T23:59:59-04:00,,20022.0,-759.99,20227.0,-1015.5,http://f.wishabi.net/page_items/429626526/1785891569/extra_large.jpg
Shoppers Drug Mart,8069919,1031508748,"MAYBELLINE NEW YORK LIFTER GEL LIP GLOSS, L'ORÉAL TELESCOPIC LIFT MASCARA or BROW STYLIST DEFINER PENCIL",,13.99,,,,$13.99,,2026-08-15T00:00:00-04:00,2026-08-20T23:59:59-04:00,,8589.39,-1138.13,8844.66,-1524.63,http://f.wishabi.net/page_items/429625968/1785891565/extra_large.jpg
Shoppers Drug Mart,8069919,1031514345,"MAYBELLINE NEW YORK SKY HIGH MASCARA, SUPER STAY VINYL INK LIQUID or L'ORÉAL COLOR RICHE LIPSTICK",,12.99,,,,$12.99,,2026-08-15T00:00:00-04:00,2026-08-20T23:59:59-04:00,,873.61,-2283.63,1062.46,-2525.51,http://f.wishabi.net/page_items/429621558/1785891531/extra_large.jpg
Shoppers Drug Mart,8069919,1031507875,MERANGUE OR EVERYDAY ESSENTIALS STATIONARY PRODUCTS,,,,,,,,2026-08-15T00:00:00-04:00,2026-08-20T23:59:59-04:00,,7563.98,-755.78,7769.02,-1005.81,http://f.wishabi.net/page_items/429623791/1785891555/extra_large.jpg
Shoppers Drug Mart,8069919,1031516873,METHOD HAND WASH REFILL (828mL) or BODY WASH (532mL),Method,,,,,,,2026-08-15T00:00:00-04:00,2026-08-20T23:59:59-04:00,,15230.2,-679.63,15572.3,-1260.74,http://f.wishabi.net/page_items/429625085/1785891561/extra_large.jpg
Shoppers Drug Mart,8069919,1032473087,MINI BABYBEL CHEESE SNACK 6's,Babybel,3.49,,,,$3.49,,2026-08-15T00:00:00-04:00,2026-08-20T23:59:59-04:00,,5304.0,-1897.26,5533.85,-2137.16,http://f.wishabi.net/page_items/430323112/1786466107/extra_large.jpg
Shoppers Drug Mart,8069919,1031505515,"MITCHUM (76g - 96g), DOVE (74g) or HELLO NATURAL (73g) ANTIPERSPIRANT/DEODORANT",,8.49,,,,$8.49,,2026-08-15T00:00:00-04:00,2026-08-20T23:59:59-04:00,,2886.79,-1670.31,3077.36,-1944.78,http://f.wishabi.net/page_items/429622460/1785891549/extra_large.jpg
Shoppers Drug Mart,8069919,1031511906,MONDAY SHAMPOO or CONDITIONER,Monday,7.99,,,,$7.99,,2026-08-15T00:00:00-04:00,2026-08-20T23:59:59-04:00,,4380.46,-1899.89,4611.43,-2136.35,http://f.wishabi.net/page_items/429622565/1785891544/extra_large.jpg
Shoppers Drug Mart,8069919,1031521922,"NAIR, PERSIAN or PARISSA HAIR REMOVAL PRODUCTS",,,,,,,,2026-08-15T00:00:00-04:00,2026-08-20T23:59:59-04:00,,14885.9,-1856.45,15232.2,-2432.2,http://f.wishabi.net/page_items/429625086/1785891562/extra_large.jpg
Shoppers Drug Mart,8069919,1031523095,NAKED SUNDAYS SUN CARE PRODUCTS,NAKED SUNDAYS,,,,,,,2026-08-15T00:00:00-04:00,2026-08-20T23:59:59-04:00,,12790.3,-1900.69,13019.4,-2135.69,http://f.wishabi.net/page_items/429624469/1785891557/extra_large.jpg
Shoppers Drug Mart,8069919,1031514687,NATIVE BODY SPRAY (99g) or WHOLE BODY DEODORANT PRODUCTS,Native,16.99,,,,$16.99,,2026-08-15T00:00:00-04:00,2026-08-20T23:59:59-04:00,,9839.98,-1900.84,10070.3,-2139.69,http://f.wishabi.net/page_items/429624574/1785891560/extra_large.jpg
Shoppers Drug Mart,8069919,1031494828,NATIVE BODY WASH,Native,13.29,,,,$13.29,,2026-08-15T00:00:00-04:00,2026-08-20T23:59:59-04:00,,14886.4,-694.27,15231.0,-1262.23,http://f.wishabi.net/page_items/429625091/1785891565/extra_large.jpg
Shoppers Drug Mart,8069919,1032473228,NATURAL HONEY FARMS LIQUID (750g) or BILLY BEE (500g) HONEY,,7.99,,,,$7.99,,2026-08-15T00:00:00-04:00,2026-08-20T23:59:59-04:00,,5374.7,-107.17,5764.03,-439.93,http://f.wishabi.net/page_items/430323114/1786466108/extra_large.jpg
Shoppers Drug Mart,8069919,1031506511,NATURAL INSTINCTS HAIR COLOUR,NATURAL INSTINCTS,9.99,,,,$9.99,,2026-08-15T00:00:00-04:00,2026-08-20T23:59:59-04:00,,2599.93,-367.42,2886.84,-701.52,http://f.wishabi.net/page_items/429622441/1785891533/extra_large.jpg
Shoppers Drug Mart,8069919,1031534439,NATURE VALLEY CHEWY GRANOLA BARS (5's) or BETTY CROCKER FRUIT SNACKS,,6.0,,,,$6.0,,2026-08-15T00:00:00-04:00,2026-08-20T23:59:59-04:00,,7194.5,-1131.43,7451.9,-1525.38,http://f.wishabi.net/page_items/429623798/1785891561/extra_large.jpg
Shoppers Drug Mart,8069919,1031511143,NATURE'S BOUNTY VITAMIN or NATURAL HEALTH PRODUCTS,Nature's Bounty,,,,,,,2026-08-15T00:00:00-04:00,2026-08-20T23:59:59-04:00,,684.5,-1800.44,872.36,-2036.11,http://f.wishabi.net/page_items/429621495/1785891523/extra_large.jpg
Shoppers Drug Mart,8069919,1031494856,NATURIUM BODY WASH,NATURIUM,,,,,,,2026-08-15T00:00:00-04:00,2026-08-20T23:59:59-04:00,,19604.4,-2198.61,19811.0,-2459.67,http://f.wishabi.net/page_items/429626534/1785891574/extra_large.jpg
Shoppers Drug Mart,8069919,1031512913,NEILSON CHOCOLATE MILK,NEILSON'S,0.99,,,,$0.99,,2026-08-15T00:00:00-04:00,2026-08-16T23:59:59-04:00,,874.88,-878.35,1065.15,-1107.62,http://f.wishabi.net/page_items/429625377/1785891547/extra_large.jpg
Shoppers Drug Mart,8069919,1032472729,NEILSON CREAM or MILK2GO,,2.79,,,,$2.79,,2026-08-15T00:00:00-04:00,2026-08-20T23:59:59-04:00,,4845.25,-454.61,5074.6,-688.27,http://f.wishabi.net/page_items/430323109/1786466105/extra_large.jpg
Shoppers Drug Mart,8069919,1032473326,NEILSON MILK,Neilson,6.44,,,,$6.44,,2026-08-15T00:00:00-04:00,2026-08-20T23:59:59-04:00,,4614.0,-109.13,4980.79,-446.75,http://f.wishabi.net/page_items/430323121/1786466113/extra_large.jpg
Shoppers Drug Mart,8069919,1031497178,"NEILSON TRUTASTE MICROFILTERED MILK (4L), KRAFT SINGLES (22's) or CRACKER BARREL CHEESE SLICES (12's)",,6.19,,,,$6.19,,2026-08-15T00:00:00-04:00,2026-08-20T23:59:59-04:00,,6019.59,-758.61,6225.95,-1005.44,http://f.wishabi.net/page_items/429626456/1785891563/extra_large.jpg
Shoppers Drug Mart,8069919,1031518944,NEOCELL COLLAGEN PRODUCTS,Neocell,,,,,,,2026-08-15T00:00:00-04:00,2026-08-20T23:59:59-04:00,,9609.98,-454.27,9840.41,-688.0,http://f.wishabi.net/page_items/429624566/1785891555/extra_large.jpg
Shoppers Drug Mart,8069919,1031522374,NESTLÉ,Nestle,13.99,,,,$13.99,,2026-08-15T00:00:00-04:00,2026-08-20T23:59:59-04:00,,6942.19,-755.26,7148.15,-1004.0,http://f.wishabi.net/page_items/429623797/1785891560/extra_large.jpg
Shoppers Drug Mart,8069919,1031509120,NESTLÉ MINI BARS,Nestle,9.99,,,,$9.99,,2026-08-15T00:00:00-04:00,2026-08-20T23:59:59-04:00,,18473.7,-1929.9,18681.8,-2188.96,http://f.wishabi.net/page_items/429626548/1785891579/extra_large.jpg
Shoppers Drug Mart,8069919,1031541209,"NEUTROGENA DAILY FACIAL MOISTURIZER (100mL), ULTRA GENTLE FACE & BODY MOISTURIZING CREAM (311g) or LIP MASK (12mL - 15mL)",Neutrogena,,,,,,,2026-08-15T00:00:00-04:00,2026-08-20T23:59:59-04:00,,21147.4,-479.97,21355.5,-746.31,http://f.wishabi.net/page_items/429626182/1785891566/extra_large.jpg
Shoppers Drug Mart,8069919,1031506208,"NEUTROGENA FACIAL CLEANSING BAR (3 x 100g), OLAY RIBBONS BODY WASH (532mL) or DIAL LIQUID HAND SOAP REFILL (1.53L)",,8.99,,,,$8.99,,2026-08-15T00:00:00-04:00,2026-08-20T23:59:59-04:00,,10069.4,-2141.41,10298.9,-2372.32,http://f.wishabi.net/page_items/429624581/1785891564/extra_large.jpg
Shoppers Drug Mart,8069919,1031514972,NEUTROGENA HYDRO BOOST FACIAL MOISTURIZERS,Neutrogena,19.99,,,,$19.99,,2026-08-15T00:00:00-04:00,2026-08-20T23:59:59-04:00,,14100.3,-95.11,14446.3,-677.45,http://f.wishabi.net/page_items/429625919/1785891564/extra_large.jpg
Shoppers Drug Mart,8069919,1031507434,NEUTROGENA HYDRO BOOST HYDRATING GEL CLEANSER or ULTRA GENTLE DAILY CLEANSER,Neutrogena,,,,,,,2026-08-15T00:00:00-04:00,2026-08-20T23:59:59-04:00,,13757.9,-1268.43,14102.7,-1843.96,http://f.wishabi.net/page_items/429625912/1785891559/extra_large.jpg
Shoppers Drug Mart,8069919,1031511732,NEUTROGENA or AVEENO SUN CARE PRODUCTS,,,,,,,,2026-08-15T00:00:00-04:00,2026-08-20T23:59:59-04:00,,1063.04,-2040.44,1251.37,-2279.69,http://f.wishabi.net/page_items/429621543/1785891529/extra_large.jpg
Shoppers Drug Mart,8069919,1031527809,"NIVEA LUMINOUS SERUM (30mL), Q1O FACIAL MOISTURIZERS or LIFE BRAND SUN CARE PRODUCT",,,,,,,,2026-08-15T00:00:00-04:00,2026-08-20T23:59:59-04:00,,1688.38,-821.15,1879.8,-1094.56,http://f.wishabi.net/page_items/429622628/1785891538/extra_large.jpg
Shoppers Drug Mart,8069919,1031507082,"NIVEA MEN SHAVE, AFTER SHAVE or SKIN CARE PRODUCTS",Nivea,,,,,,,2026-08-15T00:00:00-04:00,2026-08-20T23:59:59-04:00,,20730.5,-481.97,20939.7,-744.97,http://f.wishabi.net/page_items/429626179/1785891565/extra_large.jpg
Shoppers Drug Mart,8069919,1031491899,"NIVEA MEN SHOWER GEL (500mL), ROLL-ON or NIVEA STICK ANTIPERSPIRANT/DEODORANT",Nivea,,,,,,,2026-08-15T00:00:00-04:00,2026-08-16T23:59:59-04:00,,1253.48,-1115.19,1443.51,-1341.77,http://f.wishabi.net/page_items/429621571/1785891533/extra_large.jpg
Shoppers Drug Mart,8069919,1031506298,NIVEA Q10 Anti-Wrinkle Collagen Specialist 3-in-1 Repairing Serum,,,,,,,,2026-08-15T00:00:00-04:00,2026-09-11T23:59:59-04:00,,23662.7,-726.94,23898.0,-1514.65,http://f.wishabi.net/page_items/429654648/1785891567/extra_large.jpg
Shoppers Drug Mart,8069919,1031530606,NIZORAL SCALP BUILD UP REMOVER (148mL) 2% KETOCONAZOLE ANTI-DANDRUFF SHAMPOO (120mL) or CONDITIONER (278mL),Nizoral,,,,,,,2026-08-15T00:00:00-04:00,2026-08-20T23:59:59-04:00,,20020.2,-1933.7,20227.8,-2192.14,http://f.wishabi.net/page_items/429626519/1785891565/extra_large.jpg
Shoppers Drug Mart,8069919,1031497208,"NO NAME (1kg), PC ORGANICS (500g) or BLUE MENU (750g) PEANUT BUTTER",,3.99,,,,$3.99,,2026-08-15T00:00:00-04:00,2026-08-16T23:59:59-04:00,,1253.92,-879.67,1444.28,-1108.8,http://f.wishabi.net/page_items/429625380/1785891549/extra_large.jpg
Shoppers Drug Mart,8069919,1031529521,NO NAME (900g) or PC (375g - 454g) PASTA,,4.0,,,,$4.0,,2026-08-15T00:00:00-04:00,2026-08-20T23:59:59-04:00,,6317.38,-1138.47,6584.15,-1512.11,http://f.wishabi.net/page_items/429623516/1785891565/extra_large.jpg
Shoppers Drug Mart,8069919,1031505448,"NO NAME 1-PLY NAPKINS (250's), PAPER PLATES (40's) or PC PLANET FIRST COMPOSTABLE CUTLERY (24's)",NO NAME®,,,,,,,2026-08-15T00:00:00-04:00,2026-08-20T23:59:59-04:00,,16840.5,-2195.75,17045.5,-2460.75,http://f.wishabi.net/page_items/429626284/1785891576/extra_large.jpg
Shoppers Drug Mart,8069919,1031513280,NO NAME 2-PLY (126's) or PC 3-PLY (78's) FACIAL TISSUES,no name,1.19,,,,$1.19,,2026-08-15T00:00:00-04:00,2026-08-20T23:59:59-04:00,,16015.1,-2197.2,16220.4,-2459.59,http://f.wishabi.net/page_items/429626283/1785891576/extra_large.jpg
Shoppers Drug Mart,8069919,1031497147,NO NAME BACON,no name,4.99,,,,$4.99,,2026-08-15T00:00:00-04:00,2026-08-16T23:59:59-04:00,,685.51,-635.64,875.33,-876.27,http://f.wishabi.net/page_items/429625382/1785891550/extra_large.jpg
Shoppers Drug Mart,8069919,1031513155,NO NAME BUTTER 454g,NO NAME®,4.99,,,,$4.99,,2026-08-15T00:00:00-04:00,2026-08-20T23:59:59-04:00,,1441.72,-1546.61,1635.08,-1794.54,http://f.wishabi.net/page_items/429625378/1785891548/extra_large.jpg
Shoppers Drug Mart,8069919,1031508316,"NO NAME CALORIE-FREE SWEETENER (200'S), LIFE BRAND APPLE CIDER VINEGAR CAPSULES (90'S - 240'S) or PROTEIN POWDER",,,,,,,,2026-08-15T00:00:00-04:00,2026-08-20T23:59:59-04:00,,16219.7,-483.8,16427.8,-743.97,http://f.wishabi.net/page_items/429624888/1785891561/extra_large.jpg
Shoppers Drug Mart,8069919,1031533090,NO NAME CANNED TUNA,no name,1.5,,,,$1.5,,2026-08-15T00:00:00-04:00,2026-08-20T23:59:59-04:00,,6068.0,-1140.13,6315.9,-1510.12,http://f.wishabi.net/page_items/429623710/1785891570/extra_large.jpg
Shoppers Drug Mart,8069919,1031503973,NO NAME CHOCOLATE BAR,,1.49,,,,$1.49,,2026-08-15T00:00:00-04:00,2026-08-20T23:59:59-04:00,,16531.5,-1082.74,16783.3,-1516.18,http://f.wishabi.net/page_items/429624949/1785891574/extra_large.jpg
Shoppers Drug Mart,8069919,1031497515,"NO NAME CLUMPING CAT LITTER (7kg),MILK-BONE COMFORT CHEWS (210g - 312g) or CALEDON FARMS (110g - 265g) DOG TREATS",,9.99,,,,$9.99,,2026-08-15T00:00:00-04:00,2026-08-20T23:59:59-04:00,,6640.59,-2200.33,6845.73,-2463.42,http://f.wishabi.net/page_items/429626460/1785891565/extra_large.jpg
Shoppers Drug Mart,8069919,1031514032,NO NAME DISINFECTING WIPES (35's) or HOUSEHOLD CLEANER PRODUCTS,no name,3.49,,,,$3.49,,2026-08-15T00:00:00-04:00,2026-08-20T23:59:59-04:00,,16219.9,-2197.46,16427.1,-2459.17,http://f.wishabi.net/page_items/429626280/1785891574/extra_large.jpg
Shoppers Drug Mart,8069919,1031523026,NO NAME DOUBLE ROLL PAPER TOWELS (6 Roll) or ALCAN ALUMINUM FOIL (50'),,3.99,,,,$3.99,,2026-08-15T00:00:00-04:00,2026-08-16T23:59:59-04:00,,43.4,-1094.58,441.6,-1543.85,http://f.wishabi.net/page_items/429621450/1785891520/extra_large.jpg
Shoppers Drug Mart,8069919,1031508211,NO NAME FOOD STORAGE BAGS (30's - 100's) or CONTAINERS (6's - 8's),no name,7.0,,,,$7.0,,2026-08-15T00:00:00-04:00,2026-08-20T23:59:59-04:00,,16428.4,-2193.75,16633.9,-2459.47,http://f.wishabi.net/page_items/429626281/1785891575/extra_large.jpg
Shoppers Drug Mart,8069919,1031522327,NO NAME ORIGINAL PARTY MIX 320g,no name,3.99,,,,$3.99,,2026-08-15T00:00:00-04:00,2026-08-20T23:59:59-04:00,,16014.0,-1932.45,16220.8,-2190.33,http://f.wishabi.net/page_items/429624911/1785891566/extra_large.jpg
Shoppers Drug Mart,8069919,1031529073,NO NAME PC BLUE MENU BROTH (900mL) or NO NAME CANNED VEGETABLES,no name,5.0,,,,$5.0,,2026-08-15T00:00:00-04:00,2026-08-20T23:59:59-04:00,,6227.32,-1931.18,6433.5,-2190.67,http://f.wishabi.net/page_items/429623469/1785891556/extra_large.jpg
Shoppers Drug Mart,8069919,1031513559,NO NAME POTATO CHIPS (200g) or CRISPS (142g - 150g),no name,5.0,,,,$5.0,,2026-08-15T00:00:00-04:00,2026-08-20T23:59:59-04:00,,1442.47,-2281.07,1633.3,-2525.13,http://f.wishabi.net/page_items/429621579/1785891533/extra_large.jpg
Shoppers Drug Mart,8069919,1031507270,NO NAME RECYCLING (30's) or GARBAGE (40's - 48's) BAGS,no name,8.99,,,,$8.99,,2026-08-15T00:00:00-04:00,2026-08-20T23:59:59-04:00,,16637.1,-2196.61,16842.6,-2459.12,http://f.wishabi.net/page_items/429626282/1785891575/extra_large.jpg
Shoppers Drug Mart,8069919,1032471554,"NO NAME STRINGABLE MARBLE CHEESE SNACK (16's), PC or NO NAME SHREDDED CHEESE (320g)",,6.19,,,,$6.19,,2026-08-15T00:00:00-04:00,2026-08-20T23:59:59-04:00,,4617.63,-698.16,4846.67,-924.67,http://f.wishabi.net/page_items/430323100/1786466099/extra_large.jpg
Shoppers Drug Mart,8069919,1032473168,NUTELLA HAZELNUT or PEANUT BUTTER SPREAD,Nutella,9.29,,,,$9.29,,2026-08-15T00:00:00-04:00,2026-08-20T23:59:59-04:00,,5533.07,-696.8,5763.25,-922.89,http://f.wishabi.net/page_items/430323113/1786466108/extra_large.jpg
Shoppers Drug Mart,8069919,1031497729,NUTRISSE CREAM or ULTRA HAIR COLOUR,Nutrisse,9.99,,,,$9.99,,2026-08-15T00:00:00-04:00,2026-08-20T23:59:59-04:00,,12558.0,-1521.38,12933.9,-1895.66,http://f.wishabi.net/page_items/429624475/1785891561/extra_large.jpg
Shoppers Drug Mart,8069919,1031522649,NUXE or URIAGE SKIN CARE PRODUCTS,,,,,,,,2026-08-15T00:00:00-04:00,2026-08-20T23:59:59-04:00,,12559.5,-1044.22,12846.6,-1477.56,http://f.wishabi.net/page_items/429624482/1785891566/extra_large.jpg
Shoppers Drug Mart,8069919,1031497941,"NYX JELLY JOB LIP GLOSS, PRO FIX STICK CONCEALER or PORE FILLER BLURRING PRIMER",NYX,,,,,,,2026-08-15T00:00:00-04:00,2026-08-20T23:59:59-04:00,,13476.0,-2139.64,13706.4,-2369.2,http://f.wishabi.net/page_items/429624487/1785891569/extra_large.jpg
Shoppers Drug Mart,8069919,1031532888,NYX PROFESSIONAL SKIN CARE PRODUCTS,NYX,,,,,,,2026-08-15T00:00:00-04:00,2026-08-20T23:59:59-04:00,,20940.2,-478.6,21147.8,-746.63,http://f.wishabi.net/page_items/429626185/1785891567/extra_large.jpg
Shoppers Drug Mart,8069919,1031530058,Notorious Mascara in Starstruck Black & Infamous Brown,,38.0,,,,$38.0,,2026-08-15T00:00:00-04:00,2026-08-20T23:59:59-04:00,,11038.2,-1423.45,11381.2,-1939.32,http://f.wishabi.net/page_items/429624283/1785891558/extra_large.jpg
Shoppers Drug Mart,8069919,1031505618,N°7 SERUM,N°7,,,,,,,2026-08-15T00:00:00-04:00,2026-08-20T23:59:59-04:00,,17913.0,-1068.81,18175.3,-1517.19,http://f.wishabi.net/page_items/429626010/1785891577/extra_large.jpg
Shoppers Drug Mart,8069919,1031492135,O'KEEFFES SKIN CARE PRODUCTS,O'Keeffe's,,,,,,,2026-08-15T00:00:00-04:00,2026-08-20T23:59:59-04:00,,1687.9,-1095.05,1879.59,-1365.65,http://f.wishabi.net/page_items/429622633/1785891542/extra_large.jpg
Shoppers Drug Mart,8069919,1031508236,"OLAY BODY WASH (650mL), TOM'S OF MAINE BAR SOAP (141g) or NATURAL DEODORANT (92g)",,9.99,,,,$9.99,,2026-08-15T00:00:00-04:00,2026-08-20T23:59:59-04:00,,9880.45,-1514.07,10295.4,-1895.88,http://f.wishabi.net/page_items/429624591/1785891570/extra_large.jpg
Shoppers Drug Mart,8069919,1031507903,"OLAY BRIGHTENING EXFOLIATING CLEANSER WITH VITAMIN C (150mL), WHIP or REGENERIST FACIAL MOISTURIZERS",Olay,,,,,,,2026-08-15T00:00:00-04:00,2026-08-20T23:59:59-04:00,,14444.8,-694.48,14791.5,-1260.95,http://f.wishabi.net/page_items/429625921/1785891565/extra_large.jpg
Shoppers Drug Mart,8069919,1031517207,OLAY FACE & NECK LIFTING TREATMENT or REGENERIST MICRO SCULPTING CREAM 50mL,Olay,,,,,,,2026-08-15T00:00:00-04:00,2026-08-20T23:59:59-04:00,,13758.2,-682.32,14102.7,-1260.82,http://f.wishabi.net/page_items/429625916/1785891562/extra_large.jpg
Shoppers Drug Mart,8069919,1031516505,OLAY Face & Neck Lifting Treatment,Olay,,,,,,,2026-08-15T00:00:00-04:00,2026-09-11T23:59:59-04:00,,23179.5,-759.55,23351.3,-1424.48,http://f.wishabi.net/page_items/429626706/1785891566/extra_large.jpg
Shoppers Drug Mart,8069919,1031497414,"OLAY SUPER SERUM BODY WASH (591 mL), OLD SPICE TOTAL BODY or SECRET WHOLE BODY DEODORANT PRODUCTS",,13.99,,,,$13.99,,2026-08-15T00:00:00-04:00,2026-08-20T23:59:59-04:00,,9512.07,-1531.11,9881.36,-1897.08,http://f.wishabi.net/page_items/429624592/1785891571/extra_large.jpg
Shoppers Drug Mart,8069919,1031497816,"OLD SPICE BODY WASH (532mL - 709mL), SECRET OUTLAST (73g) or GILLETTE CLINICAL GEL (45g) ANTIPERSPIRANT/DEODORANT",,7.99,,,,$7.99,,2026-08-15T00:00:00-04:00,2026-08-20T23:59:59-04:00,,1063.93,-1548.88,1251.35,-1795.25,http://f.wishabi.net/page_items/429621707/1785891542/extra_large.jpg
Shoppers Drug Mart,8069919,1031492041,OLLY BODY WASH,Olly,10.99,,,,$10.99,,2026-08-15T00:00:00-04:00,2026-08-20T23:59:59-04:00,,19813.6,-2198.44,20019.2,-2460.49,http://f.wishabi.net/page_items/429626536/1785891575/extra_large.jpg
Shoppers Drug Mart,8069919,1031540104,OMBRELLE SUN CARE PRODUCTS,Ombrelle,,,,,,,2026-08-15T00:00:00-04:00,2026-08-20T23:59:59-04:00,,20940.8,-755.7,21146.1,-1011.41,http://f.wishabi.net/page_items/429626212/1785891572/extra_large.jpg
Shoppers Drug Mart,8069919,1031507211,"ORAL-B CAVITY DEFENCE MANUAL TOOTHBRUSH (1's), CREST COMPLETE WHITENING+SCOPE (50mL)or COLGATE  CAVITY PROTECTION TOOTHPASTE (95mL)",,1.29,,,,$1.29,,2026-08-15T00:00:00-04:00,2026-08-16T23:59:59-04:00,,41.52,-1549.51,440.23,-2001.59,http://f.wishabi.net/page_items/429621436/1785891516/extra_large.jpg
Shoppers Drug Mart,8069919,1031513590,"ORAL-B INDICATOR MANUAL TOOTHBRUSH (1's), CREST PRO-HEALTH SENSITIVE & ENAMEL SHIELD (70mL) or 3D WHITE STAIN ERASER (65mL) TOOTHPASTE",,2.99,,,,$2.99,,2026-08-15T00:00:00-04:00,2026-08-20T23:59:59-04:00,,15572.9,-1268.81,15921.0,-1843.84,http://f.wishabi.net/page_items/429625087/1785891563/extra_large.jpg
Shoppers Drug Mart,8069919,1031492516,"ORAL-B KIDS COLOR CHANGING BRISTLES, PRO 400 RECHARGEABLE TOOTHBRUSH or PHILIPS ONE BATTERY TOOTHBRUSH WITH TRAVEL CASE (1's",,29.99,,,,$29.99,,2026-08-15T00:00:00-04:00,2026-08-20T23:59:59-04:00,,7768.25,-2138.28,7975.17,-2333.14,http://f.wishabi.net/page_items/429623808/1785891568/extra_large.jpg
Shoppers Drug Mart,8069919,1031492537,ORAL-B iO KIDS SPIDER-MAN or PHILIPS SONICARE 4100 RECHARGEABLE TOOTHBRUSH,,,,,,,,2026-08-15T00:00:00-04:00,2026-08-20T23:59:59-04:00,,21293.7,-1092.33,21558.0,-1517.43,http://f.wishabi.net/page_items/429626194/1785891568/extra_large.jpg
Shoppers Drug Mart,8069919,1031506228,ORANGE NATURALS VITAMIN or NATURAL HEALTH PRODUCTS,ORANGE NATURALS,,,,,,,2026-08-15T00:00:00-04:00,2026-08-20T23:59:59-04:00,,9840.24,-456.06,10070.2,-685.9,http://f.wishabi.net/page_items/429624569/1785891557/extra_large.jpg
Shoppers Drug Mart,8069919,1031526540,OVRY TEST STRIPS or pH-D FEMININE CARE PRODUCTS,,,,,,,,2026-08-15T00:00:00-04:00,2026-08-20T23:59:59-04:00,,18684.5,-753.66,18890.2,-1009.76,http://f.wishabi.net/page_items/429626082/1785891573/extra_large.jpg
Shoppers Drug Mart,8069919,1031529858,O·P·I CLASSIC NAIL ENAMEL or NATURAL NAIL STRENGTHENER,OPI,15.99,,,,$15.99,,2026-08-15T00:00:00-04:00,2026-08-20T23:59:59-04:00,,20171.6,-1071.74,20431.5,-1522.78,http://f.wishabi.net/page_items/429626524/1785891568/extra_large.jpg
Shoppers Drug Mart,8069919,1031532937,PACIFICA COSMETIC PRODUCTS,Pacifica,,,,,,,2026-08-15T00:00:00-04:00,2026-08-20T23:59:59-04:00,,17556.1,-481.33,17763.1,-746.16,http://f.wishabi.net/page_items/429625994/1785891566/extra_large.jpg
Shoppers Drug Mart,8069919,1031508763,PAMPERS SUPER BOXED DIAPERS,Pampers,24.99,,,,$24.99,,2026-08-15T00:00:00-04:00,2026-08-20T23:59:59-04:00,,683.93,-1552.59,872.12,-1794.88,http://f.wishabi.net/page_items/429625375/1785891546/extra_large.jpg
Shoppers Drug Mart,8069919,1031539854,PANOXYL Acne Gel Wash,,,,,,,,2026-08-15T00:00:00-04:00,2026-08-20T23:59:59-04:00,,24855.8,-1606.46,25203.1,-2149.24,http://f.wishabi.net/page_items/429626708/1785891567/extra_large.jpg
Shoppers Drug Mart,8069919,1031516783,PANTENE HAIR CARE PRODUCTS,Pantene,4.49,,,,$4.49,,2026-08-15T00:00:00-04:00,2026-08-16T23:59:59-04:00,,1441.76,-1114.93,1635.74,-1342.9,http://f.wishabi.net/page_items/429621658/1785891546/extra_large.jpg
Shoppers Drug Mart,8069919,1031497667,PC 100% PURE MAPLE SYRUP 500mL,PC,13.49,,,,$13.49,,2026-08-15T00:00:00-04:00,2026-08-20T23:59:59-04:00,,16636.1,-1933.87,16842.9,-2188.28,http://f.wishabi.net/page_items/429624897/1785891563/extra_large.jpg
Shoppers Drug Mart,8069919,1031512156,PC 100% VIRGIN COLD-PRESSED,PC,15.49,,,,$15.49,,2026-08-15T00:00:00-04:00,2026-08-20T23:59:59-04:00,,18893.6,-2197.41,19097.6,-2461.23,http://f.wishabi.net/page_items/429626556/1785891584/extra_large.jpg
Shoppers Drug Mart,8069919,1031518785,"PC ARROWROOT BISCUITS (350g), ORGANICS APPLE SAUCE CUPS (6's) or SQUEEZE FRUIT SAUCE POUCH (4's)",PC,2.99,,,,$2.99,,2026-08-15T00:00:00-04:00,2026-08-20T23:59:59-04:00,,16783.7,-1069.34,17048.5,-1519.28,http://f.wishabi.net/page_items/429624922/1785891568/extra_large.jpg
Shoppers Drug Mart,8069919,1031516578,PC BATHROOM TISSUE,PC,4.99,,,,$4.99,,2026-08-15T00:00:00-04:00,2026-08-16T23:59:59-04:00,,496.31,-1116.01,686.61,-1342.52,http://f.wishabi.net/page_items/429621642/1785891542/extra_large.jpg
Shoppers Drug Mart,8069919,1031517148,"PC BREAD & BUTTER PICKLES (500mL), SOURDOUGH-STYLE CROUTONS (1.40g) or SALAD DRESSING (475mL)",PC,6.0,,,,$6.0,,2026-08-15T00:00:00-04:00,2026-08-20T23:59:59-04:00,,20731.9,-1930.99,20938.4,-2188.81,http://f.wishabi.net/page_items/429626245/1785891578/extra_large.jpg
Shoppers Drug Mart,8069919,1031495903,"PC CEREAL BAR (8's), GREEK YOGURT (5's) or PROTEIN (4's) COATED GRANOLA BAR",PC,6.0,,,,$6.0,,2026-08-15T00:00:00-04:00,2026-08-20T23:59:59-04:00,,16692.4,-1584.57,17047.7,-1926.47,http://f.wishabi.net/page_items/429624928/1785891569/extra_large.jpg
Shoppers Drug Mart,8069919,1032472886,"PC CREAM FIRST, LOADS OF ICE CREAM (1.5L) or COOKIE DOUGH ICE CREAM BITES",PC,6.29,,,,$6.29,,2026-08-15T00:00:00-04:00,2026-08-20T23:59:59-04:00,,5073.87,-452.42,5304.46,-689.72,http://f.wishabi.net/page_items/430323110/1786466105/extra_large.jpg
Shoppers Drug Mart,8069919,1032473270,"PC FLATBREAD, DR. OETKER RISTORANTE or CASA DI MAMA FROZEN PIZZA",,4.5,,,,$4.5,,2026-08-15T00:00:00-04:00,2026-08-20T23:59:59-04:00,,4898.28,-1063.49,5183.04,-1472.07,http://f.wishabi.net/page_items/430323115/1786466109/extra_large.jpg
Shoppers Drug Mart,8069919,1032473320,"PC GOAT'S MILK (140g), BLACK LABEL WHITE FOX CHEDDAR (250g) or DOUBLE CREAM BRIE (200g) CHEESE",PC,,,,,,,2026-08-15T00:00:00-04:00,2026-08-20T23:59:59-04:00,,5074.21,-1900.21,5303.84,-2137.14,http://f.wishabi.net/page_items/430323120/1786466113/extra_large.jpg
Shoppers Drug Mart,8069919,1031492554,PC HIGH PROTEIN BARS,PC,1.99,,,,$1.99,,2026-08-15T00:00:00-04:00,2026-08-20T23:59:59-04:00,,16010.7,-1082.57,16268.9,-1517.41,http://f.wishabi.net/page_items/429624966/1785891577/extra_large.jpg
Shoppers Drug Mart,8069919,1031536610,PC INSTANT OATMEAL 8's,PC,2.99,,,,$2.99,,2026-08-15T00:00:00-04:00,2026-08-20T23:59:59-04:00,,18891.7,-1931.09,19098.6,-2190.32,http://f.wishabi.net/page_items/429626547/1785891578/extra_large.jpg
Shoppers Drug Mart,8069919,1031491684,PC JUICE or BEVERAGES 1.36L,PC,4.5,,,,$4.5,,2026-08-15T00:00:00-04:00,2026-08-20T23:59:59-04:00,,6582.78,-1118.1,6847.04,-1513.89,http://f.wishabi.net/page_items/429623461/1785891553/extra_large.jpg
Shoppers Drug Mart,8069919,1031513056,PC LOADS OF RAISINS (625g) or HARVEST CRUNCH CEREAL,,4.49,,,,$4.49,,2026-08-15T00:00:00-04:00,2026-08-20T23:59:59-04:00,,6639.18,-1929.72,6845.75,-2190.64,http://f.wishabi.net/page_items/429623686/1785891564/extra_large.jpg
Shoppers Drug Mart,8069919,1031511975,PC NATURAL SPRING WATER 24 x 500mL,PC,5.0,,,,$5.0,,2026-08-15T00:00:00-04:00,2026-08-16T23:59:59-04:00,,685.24,-879.86,875.52,-1107.82,http://f.wishabi.net/page_items/429625376/1785891547/extra_large.jpg
Shoppers Drug Mart,8069919,1031507768,PC NUTRITION FIRST DRY CAT or DOG FOOD 2kg,PC,12.99,,,,$12.99,,2026-08-15T00:00:00-04:00,2026-08-20T23:59:59-04:00,,6436.89,-2199.31,6642.48,-2460.53,http://f.wishabi.net/page_items/429623699/1785891567/extra_large.jpg
Shoppers Drug Mart,8069919,1032472118,"PC ORGANICS PURE HONEY (375g), BLUE MENU ALMOND BUTTER (340g) or SMUCKER'S NO SUGAR ADDED JAM (310mL)",,6.49,,,,$6.49,,2026-08-15T00:00:00-04:00,2026-08-20T23:59:59-04:00,,5533.23,-451.96,5763.58,-686.43,http://f.wishabi.net/page_items/430323105/1786466102/extra_large.jpg
Shoppers Drug Mart,8069919,1031194688,PC Optimum,,,,,,,,2026-08-14T00:00:00-04:00,2026-08-16T23:59:59-04:00,,491.89,-4.25,1057.84,-298.11,http://f.wishabi.net/page_items/429621697/1785891551/extra_large.jpg
Shoppers Drug Mart,8069919,1031534328,PC PRALINE PECAN & CRANBERRY TRAIL MIX or FREYBE MINI PEPPERONI STICKS 250g,,8.99,,,,$8.99,,2026-08-15T00:00:00-04:00,2026-08-20T23:59:59-04:00,,6150.48,-1575.87,6490.53,-1926.34,http://f.wishabi.net/page_items/429626463/1785891567/extra_large.jpg
Shoppers Drug Mart,8069919,1031503943,"PC PRIME RIB, SIRLOIN or BLUE MENU ANGUS BEEF BURGERS",PC,21.49,,,,$21.49,,2026-08-15T00:00:00-04:00,2026-08-20T23:59:59-04:00,,6638.49,-479.36,6846.05,-740.49,http://f.wishabi.net/page_items/429623481/1785891559/extra_large.jpg
Shoppers Drug Mart,8069919,1032473302,"PC PURE JAM (500mL), PEARL MILLING COMPANY PANCAKE MIX (905g) or NATURE'S PATH GRANOLA",,4.99,,,,$4.99,,2026-08-15T00:00:00-04:00,2026-08-20T23:59:59-04:00,,5305.18,-450.86,5535.53,-687.45,http://f.wishabi.net/page_items/430323117/1786466111/extra_large.jpg
Shoppers Drug Mart,8069919,1031514846,PC PURPLE KERNEL POPPING CORN (850g) or MICROWAVE POPCORN (6's - 8's),PC,4.49,,,,$4.49,,2026-08-15T00:00:00-04:00,2026-08-20T23:59:59-04:00,,16009.5,-1577.47,16354.7,-1923.83,http://f.wishabi.net/page_items/429624937/1785891571/extra_large.jpg
Shoppers Drug Mart,8069919,1031512296,"PC RICH & CHEWY GRANOLA BARS (5S), S DAD'S OATMEAL or PEEK FREANS COOKIES",,2.79,,,,$2.79,,2026-08-15T00:00:00-04:00,2026-08-20T23:59:59-04:00,,1442.77,-1799.59,1635.33,-2036.97,http://f.wishabi.net/page_items/429621506/1785891524/extra_large.jpg
Shoppers Drug Mart,8069919,1032473380,PC SALAD GREENS,PC,4.5,,,,$4.5,,2026-08-15T00:00:00-04:00,2026-08-20T23:59:59-04:00,,5305.25,-2138.88,5533.3,-2369.11,http://f.wishabi.net/page_items/430323130/1786466120/extra_large.jpg
Shoppers Drug Mart,8069919,1031517468,PC SINGLE ORIGIN GROUND COFFEE,PC,9.99,,,,$9.99,,2026-08-15T00:00:00-04:00,2026-08-20T23:59:59-04:00,,16428.0,-1931.55,16635.0,-2190.28,http://f.wishabi.net/page_items/429624931/1785891570/extra_large.jpg
Shoppers Drug Mart,8069919,1031506083,PC SINGLE SERVE COFFEE PODS 10's - 12's,PC,9.99,,,,$9.99,,2026-08-15T00:00:00-04:00,2026-08-20T23:59:59-04:00,,16350.4,-1575.55,16694.0,-1924.91,http://f.wishabi.net/page_items/429624946/1785891573/extra_large.jpg
Shoppers Drug Mart,8069919,1031522556,PC SINGLE SERVE FROZEN ENTREES,PC,7.0,,,,$7.0,,2026-08-15T00:00:00-04:00,2026-08-16T23:59:59-04:00,,46.0,-170.69,439.07,-640.35,http://f.wishabi.net/page_items/429621441/1785891518/extra_large.jpg
Shoppers Drug Mart,8069919,1031492359,PC SPARKLING WATER or SODA,PC,5.79,,,,$5.79,,2026-08-15T00:00:00-04:00,2026-08-20T23:59:59-04:00,,2887.0,-2019.99,3076.08,-2299.67,http://f.wishabi.net/page_items/429622469/1785891556/extra_large.jpg
Shoppers Drug Mart,8069919,1032472266,PC SPLENDIDO ANTIPASTO MISTO DELI MEAT (100g) or BOURSIN SOFT WHITE CHEESE (150g),,6.29,,,,$6.29,,2026-08-15T00:00:00-04:00,2026-08-20T23:59:59-04:00,,5532.55,-1897.89,5763.55,-2136.96,http://f.wishabi.net/page_items/430323106/1786466102/extra_large.jpg
Shoppers Drug Mart,8069919,1031506472,PC SPLENDIDO COLD PRESSED EXTRA VIRGIN OLIVE OIL,PC,14.99,,,,$14.99,,2026-08-15T00:00:00-04:00,2026-08-20T23:59:59-04:00,,16839.0,-1933.33,17046.4,-2189.01,http://f.wishabi.net/page_items/429624960/1785891576/extra_large.jpg
Shoppers Drug Mart,8069919,1031491641,PC SWEETENED CONDENSED (300mL) or CARNATION EVAPORATED (354mL) MILK,,2.99,,,,$2.99,,2026-08-15T00:00:00-04:00,2026-08-20T23:59:59-04:00,,20856.5,-1566.74,21203.4,-1923.78,http://f.wishabi.net/page_items/429626242/1785891578/extra_large.jpg
Shoppers Drug Mart,8069919,1031507923,PC THE DECADENT SEMI-SWEET CHOCOLATE CHIPS,PC,4.99,,,,$4.99,,2026-08-15T00:00:00-04:00,2026-08-20T23:59:59-04:00,,20939.5,-1931.37,21145.6,-2188.94,http://f.wishabi.net/page_items/429626254/1785891581/extra_large.jpg
Shoppers Drug Mart,8069919,1032471970,PEPSI BEVERAGES 18 x 355mL,Pepsi,10.29,,,,$10.29,,2026-08-15T00:00:00-04:00,2026-08-20T23:59:59-04:00,,4614.18,-1518.89,4995.56,-1893.32,http://f.wishabi.net/page_items/430323104/1786466101/extra_large.jpg
Shoppers Drug Mart,8069919,1031517331,PERFECT 10 HAIR COLOUR,PERFECT 10,12.99,,,,$12.99,,2026-08-15T00:00:00-04:00,2026-08-20T23:59:59-04:00,,19392.8,-1578.29,19741.1,-1926.05,http://f.wishabi.net/page_items/429626535/1785891575/extra_large.jpg
Shoppers Drug Mart,8069919,1031507613,PERFECT SPORTS PROTEIN POWDER,Perfect Sports,,,,,,,2026-08-15T00:00:00-04:00,2026-08-20T23:59:59-04:00,,2070.0,-1915.82,2261.56,-2184.21,http://f.wishabi.net/page_items/429622618/1785891530/extra_large.jpg
Shoppers Drug Mart,8069919,1031525179,"PHILIPS ELECTRIC SHAVE APPLIANCES, JUST FOR MEN CONTROL GX SHAMPOO or HAIR COLOUR",,,,,,,,2026-08-15T00:00:00-04:00,2026-08-20T23:59:59-04:00,,9382.14,-1902.42,9610.75,-2140.5,http://f.wishabi.net/page_items/429624564/1785891553/extra_large.jpg
Shoppers Drug Mart,8069919,1031503496,PHILIPS SONICARE 9350 DIAMONDCLEAN,Philips,199.99,,,,$199.99,,2026-08-15T00:00:00-04:00,2026-08-20T23:59:59-04:00,,15230.5,-1262.64,15574.1,-1842.6,http://f.wishabi.net/page_items/429625083/1785891560/extra_large.jpg
Shoppers Drug Mart,8069919,1031491863,PHYSICAN'S FORMULA COSMETIC PRODUCTS,,,,,,,,2026-08-15T00:00:00-04:00,2026-08-20T23:59:59-04:00,,13019.7,-1901.0,13248.5,-2136.79,http://f.wishabi.net/page_items/429624483/1785891566/extra_large.jpg
Shoppers Drug Mart,8069919,1031508504,PINTY'S FROZEN CHICKEN WINGS,PINTY'S,15.99,,,,$15.99,,2026-08-15T00:00:00-04:00,2026-08-20T23:59:59-04:00,,6486.08,-152.77,6847.85,-468.87,http://f.wishabi.net/page_items/429623486/1785891560/extra_large.jpg
Shoppers Drug Mart,8069919,1031504142,PIXI COSMETIC PRODUCTS,PIXI,,,,,,,2026-08-15T00:00:00-04:00,2026-08-20T23:59:59-04:00,,17477.9,-128.16,17827.6,-476.08,http://f.wishabi.net/page_items/429626017/1785891582/extra_large.jpg
Shoppers Drug Mart,8069919,1031526221,POGO WIENERS ON A STICK (8's - 10's) or PC FROZEN APPETIZERS,,9.99,,,,$9.99,,2026-08-15T00:00:00-04:00,2026-08-20T23:59:59-04:00,,20521.9,-1561.47,20859.5,-1924.31,http://f.wishabi.net/page_items/429626215/1785891572/extra_large.jpg
Shoppers Drug Mart,8069919,1031530847,POISE® Ultra Thin Incontinence & Postpartum Pads,Poise,,,,,,,2026-08-15T00:00:00-04:00,2026-08-20T23:59:59-04:00,,24508.0,-1608.33,24855.5,-2151.13,http://f.wishabi.net/page_items/429626707/1785891566/extra_large.jpg
Shoppers Drug Mart,8069919,1031504141,"POPCORNERS (142g), SMARTFOOD READY TO EAT POPCORN or MISS VICKIE'S KETTLE CHIPS",,7.5,,,,$7.5,,2026-08-15T00:00:00-04:00,2026-08-16T23:59:59-04:00,,1064.91,-638.91,1254.45,-875.25,http://f.wishabi.net/page_items/429625386/1785891553/extra_large.jpg
Shoppers Drug Mart,8069919,1031505948,PREFERENCE or FÉRIA HAIR COLOUR,,13.99,,,,$13.99,,2026-08-15T00:00:00-04:00,2026-08-20T23:59:59-04:00,,1063.23,-1799.24,1251.69,-2036.07,http://f.wishabi.net/page_items/429621477/1785891519/extra_large.jpg
Shoppers Drug Mart,8069919,1032473344,PREGO PASTAS SAUCE (645mL) or CATELLI PASTA,,2.99,,,,$2.99,,2026-08-15T00:00:00-04:00,2026-08-20T23:59:59-04:00,,5305.68,-696.68,5533.62,-923.19,http://f.wishabi.net/page_items/430323124/1786466115/extra_large.jpg
Shoppers Drug Mart,8069919,1031504179,"PURELY INSPIRED, HYDROXYCUT or SIX STAR DIET & WEIGHT MANAGEMENT PRODUCTS",,,,,,,,2026-08-15T00:00:00-04:00,2026-08-20T23:59:59-04:00,,4152.76,-454.66,4382.29,-687.31,http://f.wishabi.net/page_items/429622532/1785891535/extra_large.jpg
Shoppers Drug Mart,8069919,1031507644,"PURINA KITTEN CHOW (1.8kg), CAT CHOW (1.6kg - 2kg) or FRISKIES (1.42kg - 1.5kg) CAT FOOD",Purina,,,,,,,2026-08-15T00:00:00-04:00,2026-08-20T23:59:59-04:00,,5815.9,-2200.49,6021.08,-2462.03,http://f.wishabi.net/page_items/429623702/1785891568/extra_large.jpg
Shoppers Drug Mart,8069919,1031522225,PÜR 4-in-1 PRESSED MINERAL MAKEUP BLUSH,PUR,44.0,,,,$44.0,,2026-08-15T00:00:00-04:00,2026-08-20T23:59:59-04:00,,13018.5,-449.21,13248.4,-687.39,http://f.wishabi.net/page_items/429624481/1785891565/extra_large.jpg
Shoppers Drug Mart,8069919,1031532926,"Q-TIPS COTTON SWABS (300's - 400's), WATERWIPES (60's) or PC (56's - 100's) BABY WIPES",,5.49,,,,$5.49,,2026-08-15T00:00:00-04:00,2026-08-20T23:59:59-04:00,,2693.86,-1392.97,2885.31,-1664.42,http://f.wishabi.net/page_items/429622451/1785891542/extra_large.jpg
Shoppers Drug Mart,8069919,1031516552,"QUAKER LIFE, KELLOGG'S RICE KRISPIES or KIDS CEREAL",,3.99,,,,$3.99,,2026-08-15T00:00:00-04:00,2026-08-20T23:59:59-04:00,,7356.53,-752.21,7561.65,-1007.09,http://f.wishabi.net/page_items/429623790/1785891554/extra_large.jpg
Shoppers Drug Mart,8069919,1031492259,QUO BEAUTY,QUO BEAUTY,,,,,,,2026-08-15T00:00:00-04:00,2026-08-20T23:59:59-04:00,,17763.5,-482.61,17971.6,-743.82,http://f.wishabi.net/page_items/429625990/1785891563/extra_large.jpg
Shoppers Drug Mart,8069919,1031497614,QUO BEAUTY BATH ACCESSORIES,QUO BEAUTY,,,,,,,2026-08-15T00:00:00-04:00,2026-08-20T23:59:59-04:00,,17968.5,-482.46,18175.3,-740.08,http://f.wishabi.net/page_items/429626015/1785891580/extra_large.jpg
Shoppers Drug Mart,8069919,1031534492,QUO BEAUTY BREATHABLE NAIL ENAMEL,QUO BEAUTY,10.99,,,,$10.99,,2026-08-15T00:00:00-04:00,2026-08-20T23:59:59-04:00,,17347.9,-755.24,17554.5,-1011.34,http://f.wishabi.net/page_items/429625995/1785891566/extra_large.jpg
Shoppers Drug Mart,8069919,1031497634,QUO BEAUTY COSMETIC BRUSHES,QUO BEAUTY,,,,,,,2026-08-15T00:00:00-04:00,2026-08-20T23:59:59-04:00,,17142.4,-483.1,17348.8,-745.24,http://f.wishabi.net/page_items/429625991/1785891564/extra_large.jpg
Shoppers Drug Mart,8069919,1031532868,QUO BEAUTY COSMETIC SPONGES,QUO BEAUTY,8.0,,,,$8.0,,2026-08-15T00:00:00-04:00,2026-08-20T23:59:59-04:00,,17346.9,-483.64,17554.9,-743.72,http://f.wishabi.net/page_items/429625992/1785891564/extra_large.jpg
Shoppers Drug Mart,8069919,1031492594,QUO BEAUTY COTTON PADS,QUO BEAUTY,,,,,,,2026-08-15T00:00:00-04:00,2026-08-20T23:59:59-04:00,,17142.4,-757.24,17349.5,-1013.28,http://f.wishabi.net/page_items/429625999/1785891569/extra_large.jpg
Shoppers Drug Mart,8069919,1031511876,QUO BEAUTY DEW DROP GLOSS,QUO BEAUTY,11.0,,,,$11.0,,2026-08-15T00:00:00-04:00,2026-08-20T23:59:59-04:00,,8691.83,-483.52,8898.25,-745.91,http://f.wishabi.net/page_items/429625926/1785891553/extra_large.jpg
Shoppers Drug Mart,8069919,1031518812,QUO BEAUTY FOAM BATH (1L) or BAR SOAP,QUO BEAUTY,,,,,,,2026-08-15T00:00:00-04:00,2026-08-20T23:59:59-04:00,,17763.8,-759.99,17969.6,-1009.54,http://f.wishabi.net/page_items/429625997/1785891568/extra_large.jpg
Shoppers Drug Mart,8069919,1031530626,QUO BEAUTY HAIR ACCESSORIES or HOT AIR BRUSH CERAMIC THERMAL BRUSH,QUO BEAUTY,,,,,,,2026-08-15T00:00:00-04:00,2026-08-20T23:59:59-04:00,,8692.45,-757.09,8897.17,-1008.1,http://f.wishabi.net/page_items/429625938/1785891556/extra_large.jpg
Shoppers Drug Mart,8069919,1031512616,QUO BEAUTY HAIR APPLIANCES,QUO BEAUTY,,,,,,,2026-08-15T00:00:00-04:00,2026-08-20T23:59:59-04:00,,17394.7,-1092.58,17653.1,-1516.9,http://f.wishabi.net/page_items/429626009/1785891576/extra_large.jpg
Shoppers Drug Mart,8069919,1031524971,QUO BEAUTY JEWELLERY & HAIR ACCESSORIES ORGANIZER,QUO BEAUTY,15.0,,,,$15.0,,2026-08-15T00:00:00-04:00,2026-08-20T23:59:59-04:00,,8895.68,-480.68,9102.77,-743.5,http://f.wishabi.net/page_items/429626452/1785891566/extra_large.jpg
Shoppers Drug Mart,8069919,1031512046,"QUO BEAUTY PEPTIDE LIP TINT, GLOWY LIP BALM or LIP CRAYON",QUO BEAUTY,,,,,,,2026-08-15T00:00:00-04:00,2026-08-20T23:59:59-04:00,,8071.26,-480.77,8277.73,-747.07,http://f.wishabi.net/page_items/429625948/1785891559/extra_large.jpg
Shoppers Drug Mart,8069919,1031518902,"QUO BEAUTY SHEER SKIN TINT, GOLDEN GLOW DROPS or CHEEK LIP MULTISTICK",QUO BEAUTY,,,,,,,2026-08-15T00:00:00-04:00,2026-08-20T23:59:59-04:00,,8484.95,-483.17,8691.09,-748.61,http://f.wishabi.net/page_items/429625941/1785891556/extra_large.jpg
Shoppers Drug Mart,8069919,1031518745,QUO BEAUTY SHOWER GEL (1L) or TRAVEL BATH COLLECTION,QUO BEAUTY,,,,,,,2026-08-15T00:00:00-04:00,2026-08-20T23:59:59-04:00,,17823.9,-128.35,18177.0,-471.24,http://f.wishabi.net/page_items/429626007/1785891575/extra_large.jpg
Shoppers Drug Mart,8069919,1031512268,"QUO BEAUTY STACKED EYE SHADOW, MEGA GRIP SETTING SPRAY or BOLD STROKE GEL LINER",QUO BEAUTY,,,,,,,2026-08-15T00:00:00-04:00,2026-08-20T23:59:59-04:00,,8276.02,-483.0,8483.36,-748.21,http://f.wishabi.net/page_items/429625929/1785891553/extra_large.jpg
Shoppers Drug Mart,8069919,1031491547,QUO BEAUTY UNBREAKABLE HAIR ACCESSORIES,QUO BEAUTY,,,,,,,2026-08-15T00:00:00-04:00,2026-08-20T23:59:59-04:00,,17654.3,-1098.25,17913.1,-1515.41,http://f.wishabi.net/page_items/429626006/1785891574/extra_large.jpg
Shoppers Drug Mart,8069919,1031504460,QUO BEAUTY X POLLY POCKET FALSE NAILS,QUO BEAUTY,14.49,,,,$14.49,,2026-08-15T00:00:00-04:00,2026-08-20T23:59:59-04:00,,8276.81,-758.79,8482.79,-1007.6,http://f.wishabi.net/page_items/429625932/1785891554/extra_large.jpg
Shoppers Drug Mart,8069919,1031518875,QUO BEAUTY X POLLY POCKET NAIL ENAMEL,QUO BEAUTY,12.0,,,,$12.0,,2026-08-15T00:00:00-04:00,2026-08-20T23:59:59-04:00,,8071.73,-757.19,8277.97,-1008.79,http://f.wishabi.net/page_items/429625945/1785891558/extra_large.jpg
Shoppers Drug Mart,8069919,1031521955,QUO BEAUTY X POLLY POCKET PRE-GLUED FALSE LASHES,QUO BEAUTY,18.0,,,,$18.0,,2026-08-15T00:00:00-04:00,2026-08-20T23:59:59-04:00,,8484.85,-756.36,8689.66,-1009.04,http://f.wishabi.net/page_items/429625956/1785891561/extra_large.jpg
Shoppers Drug Mart,8069919,1031511745,RAW SUGAR SHAMPOO or CONDITIONER,Raw Sugar,12.99,,,,$12.99,,2026-08-15T00:00:00-04:00,2026-08-20T23:59:59-04:00,,17144.8,-2197.84,17349.0,-2461.3,http://f.wishabi.net/page_items/429626016/1785891581/extra_large.jpg
Shoppers Drug Mart,8069919,1031497699,"RAZOR SYSTEMS (1's), CARTRIDGES (4's - 5's) or HAIR REMOVAL PRODUCTS",Life Brand,,,,,,,2026-08-15T00:00:00-04:00,2026-08-20T23:59:59-04:00,,17557.7,-2196.69,17763.2,-2458.82,http://f.wishabi.net/page_items/429626003/1785891572/extra_large.jpg
Shoppers Drug Mart,8069919,1031511404,REACTINE ALLERGY RELIEF PRODUCTS 40's - 48's,Reactine,34.99,,,,$34.99,,2026-08-15T00:00:00-04:00,2026-08-20T23:59:59-04:00,,3463.03,-1054.33,3751.92,-1473.68,http://f.wishabi.net/page_items/429622562/1785891543/extra_large.jpg
Shoppers Drug Mart,8069919,1031514790,RED BULL (4 x 250mL) or MONSTER (4 x 473mL) ENERGY DRINK,,8.49,,,,$8.49,,2026-08-15T00:00:00-04:00,2026-08-16T23:59:59-04:00,,1442.43,-880.72,1634.77,-1110.55,http://f.wishabi.net/page_items/429621635/1785891542/extra_large.jpg
Shoppers Drug Mart,8069919,1031525511,"RED BULL, GURU (355mL) or MONSTER (473mL) ENERGY DRINK",,6.0,,,,$6.0,,2026-08-15T00:00:00-04:00,2026-08-20T23:59:59-04:00,,6488.48,-1562.61,6848.19,-1918.12,http://f.wishabi.net/page_items/429623449/1785891550/extra_large.jpg
Shoppers Drug Mart,8069919,1031492096,"RESTORALAX LAXATIVE SACHETS (10's), GUMMIES (30's - 140's) or POWDER (238g - 765g)",RESTORALAX,,,,,,,2026-08-15T00:00:00-04:00,2026-08-20T23:59:59-04:00,,9891.36,-109.6,10296.9,-452.12,http://f.wishabi.net/page_items/429624582/1785891565/extra_large.jpg
Shoppers Drug Mart,8069919,1031513023,REVLON SUPER LUSTROUS LIPSTICK or COLORSTAY LIP LINER Selected Types,Revlon,8.99,,,,$8.99,,2026-08-15T00:00:00-04:00,2026-08-20T23:59:59-04:00,,13476.5,-1901.15,13707.1,-2137.86,http://f.wishabi.net/page_items/429624479/1785891564/extra_large.jpg
Shoppers Drug Mart,8069919,1031514795,REVLON SUPER LUSTROUS or CLASSIC NAIL ENAMEL,Revlon,,,,,,,2026-08-15T00:00:00-04:00,2026-08-20T23:59:59-04:00,,12561.6,-2137.7,12791.4,-2368.25,http://f.wishabi.net/page_items/429624490/1785891570/extra_large.jpg
Shoppers Drug Mart,8069919,1031509198,REVOLUTION or MAËLYS SKIN CARE PRODUCTS,,,,,,,,2026-08-15T00:00:00-04:00,2026-08-20T23:59:59-04:00,,4153.67,-2140.53,4381.42,-2371.38,http://f.wishabi.net/page_items/429622589/1785891552/extra_large.jpg
Shoppers Drug Mart,8069919,1031529443,RICE KRISPIES SQUARES VALUE PACK (30's) or ROCKETS CANDY ROLLS (1kg),,11.49,,,,$11.49,,2026-08-15T00:00:00-04:00,2026-08-20T23:59:59-04:00,,7146.3,-1929.79,7355.61,-2131.59,http://f.wishabi.net/page_items/429623806/1785891567/extra_large.jpg
Shoppers Drug Mart,8069919,1031491455,RIMMEL LONDON,RIMMEL LONDON,9.99,,,,$9.99,,2026-08-15T00:00:00-04:00,2026-08-20T23:59:59-04:00,,1878.64,-1093.38,2071.5,-1366.18,http://f.wishabi.net/page_items/429622634/1785891542/extra_large.jpg
Shoppers Drug Mart,8069919,1031529982,ROBAX MUSCLE & BACK CAPLETS 18's,ROBAX,18.99,,,,$18.99,,2026-08-15T00:00:00-04:00,2026-08-20T23:59:59-04:00,,3695.38,-697.67,3923.13,-922.75,http://f.wishabi.net/page_items/429622547/1785891539/extra_large.jpg
Shoppers Drug Mart,8069919,1031532983,"ROBITUSSIN COUGH SYRUP (230ml. - 250mL), ADVIL COLD & SINUS (40's) or OTRIVIN NASAL SPRAY PRODUCTS Data",,,,,,,,2026-08-15T00:00:00-04:00,2026-08-20T23:59:59-04:00,,3464.81,-452.74,3694.97,-689.68,http://f.wishabi.net/page_items/429622526/1785891534/extra_large.jpg
Shoppers Drug Mart,8069919,1031511610,ROYALE BATHROOM TISSUE (8 Roll) or BOUNTY PAPER TOWELS (2 Roll - 3 Roll),Royale,5.99,,,,$5.99,,2026-08-15T00:00:00-04:00,2026-08-20T23:59:59-04:00,,1251.98,-2041.32,1443.61,-2278.68,http://f.wishabi.net/page_items/429621523/1785891526/extra_large.jpg
Shoppers Drug Mart,8069919,1031497979,ROYALE ORIGINAL 2-PLY (6's) or VELOUR 3-PLY (4's - 6's) FACIAL TISSUES,Royale,6.99,,,,$6.99,,2026-08-15T00:00:00-04:00,2026-08-16T23:59:59-04:00,,686.72,-1115.21,874.93,-1341.84,http://f.wishabi.net/page_items/429621511/1785891525/extra_large.jpg
Shoppers Drug Mart,8069919,1031529790,RUFFLES POTATO or TOSTITOS TORTILLA CHIPS,,8.5,,,,$8.5,,2026-08-15T00:00:00-04:00,2026-08-20T23:59:59-04:00,,1442.08,-2041.18,1634.56,-2278.14,http://f.wishabi.net/page_items/429621680/1785891548/extra_large.jpg
Shoppers Drug Mart,8069919,1031511277,"Roberto Cavalli Verde Assoluto Eau de Parfum 30mL,",,72.0,,,,$72.0,,2026-08-15T00:00:00-04:00,2026-08-20T23:59:59-04:00,,11653.0,-2060.6,11764.0,-2255.6,http://f.wishabi.net/page_items/429653550/1785891562/extra_large.jpg
Shoppers Drug Mart,8069919,1031532615,Roberto Cavalli Verde Assoluto Eau de parfum,,135.0,,,,$135.0,,2026-08-15T00:00:00-04:00,2026-08-20T23:59:59-04:00,,11477.9,-1904.41,11652.6,-2206.59,http://f.wishabi.net/page_items/429624462/1785891556/extra_large.jpg
Shoppers Drug Mart,8069919,1031518938,SALLY HANSEN MIRACLE GEL NAIL ENAMEL,Sally Hansen,,,,,,,2026-08-15T00:00:00-04:00,2026-08-20T23:59:59-04:00,,13125.6,-1068.95,13412.3,-1470.45,http://f.wishabi.net/page_items/429624488/1785891569/extra_large.jpg
Shoppers Drug Mart,8069919,1031491784,"SALLY HANSEN NAIL TREATMENT, MIRACLE GEL DUO SET or O·P·I FALSE NAILS",,,,,,,,2026-08-15T00:00:00-04:00,2026-08-20T23:59:59-04:00,,13249.1,-2140.73,13477.1,-2369.05,http://f.wishabi.net/page_items/429624492/1785891571/extra_large.jpg
Shoppers Drug Mart,8069919,1031521187,SALLY HANSEN PURE NAIL ENAMEL,,9.99,,,,$9.99,,2026-08-15T00:00:00-04:00,2026-08-20T23:59:59-04:00,,12790.5,-2138.37,13018.7,-2368.45,http://f.wishabi.net/page_items/429624489/1785891570/extra_large.jpg
Shoppers Drug Mart,8069919,1031497752,SALLY HANSEN XTREME WEAR NAIL ENAMEL,Sally Hansen,3.99,,,,$3.99,,2026-08-15T00:00:00-04:00,2026-08-20T23:59:59-04:00,,20065.2,-142.35,20427.2,-478.41,http://f.wishabi.net/page_items/429626545/1785891581/extra_large.jpg
Shoppers Drug Mart,8069919,1031491913,"SCHICK HYDRO SILK DERMAPLANING WAND, REFILL CARTRIDGES (4's) or HAIR REMOVAL PRODUCTS",Schick,,,,,,,2026-08-15T00:00:00-04:00,2026-08-20T23:59:59-04:00,,8845.08,-1118.25,9102.99,-1524.35,http://f.wishabi.net/page_items/429625962/1785891563/extra_large.jpg
Shoppers Drug Mart,8069919,1031516755,"SCHICK XTREME3 SENSITIVE (4's), INTUITION SENSITIVE CARE (3's) DISPOSABLE RAZORS or L'ORÉAL MEN SKIN CARE PRODUCTS",,,,,,,,2026-08-15T00:00:00-04:00,2026-08-20T23:59:59-04:00,,3266.36,-1669.08,3458.46,-1947.36,http://f.wishabi.net/page_items/429622452/1785891542/extra_large.jpg
Shoppers Drug Mart,8069919,1031509154,"SCHMIDT'S NATURAL (75g), DEGREE (48g) or DOVE (45g - 48g) CLINICAL DEODORANT",,7.99,,,,$7.99,,2026-08-15T00:00:00-04:00,2026-08-20T23:59:59-04:00,,873.26,-1550.17,1063.44,-1795.22,http://f.wishabi.net/page_items/429621605/1785891537/extra_large.jpg
Shoppers Drug Mart,8069919,1031505273,SCHNEIDERS JUICY JUMBOS (450g) or MAPLE LEAF PREPPED & READY SHREDDED CHICKEN (250g),,8.49,,,,$8.49,,2026-08-15T00:00:00-04:00,2026-08-20T23:59:59-04:00,,6228.89,-478.67,6433.8,-741.52,http://f.wishabi.net/page_items/429623463/1785891554/extra_large.jpg
Shoppers Drug Mart,8069919,1031495523,SECRET ANTIPERSPIRANT/DEODORANT 73g,Secret,8.49,,,,$8.49,,2026-08-15T00:00:00-04:00,2026-08-20T23:59:59-04:00,,1688.17,-1636.16,1879.87,-1905.39,http://f.wishabi.net/page_items/429622632/1785891541/extra_large.jpg
Shoppers Drug Mart,8069919,1031512833,"SECRET FASHION TIGHTS, FOOT COVERS or KNEE HIGHS",Secret,,,,,,,2026-08-15T00:00:00-04:00,2026-08-20T23:59:59-04:00,,13412.0,-1062.89,13707.0,-1471.09,http://f.wishabi.net/page_items/429624478/1785891563/extra_large.jpg
Shoppers Drug Mart,8069919,1031514577,SELECTD ADIDAS FRAGRANCES,,20.99,,,,$20.99,,2026-08-15T00:00:00-04:00,2026-08-20T23:59:59-04:00,,13475.3,-451.67,13707.8,-685.9,http://f.wishabi.net/page_items/429624472/1785891559/extra_large.jpg
Shoppers Drug Mart,8069919,1031504356,SELECTED 20oz or 40oz STAINLESS STEEL TUMBLERS,,,,,,,,2026-08-15T00:00:00-04:00,2026-08-20T23:59:59-04:00,,6937.72,-1582.29,7277.81,-1920.1,http://f.wishabi.net/page_items/429623794/1785891557/extra_large.jpg
Shoppers Drug Mart,8069919,1031507454,"SELECTED FOOD STORAGE CONTAINERS, MUGS or CHILDREN'S CUTLERY",,,,,,,,2026-08-15T00:00:00-04:00,2026-08-20T23:59:59-04:00,,6942.41,-1927.61,7149.1,-2132.78,http://f.wishabi.net/page_items/429623802/1785891564/extra_large.jpg
Shoppers Drug Mart,8069919,1031492474,"SELECTED HAIR ACCESSORIES, JEWELLERY or TCK WATCHES",,,,,,,,2026-08-15T00:00:00-04:00,2026-08-20T23:59:59-04:00,,21147.5,-761.6,21352.8,-1009.19,http://f.wishabi.net/page_items/429626209/1785891571/extra_large.jpg
Shoppers Drug Mart,8069919,1031492239,SELECTED MICHEL GERMAIN FRAGRANCES,,,,,,,,2026-08-15T00:00:00-04:00,2026-08-20T23:59:59-04:00,,13474.9,-695.39,13706.7,-924.37,http://f.wishabi.net/page_items/429624473/1785891560/extra_large.jpg
Shoppers Drug Mart,8069919,1031542071,"SELECTED TARGUS COMPUTER, FUSE or TARGUS MOBILE ACCESSORIES",Targus,,,,,,,2026-08-15T00:00:00-04:00,2026-08-20T23:59:59-04:00,,8693.67,-2197.03,8900.08,-2459.48,http://f.wishabi.net/page_items/429625981/1785891569/extra_large.jpg
Shoppers Drug Mart,8069919,1031512544,SENSODYNE Clinical Repair Deep Clean,Sensodyne,,,,,,,2026-08-15T00:00:00-04:00,2026-08-20T23:59:59-04:00,,25202.4,-1609.05,25545.7,-2150.08,http://f.wishabi.net/page_items/429626711/1785891570/extra_large.jpg
Shoppers Drug Mart,8069919,1031512638,SHEA MOISTURE HAIR CARE PRODUCTS,SheaMoisture,14.99,,,,$14.99,,2026-08-15T00:00:00-04:00,2026-08-20T23:59:59-04:00,,14885.9,-101.2,15230.2,-673.62,http://f.wishabi.net/page_items/429625089/1785891564/extra_large.jpg
Shoppers Drug Mart,8069919,1031505535,SHISEIDO Vital Perfection Uplifting and Firming Advanced Cream,,,,,,,,2026-08-15T00:00:00-04:00,2026-08-20T23:59:59-04:00,,21779.9,-625.95,21968.8,-902.74,http://f.wishabi.net/page_items/429626478/1785891565/extra_large.jpg
Shoppers Drug Mart,8069919,1031541538,SHOPPERS BEAUTY THE AUTUMN SKIN RESET BEAUTY BUNDLE,SHOPPERS BEAUTY,50.0,,,,$50.0,,2026-08-15T00:00:00-04:00,2026-08-20T23:59:59-04:00,,19602.6,-485.98,19811.2,-744.03,http://f.wishabi.net/page_items/429626517/1785891564/extra_large.jpg
Shoppers Drug Mart,8069919,1031505883,SILK'N TITAN MULTIPLATFORM SKIN TIGHTENING DEVICE,SILK'N,,,,,,,2026-08-15T00:00:00-04:00,2026-08-20T23:59:59-04:00,,19395.0,-1081.02,19651.9,-1508.01,http://f.wishabi.net/page_items/429626543/1785891579/extra_large.jpg
Shoppers Drug Mart,8069919,1031534541,SILK'N Titan MultiPlatform,SILK'N,,,,,,,2026-08-15T00:00:00-04:00,2026-08-20T23:59:59-04:00,,22273.0,-336.67,22396.9,-885.1,http://f.wishabi.net/page_items/429652252/1785891568/extra_large.jpg
Shoppers Drug Mart,8069919,1031511341,SIMILASAN EYE & EAR DROPS,Similasan,,,,,,,2026-08-15T00:00:00-04:00,2026-08-20T23:59:59-04:00,,4379.52,-698.08,4611.53,-925.09,http://f.wishabi.net/page_items/429622553/1785891541/extra_large.jpg
Shoppers Drug Mart,8069919,1031509090,SIMPLY PROTEIN (40g) or LOVE GOOD FATS (39g - 40g) PROTEIN BARS,,4.0,,,,$4.0,,2026-08-15T00:00:00-04:00,2026-08-20T23:59:59-04:00,,9611.13,-695.01,9839.01,-920.76,http://f.wishabi.net/page_items/429624584/1785891566/extra_large.jpg
Shoppers Drug Mart,8069919,1031517634,"SMARTWATER, EVIAN or FIJI NATURAL SPRING WATER",,2.79,,,,$2.79,,2026-08-15T00:00:00-04:00,2026-08-20T23:59:59-04:00,,18264.2,-1560.0,18601.9,-1920.11,http://f.wishabi.net/page_items/429626061/1785891566/extra_large.jpg
Shoppers Drug Mart,8069919,1032473308,"SMARTWATER, FIJI or EVIAN NATURAL SPRING WATER",,3.69,,,,$3.69,,2026-08-15T00:00:00-04:00,2026-08-20T23:59:59-04:00,,5374.79,-1516.29,5762.55,-1886.56,http://f.wishabi.net/page_items/430323118/1786466111/extra_large.jpg
Shoppers Drug Mart,8069919,1032471825,SMOKIES (1kg) SAUSAGES or FULLY-COOKED PORK BACK RIBS (500g),PC,12.99,,,,$12.99,,2026-08-15T00:00:00-04:00,2026-08-20T23:59:59-04:00,,4617.13,-1901.87,4846.08,-2137.88,http://f.wishabi.net/page_items/430323103/1786466100/extra_large.jpg
Shoppers Drug Mart,8069919,1031517289,STARBUCKS ICED COFFEE 1.42L,Starbucks,8.99,,,,$8.99,,2026-08-15T00:00:00-04:00,2026-08-20T23:59:59-04:00,,5815.13,-754.94,6021.12,-1008.12,http://f.wishabi.net/page_items/429626459/1785891565/extra_large.jpg
Shoppers Drug Mart,8069919,1031491962,STRIVECTIN SKIN CARE PRODUCTS,StriVectin,,,,,,,2026-08-15T00:00:00-04:00,2026-08-20T23:59:59-04:00,,2599.33,-704.17,2884.65,-1031.56,http://f.wishabi.net/page_items/429622439/1785891532/extra_large.jpg
Shoppers Drug Mart,8069919,1031512900,STUDIO LINE HAIR STYLING PRODUCTS,STUDIO LINE,9.99,,,,$9.99,,2026-08-15T00:00:00-04:00,2026-08-20T23:59:59-04:00,,3827.11,-1525.72,4209.54,-1895.03,http://f.wishabi.net/page_items/429622600/1785891555/extra_large.jpg
Shoppers Drug Mart,8069919,1031508021,"SUMMER'S EVE CLEANSING CLOTHS (32's), PERSONAL WASH (266mL - 444mL) or MONISTAT FEMININE CARE PRODUCTS",,,,,,,,2026-08-15T00:00:00-04:00,2026-08-20T23:59:59-04:00,,18475.2,-754.2,18682.9,-1008.5,http://f.wishabi.net/page_items/429626059/1785891565/extra_large.jpg
Shoppers Drug Mart,8069919,1031491591,SUNRYPE FRUIT TO GO STRIPS (24's) or FRUITSOURCE BAR (12's),SunRype,9.29,,,,$9.29,,2026-08-15T00:00:00-04:00,2026-08-20T23:59:59-04:00,,21200.6,-1571.14,21558.2,-1924.35,http://f.wishabi.net/page_items/429626200/1785891570/extra_large.jpg
Shoppers Drug Mart,8069919,1031505774,SVR SKIN CARE PRODUCTS,,,,,,,,2026-08-15T00:00:00-04:00,2026-08-20T23:59:59-04:00,,12843.6,-1061.0,13125.1,-1470.66,http://f.wishabi.net/page_items/429624494/1785891572/extra_large.jpg
Shoppers Drug Mart,8069919,1031516671,SWIFFER WET JET (1.25L) or WET CLOTH REFILLS,Swiffer,7.99,,,,$7.99,,2026-08-15T00:00:00-04:00,2026-08-20T23:59:59-04:00,,18932.9,-1574.58,19304.8,-1923.69,http://f.wishabi.net/page_items/429626076/1785891571/extra_large.jpg
Shoppers Drug Mart,8069919,1031542052,"SYSTANE (60's), VITALUX (50's - 120's) OCULAR or WEBBER NATURALS VITAMIN PRODUCTS",,,,,,,,2026-08-15T00:00:00-04:00,2026-08-20T23:59:59-04:00,,2070.04,-1641.29,2261.24,-1912.08,http://f.wishabi.net/page_items/429622620/1785891532/extra_large.jpg
Shoppers Drug Mart,8069919,1031503999,SYSTANE® Pro Multi-Dose Preservative Free†,Systane,,,,,,,2026-08-15T00:00:00-04:00,2026-08-20T23:59:59-04:00,,25206.6,-280.24,25520.7,-1039.11,http://f.wishabi.net/page_items/429626712/1785891571/extra_large.jpg
Shoppers Drug Mart,8069919,1031513100,Seniors' Day,,,,,,,,2026-08-20T00:00:00-04:00,2026-08-20T23:59:59-04:00,,2313.0,-2.0,2883.0,-169.0,http://f.wishabi.net/page_items/429652192/1785891557/extra_large.jpg
Shoppers Drug Mart,8069919,1031541999,Shiseido Colour + Glow Enhancer,Shiseido,55.0,,,,$55.0,,2026-08-15T00:00:00-04:00,2026-08-20T23:59:59-04:00,,10693.7,-1947.2,11035.1,-2468.24,http://f.wishabi.net/page_items/429624279/1785891555/extra_large.jpg
Shoppers Drug Mart,8069919,1031507131,TALENTI GELATO or SORBETTO 473mL,,7.99,,,,$7.99,,2026-08-15T00:00:00-04:00,2026-08-20T23:59:59-04:00,,19039.4,-1079.32,19301.3,-1523.91,http://f.wishabi.net/page_items/429626072/1785891569/extra_large.jpg
Shoppers Drug Mart,8069919,1031522592,"TAMPAX PEARL (16's - 18's), KOTEX BIOCARE (38's) or ALWAYS (48's - 54's) LINERS",,5.99,,,,$5.99,,2026-08-15T00:00:00-04:00,2026-08-20T23:59:59-04:00,,2505.53,-1392.89,2694.45,-1665.43,http://f.wishabi.net/page_items/429622449/1785891540/extra_large.jpg
Shoppers Drug Mart,8069919,1031507343,TAMPAX PEARL (45's - 50's) or RADIANT (38's - 42's) PADS,Tampax,14.99,,,,$14.99,,2026-08-15T00:00:00-04:00,2026-08-20T23:59:59-04:00,,20520.3,-117.57,20862.8,-474.38,http://f.wishabi.net/page_items/429626230/1785891576/extra_large.jpg
Shoppers Drug Mart,8069919,1031505594,"TAMPAX TAMPONS (40's), ALWAYS LINERS (60's - 120's) or PADS (20's - 48's)",,9.99,,,,$9.99,,2026-08-15T00:00:00-04:00,2026-08-20T23:59:59-04:00,,7562.62,-481.09,7770.48,-743.37,http://f.wishabi.net/page_items/429623783/1785891549/extra_large.jpg
Shoppers Drug Mart,8069919,1031513575,TENA INCONTINENCE PRODUCTS,Tena,17.99,,,,$17.99,,2026-08-15T00:00:00-04:00,2026-08-20T23:59:59-04:00,,494.11,-1551.31,684.74,-1795.27,http://f.wishabi.net/page_items/429625384/1785891552/extra_large.jpg
Shoppers Drug Mart,8069919,1031497552,THAYERS TONERS or CLEANSERS,Thayers,,,,,,,2026-08-15T00:00:00-04:00,2026-08-20T23:59:59-04:00,,14443.7,-1851.5,14788.6,-2434.18,http://f.wishabi.net/page_items/429625917/1785891562/extra_large.jpg
Shoppers Drug Mart,8069919,1031511214,THAYERS™M Hydrating Milky Toner,Thayers,,,,,,,2026-08-15T00:00:00-04:00,2026-09-11T23:59:59-04:00,,23898.0,-724.61,24173.0,-1442.4,http://f.wishabi.net/page_items/429654649/1785891568/extra_large.jpg
Shoppers Drug Mart,8069919,1031541482,THERABREATH ORAL RINSE,TheraBreath,11.99,,,,$11.99,,2026-08-15T00:00:00-04:00,2026-08-20T23:59:59-04:00,,1879.26,-1639.45,2071.04,-1909.79,http://f.wishabi.net/page_items/429622629/1785891538/extra_large.jpg
Shoppers Drug Mart,8069919,1031523055,THRIVE NICOTINE LOZENGES or GUM,Thrive,15.99,,,,$15.99,,2026-08-15T00:00:00-04:00,2026-08-20T23:59:59-04:00,,18266.1,-136.04,18604.4,-471.52,http://f.wishabi.net/page_items/429626093/1785891577/extra_large.jpg
Shoppers Drug Mart,8069919,1031503887,"TIDE PODS (18's - 31's), BOUNCE SHEETS (120's - 200's) or DOWNY SCENT BOOSTER (334g - 405g)",,10.99,,,,$10.99,,2026-08-15T00:00:00-04:00,2026-08-20T23:59:59-04:00,,1252.14,-1799.36,1444.07,-2037.31,http://f.wishabi.net/page_items/429621482/1785891520/extra_large.jpg
Shoppers Drug Mart,8069919,1031519129,TIMEX CLOCK RADIO or iHOME BLUETOOTH SPEAKER,,,,,,,,2026-08-15T00:00:00-04:00,2026-08-20T23:59:59-04:00,,8898.16,-1933.36,9101.53,-2191.12,http://f.wishabi.net/page_items/429626451/1785891566/extra_large.jpg
Shoppers Drug Mart,8069919,1031497112,TOM FORD Ombré Leather Eau de Parfum,TOM FORD,,,,,,,2026-08-15T00:00:00-04:00,2026-08-20T23:59:59-04:00,,22623.1,-561.31,22826.1,-897.5,http://f.wishabi.net/page_items/429652254/1785891569/extra_large.jpg
Shoppers Drug Mart,8069919,1031512601,"TOPPIK HAIR PERFECTING DUO KIT, HAIR BUILDING FIBERS (12g) or VIVISCAL HAIR REGROWTH PRODUCTS",,,,,,,,2026-08-15T00:00:00-04:00,2026-08-20T23:59:59-04:00,,4204.9,-1522.49,4604.69,-1894.3,http://f.wishabi.net/page_items/429622593/1785891553/extra_large.jpg
Shoppers Drug Mart,8069919,1031517098,TREE HUT SHEA SUGAR SCRUB 510g,,,,,,,,2026-08-15T00:00:00-04:00,2026-08-20T23:59:59-04:00,,13020.2,-695.23,13246.8,-922.18,http://f.wishabi.net/page_items/429624486/1785891568/extra_large.jpg
Shoppers Drug Mart,8069919,1031504245,"TRESEMME PREMIUM STYLING, L'OREAL WONDER WATER or EVERY MAN JACK SHAMPOO",,11.99,,,,$11.99,,2026-08-15T00:00:00-04:00,2026-08-20T23:59:59-04:00,,4152.88,-1902.09,4382.08,-2137.22,http://f.wishabi.net/page_items/429622556/1785891542/extra_large.jpg
Shoppers Drug Mart,8069919,1031507029,TRESEMMÉ or PANTENE HAIR CARE PRODUCTS,,6.99,,,,$6.99,,2026-08-15T00:00:00-04:00,2026-08-20T23:59:59-04:00,,6935.58,-120.48,7280.56,-477.0,http://f.wishabi.net/page_items/429623799/1785891562/extra_large.jpg
Shoppers Drug Mart,8069919,1031491665,"TROJAN PERSONAL DEVICE, LUBRICANT or CONDOMS",Trojan,,,,,,,2026-08-15T00:00:00-04:00,2026-08-20T23:59:59-04:00,,10068.4,-695.8,10299.0,-922.08,http://f.wishabi.net/page_items/429624572/1785891559/extra_large.jpg
Shoppers Drug Mart,8069919,1031535693,TWIGZ CRAFT PRETZELS (130g) or SNACK FACTORY PRETZEL CRISPS (155g - 200g),,5.49,,,,$5.49,,2026-08-15T00:00:00-04:00,2026-08-20T23:59:59-04:00,,18684.7,-2194.52,18890.6,-2461.16,http://f.wishabi.net/page_items/429626554/1785891583/extra_large.jpg
Shoppers Drug Mart,8069919,1031516924,TYLENOL ACETAMINOPHEN PAIN RELIEF PRODUCTS,Tylenol,13.99,,,,$13.99,,2026-08-15T00:00:00-04:00,2026-08-20T23:59:59-04:00,,1687.62,-1910.11,1879.97,-2185.62,http://f.wishabi.net/page_items/429622626/1785891536/extra_large.jpg
Shoppers Drug Mart,8069919,1031543529,Too Faced Sweet Peach Eyeshadow Palette,Too Faced,53.0,,,,$53.0,,2026-08-15T00:00:00-04:00,2026-08-20T23:59:59-04:00,,10348.9,-1423.32,10692.5,-1939.78,http://f.wishabi.net/page_items/429624280/1785891555/extra_large.jpg
Shoppers Drug Mart,8069919,1031521974,VAN HOUTTE K-CUP COFFEE PODS 12's,Van Houtte,11.49,,,,$11.49,,2026-08-15T00:00:00-04:00,2026-08-20T23:59:59-04:00,,18474.2,-2194.5,18681.4,-2460.81,http://f.wishabi.net/page_items/429626549/1785891580/extra_large.jpg
Shoppers Drug Mart,8069919,1031522309,VASELINE SKIN CARE PRODUCTS,Vaseline,8.99,,,,$8.99,,2026-08-15T00:00:00-04:00,2026-08-20T23:59:59-04:00,,14101.4,-1264.66,14446.0,-1846.96,http://f.wishabi.net/page_items/429625914/1785891560/extra_large.jpg
Shoppers Drug Mart,8069919,1031507404,"VICHY DERCOS HAIR CARE, LIFTACTIV or NORMADERM SKIN CARE PRODUCTS",,,,,,,,2026-08-15T00:00:00-04:00,2026-08-20T23:59:59-04:00,,2069.94,-820.48,2261.74,-1091.05,http://f.wishabi.net/page_items/429622635/1785891543/extra_large.jpg
Shoppers Drug Mart,8069919,1031509074,VICHY MINERAL 89 SKIN CARE PRODUCTS,Vichy,,,,,,,2026-08-15T00:00:00-04:00,2026-08-20T23:59:59-04:00,,872.79,-2041.81,1063.06,-2280.84,http://f.wishabi.net/page_items/429621600/1785891536/extra_large.jpg
Shoppers Drug Mart,8069919,1031507489,VICHY PURETÉ THERMALE FOAMING WATER CLEANSING or GEL KIT,Vichy,,,,,,,2026-08-15T00:00:00-04:00,2026-08-20T23:59:59-04:00,,19398.3,-485.2,19605.7,-745.53,http://f.wishabi.net/page_items/429626523/1785891567/extra_large.jpg
Shoppers Drug Mart,8069919,1031542158,VITA COCO COCONUT WATER (4's) or KOOL-AID JAMMERS FRUIT BEVERAGE (10's),,4.99,,,,$4.99,,2026-08-15T00:00:00-04:00,2026-08-20T23:59:59-04:00,,21351.9,-1930.38,21558.1,-2187.66,http://f.wishabi.net/page_items/429626218/1785891573/extra_large.jpg
Shoppers Drug Mart,8069919,1031536369,VITA COCO COCONUT WATER (IL) or PC BEVERAGES (1.89L),,6.0,,,,$6.0,,2026-08-15T00:00:00-04:00,2026-08-20T23:59:59-04:00,,2506.15,-2018.11,2693.5,-2299.26,http://f.wishabi.net/page_items/429622462/1785891551/extra_large.jpg
Shoppers Drug Mart,8069919,1031491625,"VITA COCO ORGANIC COCONUT (1L), NATUR-A or EARTH'S OWN (946mL) NON-DAIRY BEVERAGE",,5.0,,,,$5.0,,2026-08-15T00:00:00-04:00,2026-08-20T23:59:59-04:00,,18269.6,-1926.42,18476.4,-2190.14,http://f.wishabi.net/page_items/429626550/1785891580/extra_large.jpg
Shoppers Drug Mart,8069919,1031516452,VOLTACARE COOLING PAIN RELIEF CREAM (71g) or VOLTAREN EMULGEL (100g - 150g),,19.99,,,,$19.99,,2026-08-15T00:00:00-04:00,2026-08-20T23:59:59-04:00,,3829.03,-97.98,4190.66,-447.73,http://f.wishabi.net/page_items/429622597/1785891554/extra_large.jpg
Shoppers Drug Mart,8069919,1031491821,Versace Dylan Blush Pink,Versace,159.0,,,,$159.0,,2026-08-15T00:00:00-04:00,2026-08-20T23:59:59-04:00,,11478.5,-1368.56,11819.9,-1898.37,http://f.wishabi.net/page_items/429624463/1785891557/extra_large.jpg
Shoppers Drug Mart,8069919,1031513247,WATER CRACKERS (125g) or SWISS STICKS (100g),PC,1.99,,,,$1.99,,2026-08-15T00:00:00-04:00,2026-08-20T23:59:59-04:00,,16218.6,-1932.06,16427.2,-2190.44,http://f.wishabi.net/page_items/429624894/1785891562/extra_large.jpg
Shoppers Drug Mart,8069919,1031517275,"WATERPIK ULTRA WATERFLOSSER, DENTEK ULTIMATE DENTAL GUARD (1'S) or EOS LIP BALMS",,,,,,,,2026-08-15T00:00:00-04:00,2026-08-20T23:59:59-04:00,,7563.86,-2138.17,7772.21,-2332.67,http://f.wishabi.net/page_items/429623807/1785891567/extra_large.jpg
Shoppers Drug Mart,8069919,1031491571,WATIER,WATIER,,,,,,,2026-08-15T00:00:00-04:00,2026-08-20T23:59:59-04:00,,2070.12,-261.01,2261.67,-544.82,http://f.wishabi.net/page_items/429622640/1785891546/extra_large.jpg
Shoppers Drug Mart,8069919,1031505850,"WEBBER NATURALS JOINT CARE, COLLAGEN or GLUCOSAMINE PRODUCTS",webber naturals,25.99,,,,$25.99,,2026-08-15T00:00:00-04:00,2026-08-20T23:59:59-04:00,,3922.87,-453.46,4153.23,-688.75,http://f.wishabi.net/page_items/429622541/1785891538/extra_large.jpg
Shoppers Drug Mart,8069919,1031514521,WEBBER NATURALS® Magnesium Bisglycinate†,,,,,,,,2026-08-15T00:00:00-04:00,2026-08-20T23:59:59-04:00,,24868.3,-286.67,25200.1,-1047.08,http://f.wishabi.net/page_items/429626713/1785891571/extra_large.jpg
Shoppers Drug Mart,8069919,1031541249,"WICKED AUDIO GROWL BLUETOOTH SPEAKER,",Wicked Audio,,,,,,,2026-08-15T00:00:00-04:00,2026-08-20T23:59:59-04:00,,8692.31,-1933.77,8900.84,-2190.96,http://f.wishabi.net/page_items/429626449/1785891564/extra_large.jpg
Shoppers Drug Mart,8069919,1031506157,WINKY LUX COSMETIC PRODUCTS,WINKY LUX,,,,,,,2026-08-15T00:00:00-04:00,2026-08-20T23:59:59-04:00,,17556.1,-754.79,17762.5,-1011.34,http://f.wishabi.net/page_items/429626002/1785891572/extra_large.jpg
Shoppers Drug Mart,8069919,1031497432,WONDER BALLPARK CLASSICS HOT DOG (6's) or HAMBURGER (8's) BUNS,Wonder,4.0,,,,$4.0,,2026-08-15T00:00:00-04:00,2026-08-20T23:59:59-04:00,,18779.9,-1087.81,19039.8,-1516.58,http://f.wishabi.net/page_items/429626065/1785891567/extra_large.jpg
Shoppers Drug Mart,8069919,1031492610,WONDER WHITE or WHOLE WHEAT BREAD 675g,Wonder,2.49,,,,$2.49,,2026-08-15T00:00:00-04:00,2026-08-16T23:59:59-04:00,,1064.39,-878.0,1255.34,-1106.42,http://f.wishabi.net/page_items/429625381/1785891550/extra_large.jpg
Shoppers Drug Mart,8069919,1032473314,"WONDER WRAPS (10's), D'ITALIANO BREAD (675g) or VACHON SNACK CAKES (6's - 12's)",,7.0,,,,$7.0,,2026-08-15T00:00:00-04:00,2026-08-20T23:59:59-04:00,,4614.92,-1057.97,4899.97,-1472.68,http://f.wishabi.net/page_items/430323119/1786466112/extra_large.jpg
Shoppers Drug Mart,8069919,1031536823,WONDERFUL ROASTED PISTACHIOS,Wonderful,8.99,,,,$8.99,,2026-08-15T00:00:00-04:00,2026-08-20T23:59:59-04:00,,18683.5,-1929.54,18890.8,-2190.12,http://f.wishabi.net/page_items/429626552/1785891582/extra_large.jpg
Shoppers Drug Mart,8069919,1031504233,XEROX VITALITY MULTI-PURPOSE PRINTER PAPER (500's) or DUDLEY COMBINATION LOCK,,8.99,,,,$8.99,,2026-08-15T00:00:00-04:00,2026-08-20T23:59:59-04:00,,6943.58,-2137.04,7150.07,-2333.02,http://f.wishabi.net/page_items/429623810/1785891569/extra_large.jpg
Shoppers Drug Mart,8069919,1031542132,"YOUTHEORY, PROGRESSIVE VITAMIN or NATURAL HEALTH PRODUCTS",,,,,,,,2026-08-15T00:00:00-04:00,2026-08-20T23:59:59-04:00,,4042.18,-1065.92,4331.96,-1471.41,http://f.wishabi.net/page_items/429622582/1785891549/extra_large.jpg
Shoppers Drug Mart,8069919,1031517005,YSL MYSLF Eau de Toilette Intense 100mL,,180.0,,,,$180.0,,2026-08-15T00:00:00-04:00,2026-08-20T23:59:59-04:00,,11477.7,-257.37,12512.0,-1213.54,http://f.wishabi.net/page_items/429624468/1785891561/extra_large.jpg
Shoppers Drug Mart,8069919,1032473356,ZIGGY'S FRESH PASTA (350g) or RESER'S SALADS (425g - 454g),,3.49,,,,$3.49,,2026-08-15T00:00:00-04:00,2026-08-20T23:59:59-04:00,,5533.04,-2139.75,5762.21,-2371.36,http://f.wishabi.net/page_items/430323126/1786466117/extra_large.jpg
Shoppers Drug Mart,8069919,1031517301,e.l.f. COSMETIC PRODUCTS,e.l.f,,,,,,,2026-08-15T00:00:00-04:00,2026-08-20T23:59:59-04:00,,13276.3,-1513.74,13702.8,-1896.15,http://f.wishabi.net/page_items/429624496/1785891574/extra_large.jpg
Shoppers Drug Mart,8069919,1031519157,göt2b HAIR COLOUR or MAGIC ROOT COVERUP ROOT TOUCH-UP,,12.99,,,,$12.99,,2026-08-15T00:00:00-04:00,2026-08-20T23:59:59-04:00,,3464.98,-1901.14,3695.87,-2137.67,http://f.wishabi.net/page_items/429622535/1785891536/extra_large.jpg
Shoppers Drug Mart,8069919,1031502983,"göt2b HAIR STYLING, L'ORÉAL GLYCOLIC GLOSS or PANTENE BLENDS HAIR CARE PRODUCTS",,8.99,,,,$8.99,,2026-08-15T00:00:00-04:00,2026-08-20T23:59:59-04:00,,6942.94,-482.83,7149.83,-744.29,http://f.wishabi.net/page_items/429623786/1785891552/extra_large.jpg
Shoppers Drug Mart,8069919,1031511585,my iN.gredients FACIAL SKIN CARE PRODUCTS,my iN.gredients,,,,,,,2026-08-15T00:00:00-04:00,2026-08-20T23:59:59-04:00,,17135.8,-123.06,17482.3,-477.15,http://f.wishabi.net/page_items/429626014/1785891580/extra_large.jpg
Shoppers Drug Mart,8069919,1031511799,shoppers photo,,,,,,,,2026-08-15T00:00:00-04:00,2026-08-20T23:59:59-04:00,,8072.94,-2202.12,8686.86,-2459.74,http://f.wishabi.net/page_items/429625985/1785891570/extra_large.jpg
Shoppers Drug Mart,8069919,1031524999,withinUs COLLAGEN (175g - 230g) or PROMENSIL MENOPAUSE RELIEF PRODUCTS,,,,,,,,2026-08-15T00:00:00-04:00,2026-08-20T23:59:59-04:00,,18600.6,-131.14,18953.6,-472.91,http://f.wishabi.net/page_items/429626095/1785891578/extra_large.jpg
T&T Supermarket,8082478,1033130898,"ACC MOONCAKE, 175g-200gx4",,24.99,,,,$24.99,,2026-08-14T00:00:00-04:00,2026-08-20T23:59:59-04:00,,389.09,-1846.23,697.91,-2096.11,http://f.wishabi.net/page_items/430585199/1786647072/extra_large.jpg
T&T Supermarket,8082478,1033127335,"ALPHONSO/ALJUICE BEVERAGE, 1.75L",,6.99,,,,$6.99,,2026-08-14T00:00:00-04:00,2026-08-20T23:59:59-04:00,,6562.23,-1993.87,7036.33,-2340.05,http://f.wishabi.net/page_items/430585262/1786647070/extra_large.jpg
T&T Supermarket,8082478,1033127337,"AROY-D COCONUT MILK FOR DESSERT/COOKING, 400 ml",,4.97,,,,$4.97,,2026-08-14T00:00:00-04:00,2026-08-20T23:59:59-04:00,,7500.18,-680.75,7983.86,-1129.37,http://f.wishabi.net/page_items/430585256/1786647069/extra_large.jpg
T&T Supermarket,8082478,1033130713,"Asian Legend Dumplings,680g",,12.97,,,,$12.97,,2026-08-14T00:00:00-04:00,2026-08-20T23:59:59-04:00,,73.22,-996.04,547.46,-1325.14,http://f.wishabi.net/page_items/430585186/1786647064/extra_large.jpg
T&T Supermarket,8082478,1033148341,BAKERY,,,,,,,,2026-08-14T00:00:00-04:00,2026-08-20T23:59:59-04:00,,10145.0,-1876.35,11594.4,-2186.92,http://f.wishabi.net/page_items/430628289/1786647068/extra_large.jpg
T&T Supermarket,8082478,1033127340,"BAMBOO DURIAN STEAMED BUN, 240g",,4.0,,,,$4.0,,2026-08-14T00:00:00-04:00,2026-08-20T23:59:59-04:00,,6100.2,-2001.98,6565.59,-2345.95,http://f.wishabi.net/page_items/430585265/1786647071/extra_large.jpg
T&T Supermarket,8082478,1033130043,"BEAUTY OF JOSEON SERUM DYNASTY CREAM, 30ml/ 50ml",,15.97,,,,$15.97,,2026-08-14T00:00:00-04:00,2026-08-20T23:59:59-04:00,,4773.96,-1392.2,5065.51,-1691.18,http://f.wishabi.net/page_items/430585667/1786647079/extra_large.jpg
T&T Supermarket,8082478,1033130900,BEEF CHUCK ROLL - ROLL,,10.99,,,,$10.99,,2026-08-14T00:00:00-04:00,2026-08-20T23:59:59-04:00,,2155.45,-1265.16,2532.98,-1542.7,http://f.wishabi.net/page_items/430585308/1786647084/extra_large.jpg
T&T Supermarket,8082478,1033134888,BEEF OXTAIL,,12.99,,,,$12.99,,2026-08-14T00:00:00-04:00,2026-08-20T23:59:59-04:00,,2531.48,-1266.24,2881.54,-1540.31,http://f.wishabi.net/page_items/430585288/1786647072/extra_large.jpg
T&T Supermarket,8082478,1033131165,BITTER MELON,,1.98,,,,$1.98,,2026-08-14T00:00:00-04:00,2026-08-20T23:59:59-04:00,,2878.71,-76.07,3228.97,-372.64,http://f.wishabi.net/page_items/430585284/1786647069/extra_large.jpg
T&T Supermarket,8082478,1033128344,BLACK ANGUS BEEF RIB EYE STEAK,,16.99,,,,$16.99,,2026-08-14T00:00:00-04:00,2026-08-20T23:59:59-04:00,,3574.86,-1271.11,3936.26,-1542.8,http://f.wishabi.net/page_items/430585278/1786647066/extra_large.jpg
T&T Supermarket,8082478,1033131142,BLACK SEEDED TABLE GRAPES,,8.88,,,,$8.88,,2026-08-14T00:00:00-04:00,2026-08-20T23:59:59-04:00,,3573.84,-381.5,3936.77,-667.29,http://f.wishabi.net/page_items/430585276/1786647065/extra_large.jpg
T&T Supermarket,8082478,1033134753,"BROILED EEL, 340g",,9.99,,,,$9.99,,2026-08-14T00:00:00-04:00,2026-08-20T23:59:59-04:00,,72.6,-662.17,543.63,-994.02,http://f.wishabi.net/page_items/430585192/1786647068/extra_large.jpg
T&T Supermarket,8082478,1033136005,"BURNBRAE FARMS OMEGA PLUS EGGS (LARGE), 12 pcs",,4.97,,,,$4.97,,2026-08-14T00:00:00-04:00,2026-08-20T23:59:59-04:00,,5068.7,-441.11,5361.75,-762.15,http://f.wishabi.net/page_items/430585664/1786647077/extra_large.jpg
T&T Supermarket,8082478,1033131204,CAJUN STYLE CHICKEN WINGS,,8.99,,,,$8.99,,2026-08-14T00:00:00-04:00,2026-08-20T23:59:59-04:00,,5097.53,-1993.35,5391.43,-2254.88,http://f.wishabi.net/page_items/430585678/1786647086/extra_large.jpg
T&T Supermarket,8082478,1033127378,"CALLETON CAKE/TOAST/CAKE ROLL, 288G-480G",,3.99,,,,$3.99,,2026-08-14T00:00:00-04:00,2026-08-20T23:59:59-04:00,,8446.55,-1268.13,8746.31,-1611.81,http://f.wishabi.net/page_items/430585346/1786647072/extra_large.jpg
T&T Supermarket,8082478,1033135930,"CALLETON CAKE/TOAST/CAKE ROLL, 288g-480g",,3.99,,,,$3.99,,2026-08-14T00:00:00-04:00,2026-08-20T23:59:59-04:00,,2439.57,-2146.7,2727.67,-2391.17,http://f.wishabi.net/page_items/430585306/1786647083/extra_large.jpg
T&T Supermarket,8082478,1033131184,CARACARA ORANGE,,1.79,,,,$1.79,,2026-08-14T00:00:00-04:00,2026-08-20T23:59:59-04:00,,2165.21,-385.08,2533.01,-664.51,http://f.wishabi.net/page_items/430585291/1786647074/extra_large.jpg
T&T Supermarket,8082478,1033134833,CERTIFIED ANGUS BEEF CHUCK ROLL,,12.99,,,,$12.99,,2026-08-14T00:00:00-04:00,2026-08-20T23:59:59-04:00,,2880.96,-1265.42,3228.81,-1538.25,http://f.wishabi.net/page_items/430585290/1786647073/extra_large.jpg
T&T Supermarket,8082478,1033131195,CERTIFIED ANGUS BEEF SHORT RIB,,13.99,,,,$13.99,,2026-08-14T00:00:00-04:00,2026-08-20T23:59:59-04:00,,3227.42,-1269.43,3579.22,-1537.65,http://f.wishabi.net/page_items/430585281/1786647068/extra_large.jpg
T&T Supermarket,8082478,1033133744,"CHACHA COCONUT SUNFLOWER SEEDS, 260g",,2.27,,,,$2.27,,2026-08-14T00:00:00-04:00,2026-08-20T23:59:59-04:00,,4340.22,-75.85,4751.27,-243.21,http://f.wishabi.net/page_items/430585681/1786647088/extra_large.jpg
T&T Supermarket,8082478,1033135525,"CHERRY GRANDFATHER WALNUT AND DATE CAKE, 350g",,21.99,,,,$21.99,,2026-08-14T00:00:00-04:00,2026-08-20T23:59:59-04:00,,1611.71,-1592.7,1938.03,-1841.05,http://f.wishabi.net/page_items/430585197/1786647071/extra_large.jpg
T&T Supermarket,8082478,1033127318,"CHICKEN BRAND PICKLED SOUR MUSTARD, 300g",,4.5,,,,$4.5,,2026-08-14T00:00:00-04:00,2026-08-20T23:59:59-04:00,,6094.34,-1160.75,6563.38,-1595.13,http://f.wishabi.net/page_items/430585239/1786647065/extra_large.jpg
T&T Supermarket,8082478,1033131276,CHICKEN WINGETTE,,4.59,,,,$4.59,,2026-08-14T00:00:00-04:00,2026-08-17T23:59:59-04:00,,2880.71,-971.63,3230.52,-1257.14,http://f.wishabi.net/page_items/430585286/1786647071/extra_large.jpg
T&T Supermarket,8082478,1033127333,"CHIN-SU GARLIC AND CHILI SOY SAUCE, 330ml",,1.97,,,,$1.97,,2026-08-14T00:00:00-04:00,2026-08-20T23:59:59-04:00,,6560.56,-684.28,7026.16,-1131.28,http://f.wishabi.net/page_items/430585253/1786647068/extra_large.jpg
T&T Supermarket,8082478,1033127381,"CHINAMAID SOYBEAN ROLL, 200g",,4.97,,,,$4.97,,2026-08-14T00:00:00-04:00,2026-08-20T23:59:59-04:00,,8132.61,-874.24,8447.0,-1224.33,http://f.wishabi.net/page_items/430585352/1786647073/extra_large.jpg
T&T Supermarket,8082478,1033133747,"CLEAR WATER WILD CAUGHT ARCTIC SURF CLAM, 400g",,7.99,,,,$7.99,,2026-08-14T00:00:00-04:00,2026-08-20T23:59:59-04:00,,2878.46,-674.18,3229.47,-958.78,http://f.wishabi.net/page_items/430585282/1786647068/extra_large.jpg
T&T Supermarket,8082478,1033135934,COHO SALMON FILLET,,9.99,,,,$9.99,,2026-08-14T00:00:00-04:00,2026-08-20T23:59:59-04:00,,1468.6,-309.58,1936.68,-666.16,http://f.wishabi.net/page_items/430585190/1786647067/extra_large.jpg
T&T Supermarket,8082478,1033135535,"COOKER KING STAINLESS STEEL STOCK POT/ONECOOK STAINLESS STEEL DEEP STOCK POT, 24cm/22cm",,21.99,,,,$21.99,,2026-08-14T00:00:00-04:00,2026-08-20T23:59:59-04:00,,5654.06,-1388.04,5959.81,-1692.11,http://f.wishabi.net/page_items/430585649/1786647066/extra_large.jpg
T&T Supermarket,8082478,1033135924,"COOKER KING TITANIUM-IRON ALLOY WOK/PURE TITANIUM WOK, 32 cm",,58.99,,,,$58.99,,2026-08-14T00:00:00-04:00,2026-08-20T23:59:59-04:00,,5358.5,-1388.96,5654.55,-1692.77,http://f.wishabi.net/page_items/430585654/1786647070/extra_large.jpg
T&T Supermarket,8082478,1033131191,CROWN BROCCOLI,,1.48,,,,$1.48,,2026-08-14T00:00:00-04:00,2026-08-20T23:59:59-04:00,,2155.61,-83.04,2533.2,-378.95,http://f.wishabi.net/page_items/430585294/1786647076/extra_large.jpg
T&T Supermarket,8082478,1033136186,Chacha Building Block Set/Tote bag/Pocket Note Book,,,,,,,,2026-08-14T00:00:00-04:00,2026-08-20T23:59:59-04:00,,4339.75,-243.56,4754.59,-414.66,http://f.wishabi.net/page_items/430585684/1786647090/extra_large.jpg
T&T Supermarket,8082478,1033136068,Chicken Drumstick,,1.99,,,,$1.99,,2026-08-14T00:00:00-04:00,2026-08-20T23:59:59-04:00,,543.65,-665.2,1006.62,-992.8,http://f.wishabi.net/page_items/430585188/1786647066/extra_large.jpg
T&T Supermarket,8082478,1033148328,DAIRY & FROZEN,,,,,,,,2026-08-14T00:00:00-04:00,2026-08-20T23:59:59-04:00,,10137.6,-1221.94,11579.6,-1525.11,http://f.wishabi.net/page_items/430628283/1786647066/extra_large.jpg
T&T Supermarket,8082478,1033127307,"DANISA TRADITIONAL BUTTER COOKIES, 908g",,12.97,,,,$12.97,,2026-08-14T00:00:00-04:00,2026-08-20T23:59:59-04:00,,6557.02,-1598.41,7032.59,-1988.74,http://f.wishabi.net/page_items/430585230/1786647062/extra_large.jpg
T&T Supermarket,8082478,1033131132,DINO MELON/SANTA CLAUS MELON,,3.99,,,,$3.99,,2026-08-14T00:00:00-04:00,2026-08-20T23:59:59-04:00,,2529.45,-382.13,2880.75,-662.15,http://f.wishabi.net/page_items/430585285/1786647070/extra_large.jpg
T&T Supermarket,8082478,1033134812,DONUT PEACH,,3.99,,,,$3.99,,2026-08-14T00:00:00-04:00,2026-08-20T23:59:59-04:00,,3228.77,-387.34,3576.91,-668.14,http://f.wishabi.net/page_items/430585272/1786647062/extra_large.jpg
T&T Supermarket,8082478,1033130371,"DUBAI CHOCO PORTUGUESE TART, 80gx2",,4.5,,,,$4.5,,2026-08-14T00:00:00-04:00,2026-08-20T23:59:59-04:00,,4169.44,-1712.58,4602.36,-1983.42,http://f.wishabi.net/page_items/430585669/1786647080/extra_large.jpg
T&T Supermarket,8082478,1033127363,"Durian Crepe Cake, 560g",,20.0,,,,$20.0,,2026-08-14T00:00:00-04:00,2026-08-20T23:59:59-04:00,,8126.86,-515.21,8446.75,-858.25,http://f.wishabi.net/page_items/430585334/1786647068/extra_large.jpg
T&T Supermarket,8082478,1033136018,"FU CHENG PANCAKE (SALTY/SESAME), 560g",,,,,,,,2026-08-14T00:00:00-04:00,2026-08-20T23:59:59-04:00,,5549.98,-238.7,5956.15,-411.26,http://f.wishabi.net/page_items/430585682/1786647089/extra_large.jpg
T&T Supermarket,8082478,1033134246,"FUKU SUPERIOR SOUP INSTANT RICE NOODLE/ NOODLE, 65g/ 90gx5",,7.5,,,,$7.5,,2026-08-14T00:00:00-04:00,2026-08-20T23:59:59-04:00,,4177.04,-1075.82,4478.34,-1386.41,http://f.wishabi.net/page_items/430585651/1786647068/extra_large.jpg
T&T Supermarket,8082478,1033127389,"FULINMEN WU CHANG RICE, 10kg",,36.97,,,,$36.97,,2026-08-14T00:00:00-04:00,2026-08-20T23:59:59-04:00,,9040.23,-876.63,9339.3,-1218.45,http://f.wishabi.net/page_items/430585358/1786647075/extra_large.jpg
T&T Supermarket,8082478,1033131154,"FULL MOON WHITE LOTUS PASTE WITH EGG YOLK MOONCAKE, 160GX4",,15.99,,,,$15.99,,2026-08-14T00:00:00-04:00,2026-08-20T23:59:59-04:00,,1310.67,-1593.82,1615.53,-1844.79,http://f.wishabi.net/page_items/430585202/1786647074/extra_large.jpg
T&T Supermarket,8082478,1033131297,"Fu Cheng Pancake (Salty/Sesame),560g",,7.55,,,,$7.55,,2026-08-14T00:00:00-04:00,2026-08-20T23:59:59-04:00,,5550.93,-75.92,5956.31,-243.31,http://f.wishabi.net/page_items/430585683/1786647089/extra_large.jpg
T&T Supermarket,8082478,1033130417,GOLD KIWIFRUIT,,8.88,,,,$8.88,,2026-08-14T00:00:00-04:00,2026-08-20T23:59:59-04:00,,1005.06,-314.6,1468.93,-664.44,http://f.wishabi.net/page_items/430585187/1786647065/extra_large.jpg
T&T Supermarket,8082478,1033131186,"GOLDEN NEST SWALLOW NEST, 75mlx6",,39.97,,,,$39.97,,2026-08-14T00:00:00-04:00,2026-08-20T23:59:59-04:00,,386.02,-1593.12,695.22,-1843.37,http://f.wishabi.net/page_items/430585196/1786647071/extra_large.jpg
T&T Supermarket,8082478,1033134709,"GOLDEN PILLOW DANISH BREAD, 370g",,5.3,,,,$5.3,,2026-08-14T00:00:00-04:00,2026-08-20T23:59:59-04:00,,4455.79,-1993.02,4739.31,-2256.53,http://f.wishabi.net/page_items/430585673/1786647083/extra_large.jpg
T&T Supermarket,8082478,1033134837,"GREAT MOUNTAIN CANADIAN GINSENG, 120g-227g",,29.97,,,,$29.97,,2026-08-14T00:00:00-04:00,2026-08-20T23:59:59-04:00,,68.8,-1591.67,387.04,-1843.06,http://f.wishabi.net/page_items/430585193/1786647069/extra_large.jpg
T&T Supermarket,8082478,1033130379,GREEN LEAF LETTUCE,,1.99,,,,$1.99,,2026-08-14T00:00:00-04:00,2026-08-20T23:59:59-04:00,,3224.72,-74.27,3578.61,-374.26,http://f.wishabi.net/page_items/430585279/1786647067/extra_large.jpg
T&T Supermarket,8082478,1033127352,"GREENMAX ULTRA FINE ALMOND PDR, 300g",,,,,,,,2026-08-14T00:00:00-04:00,2026-08-20T23:59:59-04:00,,8864.21,-1758.01,9224.98,-2105.65,http://f.wishabi.net/page_items/430585316/1786647063/extra_large.jpg
T&T Supermarket,8082478,1033127857,GROUND LAMB,,11.99,,,,$11.99,,2026-08-14T00:00:00-04:00,2026-08-20T23:59:59-04:00,,1334.63,-2114.13,1627.3,-2401.96,http://f.wishabi.net/page_items/430585206/1786647076/extra_large.jpg
T&T Supermarket,8082478,1033135909,GROUND PORK,,3.29,,,,$3.29,,2026-08-14T00:00:00-04:00,2026-08-20T23:59:59-04:00,,2530.91,-973.73,2883.22,-1256.25,http://f.wishabi.net/page_items/430585275/1786647064/extra_large.jpg
T&T Supermarket,8082478,1033127372,"HADAY SEASONED SOY SAUCE, 750ml",,3.97,,,,$3.97,,2026-08-14T00:00:00-04:00,2026-08-20T23:59:59-04:00,,9333.36,-873.74,9637.97,-1218.23,http://f.wishabi.net/page_items/430585342/1786647070/extra_large.jpg
T&T Supermarket,8082478,1033131139,"HAN KA CUT KIMCHI, 400g-1.5 kg",,5.47,,,,$5.47,,2026-08-14T00:00:00-04:00,2026-08-20T23:59:59-04:00,,5359.32,-442.01,5655.1,-762.67,http://f.wishabi.net/page_items/430585658/1786647073/extra_large.jpg
T&T Supermarket,8082478,1033128214,"HOLIDAY LUNCHEON MEAT, 340g",,6.97,,,,$6.97,,2026-08-14T00:00:00-04:00,2026-08-20T23:59:59-04:00,,5067.16,-770.78,5362.45,-1073.95,http://f.wishabi.net/page_items/430585659/1786647073/extra_large.jpg
T&T Supermarket,8082478,1033134880,"HONG KONG WING WAH SAUFFEE ROLLS/EGG ROLL/ALMOND COOKIES, 280g/ 450g",,15.99,,,,$15.99,,2026-08-14T00:00:00-04:00,2026-08-20T23:59:59-04:00,,1002.59,-1592.29,1310.56,-1841.79,http://f.wishabi.net/page_items/430585198/1786647072/extra_large.jpg
T&T Supermarket,8082478,1033131214,HOT HOUSE TOMATO,,1.68,,,,$1.68,,2026-08-14T00:00:00-04:00,2026-08-20T23:59:59-04:00,,2526.71,-84.26,2882.12,-372.81,http://f.wishabi.net/page_items/430585277/1786647065/extra_large.jpg
T&T Supermarket,8082478,1033134699,"HÄAGEN-DAZS ICE CREAM, 450ml",,4.94,,,,$4.94,,2026-08-14T00:00:00-04:00,2026-08-20T23:59:59-04:00,,1466.11,-667.73,1933.6,-990.32,http://f.wishabi.net/page_items/430585185/1786647064/extra_large.jpg
T&T Supermarket,8082478,1033134890,"JEAN HAO SQUID SNACKS, 160g",,7.97,,,,$7.97,,2026-08-14T00:00:00-04:00,2026-08-20T23:59:59-04:00,,3017.34,-2144.42,3302.77,-2391.23,http://f.wishabi.net/page_items/430585307/1786647083/extra_large.jpg
T&T Supermarket,8082478,1033127384,"JMSOLUTION LUMINOUS FACIAL MASK, 10pcs",,9.97,,,,$9.97,,2026-08-14T00:00:00-04:00,2026-08-20T23:59:59-04:00,,9335.47,-1265.6,9633.23,-1600.71,http://f.wishabi.net/page_items/430585354/1786647074/extra_large.jpg
T&T Supermarket,8082478,1033127398,"KADOYA ROASTED SESAME OIL, 327ml",,5.97,,,,$5.97,,2026-08-14T00:00:00-04:00,2026-08-20T23:59:59-04:00,,9635.2,-871.7,9970.08,-1227.6,http://f.wishabi.net/page_items/430585368/1786647078/extra_large.jpg
T&T Supermarket,8082478,1033131194,"KIMLAN SOY SAUCE, 590ml",,7.5,,,,$7.5,,2026-08-14T00:00:00-04:00,2026-08-20T23:59:59-04:00,,4178.33,-766.69,4480.28,-1071.89,http://f.wishabi.net/page_items/430585650/1786647067/extra_large.jpg
T&T Supermarket,8082478,1033131192,"KINGO GEN JI MAI BROWN RICE, 15 lb",,18.97,,,,$18.97,,2026-08-14T00:00:00-04:00,2026-08-20T23:59:59-04:00,,2729.39,-1889.56,3017.04,-2142.16,http://f.wishabi.net/page_items/430585300/1786647079/extra_large.jpg
T&T Supermarket,8082478,1033127388,"KINGO GEN JI MAI BROWN RICE, 15lb",,18.97,,,,$18.97,,2026-08-14T00:00:00-04:00,2026-08-20T23:59:59-04:00,,8744.9,-875.76,9040.89,-1227.38,http://f.wishabi.net/page_items/430585356/1786647075/extra_large.jpg
T&T Supermarket,8082478,1033148346,KITCHEN,,,,,,,,2026-08-14T00:00:00-04:00,2026-08-20T23:59:59-04:00,,10133.9,-2209.11,11572.2,-2512.28,http://f.wishabi.net/page_items/430628290/1786647069/extra_large.jpg
T&T Supermarket,8082478,1033127315,"KOPIKO INSTANT COFFEE, 25g-30g x 30",,8.99,,,,$8.99,,2026-08-14T00:00:00-04:00,2026-08-20T23:59:59-04:00,,6096.42,-1605.25,6563.43,-1998.36,http://f.wishabi.net/page_items/430585242/1786647066/extra_large.jpg
T&T Supermarket,8082478,1033127359,"KRACIE BATH SALT-CLEAR/MILKY, 15pc/25gx13",,,,,,,,2026-08-14T00:00:00-04:00,2026-08-20T23:59:59-04:00,,9589.13,-1729.5,9974.76,-2100.03,http://f.wishabi.net/page_items/430585328/1786647066/extra_large.jpg
T&T Supermarket,8082478,1033135531,"LAMB LOIN CHOP, 1 kg",,11.99,,,,$11.99,,2026-08-14T00:00:00-04:00,2026-08-20T23:59:59-04:00,,1035.9,-2115.31,1332.22,-2403.79,http://f.wishabi.net/page_items/430585209/1786647078/extra_large.jpg
T&T Supermarket,8082478,1033131187,LAMB SHOULDER ROLL,,11.99,,,,$11.99,,2026-08-14T00:00:00-04:00,2026-08-20T23:59:59-04:00,,1627.5,-2109.61,1934.59,-2403.88,http://f.wishabi.net/page_items/430585205/1786647076/extra_large.jpg
T&T Supermarket,8082478,1033131131,"LEE KUM KEE SAUCE/MINCED GARLIC, 205g-326g",,4.0,,,,$4.0,,2026-08-14T00:00:00-04:00,2026-08-20T23:59:59-04:00,,4478.73,-765.99,4776.35,-1069.9,http://f.wishabi.net/page_items/430585652/1786647068/extra_large.jpg
T&T Supermarket,8082478,1033134689,"LI KOU FU MOONCAKE, 90gx6/187.5gx4",,29.99,,,,$29.99,,2026-08-14T00:00:00-04:00,2026-08-20T23:59:59-04:00,,698.12,-1844.45,1005.42,-2094.69,http://f.wishabi.net/page_items/430585201/1786647073/extra_large.jpg
T&T Supermarket,8082478,1033131141,LIBERTERRE RWA PORK SIDE RIB (FRESH),,4.99,,,,$4.99,,2026-08-14T00:00:00-04:00,2026-08-20T23:59:59-04:00,,3228.22,-974.71,3576.24,-1255.35,http://f.wishabi.net/page_items/430585280/1786647067/extra_large.jpg
T&T Supermarket,8082478,1033133733,"LION & GLOBE PURE PEANUT OIL, 3L",,29.97,,,,$29.97,,2026-08-14T00:00:00-04:00,2026-08-20T23:59:59-04:00,,5651.27,-440.27,5961.72,-762.93,http://f.wishabi.net/page_items/430585653/1786647069/extra_large.jpg
T&T Supermarket,8082478,1033134735,"LIUMANGYIKE DURIAN SNOWY MOONCAKE, 68gx6",,48.8,,,,$48.8,,2026-08-14T00:00:00-04:00,2026-08-20T23:59:59-04:00,,1616.81,-1844.62,1935.57,-2093.15,http://f.wishabi.net/page_items/430585195/1786647070/extra_large.jpg
T&T Supermarket,8082478,1033133823,LOBSTER,,16.98,,,,$16.98,,2026-08-14T00:00:00-04:00,2026-08-16T23:59:59-04:00,,2152.84,-670.72,2534.12,-961.94,http://f.wishabi.net/page_items/430585304/1786647081/extra_large.jpg
T&T Supermarket,8082478,1033127368,LONG HOT PEPPER,,1.98,,,,$1.98,,2026-08-14T00:00:00-04:00,2026-08-20T23:59:59-04:00,,8445.04,-523.69,8744.71,-855.9,http://f.wishabi.net/page_items/430585338/1786647069/extra_large.jpg
T&T Supermarket,8082478,1033136098,"LONG PHUNG VIETNAMESE SAUSAGE, 375g",,5.97,,,,$5.97,,2026-08-14T00:00:00-04:00,2026-08-20T23:59:59-04:00,,7499.27,-1598.63,7981.72,-1986.79,http://f.wishabi.net/page_items/430585234/1786647063/extra_large.jpg
T&T Supermarket,8082478,1033127310,"LUCKY ME! INSTANT NOODLES, 60g/65g x6",,5.99,,,,$5.99,,2026-08-14T00:00:00-04:00,2026-08-20T23:59:59-04:00,,7022.0,-1134.96,7498.51,-1592.23,http://f.wishabi.net/page_items/430585227/1786647062/extra_large.jpg
T&T Supermarket,8082478,1033131136,"MANGO & AMLA POUCH CAKE, 150g",,4.0,,,,$4.0,,2026-08-14T00:00:00-04:00,2026-08-20T23:59:59-04:00,,4172.76,-1993.69,4458.58,-2256.86,http://f.wishabi.net/page_items/430585674/1786647083/extra_large.jpg
T&T Supermarket,8082478,1033129836,"MASTER KONG TEA DRINK, 2L",,2.97,,,,$2.97,,2026-08-14T00:00:00-04:00,2026-08-20T23:59:59-04:00,,5068.23,-1079.42,5362.01,-1384.46,http://f.wishabi.net/page_items/430585655/1786647070/extra_large.jpg
T&T Supermarket,8082478,1033131282,"MATSURI SUSHI TRAY, 680g",,16.99,,,,$16.99,,2026-08-14T00:00:00-04:00,2026-08-20T23:59:59-04:00,,5091.07,-1712.72,5532.93,-1984.25,http://f.wishabi.net/page_items/430585663/1786647076/extra_large.jpg
T&T Supermarket,8082478,1033148315,MEAT,,,,,,,,2026-08-14T00:00:00-04:00,2026-08-20T23:59:59-04:00,,10133.9,-567.53,11609.2,-885.49,http://f.wishabi.net/page_items/430628279/1786647065/extra_large.jpg
T&T Supermarket,8082478,1033130908,"MILK BREAD, 400g",,5.0,,,,$5.0,,2026-08-14T00:00:00-04:00,2026-08-20T23:59:59-04:00,,4739.44,-1990.43,5031.83,-2254.8,http://f.wishabi.net/page_items/430585671/1786647082/extra_large.jpg
T&T Supermarket,8082478,1033134883,"MOIST DIANE EXTRA SHAMPOO/ TREATMENT, 450ml",,,,,,,,2026-08-14T00:00:00-04:00,2026-08-20T23:59:59-04:00,,5151.97,-240.8,5549.85,-411.29,http://f.wishabi.net/page_items/430585677/1786647085/extra_large.jpg
T&T Supermarket,8082478,1033130420,"MOIST DIANE EXTRA SHAMPOO/ TREATMENT, 450ml",,14.99,,,,$14.99,,2026-08-14T00:00:00-04:00,2026-08-20T23:59:59-04:00,,5150.01,-78.2,5547.47,-244.32,http://f.wishabi.net/page_items/430585675/1786647084/extra_large.jpg
T&T Supermarket,8082478,1033127365,"MORINAGA STRAWBERRY 70 COCOA CHOCOLATE, 86.4g",,,,,,,,2026-08-14T00:00:00-04:00,2026-08-20T23:59:59-04:00,,8122.2,-2118.52,8499.9,-2445.27,http://f.wishabi.net/page_items/430585332/1786647067/extra_large.jpg
T&T Supermarket,8082478,1033130435,"NISHIKI PREMIUM QUALITY SUSHI RICE, 15lb",,15.99,,,,$15.99,,2026-08-14T00:00:00-04:00,2026-08-20T23:59:59-04:00,,1464.11,-994.95,1935.25,-1324.69,http://f.wishabi.net/page_items/430585189/1786647066/extra_large.jpg
T&T Supermarket,8082478,1033131137,"NISSIN CUP NOODLE, 69g-75g",,4.97,,,,$4.97,,2026-08-14T00:00:00-04:00,2026-08-20T23:59:59-04:00,,545.14,-998.64,1007.08,-1324.98,http://f.wishabi.net/page_items/430585182/1786647062/extra_large.jpg
T&T Supermarket,8082478,1033131281,Napa,,0.78,,,,$0.78,,2026-08-14T00:00:00-04:00,2026-08-20T23:59:59-04:00,,534.6,-307.4,1004.93,-661.29,http://f.wishabi.net/page_items/430585191/1786647068/extra_large.jpg
T&T Supermarket,8082478,1033127322,"OCEAN MAMA WHOLE CLAMS, 400g",,7.0,,,,$7.0,,2026-08-14T00:00:00-04:00,2026-08-20T23:59:59-04:00,,7504.65,-1990.9,7982.18,-2342.33,http://f.wishabi.net/page_items/430585247/1786647067/extra_large.jpg
T&T Supermarket,8082478,1033131168,"OISHI SNACKS, 80G",,3.97,,,,$3.97,,2026-08-14T00:00:00-04:00,2026-08-20T23:59:59-04:00,,5654.08,-1078.36,5961.04,-1380.91,http://f.wishabi.net/page_items/430585643/1786647062/extra_large.jpg
T&T Supermarket,8082478,1033135914,"OLD TOWN INSTANT WHITE COFFEE/ WHITE MILK TEA, 339g-570g",,13.97,,,,$13.97,,2026-08-14T00:00:00-04:00,2026-08-20T23:59:59-04:00,,5360.53,-1079.81,5655.92,-1379.79,http://f.wishabi.net/page_items/430585645/1786647063/extra_large.jpg
T&T Supermarket,8082478,1033131283,ORGANIC BLACK OYSTER MUSHROOM,,4.99,,,,$4.99,,2026-08-14T00:00:00-04:00,2026-08-20T23:59:59-04:00,,3571.23,-78.17,3939.61,-374.4,http://f.wishabi.net/page_items/430585289/1786647072/extra_large.jpg
T&T Supermarket,8082478,1033127396,"PANASONIC MICOM RICE COOKER, 5.5CUP",,129.99,,,,$129.99,,2026-08-14T00:00:00-04:00,2026-08-20T23:59:59-04:00,,9632.95,-1259.57,9966.21,-1602.99,http://f.wishabi.net/page_items/430585366/1786647078/extra_large.jpg
T&T Supermarket,8082478,1033135526,"PANASONIC MICOM RICE COOKER, 5.5cup",,129.99,,,,$129.99,,2026-08-14T00:00:00-04:00,2026-08-20T23:59:59-04:00,,3596.99,-2148.47,3902.23,-2390.81,http://f.wishabi.net/page_items/430585310/1786647085/extra_large.jpg
T&T Supermarket,8082478,1033131140,"PASTRY CAKE, 630g",,8.8,,,,$8.8,,2026-08-14T00:00:00-04:00,2026-08-20T23:59:59-04:00,,4598.31,-1708.88,5033.84,-1979.42,http://f.wishabi.net/page_items/430585661/1786647075/extra_large.jpg
T&T Supermarket,8082478,1033136042,"PATISSERIE LA LUNE LAVA MOONCAKE, 200g",,42.88,,,,$42.88,,2026-08-14T00:00:00-04:00,2026-08-20T23:59:59-04:00,,1007.16,-1845.02,1313.59,-2094.05,http://f.wishabi.net/page_items/430585203/1786647075/extra_large.jpg
T&T Supermarket,8082478,1033131207,PORK HOCK (FRESH),,2.29,,,,$2.29,,2026-08-14T00:00:00-04:00,2026-08-20T23:59:59-04:00,,2154.9,-972.88,2532.57,-1260.14,http://f.wishabi.net/page_items/430585293/1786647075/extra_large.jpg
T&T Supermarket,8082478,1033133740,PORK SHOULDER BUTT ROLL,,5.99,,,,$5.99,,2026-08-14T00:00:00-04:00,2026-08-20T23:59:59-04:00,,3572.01,-968.29,3935.84,-1256.95,http://f.wishabi.net/page_items/430585271/1786647062/extra_large.jpg
T&T Supermarket,8082478,1033127397,"PRIMA TASTE SAUCE KIT, 225G-300G",,8.97,,,,$8.97,,2026-08-14T00:00:00-04:00,2026-08-20T23:59:59-04:00,,8134.72,-1266.73,8448.87,-1614.67,http://f.wishabi.net/page_items/430585364/1786647077/extra_large.jpg
T&T Supermarket,8082478,1033131252,"PRIMA TASTE SAUCE KIT, 225g-300g",,8.97,,,,$8.97,,2026-08-14T00:00:00-04:00,2026-08-20T23:59:59-04:00,,2146.15,-2150.26,2437.8,-2391.92,http://f.wishabi.net/page_items/430585309/1786647084/extra_large.jpg
T&T Supermarket,8082478,1033148309,PRODUCE,,,,,,,,2026-08-14T00:00:00-04:00,2026-08-20T23:59:59-04:00,,10141.3,-238.47,11609.2,-549.04,http://f.wishabi.net/page_items/430628277/1786647064/extra_large.jpg
T&T Supermarket,8082478,1033131148,"PUFFY PARTY FRESH CHILLED HAWTHORN JELLY/ CAKE, 80GX6 / 150GX2",,4.99,,,,$4.99,,2026-08-14T00:00:00-04:00,2026-08-20T23:59:59-04:00,,4478.3,-1076.89,4776.15,-1384.16,http://f.wishabi.net/page_items/430585644/1786647063/extra_large.jpg
T&T Supermarket,8082478,1033128173,Pork Belly,,4.99,,,,$4.99,,2026-08-14T00:00:00-04:00,2026-08-17T23:59:59-04:00,,1006.97,-668.74,1465.28,-992.22,http://f.wishabi.net/page_items/430585183/1786647063/extra_large.jpg
T&T Supermarket,8082478,1033135921,"RAW ABALONE MEAT, 110g",,6.99,,,,$6.99,,2026-08-14T00:00:00-04:00,2026-08-20T23:59:59-04:00,,2530.06,-673.51,2880.14,-957.66,http://f.wishabi.net/page_items/430585287/1786647071/extra_large.jpg
T&T Supermarket,8082478,1033135524,"RESTORE BLACK TRUFFLE HAM SODA CRACKERS/5 BLACK BUTTER CRISP CRACKERS, 1000g / 640g",,9.99,,,,$9.99,,2026-08-14T00:00:00-04:00,2026-08-20T23:59:59-04:00,,694.77,-1590.48,1003.1,-1841.54,http://f.wishabi.net/page_items/430585194/1786647069/extra_large.jpg
T&T Supermarket,8082478,1033134702,"ROYAL BAR-B-Q FOODS UNCOOKED SAUSAGE COMBO, 400g",,10.97,,,,$10.97,,2026-08-14T00:00:00-04:00,2026-08-20T23:59:59-04:00,,5653.76,-769.04,5961.4,-1073.69,http://f.wishabi.net/page_items/430585647/1786647065/extra_large.jpg
T&T Supermarket,8082478,1033130437,RWA LAMB CUBE,,11.99,,,,$11.99,,2026-08-14T00:00:00-04:00,2026-08-20T23:59:59-04:00,,733.43,-2113.03,1029.58,-2403.99,http://f.wishabi.net/page_items/430585208/1786647078/extra_large.jpg
T&T Supermarket,8082478,1033128349,RWA LAMB SHOULDER,,10.99,,,,$10.99,,2026-08-14T00:00:00-04:00,2026-08-20T23:59:59-04:00,,434.23,-2113.87,731.11,-2401.62,http://f.wishabi.net/page_items/430585207/1786647077/extra_large.jpg
T&T Supermarket,8082478,1033134878,"SAPORITO EXTRA VIRGIN OLIVE OIL, 750 ml",,,,,,,,2026-08-14T00:00:00-04:00,2026-08-20T23:59:59-04:00,,4754.41,-245.78,5145.56,-411.98,http://f.wishabi.net/page_items/430585680/1786647087/extra_large.jpg
T&T Supermarket,8082478,1033134834,"SAPORITO EXTRA VIRGIN OLIVE OIL, 750ml",,15.47,,,,$15.47,,2026-08-14T00:00:00-04:00,2026-08-20T23:59:59-04:00,,4755.05,-78.8,5146.68,-247.21,http://f.wishabi.net/page_items/430585676/1786647085/extra_large.jpg
T&T Supermarket,8082478,1033148322,SEAFOOD,,,,,,,,2026-08-14T00:00:00-04:00,2026-08-20T23:59:59-04:00,,10122.9,-907.67,11612.8,-1188.67,http://f.wishabi.net/page_items/430628281/1786647066/extra_large.jpg
T&T Supermarket,8082478,1033133748,"SEASONED FISH SKIN (GREEN PEPPER), 230G",,4.99,,,,$4.99,,2026-08-14T00:00:00-04:00,2026-08-20T23:59:59-04:00,,5667.06,-1991.22,5956.47,-2255.62,http://f.wishabi.net/page_items/430585672/1786647082/extra_large.jpg
T&T Supermarket,8082478,1033130903,"SHRIMP DUMPLING, 8pcs",,7.99,,,,$7.99,,2026-08-14T00:00:00-04:00,2026-08-20T23:59:59-04:00,,5527.71,-1710.95,5958.99,-1981.74,http://f.wishabi.net/page_items/430585656/1786647071/extra_large.jpg
T&T Supermarket,8082478,1033127344,"SILVER SWAN SPECIAL SOY SAUCE, 1000ML",,2.97,,,,$2.97,,2026-08-14T00:00:00-04:00,2026-08-20T23:59:59-04:00,,6094.99,-698.64,6566.51,-1148.88,http://f.wishabi.net/page_items/430585268/1786647071/extra_large.jpg
T&T Supermarket,8082478,1033127380,"SIWIN PORK SAUSAGE, 225g/250g",,3.77,,,,$3.77,,2026-08-14T00:00:00-04:00,2026-08-20T23:59:59-04:00,,8445.24,-880.11,8745.55,-1220.89,http://f.wishabi.net/page_items/430585350/1786647073/extra_large.jpg
T&T Supermarket,8082478,1033127360,"SPICY GLASS NOODLE STEAMED BUN, 130g x 4",,,,,,,,2026-08-14T00:00:00-04:00,2026-08-20T23:59:59-04:00,,8117.93,-1756.36,8499.99,-2113.06,http://f.wishabi.net/page_items/430585330/1786647067/extra_large.jpg
T&T Supermarket,8082478,1033134707,"SUN ON FOOD NOODLES, 400g-454g",,2.15,,,,$2.15,,2026-08-14T00:00:00-04:00,2026-08-20T23:59:59-04:00,,4175.16,-1399.08,4481.42,-1698.2,http://f.wishabi.net/page_items/430585662/1786647076/extra_large.jpg
T&T Supermarket,8082478,1033134716,"SUNITY JELLY, 150ml x 5",,8.97,,,,$8.97,,2026-08-14T00:00:00-04:00,2026-08-20T23:59:59-04:00,,4774.5,-767.02,5068.23,-1070.81,http://f.wishabi.net/page_items/430585670/1786647081/extra_large.jpg
T&T Supermarket,8082478,1033134715,"SUNRISE TOFU DESSERT, 150gx2",,3.5,,,,$3.5,,2026-08-14T00:00:00-04:00,2026-08-20T23:59:59-04:00,,4776.15,-1079.97,5068.03,-1383.05,http://f.wishabi.net/page_items/430585666/1786647078/extra_large.jpg
T&T Supermarket,8082478,1033127391,"SUNSHINE RANCH SLICED BEEF - ROLL, 340g",,11.99,,,,$11.99,,2026-08-14T00:00:00-04:00,2026-08-20T23:59:59-04:00,,8742.35,-519.13,9042.97,-859.74,http://f.wishabi.net/page_items/430585348/1786647072/extra_large.jpg
T&T Supermarket,8082478,1033127343,"SUPER Q SPECIAL PANCIT CANTON, 454g",,5.99,,,,$5.99,,2026-08-14T00:00:00-04:00,2026-08-20T23:59:59-04:00,,6555.31,-1147.19,7023.27,-1590.8,http://f.wishabi.net/page_items/430585244/1786647066/extra_large.jpg
T&T Supermarket,8082478,1033131200,"Spicy & Salted Pepper Pork Chop,450g",,10.99,,,,$10.99,,2026-08-14T00:00:00-04:00,2026-08-20T23:59:59-04:00,,5391.8,-1992.47,5668.9,-2253.02,http://f.wishabi.net/page_items/430585679/1786647087/extra_large.jpg
T&T Supermarket,8082478,1033127330,"St. Maarten Calamansi Papaya Juice,1.75L",,6.99,,,,$6.99,,2026-08-14T00:00:00-04:00,2026-08-20T23:59:59-04:00,,7037.72,-1987.93,7506.65,-2338.66,http://f.wishabi.net/page_items/430585259/1786647069/extra_large.jpg
T&T Supermarket,8082478,1033131152,"T&T BEEF/PORK JERKY, 170g",,10.97,,,,$10.97,,2026-08-14T00:00:00-04:00,2026-08-20T23:59:59-04:00,,3018.64,-1634.07,3306.9,-1883.33,http://f.wishabi.net/page_items/430585292/1786647074/extra_large.jpg
T&T Supermarket,8082478,1033134870,"T&T BLACK SESAME DESSERT, 35gX12",,9.97,,,,$9.97,,2026-08-14T00:00:00-04:00,2026-08-20T23:59:59-04:00,,4479.37,-442.39,4777.06,-760.06,http://f.wishabi.net/page_items/430585648/1786647066/extra_large.jpg
T&T Supermarket,8082478,1033148335,T&T BRAND,,,,,,,,2026-08-14T00:00:00-04:00,2026-08-20T23:59:59-04:00,,10148.7,-1558.39,11579.6,-1850.47,http://f.wishabi.net/page_items/430628287/1786647067/extra_large.jpg
T&T Supermarket,8082478,1033131211,"T&T CAKE/SWISS ROLL CAKE, 45gx6-70gx5",,5.97,,,,$5.97,,2026-08-14T00:00:00-04:00,2026-08-20T23:59:59-04:00,,3593.93,-1625.24,3920.8,-1886.15,http://f.wishabi.net/page_items/430585311/1786647086/extra_large.jpg
T&T Supermarket,8082478,1033136530,"T&T Cake/ Swiss Roll Cake,45gx6-70gx5",,5.97,,,,$5.97,,2026-08-14T00:00:00-04:00,2026-08-20T23:59:59-04:00,,9636.04,-486.92,9971.67,-861.34,http://f.wishabi.net/page_items/430585362/1786647077/extra_large.jpg
T&T Supermarket,8082478,1033135537,"T&T DRIED PORK FLOSS, 340G",,10.87,,,,$10.87,,2026-08-14T00:00:00-04:00,2026-08-20T23:59:59-04:00,,4776.31,-442.15,5069.6,-760.85,http://f.wishabi.net/page_items/430585665/1786647078/extra_large.jpg
T&T Supermarket,8082478,1033127354,T&T FOLDABLE SHOPPING BOX,,,,,,,,2026-08-14T00:00:00-04:00,2026-08-20T23:59:59-04:00,,9590.64,-2102.15,9972.27,-2444.7,http://f.wishabi.net/page_items/430585320/1786647064/extra_large.jpg
T&T Supermarket,8082478,1033134877,"T&T FROZEN DISH, 400g-680g",,6.47,,,,$6.47,,2026-08-14T00:00:00-04:00,2026-08-20T23:59:59-04:00,,4174.75,-442.31,4482.62,-761.02,http://f.wishabi.net/page_items/430585660/1786647074/extra_large.jpg
T&T Supermarket,8082478,1033127383,"T&T PACific White Shrimp Cooked Hoso,300g",,,,,,,,2026-08-14T00:00:00-04:00,2026-08-20T23:59:59-04:00,,8867.43,-2105.18,9223.23,-2442.34,http://f.wishabi.net/page_items/430585324/1786647065/extra_large.jpg
T&T Supermarket,8082478,1033127357,"T&T RED DATE PASTE AND WALNUT POUND CAKE, 520g",,,,,,,,2026-08-14T00:00:00-04:00,2026-08-20T23:59:59-04:00,,8501.89,-2109.38,8862.71,-2441.44,http://f.wishabi.net/page_items/430585326/1786647066/extra_large.jpg
T&T Supermarket,8082478,1033134814,"T&T SALTED SHIITAKE MUSHROOM CRISP, 150g",,4.87,,,,$4.87,,2026-08-14T00:00:00-04:00,2026-08-20T23:59:59-04:00,,3304.73,-1632.38,3597.17,-1885.56,http://f.wishabi.net/page_items/430585313/1786647087/extra_large.jpg
T&T Supermarket,8082478,1033127353,T&T SHOPPING BOX,,,,,,,,2026-08-14T00:00:00-04:00,2026-08-20T23:59:59-04:00,,9229.23,-2104.43,9589.53,-2443.42,http://f.wishabi.net/page_items/430585322/1786647064/extra_large.jpg
T&T Supermarket,8082478,1033127367,"T&T Salted Shiitake Mushroom Crisp,150g",,4.87,,,,$4.87,,2026-08-14T00:00:00-04:00,2026-08-20T23:59:59-04:00,,9336.65,-504.63,9637.53,-860.04,http://f.wishabi.net/page_items/430585336/1786647069/extra_large.jpg
T&T Supermarket,8082478,1033135922,"TAT BAKERY DURIAN CREPE CAKE, 560g",,20.0,,,,$20.0,,2026-08-14T00:00:00-04:00,2026-08-20T23:59:59-04:00,,2137.33,-1629.95,2440.89,-1884.37,http://f.wishabi.net/page_items/430585301/1786647080/extra_large.jpg
T&T Supermarket,8082478,1033131177,"THAI GOLD WHITE SHRIMP, 380G",,10.99,,,,$10.99,,2026-08-14T00:00:00-04:00,2026-08-20T23:59:59-04:00,,3571.38,-672.75,3936.33,-958.99,http://f.wishabi.net/page_items/430585273/1786647063/extra_large.jpg
T&T Supermarket,8082478,1033127324,"THREE CRABS FISH SAUCE, 682ml",,10.97,,,,$10.97,,2026-08-14T00:00:00-04:00,2026-08-20T23:59:59-04:00,,7026.6,-675.33,7500.35,-1129.52,http://f.wishabi.net/page_items/430585250/1786647067/extra_large.jpg
T&T Supermarket,8082478,1033127374,"TRENSITE WHOLE MILK POWDER, 500g",,11.99,,,,$11.99,,2026-08-14T00:00:00-04:00,2026-08-20T23:59:59-04:00,,8744.94,-1266.03,9039.73,-1607.92,http://f.wishabi.net/page_items/430585344/1786647071/extra_large.jpg
T&T Supermarket,8082478,1033134893,"TRENSITÉ WHOLE MILK POWDER, 500g",,11.99,,,,$11.99,,2026-08-14T00:00:00-04:00,2026-08-20T23:59:59-04:00,,2730.49,-2144.51,3013.43,-2390.95,http://f.wishabi.net/page_items/430585305/1786647082/extra_large.jpg
T&T Supermarket,8082478,1033134732,"TURBOT (FROZEN, HEADLESS, GUTTED)",,8.99,,,,$8.99,,2026-08-14T00:00:00-04:00,2026-08-20T23:59:59-04:00,,3227.71,-677.07,3575.69,-959.1,http://f.wishabi.net/page_items/430585274/1786647064/extra_large.jpg
T&T Supermarket,8082478,1033136057,"Tong Feng Organic Mung Bean/ Red Bean/ Peanuts Kernel,800g/ 908g",,5.97,,,,$5.97,,2026-08-14T00:00:00-04:00,2026-08-20T23:59:59-04:00,,5360.07,-768.96,5655.82,-1073.41,http://f.wishabi.net/page_items/430585646/1786647064/extra_large.jpg
T&T Supermarket,8082478,1033127309,"VIETCOCO PREMIUM ORIGINAL COCO WATER, 330mlx6",,8.49,,,,$8.49,,2026-08-14T00:00:00-04:00,2026-08-20T23:59:59-04:00,,7498.12,-1138.6,7982.57,-1593.47,http://f.wishabi.net/page_items/430585232/1786647063/extra_large.jpg
T&T Supermarket,8082478,1033127312,"VINAMIT JACKFRUIT CHIPS, 500g",,10.97,,,,$10.97,,2026-08-14T00:00:00-04:00,2026-08-20T23:59:59-04:00,,7030.8,-1599.24,7502.07,-1984.98,http://f.wishabi.net/page_items/430585237/1786647064/extra_large.jpg
T&T Supermarket,8082478,1033135912,"VINDA WET WIPES CHIKAWA, 80PCS/ 6PK",,6.99,,,,$6.99,,2026-08-14T00:00:00-04:00,2026-08-20T23:59:59-04:00,,5065.59,-1389.94,5358.68,-1693.34,http://f.wishabi.net/page_items/430585668/1786647080/extra_large.jpg
T&T Supermarket,8082478,1033131290,"VITA DRINK, 250mlX6",,7.97,,,,$7.97,,2026-08-14T00:00:00-04:00,2026-08-20T23:59:59-04:00,,1006.22,-997.93,1466.58,-1323.26,http://f.wishabi.net/page_items/430585184/1786647063/extra_large.jpg
T&T Supermarket,8082478,1033131180,"WING HING SOY BEVERAGE, 2L",,4.47,,,,$4.47,,2026-08-14T00:00:00-04:00,2026-08-20T23:59:59-04:00,,4476.81,-1395.15,4774.16,-1692.23,http://f.wishabi.net/page_items/430585657/1786647072/extra_large.jpg
T&T Supermarket,8082478,1033131178,WINTER DATE,,3.99,,,,$3.99,,2026-08-14T00:00:00-04:00,2026-08-20T23:59:59-04:00,,2879.77,-380.71,3230.34,-665.83,http://f.wishabi.net/page_items/430585283/1786647069/extra_large.jpg
T&T Supermarket,8082478,1033133746,"WZML MOONCAKE, 60gx4 / 80gx6",,35.99,,,,$35.99,,2026-08-14T00:00:00-04:00,2026-08-20T23:59:59-04:00,,70.63,-1848.34,388.6,-2096.25,http://f.wishabi.net/page_items/430585204/1786647075/extra_large.jpg
T&T Supermarket,8082478,1033127349,"YUHE FOOD DAIFU (KUMATCHA RED BEAN) TIRAMISU MOUSEE), 30 g x 4 -50 g x 4",,,,,,,,2026-08-14T00:00:00-04:00,2026-08-20T23:59:59-04:00,,9226.04,-1754.2,9589.66,-2102.78,http://f.wishabi.net/page_items/430585314/1786647062/extra_large.jpg
T&T Supermarket,8082478,1033136066,"ZWG CAKE, 30gx5-35gx10",,6.88,,,,$6.88,,2026-08-14T00:00:00-04:00,2026-08-20T23:59:59-04:00,,1313.83,-1846.31,1617.61,-2094.85,http://f.wishabi.net/page_items/430585200/1786647073/extra_large.jpg
T&T Supermarket,8082478,1033127348,"ZYT SPICY FLV CRISPY TARO, 180g",,,,,,,,2026-08-14T00:00:00-04:00,2026-08-20T23:59:59-04:00,,8499.43,-1755.92,8863.55,-2105.71,http://f.wishabi.net/page_items/430585318/1786647063/extra_large.jpg
Walmart,8072271,1032945158,10-OZ. Scented candles,,14.97,,,,$14.97,,2026-08-13T00:00:00-04:00,2026-08-19T23:59:59-04:00,,8450.12,-1098.51,8746.75,-1313.01,http://f.wishabi.net/page_items/430536559/1786586767/extra_large.jpg
Walmart,8080972,1032870459,110430_WK28 PET FLIPP_HEADERS_IMAGES_BANNERS_v4_EN_Page_04-2,,,,,,,,2026-08-13T00:00:00-04:00,2026-08-19T23:59:59-04:00,,1155.0,-197.81,2311.49,-933.84,http://f.wishabi.net/page_items/429768356/1785960814/extra_large.jpg
Walmart,8072271,1032574495,"15.6"" Aspire Lite FHD IPS laptop",Aspire,399.98,,,,$399.98,,2026-08-13T00:00:00-04:00,2026-09-16T23:59:59-04:00,,11650.9,-227.27,12194.9,-1170.76,http://f.wishabi.net/page_items/430352843/1786500161/extra_large.jpg
Walmart,8072271,1032574497,"16"" OmniBook 5 laptop",,899.98,,,,$899.98,,2026-08-13T00:00:00-04:00,2026-09-16T23:59:59-04:00,,11643.3,-1188.67,12187.5,-1851.08,http://f.wishabi.net/page_items/430352912/1786500162/extra_large.jpg
Walmart,8033586,1030255372,"16.14"" NEON GAMING SIGN",,,,,,,,2026-07-30T00:00:00-04:00,2026-09-16T23:59:59-04:00,,3474.09,-867.08,3583.66,-934.69,http://f.wishabi.net/page_items/429173380/1785429059/extra_large.jpg
Walmart,8080972,1032870406,1805EN-5HoQJS3rrdazS,,,,,,,,2026-08-13T00:00:00-04:00,2026-08-19T23:59:59-04:00,,0.0,0.0,1156.49,-269.57,http://f.wishabi.net/page_items/429768337/1785960814/extra_large.jpg
Walmart,8080972,1032870418,1900EN-5quhYQMv7U6jc,,,,,,,,2026-08-13T00:00:00-04:00,2026-08-19T23:59:59-04:00,,0.0,0.0,1.84,-1.84,http://f.wishabi.net/page_items/429768345/1785960819/extra_large.jpg
Walmart,8072271,1032574530,"21.5"" FHD monitor",,89.98,,,,$89.98,,2026-08-13T00:00:00-04:00,2026-09-16T23:59:59-04:00,,12892.3,-1195.64,13264.6,-1645.39,http://f.wishabi.net/page_items/430349508/1786500163/extra_large.jpg
Walmart,8072271,1032576811,"24"" Rock Creek mountain bike",,148.0,,,,$148.0,,2026-08-13T00:00:00-04:00,2026-09-16T23:59:59-04:00,,33954.5,-791.59,34296.5,-1081.65,http://f.wishabi.net/page_items/430352262/1786500171/extra_large.jpg
Walmart,8072271,1032574508,"27"" FHD IPS monitor",,129.98,,,,$129.98,,2026-08-13T00:00:00-04:00,2026-09-16T23:59:59-04:00,,13309.0,-1203.2,13679.6,-1628.49,http://f.wishabi.net/page_items/430349000/1786500159/extra_large.jpg
Walmart,8072271,1032945171,3-Piece quick-up camping combo,,99.98,,,,$99.98,,2026-08-13T00:00:00-04:00,2026-08-19T23:59:59-04:00,,8307.97,-2241.68,8744.3,-2456.71,http://f.wishabi.net/page_items/430536569/1786586770/extra_large.jpg
Walmart,8072271,1031499110,3-in-1 Lightweight stick vacuum,,29.98,,,,$29.98,,2026-08-13T00:00:00-04:00,2026-08-19T23:59:59-04:00,,1632.84,-1945.64,1918.58,-2138.59,http://f.wishabi.net/page_items/429801007/1786393612/extra_large.jpg
Walmart,8072271,1032945018,"32"" QLED Full HD Roku TV",Philips,168.0,,,,$168.0,,2026-08-13T00:00:00-04:00,2026-08-19T23:59:59-04:00,,6858.93,-1976.54,7301.16,-2175.63,http://f.wishabi.net/page_items/430538450/1786586768/extra_large.jpg
Walmart,8080972,1032870801,"36"" Foldable Kennel",Sport Pet,64.94,,,,$64.94,,2026-08-13T00:00:00-04:00,2026-08-19T23:59:59-04:00,,8113.52,-1958.76,8461.29,-2621.18,http://f.wishabi.net/page_items/429768435/1785960820/extra_large.jpg
Walmart,8072271,1032575484,3M Command value packs,3M,11.97,,,,$11.97,,2026-08-13T00:00:00-04:00,2026-09-16T23:59:59-04:00,,20388.3,-1323.14,20611.6,-1619.58,http://f.wishabi.net/page_items/430349904/1786500165/extra_large.jpg
Walmart,8072271,1032945126,4'x6' Washable Rug,,49.96,,,,$49.96,,2026-08-13T00:00:00-04:00,2026-08-19T23:59:59-04:00,,8300.08,-1321.96,8745.43,-1544.1,http://f.wishabi.net/page_items/430536536/1786586760/extra_large.jpg
Walmart,8072271,1032574468,4-Piece backpack set,,16.97,,,,$16.97,,2026-08-13T00:00:00-04:00,2026-09-16T23:59:59-04:00,,10507.8,-1609.71,10718.3,-1864.82,http://f.wishabi.net/page_items/430349003/1786500160/extra_large.jpg
Walmart,8072271,1032945179,4-Piece personal blender,,19.98,,,,$19.98,,2026-08-13T00:00:00-04:00,2026-08-19T23:59:59-04:00,,7831.89,-1548.19,8276.33,-1769.95,http://f.wishabi.net/page_items/430536575/1786586772/extra_large.jpg
Walmart,8072271,1032544076,5-Pack School Uniform Tagless Polo Tshirt for Little Boys & Big Boys,,57.99,,,,$57.99,,2026-08-13T00:00:00-04:00,2026-08-19T23:59:59-04:00,,9328.37,-2451.46,9561.39,-2525.87,http://f.wishabi.net/page_items/430370450/1786485747/extra_large.jpg
Walmart,8072271,1032945059,"55"" 4K UHD QLED Roku TV",,398.0,,,,$398.0,,2026-08-13T00:00:00-04:00,2026-08-19T23:59:59-04:00,,6856.21,-2187.47,7300.35,-2386.82,http://f.wishabi.net/page_items/430538521/1786586775/extra_large.jpg
Walmart,8080972,1032870448,57.5''H Cat Tree Tower w/ 2 Condos,Yaheetech,68.99,,,,$68.99,,2026-08-13T00:00:00-04:00,2026-08-19T23:59:59-04:00,,779.27,-3395.85,1127.04,-4058.28,http://f.wishabi.net/page_items/429768354/1785960826/extra_large.jpg
Walmart,8072271,1032576814,"5th Wheel WLB17 adults' 26"" electric bike",,519.99,,,,$519.99,,2026-08-13T00:00:00-04:00,2026-09-16T23:59:59-04:00,,33956.6,-1890.72,34302.4,-2164.21,http://f.wishabi.net/page_items/430352326/1786500173/extra_large.jpg
Walmart,8072271,1032945064,"65"" UA7500 4K Smart TV",,598.0,,,,$598.0,,2026-08-13T00:00:00-04:00,2026-08-19T23:59:59-04:00,,7313.45,-2183.88,7770.45,-2384.97,http://f.wishabi.net/page_items/430538523/1786586776/extra_large.jpg
Walmart,8033586,1032471700,7-piece bag set,,19.97,,,,$19.97,,2026-07-30T00:00:00-04:00,2026-09-16T23:59:59-04:00,,18837.9,-2261.82,19423.2,-2537.76,http://f.wishabi.net/page_items/430308131/1786461079/extra_large.jpg
Walmart,8033586,1032471614,7-piece lunch bag set,,19.97,,,,$19.97,,2026-07-30T00:00:00-04:00,2026-09-16T23:59:59-04:00,,17980.3,-1953.94,18192.8,-2440.31,http://f.wishabi.net/page_items/430308248/1786460929/extra_large.jpg
Walmart,8072271,1031556635,ACE Bakery Buns,ACE Bakery,4.97,,,,$4.97,,2026-08-13T00:00:00-04:00,2026-08-19T23:59:59-04:00,,2126.35,-1380.17,2242.27,-1629.45,http://f.wishabi.net/page_items/429806803/1786394155/extra_large.jpg
Walmart,8072271,1031501434,ACE Bakery buns,ACE Bakery,4.97,,,,$4.97,,2026-08-13T00:00:00-04:00,2026-08-19T23:59:59-04:00,,1996.35,-1357.17,2126.27,-1626.45,http://f.wishabi.net/page_items/429801172/1786394148/extra_large.jpg
Walmart,8072271,1032575653,ACT II microwave gourmet popcorn,ACT II,2.47,,,,$2.47,,2026-08-13T00:00:00-04:00,2026-09-16T23:59:59-04:00,,23578.8,-2182.62,23999.0,-2524.24,http://f.wishabi.net/page_items/430347725/1786500164/extra_large.jpg
Walmart,8033586,1032471773,AND1 boys' basketball shoes,AND1,24.97,,,,$24.97,,2026-07-30T00:00:00-04:00,2026-09-16T23:59:59-04:00,,19272.0,-1301.27,19319.7,-1433.75,http://f.wishabi.net/page_items/430308274/1786461082/extra_large.jpg
Walmart,8072271,1032574519,"ASUS Chromebook laptop 14""",Asus,279.98,,,,$279.98,,2026-08-13T00:00:00-04:00,2026-09-16T23:59:59-04:00,,13304.2,-691.31,13686.9,-1150.66,http://f.wishabi.net/page_items/430349130/1786500161/extra_large.jpg
Walmart,8072271,1032945033,"Acer 15.6"" Chromebook 315 laptop",Acer,329.98,,,,$329.98,,2026-08-13T00:00:00-04:00,2026-08-19T23:59:59-04:00,,6855.03,-1405.07,7304.5,-1611.23,http://f.wishabi.net/page_items/430538474/1786586771/extra_large.jpg
Walmart,8072271,1032945046,"Acer Aspire Lite 15.6"" Full HD IPS Laptop",Acer,499.98,,,,$499.98,,2026-08-13T00:00:00-04:00,2026-08-19T23:59:59-04:00,,7318.31,-1404.15,7771.74,-1608.67,http://f.wishabi.net/page_items/430538496/1786586773/extra_large.jpg
Walmart,8072271,1032338803,"Acer Chromebook 315 15.6"" FHD",Acer,279.99,,,,$279.99,,2026-08-13T00:00:00-04:00,2026-08-19T23:59:59-04:00,,36566.4,-650.27,36850.8,-987.02,http://f.wishabi.net/page_items/430253724/1786500159/extra_large.jpg
Walmart,8072271,1032544046,"Acer Chromebook 315, 15.6"" HD Laptop in Silver, Powered by Intel Pentium N6000 4 Core, 4GBLPDDR4X, 128GB eMMC, Chrome OS, with Protective Sleeve",,339.99,,,,$339.99,,2026-08-13T00:00:00-04:00,2026-08-19T23:59:59-04:00,,8794.32,-1888.15,9028.58,-1956.52,http://f.wishabi.net/page_items/430370438/1786485741/extra_large.jpg
Walmart,8072271,1032277266,"Acer Iconia A10 Gen2 10.1"" tablet",Acer,179.98,,,,$179.98,,2026-08-13T00:00:00-04:00,2026-09-16T23:59:59-04:00,,16119.15,-296.19,16741.48,-1030.31,http://f.wishabi.net/page_items/430238551/1786401075/extra_large.jpg
Walmart,8072271,1032338725,Active noise cancelling over-ear headphones,,36.99,,,,$36.99,,2026-08-13T00:00:00-04:00,2026-08-19T23:59:59-04:00,,36273.6,-302.24,36697.2,-637.64,http://f.wishabi.net/page_items/430253694/1786500156/extra_large.jpg
Walmart,8072271,1031568850,Advil Liqui-Gels,Advil,13.83,,,,$13.83,,2026-08-13T00:00:00-04:00,2026-08-19T23:59:59-04:00,,5861.5,-2110.0,6033.5,-2216.0,http://f.wishabi.net/page_items/429805852/1785993248/extra_large.jpg
Walmart,8033586,1026861375,Advil Liqui-Gels,Advil,15.47,,,,$15.47,,2026-07-30T00:00:00-04:00,2026-09-16T23:59:59-04:00,,10914.8,-166.91,11191.6,-1312.54,http://f.wishabi.net/page_items/427380366/1784382302/extra_large.jpg
Walmart,8033586,1026868955,Advil Migraine,Advil,16.27,,,,$16.27,,2026-07-30T00:00:00-04:00,2026-09-16T23:59:59-04:00,,10622.1,-303.52,10916.3,-1322.4,http://f.wishabi.net/page_items/427380362/1784382301/extra_large.jpg
Walmart,8072271,1031565504,Air Wick small bundle,,4.97,,,,$4.97,,2026-08-13T00:00:00-04:00,2026-08-19T23:59:59-04:00,,5079.96,-1019.43,5166.77,-1165.78,http://f.wishabi.net/page_items/429806670/1785993234/extra_large.jpg
Walmart,8072271,1032574466,AirPods Pro 3,,279.0,,,,$279.0,,2026-08-13T00:00:00-04:00,2026-09-16T23:59:59-04:00,,11030.7,-13.28,11540.1,-624.24,http://f.wishabi.net/page_items/430348933/1786500158/extra_large.jpg
Walmart,8072271,1031499061,Allen's apple juice boxes,Allen's,2.98,,,,$2.98,,2026-08-13T00:00:00-04:00,2026-08-19T23:59:59-04:00,,1327.93,-783.29,1600.02,-1020.59,http://f.wishabi.net/page_items/429801006/1786393623/extra_large.jpg
Walmart,8033586,1032487650,Anko Popcorn Candle,,,,,,,,2026-07-30T00:00:00-04:00,2026-09-16T23:59:59-04:00,,1416.0,-367.0,1440.0,-405.0,http://f.wishabi.net/page_items/430304401/1786467247/extra_large.jpg
Walmart,8033586,1032487635,Anko home decor,anko,14.97,,,,$14.97,,2026-07-30T00:00:00-04:00,2026-09-16T23:59:59-04:00,,1356.15,-1178.14,2023.59,-1516.51,http://f.wishabi.net/page_items/430304140/1786467240/extra_large.jpg
Walmart,8033586,1032487639,Anko mushroom lamp,anko,19.97,,,,$19.97,,2026-07-30T00:00:00-04:00,2026-09-16T23:59:59-04:00,,1445.0,-331.0,1484.0,-402.0,http://f.wishabi.net/page_items/430304239/1786467242/extra_large.jpg
Walmart,8033586,1032487644,Anko novelty candles,anko,19.97,,,,$19.97,,2026-07-30T00:00:00-04:00,2026-09-16T23:59:59-04:00,,1637.69,-2281.96,1795.78,-2535.31,http://f.wishabi.net/page_items/430304340/1786467245/extra_large.jpg
Walmart,8072271,1032575586,Arctic Zone Uptown tote lunch bag,,14.97,,,,$14.97,,2026-08-13T00:00:00-04:00,2026-09-16T23:59:59-04:00,,22387.8,-625.5,22627.1,-835.49,http://f.wishabi.net/page_items/430349162/1786500162/extra_large.jpg
Walmart,8080972,1032870425,"Arm & Hammer Clump & Seal Cat Clumping Litter, 17.2 kg",Arm & Hammer,24.67,,,,$24.67,,2026-08-13T00:00:00-04:00,2026-08-19T23:59:59-04:00,,779.27,-1333.13,1127.04,-1995.56,http://f.wishabi.net/page_items/429768348/1785960822/extra_large.jpg
Walmart,8080972,1032870886,Arm & Hammer Double Duty Cat Litter Deodorizer,Arm & Hammer,4.48,,,,$4.48,,2026-08-13T00:00:00-04:00,2026-08-19T23:59:59-04:00,,9268.52,-3469.46,9616.29,-4060.12,http://f.wishabi.net/page_items/429768452/1785960822/extra_large.jpg
Walmart,8072271,1031501822,Astro yogurt tubs 750 g,Astro,3.27,,,,$3.27,,2026-08-13T00:00:00-04:00,2026-08-19T23:59:59-04:00,,2975.98,-1854.06,3125.77,-1953.09,http://f.wishabi.net/page_items/429801633/1786394456/extra_large.jpg
Walmart,8072271,1031509227,Astro yogurt tubs 750 g or iogo nano Bubbles 4 x 100 g yogurt,,3.27,,,,$3.27,,2026-08-13T00:00:00-04:00,2026-08-19T23:59:59-04:00,,3046.98,-1956.06,3255.77,-2066.09,http://f.wishabi.net/page_items/429806303/1786394461/extra_large.jpg
Walmart,8072271,1032945938,Athena Club full body dry spray deodorant,ATHENA CLUB,15.97,,,,$15.97,,2026-08-13T00:00:00-04:00,2026-08-19T23:59:59-04:00,,39135.2,-1724.89,39191.8,-1974.76,http://f.wishabi.net/page_items/430536362/1786587821/extra_large.jpg
Walmart,8072271,1032945282,Athletic Works Kids' or toddlers' athletic shoes,Athletic Works,15.0,,,,$15.0,,2026-08-13T00:00:00-04:00,2026-08-19T23:59:59-04:00,,8162.36,-483.53,8292.78,-549.53,http://f.wishabi.net/page_items/430536690/1786586783/extra_large.jpg
Walmart,8033586,1032471537,Athletic Works active leggings,Athletic Works,12.0,,,,$12.0,,2026-07-30T00:00:00-04:00,2026-09-16T23:59:59-04:00,,18376.9,-52.63,18746.9,-819.71,http://f.wishabi.net/page_items/430308059/1786460924/extra_large.jpg
Walmart,8033586,1032471546,Athletic Works kid's sneakers,Athletic Works,19.0,,,,$19.0,,2026-07-30T00:00:00-04:00,2026-09-16T23:59:59-04:00,,18330.1,-1291.26,18476.3,-1618.31,http://f.wishabi.net/page_items/430308061/1786460925/extra_large.jpg
Walmart,8033586,1032471634,Athletic Works kids sneakers,Athletic Works,19.0,,,,$19.0,,2026-07-30T00:00:00-04:00,2026-09-16T23:59:59-04:00,,18201.1,-1273.77,18328.9,-1611.92,http://f.wishabi.net/page_items/430308281/1786460931/extra_large.jpg
Walmart,8033586,1032471583,Athletic Works kids' or toddlers' athletic shoes,Athletic Works,15.0,,,,$15.0,,2026-07-30T00:00:00-04:00,2026-09-16T23:59:59-04:00,,18044.4,-128.11,18229.5,-194.3,http://f.wishabi.net/page_items/430308133/1786460927/extra_large.jpg
Walmart,8033586,1032471622,Athletic Works kids' sneakers,Athletic Works,19.0,,,,$19.0,,2026-07-30T00:00:00-04:00,2026-09-16T23:59:59-04:00,,18484.2,-1283.56,18634.2,-1625.41,http://f.wishabi.net/page_items/430308259/1786460930/extra_large.jpg
Walmart,8072271,1032338686,"Auusda Laptop, Win 11 Pro 15.6"" 3050E CPU Home Computer, 16GB RAM 512GB SSD storage",,369.99,,,,$369.99,,2026-08-13T00:00:00-04:00,2026-08-19T23:59:59-04:00,,36865.2,-647.98,37147.4,-989.16,http://f.wishabi.net/page_items/430253684/1786500154/extra_large.jpg
Walmart,8072271,1032945914,Aveeno Shampoo,Aveeno,9.93,,,,$9.93,,2026-08-13T00:00:00-04:00,2026-08-19T23:59:59-04:00,,39381.7,-2005.03,39472.6,-2235.76,http://f.wishabi.net/page_items/430536317/1786587811/extra_large.jpg
Walmart,8033586,1026855707,Aveeno moisturizing lotion,Aveeno,12.97,,,,$12.97,,2026-07-30T00:00:00-04:00,2026-09-16T23:59:59-04:00,,14715.6,-34.86,14812.9,-315.42,http://f.wishabi.net/page_items/427380790/1784303066/extra_large.jpg
Walmart,8033586,1032472904,Avia adults performance sneakers,Avia,34.97,,,,$34.97,,2026-07-30T00:00:00-04:00,2026-09-16T23:59:59-04:00,,24820.2,-1549.48,24916.6,-1796.62,http://f.wishabi.net/page_items/430308680/1786464975/extra_large.jpg
Walmart,8033586,1032472942,Avia adults' performance sneakers,Avia,34.97,,,,$34.97,,2026-07-30T00:00:00-04:00,2026-09-16T23:59:59-04:00,,25150.3,-1555.84,25241.4,-1778.15,http://f.wishabi.net/page_items/430308729/1786464977/extra_large.jpg
Walmart,8033586,1032471570,Avia kids or toddlers' athletic shoes,Avia,29.97,,,,$29.97,,2026-07-30T00:00:00-04:00,2026-09-16T23:59:59-04:00,,18450.0,-871.89,18559.7,-1094.34,http://f.wishabi.net/page_items/430308075/1786460927/extra_large.jpg
Walmart,8080972,1032870445,BISSELL Little Green Mini Corded Portable Carpet and Upholstery Deep Cleaner,Bissell,84.98,,,,$84.98,,2026-08-13T00:00:00-04:00,2026-08-19T23:59:59-04:00,,403.9,-3395.85,751.67,-4058.28,http://f.wishabi.net/page_items/429768353/1785960825/extra_large.jpg
Walmart,8033586,1026873904,BISSELL® Little Green® Mini carpet and upholster cleaner,Bissell,84.98,,,,$84.98,,2026-07-30T00:00:00-04:00,2026-09-16T23:59:59-04:00,,8396.56,-1446.72,8673.23,-2451.45,http://f.wishabi.net/page_items/427380402/1784303066/extra_large.jpg
Walmart,8080972,1032870917,BISSELL® PowerClean® Pet XL Upright Carpet Cleaner,Bissell,249.98,,,,$249.98,,2026-08-13T00:00:00-04:00,2026-08-19T23:59:59-04:00,,10986.6,-713.03,11522.0,-1375.45,http://f.wishabi.net/page_items/429769897/1785962002/extra_large.jpg
Walmart,8080972,1032870912,BISSELL® PowerForce® Turbo Pet Bagless Upright Vacuum,Bissell,119.98,,,,$119.98,,2026-08-13T00:00:00-04:00,2026-08-19T23:59:59-04:00,,10423.5,-713.03,10959.0,-1375.45,http://f.wishabi.net/page_items/429769896/1785962001/extra_large.jpg
Walmart,8033586,1027078389,BISSELL® PowerForce® compact upright or bagless canister vacuum,Bissell,69.98,,,,$69.98,,2026-07-30T00:00:00-04:00,2026-09-16T23:59:59-04:00,,8688.29,-1583.21,8840.29,-2064.01,http://f.wishabi.net/page_items/427714479/1784303069/extra_large.jpg
Walmart,8080972,1032870682,"BLUE Life Protection Formula Salmon & Brown Rice, 2.2KG, selected varieties",Blue Buffalo,24.98,,,,$24.98,,2026-08-13T00:00:00-04:00,2026-08-19T23:59:59-04:00,,6554.27,-2001.08,6902.04,-2663.5,http://f.wishabi.net/page_items/429768409/1785960817/extra_large.jpg
Walmart,8072271,1031502053,BaiXiang instant noodles,Baixiang,4.98,,,,$4.98,,2026-08-13T00:00:00-04:00,2026-08-19T23:59:59-04:00,,3932.97,-835.89,4131.24,-1032.11,http://f.wishabi.net/page_items/429801317/1785993219/extra_large.jpg
Walmart,8072271,1032338077,Banner - App Digital Coupons,,,,,,,,2026-08-13T00:00:00-04:00,2026-08-19T23:59:59-04:00,,43617.77,-1867.28,44563.23,-2459.66,http://f.wishabi.net/page_items/430253884/1786399270/extra_large.jpg
Walmart,8033586,1027166647,Banner - Appliances,,,,,,,,2026-07-30T00:00:00-04:00,2026-09-16T23:59:59-04:00,,25364.1,-1348.21,26655.7,-1588.62,http://f.wishabi.net/page_items/427745937/1784303071/extra_large.jpg
Walmart,8072271,1032338874,Banner - Back to Campus,,,,,,,,2026-08-13T00:00:00-04:00,2026-08-19T23:59:59-04:00,,36261.6,-66.48,37159.1,-225.28,http://f.wishabi.net/page_items/430253738/1786500162/extra_large.jpg
Walmart,8072271,1033389967,Banner - Back to School Essentials,,,,,,,,2026-08-13T00:00:00-04:00,2026-08-19T23:59:59-04:00,,33.24,-2330.4,941.76,-2452.27,http://f.wishabi.net/page_items/430724080/1786753916/extra_large.jpg
Walmart,8072271,1032307893,Banner - Back to School Lunchbox Essentials,,,,,,,,2026-08-13T00:00:00-04:00,2026-08-19T23:59:59-04:00,,1983.24,-1240.91,2891.76,-1351.7,http://f.wishabi.net/page_items/430250804/1786394118/extra_large.jpg
Walmart,8072271,1032945302,Banner - Back to school style at low prices,,,,,,,,2026-08-13T00:00:00-04:00,2026-08-19T23:59:59-04:00,,7848.0,-51.55,8746.0,-172.55,http://f.wishabi.net/page_items/430536722/1786586786/extra_large.jpg
Walmart,8072271,1032574436,Banner - Back-to-school at low prices,,,,,,,,2026-08-13T00:00:00-04:00,2026-08-19T23:59:59-04:00,,9638.45,-27.24,10379.8,-114.98,http://f.wishabi.net/page_items/430356350/1786500161/extra_large.jpg
Walmart,8033586,1027166674,Banner - Beauty & self-care,,,,,,,,2026-07-30T00:00:00-04:00,2026-09-16T23:59:59-04:00,,25364.1,-2069.44,26655.7,-2309.86,http://f.wishabi.net/page_items/427745940/1784303073/extra_large.jpg
Walmart,8072271,1033390304,Banner - Budget-friendly meals,,,,,,,,2026-08-13T00:00:00-04:00,2026-08-19T23:59:59-04:00,,30326.6,-37.67,31619.2,-222.87,http://f.wishabi.net/page_items/430720037/1786753891/extra_large.jpg
Walmart,8033586,1032461801,Banner - Crocs,,,,,,,,2026-07-30T00:00:00-04:00,2026-09-16T23:59:59-04:00,,17160.0,-2208.24,17870.8,-2534.34,http://f.wishabi.net/page_items/430309202/1786460597/extra_large.jpg
Walmart,8072271,1032336899,Banner - Delivery,,,,,,,,2026-08-13T00:00:00-04:00,2026-08-19T23:59:59-04:00,,42651.91,-46.75,43552.27,-527.25,http://f.wishabi.net/page_items/430253443/1786399273/extra_large.jpg
Walmart,8072271,1031569394,Banner - Delivery Pass,,,,,,,,2026-08-13T00:00:00-04:00,2026-08-19T23:59:59-04:00,,2957.5,-2321.01,3868.5,-2448.01,http://f.wishabi.net/page_items/429806317/1785993227/extra_large.jpg
Walmart,8033586,1027166620,Banner - Dorm decor,,,,,,,,2026-07-30T00:00:00-04:00,2026-09-16T23:59:59-04:00,,25364.1,-626.98,26655.7,-867.39,http://f.wishabi.net/page_items/427745934/1784303070/extra_large.jpg
Walmart,8072271,1032574630,Banner - Easy printing for every assignment,,,,,,,,2026-08-13T00:00:00-04:00,2026-08-19T23:59:59-04:00,,14809.2,-35.82,16005.0,-200.28,http://f.wishabi.net/page_items/430349688/1786500165/extra_large.jpg
Walmart,8072271,1032576809,Banner - Easy-made protein drinks,,,,,,,,2026-08-13T00:00:00-04:00,2026-08-19T23:59:59-04:00,,31789.7,-67.72,33473.9,-268.87,http://f.wishabi.net/page_items/430348242/1786500166/extra_large.jpg
Walmart,8072271,1032574539,Banner - Electronics,,,,,,,,2026-08-13T00:00:00-04:00,2026-08-19T23:59:59-04:00,,12890.7,-3.79,13694.6,-672.28,http://f.wishabi.net/page_items/430349650/1786500164/extra_large.jpg
Walmart,8033586,1027166656,Banner - Electronics,,,,,,,,2026-07-30T00:00:00-04:00,2026-09-16T23:59:59-04:00,,25364.1,-1588.62,26655.7,-1829.03,http://f.wishabi.net/page_items/427745938/1784303072/extra_large.jpg
Walmart,8072271,1031779310,Banner - Everything for baby at low prices,,,,,,,,2026-08-13T00:00:00-04:00,2026-08-19T23:59:59-04:00,,37790.0,-48.49,38696.0,-283.29,http://f.wishabi.net/page_items/429902858/1786396488/extra_large.jpg
Walmart,8072271,1032035950,Banner - Freshen up with these deals,,,,,,,,2026-08-13T00:00:00-04:00,2026-08-19T23:59:59-04:00,,35231.54,-42.54,36178.46,-172.0,http://f.wishabi.net/page_items/430012432/1786217446/extra_large.jpg
Walmart,8072271,1032574579,Banner - Great tech at low prices,,,,,,,,2026-08-13T00:00:00-04:00,2026-08-19T23:59:59-04:00,,13801.9,-881.03,14698.5,-1621.72,http://f.wishabi.net/page_items/430352876/1786500163/extra_large.jpg
Walmart,8033586,1027166665,Banner - Health & wellness,,,,,,,,2026-07-30T00:00:00-04:00,2026-09-16T23:59:59-04:00,,25364.1,-1829.03,26655.7,-2069.44,http://f.wishabi.net/page_items/427745939/1784303073/extra_large.jpg
Walmart,8072271,1032336592,Banner - International Flavours,,,,,,,,2026-08-13T00:00:00-04:00,2026-08-19T23:59:59-04:00,,3955.4,-48.01,4841.76,-162.5,http://f.wishabi.net/page_items/430252604/1786396081/extra_large.jpg
Walmart,8072271,1033332913,Banner - KD White Cheddar + Ramen LOLX99546,,,,,,,,2026-08-13T00:00:00-04:00,2026-08-19T23:59:59-04:00,,41704.7,-77.56,42572.6,-631.53,http://f.wishabi.net/page_items/430685929/1786718538/extra_large.jpg
Walmart,8072271,1032337867,Banner - Kenvue Tylenol Adult LOLX60353,,,,,,,,2026-08-13T00:00:00-04:00,2026-08-19T23:59:59-04:00,,40726.0,-55.4,41630.8,-631.53,http://f.wishabi.net/page_items/430253756/1786500162/extra_large.jpg
Walmart,8033586,1027166602,Banner - Kids' apparel,,,,,,,,2026-07-30T00:00:00-04:00,2026-09-16T23:59:59-04:00,,25364.1,-146.16,26655.7,-386.57,http://f.wishabi.net/page_items/427745932/1784303069/extra_large.jpg
Walmart,8072271,1032336807,Banner - Kimberly Clark Huggies LYSR13891,,,,,,,,2026-08-13T00:00:00-04:00,2026-08-19T23:59:59-04:00,,39751.01,-62.78,40607.83,-151.42,http://f.wishabi.net/page_items/430253424/1786397266/extra_large.jpg
Walmart,8072271,1032576835,Banner - Klarna,,,,,,,,2026-08-13T00:00:00-04:00,2026-08-19T23:59:59-04:00,,33580.8,-1424.66,34293.9,-1533.17,http://f.wishabi.net/page_items/430353198/1786500182/extra_large.jpg
Walmart,8033586,1026876594,Banner - Klarna,,,,,,,,2026-07-30T00:00:00-04:00,2026-09-16T23:59:59-04:00,,3972.5,-2271.89,4554.5,-2534.89,http://f.wishabi.net/page_items/427477617/1784386830/extra_large.jpg
Walmart,8033586,1027166629,Banner - Lunch bags & backpacks,,,,,,,,2026-07-30T00:00:00-04:00,2026-09-16T23:59:59-04:00,,25364.1,-867.39,26655.7,-1107.8,http://f.wishabi.net/page_items/427745935/1784303070/extra_large.jpg
Walmart,8072271,1032575401,Banner - Mastercard,,,,,,,,2026-08-13T00:00:00-04:00,2026-08-19T23:59:59-04:00,,18301.8,-2397.44,19259.6,-2529.55,http://f.wishabi.net/page_items/430352580/1786500164/extra_large.jpg
Walmart,8033586,1026876974,Banner - Mastercard,,,,,,,,2026-07-30T00:00:00-04:00,2026-09-16T23:59:59-04:00,,6246.0,-715.0,6916.0,-814.0,http://f.wishabi.net/page_items/427465898/1784303066/extra_large.jpg
Walmart,8072271,1033153008,Banner - Mise à niveau petit prix,,,,,,,,2026-08-13T00:00:00-04:00,2026-08-19T23:59:59-04:00,,37227.4,-42.42,37721.6,-289.57,http://f.wishabi.net/page_items/430635648/1786654684/extra_large.jpg
Walmart,8072271,1031565633,Banner - Online Only Flyer,,,,,,,,2026-08-13T00:00:00-04:00,2026-08-19T23:59:59-04:00,,1010.0,-2158.22,1918.0,-2277.22,http://f.wishabi.net/page_items/429806377/1786393621/extra_large.jpg
Walmart,8072271,1032035895,Banner - Organize for less,,,,,,,,2026-08-13T00:00:00-04:00,2026-08-19T23:59:59-04:00,,34371.51,-25.95,35161.2,-133.47,http://f.wishabi.net/page_items/430012394/1786217448/extra_large.jpg
Walmart,8072271,1032575548,Banner - Packed with low prices,,,,,,,,2026-08-13T00:00:00-04:00,2026-08-19T23:59:59-04:00,,20871.3,-44.39,22181.0,-192.37,http://f.wishabi.net/page_items/430353283/1786500164/extra_large.jpg
Walmart,8072271,1032338016,Banner - Partner Offers,,,,,,,,2026-08-13T00:00:00-04:00,2026-08-19T23:59:59-04:00,,43647.32,-51.7,44544.76,-1833.3,http://f.wishabi.net/page_items/430253874/1786399269/extra_large.jpg
Walmart,8072271,1032336947,Banner - Pharmacy,,,,,,,,2026-08-13T00:00:00-04:00,2026-08-19T23:59:59-04:00,,42655.99,-1522.58,43558.68,-1972.76,http://f.wishabi.net/page_items/430253452/1786399274/extra_large.jpg
Walmart,8072271,1032337013,Banner - Pharmacy App,,,,,,,,2026-08-13T00:00:00-04:00,2026-08-19T23:59:59-04:00,,42662.99,-1968.1,43561.02,-2450.93,http://f.wishabi.net/page_items/430253461/1786399274/extra_large.jpg
Walmart,8072271,1032574460,Banner - Protect your product,,,,,,,,2026-08-13T00:00:00-04:00,2026-08-19T23:59:59-04:00,,9633.66,-2429.09,10372.2,-2528.57,http://f.wishabi.net/page_items/430356492/1786500167/extra_large.jpg
Walmart,8033586,1026883181,Banner - Protect your product,,,,,,,,2026-07-30T00:00:00-04:00,2026-09-16T23:59:59-04:00,,7809.14,-42.53,8926.07,-212.66,http://f.wishabi.net/page_items/427467735/1784303069/extra_large.jpg
Walmart,8072271,1032575684,Banner - Quick snacks for on the go,,,,,,,,2026-08-13T00:00:00-04:00,2026-08-19T23:59:59-04:00,,23576.5,-22.73,24464.4,-150.97,http://f.wishabi.net/page_items/430348053/1786500169/extra_large.jpg
Walmart,8072271,1032576832,Banner - Ride away with low prices,,,,,,,,2026-08-13T00:00:00-04:00,2026-08-19T23:59:59-04:00,,33584.6,-37.04,34289.3,-146.7,http://f.wishabi.net/page_items/430353170/1786500180/extra_large.jpg
Walmart,8072271,1033389879,Banner - Rollback,,,,,,,,2026-08-13T00:00:00-04:00,2026-08-19T23:59:59-04:00,,45.5,-1261.75,901.5,-1363.75,http://f.wishabi.net/page_items/430724055/1786753909/extra_large.jpg
Walmart,8033586,1027166638,Banner - School supplies,,,,,,,,2026-07-30T00:00:00-04:00,2026-09-16T23:59:59-04:00,,25364.1,-1107.8,26655.7,-1348.21,http://f.wishabi.net/page_items/427745936/1784303071/extra_large.jpg
Walmart,8033586,1027189637,Banner - Shop all La Roche-Posay skincare,,,,,,,,2026-07-30T00:00:00-04:00,2026-09-16T23:59:59-04:00,,11966.6,-2072.58,12960.4,-2541.78,http://f.wishabi.net/page_items/427767909/1785251378/extra_large.jpg
Walmart,8033586,1032472761,Banner - Shop all Levi's fit,,,,,,,,2026-07-30T00:00:00-04:00,2026-09-16T23:59:59-04:00,,23771.7,-1758.09,24503.2,-1825.5,http://f.wishabi.net/page_items/430308566/1786464816/extra_large.jpg
Walmart,8033586,1032472478,Banner - Shop all No Boundaries collection,,,,,,,,2026-07-30T00:00:00-04:00,2026-09-16T23:59:59-04:00,,21878.9,-1073.12,22595.2,-1167.97,http://f.wishabi.net/page_items/430308529/1786463976/extra_large.jpg
Walmart,8033586,1032472066,Banner - Shop all backpacks,,,,,,,,2026-07-30T00:00:00-04:00,2026-09-16T23:59:59-04:00,,19499.3,-1772.67,20191.9,-1849.54,http://f.wishabi.net/page_items/430304240/1786461857/extra_large.jpg
Walmart,8033586,1032472775,Banner - Shop all bikes,,,,,,,,2026-07-30T00:00:00-04:00,2026-09-16T23:59:59-04:00,,23788.5,-1844.11,24481.0,-2514.11,http://f.wishabi.net/page_items/430308574/1786464817/extra_large.jpg
Walmart,8072271,1033390291,Banner - Shop all breakfast,,,,,,,,2026-08-13T00:00:00-04:00,2026-08-19T23:59:59-04:00,,29425.5,-846.19,30206.2,-1500.66,http://f.wishabi.net/page_items/430724025/1786754190/extra_large.jpg
Walmart,8033586,1032475423,Banner - Shop all breakfast must haves,,,,,,,,2026-07-30T00:00:00-04:00,2026-09-16T23:59:59-04:00,,5486.89,-1881.72,6171.67,-2538.13,http://f.wishabi.net/page_items/430308682/1786466330/extra_large.jpg
Walmart,8072271,1032575410,Banner - Shop all calculators,,,,,,,,2026-08-13T00:00:00-04:00,2026-08-19T23:59:59-04:00,,18295.4,-1445.18,19250.5,-1844.14,http://f.wishabi.net/page_items/430352850/1786500165/extra_large.jpg
Walmart,8072271,1032035954,Banner - Shop all dorm cleaning essentials,,,,,,,,2026-08-13T00:00:00-04:00,2026-08-19T23:59:59-04:00,,35238.93,-227.48,36185.86,-1022.75,http://f.wishabi.net/page_items/430012434/1786217446/extra_large.jpg
Walmart,8033586,1027488538,Banner - Shop all dorm cleaning faves,,,,,,,,2026-07-30T00:00:00-04:00,2026-09-16T23:59:59-04:00,,6958.25,-1373.8,7740.63,-2133.93,http://f.wishabi.net/page_items/427813175/1784384958/extra_large.jpg
Walmart,8033586,1032487664,Banner - Shop all dorm-sized rugs,,,,,,,,2026-07-30T00:00:00-04:00,2026-09-16T23:59:59-04:00,,2136.58,-32.1,2862.34,-717.3,http://f.wishabi.net/page_items/430305884/1786467289/extra_large.jpg
Walmart,8033586,1027492944,Banner - Shop all electronics,,,,,,,,2026-07-30T00:00:00-04:00,2026-09-16T23:59:59-04:00,,3972.72,-1057.03,4556.67,-1626.2,http://f.wishabi.net/page_items/427817471/1784386831/extra_large.jpg
Walmart,8033586,1032884219,Banner - Shop all hair styling products,,,,,,,,2026-07-30T00:00:00-04:00,2026-09-16T23:59:59-04:00,,15520.0,-1774.03,16293.7,-2542.34,http://f.wishabi.net/page_items/430507363/1786559441/extra_large.jpg
Walmart,8033586,1027488318,Banner - Shop all health & wellness,,,,,,,,2026-07-30T00:00:00-04:00,2026-09-16T23:59:59-04:00,,10007.3,-12.95,11191.3,-135.05,http://f.wishabi.net/page_items/427813068/1784382307/extra_large.jpg
Walmart,8072271,1032574614,Banner - Shop all ink and toner,,,,,,,,2026-08-13T00:00:00-04:00,2026-08-19T23:59:59-04:00,,14810.5,-1267.21,15992.9,-1401.81,http://f.wishabi.net/page_items/430349561/1786500163/extra_large.jpg
Walmart,8033586,1032458972,Banner - Shop all kids' school looks,,,,,,,,2026-07-30T00:00:00-04:00,2026-09-16T23:59:59-04:00,,16376.0,-2492.74,17080.8,-2555.64,http://f.wishabi.net/page_items/430301273/1786460506/extra_large.jpg
Walmart,8033586,1032487643,Banner - Shop all lamps,,,,,,,,2026-07-30T00:00:00-04:00,2026-09-16T23:59:59-04:00,,1361.86,-841.55,2023.88,-1150.7,http://f.wishabi.net/page_items/430304327/1786467245/extra_large.jpg
Walmart,8072271,1032575686,Banner - Shop all late night study snacks,,,,,,,,2026-08-13T00:00:00-04:00,2026-08-19T23:59:59-04:00,,23587.2,-193.13,24464.8,-910.87,http://f.wishabi.net/page_items/430348059/1786500170/extra_large.jpg
Walmart,8033586,1032471690,Banner - Shop all lunch bags,,,,,,,,2026-07-30T00:00:00-04:00,2026-09-16T23:59:59-04:00,,17928.5,-2464.23,18761.0,-2556.75,http://f.wishabi.net/page_items/430308478/1786460933/extra_large.jpg
Walmart,8033586,1032474416,Banner - Shop all lunch essentials,,,,,,,,2026-07-30T00:00:00-04:00,2026-09-16T23:59:59-04:00,,21310.0,-18.52,21821.2,-507.54,http://f.wishabi.net/page_items/427762035/1784311941/extra_large.jpg
Walmart,8033586,1027189616,Banner - Shop all makeup must-haves,,,,,,,,2026-07-30T00:00:00-04:00,2026-09-16T23:59:59-04:00,,11241.2,-2482.26,11916.7,-2548.7,http://f.wishabi.net/page_items/427767906/1784314629/extra_large.jpg
Walmart,8033586,1032475417,Banner - Shop all quick dinner options,,,,,,,,2026-07-30T00:00:00-04:00,2026-09-16T23:59:59-04:00,,5476.62,-1.86,6189.05,-693.88,http://f.wishabi.net/page_items/430308674/1786466328/extra_large.jpg
Walmart,8033586,1032475421,Banner - Shop all small appliances,,,,,,,,2026-07-30T00:00:00-04:00,2026-09-16T23:59:59-04:00,,5487.77,-1773.94,6177.54,-1842.51,http://f.wishabi.net/page_items/430308679/1786466329/extra_large.jpg
Walmart,8072271,1032277533,Banner - Shop all stationery,,,,,,,,2026-08-13T00:00:00-04:00,2026-08-19T23:59:59-04:00,,17486.46,-179.99,18213.54,-785.89,http://f.wishabi.net/page_items/430240218/1786401087/extra_large.jpg
Walmart,8033586,1030255368,Banner - Shop all trending in home,,,,,,,,2026-07-30T00:00:00-04:00,2026-09-16T23:59:59-04:00,,3210.08,-1909.32,3933.92,-1986.87,http://f.wishabi.net/page_items/429173375/1785429057/extra_large.jpg
Walmart,8072271,1032576834,Banner - Shop bikes and scoters,,,,,,,,2026-08-13T00:00:00-04:00,2026-08-19T23:59:59-04:00,,33583.7,-189.42,34292.1,-757.61,http://f.wishabi.net/page_items/430353185/1786500181/extra_large.jpg
Walmart,8033586,1032474427,Banner - Shop both collections,,,,,,,,2026-07-30T00:00:00-04:00,2026-09-16T23:59:59-04:00,,21313.7,-903.95,21824.9,-1396.67,http://f.wishabi.net/page_items/427762036/1784311942/extra_large.jpg
Walmart,8072271,1032574501,Banner - Smart savings on cool electronics,,,,,,,,2026-08-13T00:00:00-04:00,2026-08-19T23:59:59-04:00,,11626.1,-27.74,12783.4,-182.97,http://f.wishabi.net/page_items/430352985/1786500163/extra_large.jpg
Walmart,8072271,1033390290,Banner - Start the day with a good breakfast,,,,,,,,2026-08-13T00:00:00-04:00,2026-08-19T23:59:59-04:00,,29423.6,-20.41,30208.0,-123.93,http://f.wishabi.net/page_items/430724022/1786754190/extra_large.jpg
Walmart,8072271,1032277524,Banner - Stock up on school essentials,,,,,,,,2026-08-13T00:00:00-04:00,2026-08-19T23:59:59-04:00,,17477.14,-23.85,18208.88,-121.73,http://f.wishabi.net/page_items/430240210/1786401087/extra_large.jpg
Walmart,8072271,1032575406,Banner - Stock up on school supplies,,,,,,,,2026-08-13T00:00:00-04:00,2026-08-19T23:59:59-04:00,,18296.9,-21.76,19259.7,-145.88,http://f.wishabi.net/page_items/430352817/1786500165/extra_large.jpg
Walmart,8072271,1031545019,Banner - Subscribe to Save on Pet items,,,,,,,,2026-08-13T00:00:00-04:00,2026-08-19T23:59:59-04:00,,4913.5,-1263.62,5812.5,-1378.62,http://f.wishabi.net/page_items/429806674/1785993235/extra_large.jpg
Walmart,8072271,1031779944,Banner - Subscribe to Save on baby items,,,,,,,,2026-08-13T00:00:00-04:00,2026-08-19T23:59:59-04:00,,37785.55,-2249.91,38695.45,-2369.27,http://f.wishabi.net/page_items/429902869/1786396479/extra_large.jpg
Walmart,8072271,1032945945,Banner - Subscribe to Save on beauty essentials,,,,,,,,2026-08-13T00:00:00-04:00,2026-08-19T23:59:59-04:00,,38757.5,-2306.79,39668.5,-2428.79,http://f.wishabi.net/page_items/430536374/1786587824/extra_large.jpg
Walmart,8072271,1031563955,Banner - Subscribe to save on health & wellness items,,,,,,,,2026-08-13T00:00:00-04:00,2026-08-19T23:59:59-04:00,,5882.5,-1641.0,6782.5,-1767.0,http://f.wishabi.net/page_items/429805841/1785993244/extra_large.jpg
Walmart,8072271,1032277282,Banner - Tech and more for everyone,,,,,,,,2026-08-13T00:00:00-04:00,2026-08-19T23:59:59-04:00,,16117.34,-44.34,17406.96,-214.32,http://f.wishabi.net/page_items/430238594/1786401076/extra_large.jpg
Walmart,8072271,1033153009,Banner - Technology,,,,,,,,2026-08-13T00:00:00-04:00,2026-08-19T23:59:59-04:00,,37231.0,-1160.11,37725.3,-1208.06,http://f.wishabi.net/page_items/430635649/1786654685/extra_large.jpg
Walmart,8033586,1032471906,Banner - Vision Centre,,,,,,,,2026-07-30T00:00:00-04:00,2026-09-16T23:59:59-04:00,,18832.5,-1539.97,19413.4,-1622.12,http://f.wishabi.net/page_items/430308712/1786461088/extra_large.jpg
Walmart,8072271,1033389858,Banner - Walmart,,,,,,,,2026-08-13T00:00:00-04:00,2026-08-19T23:59:59-04:00,,30.5,-43.72,945.5,-292.72,http://f.wishabi.net/page_items/430724043/1786753907/extra_large.jpg
Walmart,8033586,1027492932,Banner - Warranty and tech support,,,,,,,,2026-07-30T00:00:00-04:00,2026-09-16T23:59:59-04:00,,3965.33,-336.33,4560.37,-413.94,http://f.wishabi.net/page_items/427817470/1784386831/extra_large.jpg
Walmart,8033586,1027166611,Banner - Young adult's apparel,,,,,,,,2026-07-30T00:00:00-04:00,2026-09-16T23:59:59-04:00,,25364.1,-386.57,26655.7,-626.98,http://f.wishabi.net/page_items/427745933/1784303069/extra_large.jpg
Walmart,8033586,1032884217,Batiste dry shampoo,Batiste,10.48,,,,$10.48,,2026-07-30T00:00:00-04:00,2026-09-16T23:59:59-04:00,,15932.2,-1388.33,16034.9,-1715.42,http://f.wishabi.net/page_items/430507360/1786559439/extra_large.jpg
Walmart,8072271,1031502196,Beggin' Dog Treats,Beggin',8.47,,,,$8.47,,2026-08-13T00:00:00-04:00,2026-08-19T23:59:59-04:00,,5386.67,-1914.27,5529.22,-2100.05,http://f.wishabi.net/page_items/429801871/1785993222/extra_large.jpg
Walmart,8080972,1032870525,"Beggin' Strips Bacon, Soft Dog Treats 708g, selected varieties",Beggin,8.47,,,,$8.47,,2026-08-13T00:00:00-04:00,2026-08-19T23:59:59-04:00,,3089.27,-247.49,3437.04,-909.92,http://f.wishabi.net/page_items/429768374/1785960818/extra_large.jpg
Walmart,8072271,1031571271,Beggin' dog treats!,Beggin',8.47,,,,$8.47,,2026-08-13T00:00:00-04:00,2026-08-19T23:59:59-04:00,,5531.67,-1967.27,5674.22,-2153.05,http://f.wishabi.net/page_items/429806683/1785993237/extra_large.jpg
Walmart,8080972,1032870632,"Benebone Essentials Wishbone Bacon, M/L, selected varieties",Benebone,16.48,,,,$16.48,,2026-08-13T00:00:00-04:00,2026-08-19T23:59:59-04:00,,4648.52,-1322.09,4996.29,-1912.75,http://f.wishabi.net/page_items/430250949/1786395236/extra_large.jpg
Walmart,8080972,1032870807,BestPet Indoor/Outdoor Metal Puppy Fence,BestPet,89.99,,,,$89.99,,2026-08-13T00:00:00-04:00,2026-08-19T23:59:59-04:00,,8488.9,-1958.76,8836.67,-2621.18,http://f.wishabi.net/page_items/429768436/1785960821/extra_large.jpg
Walmart,8072271,1032338665,"Bestier 42"" LED gaming desk",,79.99,,,,$79.99,,2026-08-13T00:00:00-04:00,2026-08-19T23:59:59-04:00,,36270.8,-1001.19,36552.8,-1346.3,http://f.wishabi.net/page_items/430253680/1786500154/extra_large.jpg
Walmart,8072271,1032338608,"Bestier 49.2"" high LED storage platform bed frame",,128.99,,,,$128.99,,2026-08-13T00:00:00-04:00,2026-08-19T23:59:59-04:00,,36867.23,-1360.32,37144.85,-1696.42,http://f.wishabi.net/page_items/430253670/1786500153/extra_large.jpg
Walmart,8080972,1032870688,"Beyond Wild Prey-Inspired Whitefish & Egg Recipe 4.5KG, selected varieties",Beyond,38.97,,,,$38.97,,2026-08-13T00:00:00-04:00,2026-08-19T23:59:59-04:00,,5803.52,-2698.47,6151.29,-3360.89,http://f.wishabi.net/page_items/429768410/1785960818/extra_large.jpg
Walmart,8072271,1032945113,Bioworld licensed backpack,,24.97,,,,$24.97,,2026-08-13T00:00:00-04:00,2026-08-19T23:59:59-04:00,,7343.85,-793.08,7451.44,-908.23,http://f.wishabi.net/page_items/430538572/1786586784/extra_large.jpg
Walmart,8080972,1032870990,Birdfy Solar Smart Bird House with Camera,Birdfy,139.99,,,,$139.99,,2026-08-13T00:00:00-04:00,2026-08-19T23:59:59-04:00,,12329.3,-2094.92,12677.0,-2685.58,http://f.wishabi.net/page_items/429768473/1785960822/extra_large.jpg
Walmart,8072271,1032035946,Black & White bathroom tissue or paper towel,,4.94,,,,$4.94,,2026-08-13T00:00:00-04:00,2026-09-16T23:59:59-04:00,,35828.95,-1959.53,36145.03,-2273.42,http://f.wishabi.net/page_items/430012431/1786217445/extra_large.jpg
Walmart,8072271,1033389956,Black Diamond cheese block,Black Diamond,4.92,,,,$4.92,,2026-08-13T00:00:00-04:00,2026-08-19T23:59:59-04:00,,713.47,-1764.18,948.43,-1848.29,http://f.wishabi.net/page_items/430724079/1786753915/extra_large.jpg
Walmart,8072271,1033389789,Black Diamond cheese block 400 g or shreds 320 g,Black Diamond,4.92,,,,$4.92,,2026-08-13T00:00:00-04:00,2026-08-19T23:59:59-04:00,,642.47,-1688.18,705.43,-1836.29,http://f.wishabi.net/page_items/430723921/1786753897/extra_large.jpg
Walmart,8072271,1031499261,Black Diamond cheese slices,Black Diamond,3.47,,,,$3.47,,2026-08-13T00:00:00-04:00,2026-08-19T23:59:59-04:00,,1330.15,-310.07,1597.56,-537.35,http://f.wishabi.net/page_items/429801022/1786393626/extra_large.jpg
Walmart,8072271,1033389814,Blueberries,,3.44,,,,$3.44,,2026-08-13T00:00:00-04:00,2026-08-19T23:59:59-04:00,,30.61,-619.05,471.2,-910.5,http://f.wishabi.net/page_items/430723986/1786753901/extra_large.jpg
Walmart,8072271,1031502208,Bounty paper towels 4 = 12 rolls,Bounty,14.98,,,,$14.98,,2026-08-13T00:00:00-04:00,2026-08-19T23:59:59-04:00,,5524.63,-439.45,5791.64,-693.99,http://f.wishabi.net/page_items/429801879/1785993224/extra_large.jpg
Walmart,8033586,1032471920,Boy's casual shoes,,,,,,,,2026-07-30T00:00:00-04:00,2026-09-16T23:59:59-04:00,,18917.4,-1353.1,19038.7,-1423.05,http://f.wishabi.net/page_items/430308716/1786461089/extra_large.jpg
Walmart,8072271,1031501409,Brar's vegetable samosas,Brar's,6.18,,,,$6.18,,2026-08-13T00:00:00-04:00,2026-08-19T23:59:59-04:00,,2608.19,-1915.01,2892.79,-2179.38,http://f.wishabi.net/page_items/429801134/1786394143/extra_large.jpg
Walmart,8033586,1032475404,Brita Denali water filter pitcher,Brita,19.97,,,,$19.97,,2026-07-30T00:00:00-04:00,2026-09-16T23:59:59-04:00,,5954.98,-1254.92,6162.34,-1543.39,http://f.wishabi.net/page_items/430308381/1786466326/extra_large.jpg
Walmart,8033586,1032475409,Brita filters 3-pack,Brita,24.97,,,,$24.97,,2026-07-30T00:00:00-04:00,2026-09-16T23:59:59-04:00,,5909.62,-1135.9,6064.33,-1252.85,http://f.wishabi.net/page_items/430308440/1786466327/extra_large.jpg
Walmart,8072271,1031501446,Broccoli stalks,,2.94,,,,$2.94,,2026-08-13T00:00:00-04:00,2026-08-19T23:59:59-04:00,,2085.83,-732.35,2247.45,-906.88,http://f.wishabi.net/page_items/429802027/1786394150/extra_large.jpg
Walmart,8033586,1026861216,Buckley's Complete Extra Strength plus Mucus Relief,Buckley's,15.97,,,,$15.97,,2026-07-30T00:00:00-04:00,2026-09-16T23:59:59-04:00,,10273.8,-302.73,10565.0,-927.08,http://f.wishabi.net/page_items/427464522/1784382305/extra_large.jpg
Walmart,8072271,1031551556,Buckley's Complete syrup,Buckley's,15.17,,,,$15.17,,2026-08-13T00:00:00-04:00,2026-08-19T23:59:59-04:00,,6228.5,-2162.0,6342.5,-2340.0,http://f.wishabi.net/page_items/429805846/1785993246/extra_large.jpg
Walmart,8033586,1026862827,Buckley's Soothing Mixture syrup,Buckley's,15.97,,,,$15.97,,2026-07-30T00:00:00-04:00,2026-09-16T23:59:59-04:00,,10033.7,-387.29,10266.7,-976.43,http://f.wishabi.net/page_items/427380806/1784382304/extra_large.jpg
Walmart,8072271,1031501813,Bush's beans,Bush's,1.84,,,,$1.84,,2026-08-13T00:00:00-04:00,2026-08-19T23:59:59-04:00,,3429.51,-1005.48,3554.74,-1210.53,http://f.wishabi.net/page_items/429801620/1786394454/extra_large.jpg
Walmart,8072271,1032945038,CANON PIXMA TR4725 inkjet printer,Canon,59.98,,,,$59.98,,2026-08-13T00:00:00-04:00,2026-08-19T23:59:59-04:00,,6849.19,-988.21,7145.54,-1189.41,http://f.wishabi.net/page_items/430538484/1786586772/extra_large.jpg
Walmart,8033586,1032487653,CHERRY SHAPED CUSH,,,,,,,,2026-07-30T00:00:00-04:00,2026-09-16T23:59:59-04:00,,1614.0,-361.0,1732.0,-430.0,http://f.wishabi.net/page_items/430304406/1786467248/extra_large.jpg
Walmart,8072271,1034242780,Cadbury Caramilk Minis,Cadbury,5.98,,,,$5.98,,2026-08-13T00:00:00-04:00,2026-09-16T23:59:59-04:00,,26152.9,-182.79,26344.0,-496.14,http://f.wishabi.net/page_items/430944247/1787059854/extra_large.jpg
Walmart,8072271,1034242784,Cadbury Caramilk Snack-Size bars,Cadbury,3.18,,,,$3.18,,2026-08-13T00:00:00-04:00,2026-09-16T23:59:59-04:00,,26684.4,-185.28,27217.7,-463.75,http://f.wishabi.net/page_items/430944248/1787059855/extra_large.jpg
Walmart,8072271,1031501801,Cadbury Dairy Milk Chocolate bars,Cadbury,2.62,,,,$2.62,,2026-08-13T00:00:00-04:00,2026-08-19T23:59:59-04:00,,2980.66,-1554.46,3049.46,-1763.93,http://f.wishabi.net/page_items/429801608/1786394451/extra_large.jpg
Walmart,8072271,1031547983,Cadbury Dairy Milk chocolate bars,Cadbury,2.62,,,,$2.62,,2026-08-13T00:00:00-04:00,2026-08-19T23:59:59-04:00,,3051.66,-1599.46,3120.46,-1808.93,http://f.wishabi.net/page_items/429806293/1785993221/extra_large.jpg
Walmart,8080972,1032870437,"Caledon Farms Chewy Lamb Sticks All Natural Dog Treats 200g, selected varieties",Caledon Farms,7.98,,,,$7.98,,2026-08-13T00:00:00-04:00,2026-08-19T23:59:59-04:00,,779.27,-2032.36,1127.04,-2694.79,http://f.wishabi.net/page_items/429768351/1785960824/extra_large.jpg
Walmart,8080972,1032870679,"Caledon Farms Freeze Dried Salmon Bites 90g, selected varieties",Caledon Farms,7.98,,,,$7.98,,2026-08-13T00:00:00-04:00,2026-08-19T23:59:59-04:00,,6178.9,-2001.08,6526.67,-2663.5,http://f.wishabi.net/page_items/429768408/1785960817/extra_large.jpg
Walmart,8072271,1031565291,Campbell's soup,Campbell's,1.77,,,,$1.77,,2026-08-13T00:00:00-04:00,2026-08-19T23:59:59-04:00,,3099.94,-212.04,3225.9,-433.64,http://f.wishabi.net/page_items/429810312/1786394466/extra_large.jpg
Walmart,8072271,1031561278,Campbell's soup or consomme,Campbell's,1.77,,,,$1.77,,2026-08-13T00:00:00-04:00,2026-08-19T23:59:59-04:00,,2983.31,-181.72,3099.94,-433.64,http://f.wishabi.net/page_items/429810311/1786394465/extra_large.jpg
Walmart,8072271,1032574610,Canon PIXMA TR4725 inkjet printer,Canon,59.98,,,,$59.98,,2026-08-13T00:00:00-04:00,2026-09-16T23:59:59-04:00,,15430.3,-1428.72,16014.2,-1903.85,http://f.wishabi.net/page_items/430349228/1786500163/extra_large.jpg
Walmart,8072271,1032574597,Canon PIXMA TR7122 wireless printer,Canon,99.98,,,,$99.98,,2026-08-13T00:00:00-04:00,2026-09-16T23:59:59-04:00,,14818.3,-1944.89,15370.5,-2417.16,http://f.wishabi.net/page_items/430349082/1786500161/extra_large.jpg
Walmart,8072271,1032574604,Canon PIXMA TS3720 wireless all-in-one printer,Canon,47.98,,,,$47.98,,2026-08-13T00:00:00-04:00,2026-09-16T23:59:59-04:00,,14810.2,-1436.83,15384.8,-1907.4,http://f.wishabi.net/page_items/430349168/1786500162/extra_large.jpg
Walmart,8072271,1032574592,Canon imageCLASS MF3010 laser printer,,99.98,,,,$99.98,,2026-08-13T00:00:00-04:00,2026-09-16T23:59:59-04:00,,15426.9,-1977.47,15992.1,-2422.92,http://f.wishabi.net/page_items/430349068/1786500160/extra_large.jpg
Walmart,8072271,1031501443,Cantaloupes,,2.84,,,,$2.84,,2026-08-13T00:00:00-04:00,2026-08-19T23:59:59-04:00,,2455.97,-393.55,2889.9,-656.01,http://f.wishabi.net/page_items/429802026/1786394149/extra_large.jpg
Walmart,8080972,1032870409,Cat Treats,,,,,,,,2026-08-13T00:00:00-04:00,2026-08-19T23:59:59-04:00,,403.9,-2834.63,751.67,-3090.4,http://f.wishabi.net/page_items/429768340/1785960816/extra_large.jpg
Walmart,8080972,1032870860,Catit PIXI Cat Fountain,Catit,47.97,,,,$47.97,,2026-08-13T00:00:00-04:00,2026-08-19T23:59:59-04:00,,9268.52,-1515.3,9616.29,-2105.96,http://f.wishabi.net/page_items/429768447/1785960819/extra_large.jpg
Walmart,8080972,1032870573,Catit Recipes Adult Dry Cat Food 1.36kg,RC HAGEN,11.98,,,,$11.98,,2026-08-13T00:00:00-04:00,2026-08-19T23:59:59-04:00,,3868.9,-729.59,4216.67,-1320.25,http://f.wishabi.net/page_items/429768385/1785960818/extra_large.jpg
Walmart,8080972,1032870568,Catit Recipes dry cat food 1.36kg,RC HAGEN,11.98,,,,$11.98,,2026-08-13T00:00:00-04:00,2026-08-19T23:59:59-04:00,,3493.52,-729.59,3841.29,-1320.25,http://f.wishabi.net/page_items/429768384/1785960817/extra_large.jpg
Walmart,8080972,1032870579,"Catit Smooth & Savoury Cat Treat, 4x15g",RC HAGEN,2.57,,,,$2.57,,2026-08-13T00:00:00-04:00,2026-08-19T23:59:59-04:00,,4244.27,-729.59,4592.04,-1320.25,http://f.wishabi.net/page_items/429768386/1785960819/extra_large.jpg
Walmart,8080972,1032870702,"Catit Smooth Lickable Cat Treats, Assorted Flavours, 50x15g",CATIT,17.98,,,,$17.98,,2026-08-13T00:00:00-04:00,2026-08-19T23:59:59-04:00,,5803.52,-3395.85,6151.29,-4058.28,http://f.wishabi.net/page_items/429768413/1785960820/extra_large.jpg
Walmart,8080972,1032870849,Catit Stainless Steel Cat Flower Fountain with Placemat Kit,Catit,59.97,,,,$59.97,,2026-08-13T00:00:00-04:00,2026-08-19T23:59:59-04:00,,9268.52,-245.65,9616.29,-836.31,http://f.wishabi.net/page_items/429768445/1785960818/extra_large.jpg
Walmart,8080972,1032870854,Catit Triple Action Cat Fountain Filters,Catit,12.97,,,,$12.97,,2026-08-13T00:00:00-04:00,2026-08-19T23:59:59-04:00,,9268.52,-884.16,9616.29,-1474.82,http://f.wishabi.net/page_items/429768446/1785960818/extra_large.jpg
Walmart,8080972,1032870822,Catstages Faux Fur Self Warming Grey Cat Bed,CatStages,19.97,,,,$19.97,,2026-08-13T00:00:00-04:00,2026-08-19T23:59:59-04:00,,8488.9,-2672.7,8836.67,-3335.13,http://f.wishabi.net/page_items/429768439/1785960823/extra_large.jpg
Walmart,8033586,1026859900,Centrum Junior MultiGummies multivitamins,Centrum,19.47,,,,$19.47,,2026-07-30T00:00:00-04:00,2026-09-16T23:59:59-04:00,,10043.8,-1436.27,10402.6,-2167.05,http://f.wishabi.net/page_items/427380805/1784382304/extra_large.jpg
Walmart,8033586,1027063413,Centrum Women or Men MultiGummies multivitamins,Centrum,21.93,,,,$21.93,,2026-07-30T00:00:00-04:00,2026-09-16T23:59:59-04:00,,10421.3,-1428.88,10586.7,-1741.05,http://f.wishabi.net/page_items/427708030/1784382306/extra_large.jpg
Walmart,8033586,1026870285,CeraVe Acne Cleanser,CeraVe,23.97,,,,$23.97,,2026-07-30T00:00:00-04:00,2026-09-16T23:59:59-04:00,,11969.0,-1036.11,12176.0,-1392.29,http://f.wishabi.net/page_items/427380749/1785251375/extra_large.jpg
Walmart,8033586,1027055488,CeraVe Retinol serum,,25.98,,,,$25.98,,2026-07-30T00:00:00-04:00,2026-09-16T23:59:59-04:00,,12081.5,-1411.8,12200.5,-1751.8,http://f.wishabi.net/page_items/427705362/1785251377/extra_large.jpg
Walmart,8033586,1027055479,CeraVe blemish barrier patches,CeraVe,16.98,,,,$16.98,,2026-07-30T00:00:00-04:00,2026-09-16T23:59:59-04:00,,12197.5,-1210.8,12428.5,-1583.8,http://f.wishabi.net/page_items/427705361/1785251376/extra_large.jpg
Walmart,8072271,1031568818,Cesar wet dog food,Cesar,16.47,,,,$16.47,,2026-08-13T00:00:00-04:00,2026-08-19T23:59:59-04:00,,5124.85,-2167.29,5317.86,-2343.44,http://f.wishabi.net/page_items/429806689/1785993239/extra_large.jpg
Walmart,8033586,1032472692,Champion backpack,Champion,34.97,,,,$34.97,,2026-07-30T00:00:00-04:00,2026-09-16T23:59:59-04:00,,23969.2,-33.21,24210.6,-332.98,http://f.wishabi.net/page_items/430308327/1786464813/extra_large.jpg
Walmart,8072271,1031502211,Charmin bathroom tissue,Charmin,21.98,,,,$21.98,,2026-08-13T00:00:00-04:00,2026-08-19T23:59:59-04:00,,5519.85,-715.84,5706.24,-781.28,http://f.wishabi.net/page_items/429801881/1785993225/extra_large.jpg
Walmart,8072271,1031571225,Cheez-It crackers,,1.97,,,,$1.97,,2026-08-13T00:00:00-04:00,2026-08-19T23:59:59-04:00,,2129.5,-2179.06,2248.5,-2324.06,http://f.wishabi.net/page_items/429807373/1786394157/extra_large.jpg
Walmart,8080972,1032870519,"Chewmasters Chicken Strips Dog Treats 40oz, selected varieties",Chewmasters,21.97,,,,$21.97,,2026-08-13T00:00:00-04:00,2026-08-19T23:59:59-04:00,,2713.9,-247.49,3061.67,-909.92,http://f.wishabi.net/page_items/429768373/1785960817/extra_large.jpg
Walmart,8072271,1032337731,Children's Tylenol Dye Free Chewables,,9.24,,,,$9.24,,2026-08-13T00:00:00-04:00,2026-08-19T23:59:59-04:00,,40708.3,-2105.72,41220.3,-2458.63,http://f.wishabi.net/page_items/430253743/1786500155/extra_large.jpg
Walmart,8072271,1032575708,Christie Chips Ahoy! Mini Cookies Snak Paks,Christie,2.48,,,,$2.48,,2026-08-13T00:00:00-04:00,2026-09-16T23:59:59-04:00,,24871.4,-1315.11,25074.5,-1566.89,http://f.wishabi.net/page_items/430350031/1786500170/extra_large.jpg
Walmart,8072271,1032575697,Christie Chips Ahoy! Mini cookies 200 g,Christie,2.48,,,,$2.48,,2026-08-13T00:00:00-04:00,2026-09-16T23:59:59-04:00,,25325.1,-1316.32,25983.5,-1871.16,http://f.wishabi.net/page_items/430349425/1786500166/extra_large.jpg
Walmart,8072271,1031498553,Christie mini Snak Paks cookies,Christie,2.48,,,,$2.48,,2026-08-13T00:00:00-04:00,2026-08-19T23:59:59-04:00,,1030.03,-782.01,1168.02,-919.06,http://f.wishabi.net/page_items/429800967/1786393616/extra_large.jpg
Walmart,8072271,1032574471,"Chromebook 311 11.6"" laptop",,269.98,,,,$269.98,,2026-08-13T00:00:00-04:00,2026-09-16T23:59:59-04:00,,11025.4,-663.62,11532.2,-1101.32,http://f.wishabi.net/page_items/430349146/1786500162/extra_large.jpg
Walmart,8080972,1032870629,Chuckit! Fetch Medley Gen 3 Medium Variety 3-Pack Fetch Ball Dog Toy,Chuckit!,15.98,,,,$15.98,,2026-08-13T00:00:00-04:00,2026-08-19T23:59:59-04:00,,4648.52,-681.75,4996.29,-1272.41,http://f.wishabi.net/page_items/430250946/1786395235/extra_large.jpg
Walmart,8072271,1032945918,Clairol Nice N Easy Permanent Hair Colour Dye,Clairol,7.98,,,,$7.98,,2026-08-13T00:00:00-04:00,2026-08-19T23:59:59-04:00,,38757.7,-1693.43,38861.9,-1792.93,http://f.wishabi.net/page_items/430536322/1786587813/extra_large.jpg
Walmart,8072271,1032945940,Clairol Nice n Easy Permanent Hair Color,,7.98,,,,$7.98,,2026-08-13T00:00:00-04:00,2026-08-19T23:59:59-04:00,,38791.7,-1791.43,38902.9,-1978.93,http://f.wishabi.net/page_items/430536364/1786587821/extra_large.jpg
Walmart,8072271,1031510647,Classico pasta sauce,,2.97,,,,$2.97,,2026-08-13T00:00:00-04:00,2026-08-19T23:59:59-04:00,,1109.0,-305.13,1186.64,-440.8,http://f.wishabi.net/page_items/429806330/1786393631/extra_large.jpg
Walmart,8080972,1032870414,Cleaning,,,,,,,,2026-08-13T00:00:00-04:00,2026-08-19T23:59:59-04:00,,403.9,-3103.28,751.67,-3359.05,http://f.wishabi.net/page_items/429768343/1785960818/extra_large.jpg
Walmart,8072271,1031780813,Clek Fllo convertible slim car seat with extended rear-facing,Clek Fllo,424.0,,,,$424.0,,2026-08-13T00:00:00-04:00,2026-08-19T23:59:59-04:00,,37781.27,-1681.38,38072.11,-1946.07,http://f.wishabi.net/page_items/429899433/1786396482/extra_large.jpg
Walmart,8072271,1032575675,Coca-Cola Pop,Coca-Cola,8.28,,,,$8.28,,2026-08-13T00:00:00-04:00,2026-09-16T23:59:59-04:00,,24155.2,-1753.87,24455.3,-1902.47,http://f.wishabi.net/page_items/430347859/1786500168/extra_large.jpg
Walmart,8072271,1032575663,Coca-Cola Pop,,2.87,,,,$2.87,,2026-08-13T00:00:00-04:00,2026-09-16T23:59:59-04:00,,23603.1,-1790.88,23712.2,-2156.72,http://f.wishabi.net/page_items/430347729/1786500165/extra_large.jpg
Walmart,8072271,1032575657,Coca-Cola mini cans Pop,Coca-Cola,3.97,,,,$3.97,,2026-08-13T00:00:00-04:00,2026-09-16T23:59:59-04:00,,23584.8,-1416.83,24010.4,-1757.28,http://f.wishabi.net/page_items/430347727/1786500164/extra_large.jpg
Walmart,8072271,1032575678,Coke Zero Pop,Coca-Cola,2.87,,,,$2.87,,2026-08-13T00:00:00-04:00,2026-09-16T23:59:59-04:00,,23721.5,-1790.88,23832.4,-2163.71,http://f.wishabi.net/page_items/430347890/1786500168/extra_large.jpg
Walmart,8072271,1031568679,Colgate 360° Advanced toothbrushes 2-pack,Colgate,7.97,,,,$7.97,,2026-08-13T00:00:00-04:00,2026-08-19T23:59:59-04:00,,6614.98,-413.82,6673.47,-601.53,http://f.wishabi.net/page_items/429805824/1785993237/extra_large.jpg
Walmart,8033586,1026869396,Colgate Max Fresh,Colgate,5.47,,,,$5.47,,2026-07-30T00:00:00-04:00,2026-09-16T23:59:59-04:00,,9251.31,-224.98,9459.37,-808.14,http://f.wishabi.net/page_items/427380796/1784303062/extra_large.jpg
Walmart,8033586,1027060115,Colgate Optic White Renewal toothpaste,Colgate,7.98,,,,$7.98,,2026-07-30T00:00:00-04:00,2026-09-16T23:59:59-04:00,,9670.26,-308.48,9908.91,-903.56,http://f.wishabi.net/page_items/427708024/1784303066/extra_large.jpg
Walmart,8072271,1031502543,Colgate Total 3 x 120 mL,Colgate,7.97,,,,$7.97,,2026-08-13T00:00:00-04:00,2026-08-19T23:59:59-04:00,,6596.98,-326.82,6779.47,-415.53,http://f.wishabi.net/page_items/429801908/1785993224/extra_large.jpg
Walmart,8033586,1027059863,Colgate Total Active Prevention toothpaste.,Colgate,5.98,,,,$5.98,,2026-07-30T00:00:00-04:00,2026-09-16T23:59:59-04:00,,9459.5,-275.93,9626.87,-892.71,http://f.wishabi.net/page_items/427708023/1784303066/extra_large.jpg
Walmart,8072271,1031499312,Collapsible bento lunch boxes,,12.97,,,,$12.97,,2026-08-13T00:00:00-04:00,2026-08-19T23:59:59-04:00,,1008.24,-1933.43,1218.67,-1991.55,http://f.wishabi.net/page_items/429801026/1786393627/extra_large.jpg
Walmart,8072271,1032945899,Conair 1875 W double ceramic hair dryer,Conair,29.97,,,,$29.97,,2026-08-13T00:00:00-04:00,2026-08-19T23:59:59-04:00,,38784.0,-1074.62,39196.9,-1363.6,http://f.wishabi.net/page_items/430536303/1786587808/extra_large.jpg
Walmart,8072271,1032575629,Cool Gear,,6.98,,,,$6.98,,2026-08-13T00:00:00-04:00,2026-09-16T23:59:59-04:00,,23099.4,-1057.76,23239.3,-1447.12,http://f.wishabi.net/page_items/430349681/1786500168/extra_large.jpg
Walmart,8072271,1032575576,Cool Gear 24-oz plastic bottle,Cool Gear,6.98,,,,$6.98,,2026-08-13T00:00:00-04:00,2026-09-16T23:59:59-04:00,,22948.6,-1079.94,23099.4,-1447.12,http://f.wishabi.net/page_items/430349001/1786500161/extra_large.jpg
Walmart,8072271,1032338751,CoolHut high-back ergonomic office chair,,137.99,,,,$137.99,,2026-08-13T00:00:00-04:00,2026-08-19T23:59:59-04:00,,36567.6,-1000.7,36849.4,-1346.38,http://f.wishabi.net/page_items/430253707/1786500157/extra_large.jpg
Walmart,8072271,1033389828,Corn,,0.34,,,,$0.34,,2026-08-13T00:00:00-04:00,2026-08-19T23:59:59-04:00,,27.86,-305.47,472.43,-607.89,http://f.wishabi.net/page_items/430724012/1786753903/extra_large.jpg
Walmart,8080972,1032870646,Cornmi Indoor Automatic Interactive Laser Feather Cat Toy,Cornmi,24.99,,,,$24.99,,2026-08-13T00:00:00-04:00,2026-08-19T23:59:59-04:00,,5399.27,-2192.45,5747.04,-2783.11,http://f.wishabi.net/page_items/430250954/1786395238/extra_large.jpg
Walmart,8072271,1031556601,Country Harvest Grain Bread,Country Harvest,2.98,,,,$2.98,,2026-08-13T00:00:00-04:00,2026-08-19T23:59:59-04:00,,2597.88,-1645.96,2714.05,-1891.18,http://f.wishabi.net/page_items/429807372/1786394157/extra_large.jpg
Walmart,8072271,1031568696,Country Harvest bagels,Country Harvest,2.98,,,,$2.98,,2026-08-13T00:00:00-04:00,2026-08-19T23:59:59-04:00,,2125.45,-1643.21,2244.94,-1902.51,http://f.wishabi.net/page_items/429807371/1786394156/extra_large.jpg
Walmart,8072271,1031501452,Country Harvest grain bread,Country Harvest,2.98,,,,$2.98,,2026-08-13T00:00:00-04:00,2026-08-19T23:59:59-04:00,,2474.88,-1645.96,2591.05,-1891.18,http://f.wishabi.net/page_items/429802029/1786394151/extra_large.jpg
Walmart,8072271,1032277434,Crayola 64ct Crayons or Crayola 20ct washable Super Tips markers,Crayola,2.0,,,,$2.0,,2026-08-13T00:00:00-04:00,2026-09-16T23:59:59-04:00,,18068.87,-816.68,18209.52,-944.73,http://f.wishabi.net/page_items/430240030/1786401080/extra_large.jpg
Walmart,8072271,1032277380,Crayola Clicks mechanical coloured pencils,Crayola,9.97,,,,$9.97,,2026-08-13T00:00:00-04:00,2026-09-16T23:59:59-04:00,,17921.91,-1139.78,18054.69,-1286.77,http://f.wishabi.net/page_items/430239875/1786401075/extra_large.jpg
Walmart,8072271,1032277452,Crayola Clicks retractable markers,Crayola,9.97,,,,$9.97,,2026-08-13T00:00:00-04:00,2026-09-16T23:59:59-04:00,,18047.91,-1144.78,18180.69,-1291.77,http://f.wishabi.net/page_items/430240074/1786401082/extra_large.jpg
Walmart,8072271,1032277362,Crayola Ultra-Clean washable broad line markers,Crayola,5.97,,,,$5.97,,2026-08-13T00:00:00-04:00,2026-09-16T23:59:59-04:00,,17481.27,-802.84,17836.23,-1097.03,http://f.wishabi.net/page_items/430239805/1786401074/extra_large.jpg
Walmart,8072271,1031562705,Crest 3D White Advanced toothpaste 135 mL,Crest,5.97,,,,$5.97,,2026-08-13T00:00:00-04:00,2026-08-19T23:59:59-04:00,,5890.34,-361.24,6085.24,-414.92,http://f.wishabi.net/page_items/429805820/1785993236/extra_large.jpg
Walmart,8072271,1031570592,Crest Gum Detoxify toothpaste,Crest,6.97,,,,$6.97,,2026-08-13T00:00:00-04:00,2026-08-19T23:59:59-04:00,,6249.71,-356.12,6327.53,-597.95,http://f.wishabi.net/page_items/429805822/1785993236/extra_large.jpg
Walmart,8072271,1031502588,Crest Gum mouthwash 1L,Crest,6.97,,,,$6.97,,2026-08-13T00:00:00-04:00,2026-08-19T23:59:59-04:00,,6174.71,-322.12,6255.53,-562.95,http://f.wishabi.net/page_items/429801918/1785993227/extra_large.jpg
Walmart,8080972,1032870539,"DENTASTIX Original Oral Care Dog Treats, 25 Sticks , selected varieties",Mars,11.98,,,,$11.98,,2026-08-13T00:00:00-04:00,2026-08-19T23:59:59-04:00,,2338.52,-3384.81,2686.29,-4047.24,http://f.wishabi.net/page_items/429768378/1785960820/extra_large.jpg
Walmart,8080972,1032870535,"DENTASTIX Original Oral Care Dog Treats, 40 Sticks , selected varieties",Mars,16.97,,,,$16.97,,2026-08-13T00:00:00-04:00,2026-08-19T23:59:59-04:00,,3089.27,-2661.66,3437.04,-3324.09,http://f.wishabi.net/page_items/429768377/1785960819/extra_large.jpg
Walmart,8033586,1030255378,"DITA BROWN 20"" 2PK",,,,,,,,2026-07-30T00:00:00-04:00,2026-09-16T23:59:59-04:00,,3762.0,-528.49,3868.0,-574.49,http://f.wishabi.net/page_items/429173395/1785429061/extra_large.jpg
Walmart,8072271,1034242796,Dairy Milk Mini chocolate bars,DAIRY MILK,5.98,,,,$5.98,,2026-08-13T00:00:00-04:00,2026-09-16T23:59:59-04:00,,26349.2,-241.1,26645.7,-551.63,http://f.wishabi.net/page_items/430944251/1787059857/extra_large.jpg
Walmart,8033586,1027053560,Daise body mats,Daise,6.96,,,,$6.96,,2026-07-30T00:00:00-04:00,2026-09-16T23:59:59-04:00,,11411.9,-1952.77,11726.5,-2129.01,http://f.wishabi.net/page_items/427705245/1784314625/extra_large.jpg
Walmart,8033586,1027053533,Daise body mists,,6.96,,,,$6.96,,2026-07-30T00:00:00-04:00,2026-09-16T23:59:59-04:00,,11658.2,-1484.83,11886.1,-1679.67,http://f.wishabi.net/page_items/427705242/1784314623/extra_large.jpg
Walmart,8072271,1032945161,Decorative regular mouth 500 mL or 250 mL Mason jars with lids and bands,,14.97,,,,$14.97,,2026-08-13T00:00:00-04:00,2026-08-19T23:59:59-04:00,,8131.52,-1095.53,8434.51,-1312.18,http://f.wishabi.net/page_items/430536562/1786586768/extra_large.jpg
Walmart,8080972,1032870710,"Delectables Chicken Squeeze Up Wet Cat Treat, 4x14g",Hartz,2.48,,,,$2.48,,2026-08-13T00:00:00-04:00,2026-08-19T23:59:59-04:00,,6554.27,-3395.85,6902.04,-4058.28,http://f.wishabi.net/page_items/429768415/1785960822/extra_large.jpg
Walmart,8072271,1031510654,"Deli Express breaded chicken burgers, nuggets or strips",Deli Express,5.98,,,,$5.98,,2026-08-13T00:00:00-04:00,2026-08-19T23:59:59-04:00,,1765.94,-552.22,1858.41,-640.12,http://f.wishabi.net/page_items/429806343/1786393634/extra_large.jpg
Walmart,8072271,1031498692,Deli Express breaded chicken nuggets,Deli Express,5.98,,,,$5.98,,2026-08-13T00:00:00-04:00,2026-08-19T23:59:59-04:00,,1667.94,-550.22,1760.41,-638.12,http://f.wishabi.net/page_items/429800979/1786393618/extra_large.jpg
Walmart,8072271,1032574488,"Dell 14"" productivity laptop",Dell,1098.0,,,,$1098.0,,2026-08-13T00:00:00-04:00,2026-09-16T23:59:59-04:00,,12215.5,-1201.08,12767.8,-1845.16,http://f.wishabi.net/page_items/430352674/1786500160/extra_large.jpg
Walmart,8072271,1032574492,"Dell 16"" Entertainment laptop",Dell,898.0,,,,$898.0,,2026-08-13T00:00:00-04:00,2026-09-16T23:59:59-04:00,,12235.3,-1886.25,12755.5,-2539.02,http://f.wishabi.net/page_items/430352738/1786500161/extra_large.jpg
Walmart,8080972,1032870542,"DentaLife Oral Care, Large Breed, Dental Dog Treats 587G, selected varieties",Dentalife,7.97,,,,$7.97,,2026-08-13T00:00:00-04:00,2026-08-19T23:59:59-04:00,,2713.9,-3384.81,3061.67,-4047.24,http://f.wishabi.net/page_items/429768379/1785960821/extra_large.jpg
Walmart,8072271,1032575660,Diet Coca-Cola Pop,,8.28,,,,$8.28,,2026-08-13T00:00:00-04:00,2026-09-16T23:59:59-04:00,,24075.9,-1580.6,24434.3,-1738.53,http://f.wishabi.net/page_items/430347728/1786500165/extra_large.jpg
Walmart,8072271,1032574470,Dime 3 XT true wireless earbuds,,29.98,,,,$29.98,,2026-08-13T00:00:00-04:00,2026-09-16T23:59:59-04:00,,10465.0,-673.6,10990.8,-1110.78,http://f.wishabi.net/page_items/430349125/1786500161/extra_large.jpg
Walmart,8072271,1032945140,Dinnerware,,6.38,,,,$6.38,,2026-08-13T00:00:00-04:00,2026-08-19T23:59:59-04:00,,7902.5,-1095.05,8020.91,-1167.15,http://f.wishabi.net/page_items/430536545/1786586763/extra_large.jpg
Walmart,8033586,1032475393,Dinnerware,,0.75,,,,$0.75,,2026-07-30T00:00:00-04:00,2026-09-16T23:59:59-04:00,,4623.86,-968.01,5410.27,-1346.04,http://f.wishabi.net/page_items/430308350/1786466276/extra_large.jpg
Walmart,8072271,1031556994,Direct Link,,,,,,,,2026-08-13T00:00:00-04:00,2026-08-19T23:59:59-04:00,,6539.5,-2393.0,6616.5,-2411.0,http://f.wishabi.net/page_items/429805850/1785993247/extra_large.jpg
Walmart,8072271,1031779701,Direct Link EN,,,,,,,,2026-08-13T00:00:00-04:00,2026-08-19T23:59:59-04:00,,38025.81,-2391.87,38087.82,-2407.37,http://f.wishabi.net/page_items/429902874/1786396491/extra_large.jpg
Walmart,8033586,1026867908,Dirt Devil 7-in-1 handheld steam cleaner or Scorpion Quick Flip corded hand vacuum,Dirt Devil,39.98,,,,$39.98,,2026-07-30T00:00:00-04:00,2026-09-16T23:59:59-04:00,,7578.47,-2324.99,7711.15,-2420.43,http://f.wishabi.net/page_items/427467395/1784384960/extra_large.jpg
Walmart,8033586,1026867723,Dirt Devil Express Lite canister vacuum,Dirt Devil,69.98,,,,$69.98,,2026-07-30T00:00:00-04:00,2026-09-16T23:59:59-04:00,,7324.74,-2185.33,7469.06,-2522.85,http://f.wishabi.net/page_items/427467393/1784384959/extra_large.jpg
Walmart,8072271,1032945214,Disney Junior a Story portable storage playset,,29.97,,,,$29.97,,2026-08-13T00:00:00-04:00,2026-08-19T23:59:59-04:00,,8141.93,-2005.18,8431.92,-2227.88,http://f.wishabi.net/page_items/430536608/1786586776/extra_large.jpg
Walmart,8080972,1032870408,Dog Treats,,,,,,,,2026-08-13T00:00:00-04:00,2026-08-19T23:59:59-04:00,,28.52,-2834.63,376.3,-3090.4,http://f.wishabi.net/page_items/429768339/1785960816/extra_large.jpg
Walmart,8072271,1032575614,Dome lunchbag,Dome,15.97,,,,$15.97,,2026-08-13T00:00:00-04:00,2026-09-16T23:59:59-04:00,,22916.5,-399.92,23478.7,-780.55,http://f.wishabi.net/page_items/430349543/1786500166/extra_large.jpg
Walmart,8033586,1033127788,Dorm decor & setup,,,,,,,,2026-07-30T00:00:00-04:00,2026-09-16T23:59:59-04:00,,964.87,-2110.33,1272.78,-2517.18,http://f.wishabi.net/page_items/427758927/1784307387/extra_large.jpg
Walmart,8033586,1026863263,Dove Advanced Care antiperspirant,Dove,8.96,,,,$8.96,,2026-07-30T00:00:00-04:00,2026-09-16T23:59:59-04:00,,14636.2,-648.39,14843.2,-1253.44,http://f.wishabi.net/page_items/427380777/1784303062/extra_large.jpg
Walmart,8033586,1026867791,Dove Advanced Care dry spray,Dove,9.46,,,,$9.46,,2026-07-30T00:00:00-04:00,2026-09-16T23:59:59-04:00,,14844.7,-574.11,15028.5,-1246.95,http://f.wishabi.net/page_items/427380787/1784303065/extra_large.jpg
Walmart,8072271,1031557007,Dove Men + Care Ted Lasso deodorant,Dove Men+Care,8.96,,,,$8.96,,2026-08-13T00:00:00-04:00,2026-08-19T23:59:59-04:00,,6277.44,-638.64,6344.42,-890.57,http://f.wishabi.net/page_items/429805828/1785993239/extra_large.jpg
Walmart,8033586,1032884213,Dove Men+Care Dryness & Itch Relief shampoo and conditioner,Dove Men+Care,8.47,,,,$8.47,,2026-07-30T00:00:00-04:00,2026-09-16T23:59:59-04:00,,16013.3,-206.68,16219.4,-749.06,http://f.wishabi.net/page_items/430507353/1786559436/extra_large.jpg
Walmart,8033586,1032884214,"Dove Men+Care Fresh & Clean, Thick & Strong or Dryness & Itch Relief shampoo and conditioner",Dove Men+Care,8.47,,,,$8.47,,2026-07-30T00:00:00-04:00,2026-09-16T23:59:59-04:00,,15799.5,-197.39,16005.6,-739.76,http://f.wishabi.net/page_items/430507354/1786559437/extra_large.jpg
Walmart,8033586,1032884212,"Dove Men+Care Fresh & Clean, Th•ck & Strong or Dryness & Itch Relief shampoo an conditioner",Dove,8.47,,,,$8.47,,2026-07-30T00:00:00-04:00,2026-09-16T23:59:59-04:00,,15594.9,-174.14,15801.0,-716.51,http://f.wishabi.net/page_items/430507351/1786559436/extra_large.jpg
Walmart,8072271,1031502597,Dove Men+Care Ted Lasso deodorant 107 g,,8.96,,,,$8.96,,2026-08-13T00:00:00-04:00,2026-08-19T23:59:59-04:00,,6185.44,-634.64,6273.42,-891.57,http://f.wishabi.net/page_items/429801920/1785993228/extra_large.jpg
Walmart,8072271,1032035877,Downy Unstopables scent booster,Downy,18.97,,,,$18.97,,2026-08-13T00:00:00-04:00,2026-09-16T23:59:59-04:00,,34482.28,-2252.62,34559.25,-2502.19,http://f.wishabi.net/page_items/429916845/1786217445/extra_large.jpg
Walmart,8072271,1031541079,Downy Unstoppables booster beads,Downy,18.97,,,,$18.97,,2026-08-13T00:00:00-04:00,2026-08-19T23:59:59-04:00,,1550.71,-1032.33,1603.75,-1166.32,http://f.wishabi.net/page_items/429806354/1786393636/extra_large.jpg
Walmart,8072271,1031780222,Dr. Brown's anti-colic Options+ narrow baby bottles 4-pack,Dr. Brown's,29.97,,,,$29.97,,2026-08-13T00:00:00-04:00,2026-08-19T23:59:59-04:00,,37984.68,-1399.93,38080.52,-1589.38,http://f.wishabi.net/page_items/429902868/1786396490/extra_large.jpg
Walmart,8072271,1031509235,Dr. Oetker Giuseppe Pizzeria thin,Dr. Oetker,5.84,,,,$5.84,,2026-08-13T00:00:00-04:00,2026-08-19T23:59:59-04:00,,3430.31,-2074.78,3563.5,-2197.68,http://f.wishabi.net/page_items/429806312/1786394463/extra_large.jpg
Walmart,8072271,1031501819,Dr. Oetker Giuseppe rising crust frozen pizza,,5.84,,,,$5.84,,2026-08-13T00:00:00-04:00,2026-08-19T23:59:59-04:00,,3270.5,-2079.45,3422.31,-2202.35,http://f.wishabi.net/page_items/429801628/1786394455/extra_large.jpg
Walmart,8072271,1031779687,Dream On Me Osko convertible toddler bed,,99.0,,,,$99.0,,2026-08-13T00:00:00-04:00,2026-08-19T23:59:59-04:00,,38087.69,-1969.46,38387.05,-2233.8,http://f.wishabi.net/page_items/429899449/1786396486/extra_large.jpg
Walmart,8072271,1032944995,Dry-erase markers,,5.48,,,,$5.48,,2026-08-13T00:00:00-04:00,2026-08-19T23:59:59-04:00,,7157.35,-376.36,7249.89,-462.12,http://f.wishabi.net/page_items/430538441/1786586765/extra_large.jpg
Walmart,8072271,1032575542,Dual-compartment lunch bag,,16.97,,,,$16.97,,2026-08-13T00:00:00-04:00,2026-09-16T23:59:59-04:00,,21879.2,-2014.82,22176.8,-2365.73,http://f.wishabi.net/page_items/430352908/1786500163/extra_large.jpg
Walmart,8072271,1032945050,EA Sports Madden NFL 27 for PlayStation 5,,89.96,,,,$89.96,,2026-08-13T00:00:00-04:00,2026-08-19T23:59:59-04:00,,6861.13,-1761.73,7302.25,-1966.28,http://f.wishabi.net/page_items/430538507/1786586774/extra_large.jpg
Walmart,8072271,1032544006,EN_1242x135_Klarna1-1,,,,,,,,2026-08-13T00:00:00-04:00,2026-08-19T23:59:59-04:00,,8786.1,-1291.24,9582.66,-1384.91,http://f.wishabi.net/page_items/430370411/1786485733/extra_large.jpg
Walmart,8072271,1032544004,EN_1242x210_Flash Deals 40-1,,,,,,,,2026-08-13T00:00:00-04:00,2026-08-19T23:59:59-04:00,,8782.4,0.0,9593.0,-115.79,http://f.wishabi.net/page_items/430370403/1786485732/extra_large.jpg
Walmart,8072271,1032574472,EPSON EcoTank ET-2803 wireless printer,Epson,199.98,,,,$199.98,,2026-08-13T00:00:00-04:00,2026-09-16T23:59:59-04:00,,11017.5,-2064.36,11530.1,-2493.87,http://f.wishabi.net/page_items/430349167/1786500163/extra_large.jpg
Walmart,8080972,1032870793,"Earth Rated All-in-1 Express Shampoo, All Coat Types, Gentle and Hypoallergenic, Jojoba Aloe Scent",Earth Rated,13.97,,,,$13.97,,2026-08-13T00:00:00-04:00,2026-08-19T23:59:59-04:00,,8488.9,-985.36,8836.67,-1647.78,http://f.wishabi.net/page_items/429768433/1785960819/extra_large.jpg
Walmart,8072271,1032574463,Electronics,,,,,,,,2026-08-13T00:00:00-04:00,2026-08-19T23:59:59-04:00,,9812.08,-815.15,10002.3,-1043.94,http://f.wishabi.net/page_items/430356593/1786500169/extra_large.jpg
Walmart,8072271,1032575352,Elmer's Toy Story 5 glue,Elmer's,2.48,,,,$2.48,,2026-08-13T00:00:00-04:00,2026-09-16T23:59:59-04:00,,18290.4,-1885.73,18755.8,-2353.49,http://f.wishabi.net/page_items/430352197/1786500158/extra_large.jpg
Walmart,8072271,1031502651,Enfamil A+ NeuroPro 2 x 445 g or NeuroPro Gentlease 2 x 431 g Powder Formula Refill,,65.47,,,,$65.47,,2026-08-13T00:00:00-04:00,2026-08-19T23:59:59-04:00,,6251.35,-1334.48,6335.11,-1470.22,http://f.wishabi.net/page_items/429801932/1785993233/extra_large.jpg
Walmart,8072271,1031561959,Enfamil A+ NeuroPro Gentlease 2 x 431 g powder formula refill,Enfamil,65.47,,,,$65.47,,2026-08-13T00:00:00-04:00,2026-08-19T23:59:59-04:00,,6335.5,-1335.0,6425.5,-1469.0,http://f.wishabi.net/page_items/429805839/1785993243/extra_large.jpg
Walmart,8033586,1027057008,Eos Body Lotion,EOS,16.88,,,,$16.88,,2026-07-30T00:00:00-04:00,2026-09-16T23:59:59-04:00,,13844.6,-1848.34,14128.9,-2510.18,http://f.wishabi.net/page_items/427707534/1784381088/extra_large.jpg
Walmart,8072271,1032945029,Epson Eco Tank ET-2803 wireless printer,Epson,199.98,,,,$199.98,,2026-08-13T00:00:00-04:00,2026-08-19T23:59:59-04:00,,7466.28,-991.72,7771.19,-1191.06,http://f.wishabi.net/page_items/430538468/1786586770/extra_large.jpg
Walmart,8072271,1031568863,Equate high protein meal replacement shakes,Equate,10.97,,,,$10.97,,2026-08-13T00:00:00-04:00,2026-08-19T23:59:59-04:00,,6090.5,-1807.0,6321.5,-1976.0,http://f.wishabi.net/page_items/429805843/1785993245/extra_large.jpg
Walmart,8072271,1031502570,Evenflo All4Stages Slim 4-in-1 convertible car seat,Evenflo,349.0,,,,$349.0,,2026-08-13T00:00:00-04:00,2026-08-19T23:59:59-04:00,,6500.76,-1330.05,6794.88,-1621.79,http://f.wishabi.net/page_items/429801913/1785993226/extra_large.jpg
Walmart,8072271,1031781282,Evenflo Revolve180 LiteMax NXT rotational infant car seat with SensorySoothe,Evenflo,299.97,,,,$299.97,,2026-08-13T00:00:00-04:00,2026-08-19T23:59:59-04:00,,38404.45,-1957.58,38700.58,-2228.81,http://f.wishabi.net/page_items/429899445/1786396485/extra_large.jpg
Walmart,8072271,1032575361,Expo dry erase markers 8-pack,EXPO,11.48,,,,$11.48,,2026-08-13T00:00:00-04:00,2026-09-16T23:59:59-04:00,,18307.2,-1054.72,18474.8,-1273.11,http://f.wishabi.net/page_items/430352285/1786500159/extra_large.jpg
Walmart,8080972,1032871045,"Fancy Feast Assorted Variety Pack, Wet Cat Food 85 g x 12",Fancy Feast,10.74,,,,$10.74,,2026-08-13T00:00:00-04:00,2026-08-19T23:59:59-04:00,,12733.5,-2698.47,13081.3,-3360.89,http://f.wishabi.net/page_items/429768481/1785960818/extra_large.jpg
Walmart,8072271,1032575669,Fanta Orange Pop,Fanta,3.97,,,,$3.97,,2026-08-13T00:00:00-04:00,2026-09-16T23:59:59-04:00,,23608.4,-1055.87,23874.6,-1234.87,http://f.wishabi.net/page_items/430347787/1786500167/extra_large.jpg
Walmart,8072271,1032575672,Fanta Orange zero sugar Pop,Fanta,8.28,,,,$8.28,,2026-08-13T00:00:00-04:00,2026-09-16T23:59:59-04:00,,23882.3,-1029.21,24431.7,-1233.54,http://f.wishabi.net/page_items/430347833/1786500167/extra_large.jpg
Walmart,8080972,1032870827,"Feandrea Cat Tree with Scratching Posts and Ramp, Light Gray",FEANDREA,53.99,,,,$53.99,,2026-08-13T00:00:00-04:00,2026-08-19T23:59:59-04:00,,8864.27,-2672.7,9212.04,-3335.13,http://f.wishabi.net/page_items/429768440/1785960823/extra_large.jpg
Walmart,8072271,1031549649,Financing,,,,,,,,2026-08-13T00:00:00-04:00,2026-08-19T23:59:59-04:00,,6347.0,-2435.14,6545.0,-2449.14,http://f.wishabi.net/page_items/429806968/1785993249/extra_large.jpg
Walmart,8072271,1031568995,Finish Quantum dishwasher detergent,Finish,19.97,,,,$19.97,,2026-08-13T00:00:00-04:00,2026-08-19T23:59:59-04:00,,5523.1,-189.15,5660.5,-360.56,http://f.wishabi.net/page_items/429806662/1785993232/extra_large.jpg
Walmart,8033586,1032471551,Fit + Fresh Townsend lunch bags,Fit & Fresh,16.97,,,,$16.97,,2026-07-30T00:00:00-04:00,2026-09-16T23:59:59-04:00,,18315.9,-2115.27,18693.3,-2423.51,http://f.wishabi.net/page_items/430308066/1786460925/extra_large.jpg
Walmart,8072271,1031501795,French's ketchup,French's,2.97,,,,$2.97,,2026-08-13T00:00:00-04:00,2026-08-19T23:59:59-04:00,,3266.66,-1282.59,3322.7,-1461.05,http://f.wishabi.net/page_items/429801601/1786394450/extra_large.jpg
Walmart,8080972,1032871036,"Friskies Pate Variety Pack, Wet Cat Food 32 X 156g",Friskies,25.96,,,,$25.96,,2026-08-13T00:00:00-04:00,2026-08-19T23:59:59-04:00,,13108.9,-2001.08,13456.7,-2663.5,http://f.wishabi.net/page_items/429768479/1785960817/extra_large.jpg
Walmart,8080972,1032871039,Friskies Seafood Sensations Dry Cat Food 7.26kg,Friskies,22.97,,,,$22.97,,2026-08-13T00:00:00-04:00,2026-08-19T23:59:59-04:00,,13484.3,-2001.08,13832.0,-2663.5,http://f.wishabi.net/page_items/429768480/1785960818/extra_large.jpg
Walmart,8072271,1031499366,Frito-Lay snacks 16-pack,Frito-Lay,8.87,,,,$8.87,,2026-08-13T00:00:00-04:00,2026-08-19T23:59:59-04:00,,1017.05,-1740.3,1446.56,-1928.77,http://f.wishabi.net/page_items/429801030/1786393627/extra_large.jpg
Walmart,8072271,1032945099,Funtainer 10-oz. food jar,FUNtainer,17.97,,,,$17.97,,2026-08-13T00:00:00-04:00,2026-08-19T23:59:59-04:00,,7516.75,-579.43,7557.13,-672.98,http://f.wishabi.net/page_items/430538553/1786586781/extra_large.jpg
Walmart,8072271,1032945103,Funtainer 12-oz. bottle or 10-OZ. food jar,,17.97,,,,$17.97,,2026-08-13T00:00:00-04:00,2026-08-19T23:59:59-04:00,,7559.75,-579.43,7600.13,-672.98,http://f.wishabi.net/page_items/430538560/1786586782/extra_large.jpg
Walmart,8072271,1032945107,Funtainer 12-oz. bottle or IO-OZ. food jar,,17.97,,,,$17.97,,2026-08-13T00:00:00-04:00,2026-08-19T23:59:59-04:00,,7607.75,-582.43,7648.13,-675.98,http://f.wishabi.net/page_items/430538565/1786586783/extra_large.jpg
Walmart,8072271,1034242764,Fuze iced tea,Fuze,7.47,,,,$7.47,,2026-08-13T00:00:00-04:00,2026-09-16T23:59:59-04:00,,26748.8,-2101.27,26934.1,-2316.57,http://f.wishabi.net/page_items/430944239/1787059852/extra_large.jpg
Walmart,8072271,1034242772,Fuze mango & pineapple iced tea,Fuze,7.47,,,,$7.47,,2026-08-13T00:00:00-04:00,2026-09-16T23:59:59-04:00,,26104.8,-1597.52,26662.9,-2035.07,http://f.wishabi.net/page_items/430944244/1787059853/extra_large.jpg
Walmart,8072271,1034242776,Fuze raspberry iced tea,Fuze,2.77,,,,$2.77,,2026-08-13T00:00:00-04:00,2026-09-16T23:59:59-04:00,,26106.9,-2085.08,26663.5,-2528.03,http://f.wishabi.net/page_items/430944246/1787059854/extra_large.jpg
Walmart,8072271,1032544027,"GE 14,000 BTU ASHRAE Portable Air Conditioner with Cooling & Heating functions - APSA13YBMW",,579.0,,,,$579.0,,2026-08-13T00:00:00-04:00,2026-08-19T23:59:59-04:00,,8799.26,-716.13,9033.32,-1182.29,http://f.wishabi.net/page_items/430370425/1786485737/extra_large.jpg
Walmart,8072271,1032574559,GO Wireless Keyboard,,19.98,,,,$19.98,,2026-08-13T00:00:00-04:00,2026-09-16T23:59:59-04:00,,13944.0,-30.02,14412.1,-254.28,http://f.wishabi.net/page_items/430352639/1786500161/extra_large.jpg
Walmart,8033586,1030255383,GREEN CHECK BOX,,,,,,,,2026-07-30T00:00:00-04:00,2026-09-16T23:59:59-04:00,,3583.0,-583.49,3619.0,-604.49,http://f.wishabi.net/page_items/429173405/1785429062/extra_large.jpg
Walmart,8033586,1030255380,GREEN CHECK TRAY,,,,,,,,2026-07-30T00:00:00-04:00,2026-09-16T23:59:59-04:00,,3607.0,-488.49,3679.0,-521.49,http://f.wishabi.net/page_items/429173401/1785429061/extra_large.jpg
Walmart,8033586,1030255385,GREEN STRIPE BLSTER,,,,,,,,2026-07-30T00:00:00-04:00,2026-09-16T23:59:59-04:00,,3675.0,-628.49,3726.0,-691.49,http://f.wishabi.net/page_items/429173410/1785429063/extra_large.jpg
Walmart,8033586,1030255358,GTRacing adjustable computer desk,GTRACING,139.97,,,,$139.97,,2026-07-30T00:00:00-04:00,2026-09-16T23:59:59-04:00,,3455.0,-1073.35,3702.0,-1208.35,http://f.wishabi.net/page_items/429173344/1785429054/extra_large.jpg
Walmart,8033586,1030255360,GTRacing gaming chair,GTRACING,139.97,,,,$139.97,,2026-07-30T00:00:00-04:00,2026-09-16T23:59:59-04:00,,3303.0,-1003.35,3456.0,-1340.35,http://f.wishabi.net/page_items/429173349/1785429055/extra_large.jpg
Walmart,8072271,1033153003,Galaxy S26 Postpaid Phone,,,,,,,,2026-08-13T00:00:00-04:00,2026-08-19T23:59:59-04:00,,37226.8,-1237.16,37725.6,-1504.17,http://f.wishabi.net/page_items/430635643/1786654681/extra_large.jpg
Walmart,8072271,1033153005,Galaxy S26 Ultra Postpaid Phone,Samsung,,,,,,,2026-08-13T00:00:00-04:00,2026-08-19T23:59:59-04:00,,37225.9,-1515.26,37724.1,-1785.45,http://f.wishabi.net/page_items/430635645/1786654682/extra_large.jpg
Walmart,8033586,1032884210,Garnier Fructis Grow Strong Thickening shampoo or conditioner,Garnier,3.98,,,,$3.98,,2026-07-30T00:00:00-04:00,2026-09-16T23:59:59-04:00,,15686.5,-960.73,15769.1,-1176.32,http://f.wishabi.net/page_items/430507349/1786559434/extra_large.jpg
Walmart,8072271,1032945942,Garnier Fructis Shampoo or Conditioner,Garnier,3.98,,,,$3.98,,2026-08-13T00:00:00-04:00,2026-08-19T23:59:59-04:00,,38842.1,-2041.21,38913.2,-2270.61,http://f.wishabi.net/page_items/430536368/1786587823/extra_large.jpg
Walmart,8072271,1032945920,Garnier Fructis shampoo,Garnier,3.98,,,,$3.98,,2026-08-13T00:00:00-04:00,2026-08-19T23:59:59-04:00,,38767.1,-1993.21,38842.2,-2219.61,http://f.wishabi.net/page_items/430536324/1786587813/extra_large.jpg
Walmart,8072271,1032945903,Garnier Pimple Patch 22s,,12.92,,,,$12.92,,2026-08-13T00:00:00-04:00,2026-08-19T23:59:59-04:00,,39378.6,-485.41,39645.5,-767.54,http://f.wishabi.net/page_items/430536308/1786587809/extra_large.jpg
Walmart,8033586,1026868974,Garnier vitamin C serum,Garnier,17.97,,,,$17.97,,2026-07-30T00:00:00-04:00,2026-09-16T23:59:59-04:00,,11973.7,-21.72,12964.7,-993.0,http://f.wishabi.net/page_items/427380747/1785251374/extra_large.jpg
Walmart,8072271,1032574515,"Gateway (by Acer) laptop 14""",Gateway,349.98,,,,$349.98,,2026-08-13T00:00:00-04:00,2026-09-16T23:59:59-04:00,,12892.2,-692.48,13269.7,-1164.63,http://f.wishabi.net/page_items/430349076/1786500160/extra_large.jpg
Walmart,8072271,1033389809,Gatorade,Gatorade,6.27,,,,$6.27,,2026-08-13T00:00:00-04:00,2026-08-19T23:59:59-04:00,,354.34,-1987.28,620.46,-2286.7,http://f.wishabi.net/page_items/430723971/1786753900/extra_large.jpg
Walmart,8080972,1032870830,Gen7Pets G7 Jogger Pet Stroller,Gen7Pets,329.97,,,,$329.97,,2026-08-13T00:00:00-04:00,2026-08-19T23:59:59-04:00,,8113.52,-3388.49,8461.29,-4050.92,http://f.wishabi.net/page_items/429768441/1785960824/extra_large.jpg
Walmart,8072271,1033389923,General Mills Family Size Cereal,General Mills,4.87,,,,$4.87,,2026-08-13T00:00:00-04:00,2026-08-19T23:59:59-04:00,,788.55,-1378.58,926.58,-1554.15,http://f.wishabi.net/page_items/430724074/1786753913/extra_large.jpg
Walmart,8072271,1031564568,General Mills KPop Demon Hunters cereal,General Mills,3.97,,,,$3.97,,2026-08-13T00:00:00-04:00,2026-08-19T23:59:59-04:00,,1702.21,-1530.99,1815.81,-1738.18,http://f.wishabi.net/page_items/429806369/1786393639/extra_large.jpg
Walmart,8072271,1033389785,General Mills family size cereal,General Mills,4.87,,,,$4.87,,2026-08-13T00:00:00-04:00,2026-08-19T23:59:59-04:00,,650.65,-1377.58,788.68,-1553.15,http://f.wishabi.net/page_items/430723908/1786753896/extra_large.jpg
Walmart,8072271,1031498652,General Mills fruit snacks,General Mills,2.47,,,,$2.47,,2026-08-13T00:00:00-04:00,2026-08-19T23:59:59-04:00,,1032.61,-1272.52,1171.2,-1420.27,http://f.wishabi.net/page_items/429800975/1786393617/extra_large.jpg
Walmart,8033586,1032471758,George Fleece Crew or Woven Pant,George,12.0,,,,$12.0,,2026-07-30T00:00:00-04:00,2026-09-16T23:59:59-04:00,,19208.8,-231.53,19427.1,-536.82,http://f.wishabi.net/page_items/430308250/1786461082/extra_large.jpg
Walmart,8033586,1032461837,George Girls' Slippers,,,,,,,,2026-07-30T00:00:00-04:00,2026-09-16T23:59:59-04:00,,17621.9,-579.87,17721.5,-698.87,http://f.wishabi.net/page_items/430309241/1786460598/extra_large.jpg
Walmart,8033586,1032458921,George Kids' Indoor/Outdoor Slippers,George,18.0,,,,$18.0,,2026-07-30T00:00:00-04:00,2026-09-16T23:59:59-04:00,,16759.3,-1454.98,16847.3,-1652.32,http://f.wishabi.net/page_items/430301239/1786460504/extra_large.jpg
Walmart,8072271,1032945270,George Kids' fashion boots,George,29.0,,,,$29.0,,2026-08-13T00:00:00-04:00,2026-08-19T23:59:59-04:00,,8536.05,-955.63,8611.55,-1017.29,http://f.wishabi.net/page_items/430536659/1786586782/extra_large.jpg
Walmart,8033586,1032472789,George Women's Blazer,George,39.0,,,,$39.0,,2026-07-30T00:00:00-04:00,2026-09-16T23:59:59-04:00,,24820.5,-209.26,25032.3,-406.14,http://f.wishabi.net/page_items/430308235/1786464969/extra_large.jpg
Walmart,8033586,1033127782,George boys canvas jacket,George,35.0,,,,$35.0,,2026-07-30T00:00:00-04:00,2026-09-16T23:59:59-04:00,,870.16,-613.65,1263.85,-1978.08,http://f.wishabi.net/page_items/427380279/1784307384/extra_large.jpg
Walmart,8033586,1032461746,George canvas jacket or hooded quilted jacket,George,35.0,,,,$35.0,,2026-07-30T00:00:00-04:00,2026-09-16T23:59:59-04:00,,17635.0,-263.44,17769.0,-397.83,http://f.wishabi.net/page_items/430309011/1786460595/extra_large.jpg
Walmart,8033586,1032461774,George cargo jogger,George,14.0,,,,$14.0,,2026-07-30T00:00:00-04:00,2026-09-16T23:59:59-04:00,,17415.1,-1800.4,17518.8,-2065.67,http://f.wishabi.net/page_items/430309199/1786460597/extra_large.jpg
Walmart,8033586,1032458807,George dress,George,16.0,,,,$16.0,,2026-07-30T00:00:00-04:00,2026-09-16T23:59:59-04:00,,16481.2,-1953.99,16697.9,-2377.28,http://f.wishabi.net/page_items/430301153/1786460498/extra_large.jpg
Walmart,8033586,1032472864,George flannel shirt,George,18.0,,,,$18.0,,2026-07-30T00:00:00-04:00,2026-09-16T23:59:59-04:00,,24934.2,-799.93,25263.9,-1477.91,http://f.wishabi.net/page_items/430308504/1786464973/extra_large.jpg
Walmart,8033586,1032461602,George fleece hoodie,George,14.0,,,,$14.0,,2026-07-30T00:00:00-04:00,2026-09-16T23:59:59-04:00,,17354.1,-1612.6,17538.4,-1778.27,http://f.wishabi.net/page_items/430308120/1786460593/extra_large.jpg
Walmart,8033586,1032471803,George fleece hoodie,George,12.0,,,,$12.0,,2026-07-30T00:00:00-04:00,2026-09-16T23:59:59-04:00,,18986.0,-198.48,19212.0,-539.66,http://f.wishabi.net/page_items/430308367/1786461083/extra_large.jpg
Walmart,8033586,1032471816,"George fleece hoodie, fleece crew or woven pants",George,12.0,,,,$12.0,,2026-07-30T00:00:00-04:00,2026-09-16T23:59:59-04:00,,19224.4,-540.12,19406.7,-591.37,http://f.wishabi.net/page_items/430308395/1786461084/extra_large.jpg
Walmart,8033586,1032471742,George fleece jogger,George,10.0,,,,$10.0,,2026-07-30T00:00:00-04:00,2026-09-16T23:59:59-04:00,,19139.4,-608.45,19430.1,-1196.91,http://f.wishabi.net/page_items/430308227/1786461081/extra_large.jpg
Walmart,8033586,1032472888,George fleece sweatpants,George,18.0,,,,$18.0,,2026-07-30T00:00:00-04:00,2026-09-16T23:59:59-04:00,,24580.1,-1105.18,24905.7,-1255.15,http://f.wishabi.net/page_items/430308660/1786464974/extra_large.jpg
Walmart,8033586,1033127783,George girls' hooded quilted jacket,George,35.0,,,,$35.0,,2026-07-30T00:00:00-04:00,2026-09-16T23:59:59-04:00,,349.21,-1074.68,874.48,-1971.78,http://f.wishabi.net/page_items/427380280/1784307385/extra_large.jpg
Walmart,8033586,1032458873,George graphic tee,George,5.0,,,,$5.0,,2026-07-30T00:00:00-04:00,2026-09-16T23:59:59-04:00,,16612.1,-224.94,16766.8,-394.63,http://f.wishabi.net/page_items/430301224/1786460502/extra_large.jpg
Walmart,8033586,1032461629,George hooded quilted jacket,George,35.0,,,,$35.0,,2026-07-30T00:00:00-04:00,2026-09-16T23:59:59-04:00,,17457.5,-167.96,17587.5,-412.76,http://f.wishabi.net/page_items/430308441/1786460594/extra_large.jpg
Walmart,8033586,1032471841,George kid's casual shoes,George,24.0,,,,$24.0,,2026-07-30T00:00:00-04:00,2026-09-16T23:59:59-04:00,,18901.1,-624.63,19073.0,-690.59,http://f.wishabi.net/page_items/430308446/1786461085/extra_large.jpg
Walmart,8033586,1032471828,George kids' casual shoes,George,24.0,,,,$24.0,,2026-07-30T00:00:00-04:00,2026-09-16T23:59:59-04:00,,18895.4,-760.22,19061.0,-813.86,http://f.wishabi.net/page_items/430308419/1786461085/extra_large.jpg
Walmart,8033586,1032458841,George kids' indoor/outdoor slippers,George,18.0,,,,$18.0,,2026-07-30T00:00:00-04:00,2026-09-16T23:59:59-04:00,,16854.9,-1447.43,16948.8,-1656.29,http://f.wishabi.net/page_items/430301219/1786460500/extra_large.jpg
Walmart,8033586,1032458897,George kids' or toddlers' casual shoes,George,24.0,,,,$24.0,,2026-07-30T00:00:00-04:00,2026-09-16T23:59:59-04:00,,16455.7,-880.33,16615.7,-952.0,http://f.wishabi.net/page_items/430301233/1786460503/extra_large.jpg
Walmart,8033586,1032458829,George leggings,George,5.0,,,,$5.0,,2026-07-30T00:00:00-04:00,2026-09-16T23:59:59-04:00,,16378.3,-1092.6,16710.0,-1592.47,http://f.wishabi.net/page_items/430301216/1786460500/extra_large.jpg
Walmart,8033586,1032458887,George long sleeved tee,George,8.0,,,,$8.0,,2026-07-30T00:00:00-04:00,2026-09-16T23:59:59-04:00,,16798.3,-215.87,16969.5,-411.58,http://f.wishabi.net/page_items/430301227/1786460502/extra_large.jpg
Walmart,8033586,1032472820,George midi dress,George,22.0,,,,$22.0,,2026-07-30T00:00:00-04:00,2026-09-16T23:59:59-04:00,,24937.5,-1861.77,25265.1,-2524.62,http://f.wishabi.net/page_items/430308305/1786464971/extra_large.jpg
Walmart,8033586,1032471729,George oversized tee,George,7.0,,,,$7.0,,2026-07-30T00:00:00-04:00,2026-09-16T23:59:59-04:00,,18838.8,-918.83,19115.2,-1343.37,http://f.wishabi.net/page_items/430308165/1786461080/extra_large.jpg
Walmart,8033586,1032471711,George short- sleeved graphic tee,George,5.0,,,,$5.0,,2026-07-30T00:00:00-04:00,2026-09-16T23:59:59-04:00,,19151.3,-1853.42,19414.1,-2232.27,http://f.wishabi.net/page_items/430308152/1786461080/extra_large.jpg
Walmart,8033586,1032471857,George short-sleeved graphic tee,George,5.0,,,,$5.0,,2026-07-30T00:00:00-04:00,2026-09-16T23:59:59-04:00,,18941.7,-1908.12,19127.3,-2110.33,http://f.wishabi.net/page_items/430308645/1786461086/extra_large.jpg
Walmart,8033586,1032472166,George toddlers fleece sets,George,12.0,,,,$12.0,,2026-07-30T00:00:00-04:00,2026-09-16T23:59:59-04:00,,20565.7,-384.05,20826.3,-890.43,http://f.wishabi.net/page_items/430308568/1786461963/extra_large.jpg
Walmart,8033586,1032472095,George toddlers' flannel shirt and pants set,George,16.0,,,,$16.0,,2026-07-30T00:00:00-04:00,2026-09-16T23:59:59-04:00,,20795.5,-1117.96,21237.5,-1838.81,http://f.wishabi.net/page_items/430308251/1786461960/extra_large.jpg
Walmart,8033586,1032472119,George toddlers' fleece set,George,12.0,,,,$12.0,,2026-07-30T00:00:00-04:00,2026-09-16T23:59:59-04:00,,20845.9,-333.14,21138.5,-910.32,http://f.wishabi.net/page_items/430308308/1786461961/extra_large.jpg
Walmart,8033586,1032472151,George toddlers' long-sleeved tee or legging,George,4.0,,,,$4.0,,2026-07-30T00:00:00-04:00,2026-09-16T23:59:59-04:00,,20280.3,-1596.63,20745.3,-2134.97,http://f.wishabi.net/page_items/430308470/1786461963/extra_large.jpg
Walmart,8033586,1032471564,George varsity tee,George,8.0,,,,$8.0,,2026-07-30T00:00:00-04:00,2026-09-16T23:59:59-04:00,,17957.3,-450.11,18333.3,-1219.78,http://f.wishabi.net/page_items/430308070/1786460926/extra_large.jpg
Walmart,8033586,1032461765,George wide-leg denim,George,18.0,,,,$18.0,,2026-07-30T00:00:00-04:00,2026-09-16T23:59:59-04:00,,17544.9,-1840.58,17678.6,-2107.37,http://f.wishabi.net/page_items/430309137/1786460596/extra_large.jpg
Walmart,8033586,1032472806,George women's pants,George,25.0,,,,$25.0,,2026-07-30T00:00:00-04:00,2026-09-16T23:59:59-04:00,,24827.6,-415.7,25063.3,-771.91,http://f.wishabi.net/page_items/430308277/1786464970/extra_large.jpg
Walmart,8033586,1032472875,George zip-up hoodie,George,18.0,,,,$18.0,,2026-07-30T00:00:00-04:00,2026-09-16T23:59:59-04:00,,24587.6,-929.42,24901.9,-1101.78,http://f.wishabi.net/page_items/430308530/1786464973/extra_large.jpg
Walmart,8072271,1031502233,Glad black garbage bags,Glad,10.97,,,,$10.97,,2026-08-13T00:00:00-04:00,2026-08-19T23:59:59-04:00,,4928.8,-703.26,5197.94,-990.64,http://f.wishabi.net/page_items/429801895/1785993229/extra_large.jpg
Walmart,8072271,1031778633,Goodnites Value Pack Nighttime Underwear,,38.97,,,,$38.97,,2026-08-13T00:00:00-04:00,2026-08-19T23:59:59-04:00,,39734.7,-1646.93,40645.51,-2450.83,http://f.wishabi.net/page_items/429899467/1786083862/extra_large.jpg
Walmart,8033586,1032475407,"Gourmia GPM1270 all-in-one pizza oven, toaster and air fryer",Gourmia,224.0,,,,$224.0,,2026-07-30T00:00:00-04:00,2026-09-16T23:59:59-04:00,,5490.43,-724.64,6165.09,-1019.56,http://f.wishabi.net/page_items/430308413/1786466326/extra_large.jpg
Walmart,8072271,1031779444,Graco 4Ever DLX Grad 5-in-1 convertible car seat,Graco,480.0,,,,$480.0,,2026-08-13T00:00:00-04:00,2026-08-19T23:59:59-04:00,,38405.52,-1402.52,38698.89,-1665.51,http://f.wishabi.net/page_items/429899441/1786396483/extra_large.jpg
Walmart,8072271,1031781268,Graco Ready2Grow 2.0 double stroller,Graco,319.0,,,,$319.0,,2026-08-13T00:00:00-04:00,2026-08-19T23:59:59-04:00,,38087.02,-1685.28,38388.59,-1950.41,http://f.wishabi.net/page_items/429899435/1786396482/extra_large.jpg
Walmart,8072271,1031776392,Graco Ready2Jet Compact Stroller,Graco,250.0,,,,$250.0,,2026-08-13T00:00:00-04:00,2026-08-19T23:59:59-04:00,,38402.14,-1682.28,38699.55,-1943.87,http://f.wishabi.net/page_items/429899443/1786396484/extra_large.jpg
Walmart,8072271,1032035900,Great Value 2-ply facial tissues,Great Value,7.94,,,,$7.94,,2026-08-13T00:00:00-04:00,2026-09-16T23:59:59-04:00,,35797.41,-1474.86,35957.42,-1708.91,http://f.wishabi.net/page_items/430012399/1786217438/extra_large.jpg
Walmart,8072271,1032035942,Great Value 3-ply facial tissues,Great Value,7.94,,,,$7.94,,2026-08-13T00:00:00-04:00,2026-09-16T23:59:59-04:00,,35957.42,-1474.86,36122.82,-1708.91,http://f.wishabi.net/page_items/430012429/1786217444/extra_large.jpg
Walmart,8080972,1032870973,Great Value 8kg Rabbit Food,Great Value,19.98,,,,$19.98,,2026-08-13T00:00:00-04:00,2026-08-19T23:59:59-04:00,,12329.3,-729.59,12677.0,-1320.25,http://f.wishabi.net/page_items/429768470/1785960820/extra_large.jpg
Walmart,8080972,1032870980,Great Value Budgie & Parakeet Food 1.8kg,Great Value,12.98,,,,$12.98,,2026-08-13T00:00:00-04:00,2026-08-19T23:59:59-04:00,,11578.5,-2094.92,11926.3,-2685.58,http://f.wishabi.net/page_items/429768471/1785960821/extra_large.jpg
Walmart,8080972,1032870985,Great Value Parrot Food 3.6kg,Great Value,24.98,,,,$24.98,,2026-08-13T00:00:00-04:00,2026-08-19T23:59:59-04:00,,11953.9,-2094.92,12301.7,-2685.58,http://f.wishabi.net/page_items/429768472/1785960822/extra_large.jpg
Walmart,8080972,1032870969,"Great Value Timothy Hay, 48oz",Great Value,13.47,,,,$13.47,,2026-08-13T00:00:00-04:00,2026-08-19T23:59:59-04:00,,11953.9,-729.59,12301.7,-1320.25,http://f.wishabi.net/page_items/429768469/1785960819/extra_large.jpg
Walmart,8072271,1033389893,Great Value bacon,Great Value,3.97,,,,$3.97,,2026-08-13T00:00:00-04:00,2026-08-19T23:59:59-04:00,,419.22,-996.21,638.23,-1117.46,http://f.wishabi.net/page_items/430724060/1786753910/extra_large.jpg
Walmart,8072271,1031501810,Great Value bowls,Great Value,3.97,,,,$3.97,,2026-08-13T00:00:00-04:00,2026-08-19T23:59:59-04:00,,2957.84,-2079.21,3102.5,-2203.51,http://f.wishabi.net/page_items/429801617/1786394453/extra_large.jpg
Walmart,8072271,1031564046,Great Value butter,Great Value,4.97,,,,$4.97,,2026-08-13T00:00:00-04:00,2026-08-19T23:59:59-04:00,,1617.62,-360.22,1772.86,-455.36,http://f.wishabi.net/page_items/429806794/1786393642/extra_large.jpg
Walmart,8072271,1031542173,"Great Value frozen meat, seafood or appetizers value packs",,9.98,,,,$9.98,,2026-08-13T00:00:00-04:00,2026-08-19T23:59:59-04:00,,3710.45,-2081.66,3873.77,-2207.56,http://f.wishabi.net/page_items/429806315/1786394464/extra_large.jpg
Walmart,8072271,1032575643,Great Value sandwich bags,,2.74,,,,$2.74,,2026-08-13T00:00:00-04:00,2026-09-16T23:59:59-04:00,,22558.4,-2091.9,22915.3,-2184.15,http://f.wishabi.net/page_items/430349765/1786500170/extra_large.jpg
Walmart,8072271,1032575593,Great Value zipper seal freezer bags,Great Value,4.94,,,,$4.94,,2026-08-13T00:00:00-04:00,2026-09-16T23:59:59-04:00,,22937.2,-2212.07,23245.1,-2329.15,http://f.wishabi.net/page_items/430349191/1786500163/extra_large.jpg
Walmart,8072271,1031502092,Green onions,,1.24,,,,$1.24,,2026-08-13T00:00:00-04:00,2026-08-19T23:59:59-04:00,,3935.33,-186.56,4368.65,-494.93,http://f.wishabi.net/page_items/429802035/1785993225/extra_large.jpg
Walmart,8072271,1032544033,"Greenworks 80V 17"" Brushless Cordless Push Lawn Mower, 2.0 Ah Battery and Charger Included [75+ Compatible Tools]",,424.99,,,,$424.99,,2026-08-13T00:00:00-04:00,2026-08-19T23:59:59-04:00,,9055.46,-716.13,9304.32,-1178.59,http://f.wishabi.net/page_items/430370429/1786485738/extra_large.jpg
Walmart,8072271,1032338777,Gyrocopters J30 electric scooter,,239.96,,,,$239.96,,2026-08-13T00:00:00-04:00,2026-08-19T23:59:59-04:00,,36866.3,-2057.92,37146.7,-2405.83,http://f.wishabi.net/page_items/430253718/1786500158/extra_large.jpg
Walmart,8072271,1032576825,Gyrocopters J30 electric scooter,,239.96,,,,$239.96,,2026-08-13T00:00:00-04:00,2026-09-16T23:59:59-04:00,,33584.7,-1572.34,33932.5,-1849.58,http://f.wishabi.net/page_items/430352766/1786500177/extra_large.jpg
Walmart,8072271,1032576819,Gyrocopters PixAl Electric foldable dual rider cargo bike,,399.96,,,,$399.96,,2026-08-13T00:00:00-04:00,2026-09-16T23:59:59-04:00,,33577.6,-1878.87,33922.5,-2170.98,http://f.wishabi.net/page_items/430352507/1786500175/extra_large.jpg
Walmart,8033586,1032475368,HOMCOM 1.1-cu. ft. compact mini freezer,HOMCOM,199.99,,,,$199.99,,2026-07-30T00:00:00-04:00,2026-09-16T23:59:59-04:00,,4617.75,-2061.19,5054.58,-2556.95,http://f.wishabi.net/page_items/430308182/1786466272/extra_large.jpg
Walmart,8072271,1032574484,"HP 17.3"" Full HD 17-cn3012Ca laptop",,699.98,,,,$699.98,,2026-08-13T00:00:00-04:00,2026-09-16T23:59:59-04:00,,11662.4,-1891.2,12181.2,-2530.27,http://f.wishabi.net/page_items/430352645/1786500159/extra_large.jpg
Walmart,8072271,1032574584,HP DeskJet 2942 all-in-one printer,,49.98,,,,$49.98,,2026-08-13T00:00:00-04:00,2026-09-16T23:59:59-04:00,,14859.1,-295.02,15343.0,-509.08,http://f.wishabi.net/page_items/430348972/1786500158/extra_large.jpg
Walmart,8072271,1032574589,HP Envy 6152E all-in-one printer,,79.98,,,,$79.98,,2026-08-13T00:00:00-04:00,2026-09-16T23:59:59-04:00,,15432.1,-262.91,16015.7,-727.98,http://f.wishabi.net/page_items/430349047/1786500159/extra_large.jpg
Walmart,8072271,1032574601,HP M110W Laser Printer,,99.98,,,,$99.98,,2026-08-13T00:00:00-04:00,2026-09-16T23:59:59-04:00,,15431.3,-798.61,16000.3,-1253.26,http://f.wishabi.net/page_items/430349145/1786500161/extra_large.jpg
Walmart,8072271,1032945186,Hamilton Beach 4-Slice stainless steel toaster oven,Hamilton Beach,24.97,,,,$24.97,,2026-08-13T00:00:00-04:00,2026-08-19T23:59:59-04:00,,8297.89,-1554.78,8744.4,-1771.05,http://f.wishabi.net/page_items/430536576/1786586773/extra_large.jpg
Walmart,8033586,1027053461,Hard Candy Blush On Lock duo,Hard Candy,12.98,,,,$12.98,,2026-07-30T00:00:00-04:00,2026-09-16T23:59:59-04:00,,11430.0,-1029.8,11568.0,-1238.8,http://f.wishabi.net/page_items/427705234/1784314618/extra_large.jpg
Walmart,8033586,1027053470,Hard Candy Blush on Lock Duo,Hard Candy,12.98,,,,$12.98,,2026-07-30T00:00:00-04:00,2026-09-16T23:59:59-04:00,,11399.0,-810.8,11537.0,-1019.8,http://f.wishabi.net/page_items/427705235/1784314619/extra_large.jpg
Walmart,8080972,1032870797,Hartz Ultraguard Flea & Tick Treatment for Dogs And Puppies,Hartz,13.97,,,,$13.97,,2026-08-13T00:00:00-04:00,2026-08-19T23:59:59-04:00,,8864.27,-985.36,9212.04,-1647.78,http://f.wishabi.net/page_items/429768434/1785960819/extra_large.jpg
Walmart,8072271,1031569362,Head & Shoulders shampoo or conditioner,Head & Shoulders,10.47,,,,$10.47,,2026-08-13T00:00:00-04:00,2026-08-19T23:59:59-04:00,,6573.02,-647.82,6652.47,-855.79,http://f.wishabi.net/page_items/429805826/1785993238/extra_large.jpg
Walmart,8072271,1033390298,Healthy Choice Gourmet Steamers frozen entrees,Healthy Choice,4.97,,,,$4.97,,2026-08-13T00:00:00-04:00,2026-09-16T23:59:59-04:00,,31161.0,-313.76,31532.7,-650.31,http://f.wishabi.net/page_items/430719998/1786753887/extra_large.jpg
Walmart,8072271,1033390297,Healthy Choice Simply Steamers,Healthy Choice,4.97,,,,$4.97,,2026-08-13T00:00:00-04:00,2026-09-16T23:59:59-04:00,,30799.4,-324.87,31131.6,-661.42,http://f.wishabi.net/page_items/430719989/1786753886/extra_large.jpg
Walmart,8072271,1033390296,Healthy Choice Simply Steamers frozen entrees,Healthy Choice,4.97,,,,$4.97,,2026-08-13T00:00:00-04:00,2026-09-16T23:59:59-04:00,,30417.5,-323.02,30772.9,-648.46,http://f.wishabi.net/page_items/430719982/1786753886/extra_large.jpg
Walmart,8072271,1033390293,Hellmann's mayonnaise type dressing,Hellmann's,3.77,,,,$3.77,,2026-08-13T00:00:00-04:00,2026-09-16T23:59:59-04:00,,30993.6,-1524.25,31137.3,-1913.33,http://f.wishabi.net/page_items/430719958/1786753884/extra_large.jpg
Walmart,8072271,1033390299,Hellmann's mayonnaise type dressing 325 mL - 340 mL,Hellmann's,3.77,,,,$3.77,,2026-08-13T00:00:00-04:00,2026-09-16T23:59:59-04:00,,31164.2,-1512.97,31314.8,-1909.8,http://f.wishabi.net/page_items/430720006/1786753888/extra_large.jpg
Walmart,8072271,1033390292,Hellmann's real mayonnaise,Hellmann's,6.47,,,,$6.47,,2026-08-13T00:00:00-04:00,2026-09-16T23:59:59-04:00,,30980.8,-903.16,31601.9,-1423.56,http://f.wishabi.net/page_items/430719946/1786753883/extra_large.jpg
Walmart,8072271,1032945941,Hello Daise body mist fragrance,,6.96,,,,$6.96,,2026-08-13T00:00:00-04:00,2026-08-19T23:59:59-04:00,,39063.8,-2014.86,39207.3,-2170.77,http://f.wishabi.net/page_items/430536367/1786587822/extra_large.jpg
Walmart,8072271,1032575478,Hello Hobby stretched canvases,,16.97,,,,$16.97,,2026-08-13T00:00:00-04:00,2026-09-16T23:59:59-04:00,,19620.0,-1333.4,19824.4,-1597.62,http://f.wishabi.net/page_items/430349892/1786500164/extra_large.jpg
Walmart,8072271,1032277506,Hello Kitty creativity case,Hello Kitty,12.97,,,,$12.97,,2026-08-13T00:00:00-04:00,2026-09-16T23:59:59-04:00,,17676.73,-2222.99,17809.01,-2369.83,http://f.wishabi.net/page_items/430240186/1786401085/extra_large.jpg
Walmart,8033586,1032461756,Hello Kitty licensed backpack,,24.97,,,,$24.97,,2026-07-30T00:00:00-04:00,2026-09-16T23:59:59-04:00,,17325.5,-764.6,17497.0,-1468.2,http://f.wishabi.net/page_items/430309136/1786460596/extra_large.jpg
Walmart,8072271,1032945935,Hero Mighty Patch 10s,HERO MIGHTY PATCH,12.67,,,,$12.67,,2026-08-13T00:00:00-04:00,2026-08-19T23:59:59-04:00,,39364.9,-1124.44,39503.9,-1343.09,http://f.wishabi.net/page_items/430536354/1786587819/extra_large.jpg
Walmart,8033586,1026867660,Hero Mighty Patch Body 4-pack,HERO,19.47,,,,$19.47,,2026-07-30T00:00:00-04:00,2026-09-16T23:59:59-04:00,,12518.1,-1039.42,12687.2,-1432.83,http://f.wishabi.net/page_items/427380748/1785251375/extra_large.jpg
Walmart,8033586,1027055497,Hero Mighty Patch Original pimple patches,HERO MIGHTY PATCH,12.67,,,,$12.67,,2026-07-30T00:00:00-04:00,2026-09-16T23:59:59-04:00,,12692.5,-1121.65,12874.5,-1394.65,http://f.wishabi.net/page_items/427705363/1785251378/extra_large.jpg
Walmart,8033586,1032474330,Heys 2-piece licensed backpack set,HEYS,19.97,,,,$19.97,,2026-07-30T00:00:00-04:00,2026-09-16T23:59:59-04:00,,21633.2,-544.27,21822.5,-767.69,http://f.wishabi.net/page_items/427380670/1784311934/extra_large.jpg
Walmart,8072271,1032574475,Heys backpack,,16.97,,,,$16.97,,2026-08-13T00:00:00-04:00,2026-09-16T23:59:59-04:00,,11022.1,-1155.68,11542.5,-2031.97,http://f.wishabi.net/page_items/430349719/1786500166/extra_large.jpg
Walmart,8072271,1032575501,Heys licensed backpack,,16.97,,,,$16.97,,2026-08-13T00:00:00-04:00,2026-09-16T23:59:59-04:00,,20859.6,-271.39,22165.0,-1372.73,http://f.wishabi.net/page_items/430352288/1786500159/extra_large.jpg
Walmart,8033586,1032471971,Heys licensed lunch bags,HEYS,15.97,,,,$15.97,,2026-07-30T00:00:00-04:00,2026-09-16T23:59:59-04:00,,19960.8,-69.89,20071.9,-226.43,http://f.wishabi.net/page_items/430304103/1786461853/extra_large.jpg
Walmart,8080972,1032870926,Hoover Excelerate Cordless Stick Vacuum Cleaner,,169.98,,,,$169.98,,2026-08-13T00:00:00-04:00,2026-08-19T23:59:59-04:00,,10986.6,-1406.73,11522.0,-2069.16,http://f.wishabi.net/page_items/429769900/1785962003/extra_large.jpg
Walmart,8072271,1032576821,Hot Wheels Barbie Jammer electric scooter,Hot Wheels,148.0,,,,$148.0,,2026-08-13T00:00:00-04:00,2026-09-16T23:59:59-04:00,,34008.3,-1113.14,34094.9,-1278.17,http://f.wishabi.net/page_items/430352534/1786500176/extra_large.jpg
Walmart,8072271,1032576829,Hot Wheels electric scooter,Hot Wheels,148.0,,,,$148.0,,2026-08-13T00:00:00-04:00,2026-09-16T23:59:59-04:00,,34102.3,-1117.24,34220.7,-1279.72,http://f.wishabi.net/page_items/430352970/1786500179/extra_large.jpg
Walmart,8072271,1032576827,Huffy Capitol cruiser bike,Huffy,198.0,,,,$198.0,,2026-08-13T00:00:00-04:00,2026-09-16T23:59:59-04:00,,33776.7,-829.76,33931.3,-976.19,http://f.wishabi.net/page_items/430352887/1786500178/extra_large.jpg
Walmart,8072271,1031780876,Huggies 10x or 11x wipes,Huggies,19.77,,,,$19.77,,2026-08-13T00:00:00-04:00,2026-08-19T23:59:59-04:00,,39733.49,-528.61,40011.16,-761.05,http://f.wishabi.net/page_items/429916972/1786083863/extra_large.jpg
Walmart,8072271,1031778241,Huggies Pull Ups Super Pack Training Pants,,28.78,,,,$28.78,,2026-08-13T00:00:00-04:00,2026-08-19T23:59:59-04:00,,39739.41,-869.45,40643.64,-1638.94,http://f.wishabi.net/page_items/429899465/1786083861/extra_large.jpg
Walmart,8072271,1031780422,Huggies Snug & Dry ultra value pack diapers,Huggies,44.94,,,,$44.94,,2026-08-13T00:00:00-04:00,2026-08-19T23:59:59-04:00,,40254.7,-455.72,40644.55,-860.95,http://f.wishabi.net/page_items/429899460/1786083859/extra_large.jpg
Walmart,8072271,1031779032,Huggies superpack diapers,Huggies,26.98,,,,$26.98,,2026-08-13T00:00:00-04:00,2026-08-19T23:59:59-04:00,,39824.73,-187.1,40080.8,-450.23,http://f.wishabi.net/page_items/429899602/1786083862/extra_large.jpg
Walmart,8072271,1032576816,Hyper 37 V folding electric scooter,,298.0,,,,$298.0,,2026-08-13T00:00:00-04:00,2026-09-16T23:59:59-04:00,,33959.9,-1571.63,34297.2,-1852.48,http://f.wishabi.net/page_items/430352337/1786500173/extra_large.jpg
Walmart,8080972,1032870609,"IAMS PROACTIVE HEALTHY Dry Cat Food Chicken & Turkey, 7.26kg",MARS PET,35.94,,,,$35.94,,2026-08-13T00:00:00-04:00,2026-08-19T23:59:59-04:00,,4244.27,-3460.26,4592.04,-4050.92,http://f.wishabi.net/page_items/429768392/1785960823/extra_large.jpg
Walmart,8080972,1032871066,"IAMS Proactive Health Large Breed Dry Dog Food 18.1KG, selected varieties",IAMS,64.98,,,,$64.98,,2026-08-13T00:00:00-04:00,2026-08-19T23:59:59-04:00,,13484.3,-3395.85,13832.0,-4058.28,http://f.wishabi.net/page_items/429768486/1785960821/extra_large.jpg
Walmart,8080972,1032870514,"IAMS Proactive Health Minichunks Dry Dog Food 6.80KG, selected varieties",IAMS,26.97,,,,$26.97,,2026-08-13T00:00:00-04:00,2026-08-19T23:59:59-04:00,,2338.52,-247.49,2686.29,-909.92,http://f.wishabi.net/page_items/429768372/1785960816/extra_large.jpg
Walmart,8072271,1031502199,IAMS dry dog food,IAMS,53.98,,,,$53.98,,2026-08-13T00:00:00-04:00,2026-08-19T23:59:59-04:00,,5387.9,-2174.16,5521.58,-2372.14,http://f.wishabi.net/page_items/429801873/1785993223/extra_large.jpg
Walmart,8072271,1032338816,IMgadgets adjustable standing electric desk,IMGadgets,109.96,,,,$109.96,,2026-08-13T00:00:00-04:00,2026-08-19T23:59:59-04:00,,36271.6,-2062.34,36551.1,-2406.68,http://f.wishabi.net/page_items/430253728/1786500160/extra_large.jpg
Walmart,8080972,1032870882,IRIS USA Open-Top Cat Litter Box,IRIS,26.99,,,,$26.99,,2026-08-13T00:00:00-04:00,2026-08-19T23:59:59-04:00,,10019.3,-2810.71,10367.0,-3401.37,http://f.wishabi.net/page_items/429768451/1785960822/extra_large.jpg
Walmart,8080972,1032870598,Iams Proactive Health Dry Cat Food 1.59kg,MARS PET,13.97,,,,$13.97,,2026-08-13T00:00:00-04:00,2026-08-19T23:59:59-04:00,,3493.52,-3460.26,3841.29,-4050.92,http://f.wishabi.net/page_items/429768390/1785960822/extra_large.jpg
Walmart,8080972,1032870603,Iams Proactive Health Healthy Adult Dry Cat Food 1.59kg,MARS PET,13.97,,,,$13.97,,2026-08-13T00:00:00-04:00,2026-08-19T23:59:59-04:00,,3868.9,-3460.26,4216.67,-4050.92,http://f.wishabi.net/page_items/429768391/1785960822/extra_large.jpg
Walmart,8072271,1031556808,Idahoan instant mashed potatoes,Idahoan,1.77,,,,$1.77,,2026-08-13T00:00:00-04:00,2026-08-19T23:59:59-04:00,,3126.71,-1015.4,3252.23,-1267.49,http://f.wishabi.net/page_items/429806282/1786394457/extra_large.jpg
Walmart,8072271,1032337815,Infants' Tylenol Fever & Pain,Tylenol,,,,,,,2026-08-13T00:00:00-04:00,2026-08-19T23:59:59-04:00,,41229.4,-2104.19,41621.6,-2459.19,http://f.wishabi.net/page_items/430253752/1786500159/extra_large.jpg
Walmart,8072271,1031544916,Irish Spring body wash,Irish Spring,3.97,,,,$3.97,,2026-08-13T00:00:00-04:00,2026-08-19T23:59:59-04:00,,6513.32,-51.95,6643.85,-316.35,http://f.wishabi.net/page_items/429805816/1785993234/extra_large.jpg
Walmart,8033586,1026877093,Irish Spring body wash,Irish Spring,5.97,,,,$5.97,,2026-07-30T00:00:00-04:00,2026-09-16T23:59:59-04:00,,14631.0,-1846.82,14820.3,-2197.14,http://f.wishabi.net/page_items/427380781/1784303063/extra_large.jpg
Walmart,8033586,1026868088,Irish Spring original bar soap,Irish Spring,6.47,,,,$6.47,,2026-07-30T00:00:00-04:00,2026-09-16T23:59:59-04:00,,14839.0,-1817.08,14998.5,-2081.95,http://f.wishabi.net/page_items/427462191/1784303070/extra_large.jpg
Walmart,8072271,1031502080,Itsuki Teppan Yakisoba stir-fried noodles,Itsuki,4.98,,,,$4.98,,2026-08-13T00:00:00-04:00,2026-08-19T23:59:59-04:00,,4411.95,-1489.14,4840.09,-1805.13,http://f.wishabi.net/page_items/429801365/1785993211/extra_large.jpg
Walmart,8072271,1032574574,JBuds Wireless mouse,,29.98,,,,$29.98,,2026-08-13T00:00:00-04:00,2026-09-16T23:59:59-04:00,,14431.0,-59.49,14586.0,-250.49,http://f.wishabi.net/page_items/430352779/1786500163/extra_large.jpg
Walmart,8072271,1032574550,JLAB GO Wireless Bluetooth mouse,JLab,12.98,,,,$12.98,,2026-08-13T00:00:00-04:00,2026-09-16T23:59:59-04:00,,13789.4,-480.41,14238.7,-865.0,http://f.wishabi.net/page_items/430352500/1786500159/extra_large.jpg
Walmart,8072271,1032574544,JLab JBuddies Studio 2 wired headphones,,14.98,,,,$14.98,,2026-08-13T00:00:00-04:00,2026-09-16T23:59:59-04:00,,14262.7,-482.44,14725.2,-851.07,http://f.wishabi.net/page_items/430352244/1786500158/extra_large.jpg
Walmart,8072271,1031502062,JML instant noodles,JML,4.98,,,,$4.98,,2026-08-13T00:00:00-04:00,2026-08-19T23:59:59-04:00,,4644.64,-2136.76,4839.85,-2314.5,http://f.wishabi.net/page_items/429801334/1785993221/extra_large.jpg
Walmart,8072271,1031501777,Janes Ultimates Chicken Wings,JANES,11.47,,,,$11.47,,2026-08-13T00:00:00-04:00,2026-08-19T23:59:59-04:00,,3433.04,-1852.79,3569.23,-2014.87,http://f.wishabi.net/page_items/429801583/1786394447/extra_large.jpg
Walmart,8072271,1031561204,Janes Ultimates chicken wings,JANES,11.47,,,,$11.47,,2026-08-13T00:00:00-04:00,2026-08-19T23:59:59-04:00,,3564.04,-1910.79,3731.23,-2065.87,http://f.wishabi.net/page_items/429806306/1786394462/extra_large.jpg
Walmart,8072271,1031545008,Jell-O snack cups,Jell-O,2.78,,,,$2.78,,2026-08-13T00:00:00-04:00,2026-08-19T23:59:59-04:00,,3419.5,-725.2,3834.69,-991.11,http://f.wishabi.net/page_items/429810318/1786394470/extra_large.jpg
Walmart,8072271,1032575518,Jetstream 3-Piece backpack set,,24.97,,,,$24.97,,2026-08-13T00:00:00-04:00,2026-09-16T23:59:59-04:00,,20930.9,-1445.49,21194.5,-1781.46,http://f.wishabi.net/page_items/430352572/1786500161/extra_large.jpg
Walmart,8072271,1032574469,Jetstream Backpack,JetStream,19.97,,,,$19.97,,2026-08-13T00:00:00-04:00,2026-09-16T23:59:59-04:00,,10511.3,-1152.36,10738.3,-1405.86,http://f.wishabi.net/page_items/430349069/1786500160/extra_large.jpg
Walmart,8072271,1032574474,Jetstream backpacks,,19.97,,,,$19.97,,2026-08-13T00:00:00-04:00,2026-09-16T23:59:59-04:00,,10741.9,-1148.7,10938.5,-1423.17,http://f.wishabi.net/page_items/430349689/1786500165/extra_large.jpg
Walmart,8072271,1032338855,Joyway 5-piece hardshell spinner luggage set,Joyway,139.99,,,,$139.99,,2026-08-13T00:00:00-04:00,2026-08-19T23:59:59-04:00,,36569.6,-2063.1,36849.5,-2408.89,http://f.wishabi.net/page_items/430253736/1786500161/extra_large.jpg
Walmart,8072271,1032277470,KPop Demon Hunters notebooks,,7.97,,,,$7.97,,2026-08-13T00:00:00-04:00,2026-09-16T23:59:59-04:00,,17522.67,-1649.62,17644.6,-1773.35,http://f.wishabi.net/page_items/430240117/1786401083/extra_large.jpg
Walmart,8072271,1032277407,KPop Demon Hunters pencil cases,,7.97,,,,$7.97,,2026-08-13T00:00:00-04:00,2026-09-16T23:59:59-04:00,,17522.67,-1568.62,17656.6,-1646.35,http://f.wishabi.net/page_items/430239934/1786401078/extra_large.jpg
Walmart,8072271,1032574452,"KPop Demon Hunters pencil cases, notebook or journals",,7.97,,,,$7.97,,2026-08-13T00:00:00-04:00,2026-09-16T23:59:59-04:00,,9684.39,-1988.82,9785.39,-2125.82,http://f.wishabi.net/page_items/430356419/1786500164/extra_large.jpg
Walmart,8072271,1032277479,"KPop Demon Hunters pencil cases, notebooks or journals",,7.97,,,,$7.97,,2026-08-13T00:00:00-04:00,2026-09-16T23:59:59-04:00,,17665.67,-1567.62,17792.6,-1690.35,http://f.wishabi.net/page_items/430240130/1786401084/extra_large.jpg
Walmart,8072271,1032277398,KPop Demon Hunters pens,,12.97,,,,$12.97,,2026-08-13T00:00:00-04:00,2026-09-16T23:59:59-04:00,,17498.73,-2195.99,17670.01,-2366.83,http://f.wishabi.net/page_items/430239922/1786401077/extra_large.jpg
Walmart,8072271,1031779627,Kendamil organic powder infant formula,Kendamil,49.97,,,,$49.97,,2026-08-13T00:00:00-04:00,2026-08-19T23:59:59-04:00,,38092.77,-1127.33,38389.06,-1395.71,http://f.wishabi.net/page_items/429899424/1786396480/extra_large.jpg
Walmart,8072271,1031780939,Kendamil ready-to-feed infant formula,Kendamil,29.97,,,,$29.97,,2026-08-13T00:00:00-04:00,2026-08-19T23:59:59-04:00,,38406.57,-573.71,38699.31,-838.94,http://f.wishabi.net/page_items/429899422/1786396479/extra_large.jpg
Walmart,8072271,1032945305,Keurig K-Express Essentials Single-Serve Coffee Maker,Keurig,74.98,,,,$74.98,,2026-08-13T00:00:00-04:00,2026-08-19T23:59:59-04:00,,7976.88,-1776.66,8101.33,-1994.8,http://f.wishabi.net/page_items/430536725/1786586786/extra_large.jpg
Walmart,8072271,1032945193,Keurig K-Express Essentials single-serve coffeemaker,Keurig,74.98,,,,$74.98,,2026-08-13T00:00:00-04:00,2026-08-19T23:59:59-04:00,,7839.33,-1776.66,7977.88,-1994.8,http://f.wishabi.net/page_items/430536585/1786586773/extra_large.jpg
Walmart,8033586,1026865278,Keurig® K-Express Essentials® single-serve coffee maker,Keurig,74.98,,,,$74.98,,2026-07-30T00:00:00-04:00,2026-09-16T23:59:59-04:00,,6244.79,-1539.55,6567.29,-2193.35,http://f.wishabi.net/page_items/427380832/1784303063/extra_large.jpg
Walmart,8033586,1026878982,Keurig® K-Mini Mate™ Plus single-serve coffee maker,Keurig,119.98,,,,$119.98,,2026-07-30T00:00:00-04:00,2026-09-16T23:59:59-04:00,,6270.62,-975.85,6459.0,-1324.2,http://f.wishabi.net/page_items/427466391/1784303067/extra_large.jpg
Walmart,8072271,1032945128,Kid's licensed graphic tee,,10.0,,,,$10.0,,2026-08-13T00:00:00-04:00,2026-08-19T23:59:59-04:00,,8261.1,-190.85,8320.29,-319.71,http://f.wishabi.net/page_items/430536537/1786586761/extra_large.jpg
Walmart,8033586,1026869559,Kids Ddrops® Booster liquid vitamin D3,DDROPS,10.97,,,,$10.97,,2026-07-30T00:00:00-04:00,2026-09-16T23:59:59-04:00,,10584.0,-1570.45,10911.6,-2487.67,http://f.wishabi.net/page_items/427380369/1784382303/extra_large.jpg
Walmart,8033586,1026868438,Kids Ddrops® probiotic drops,,13.47,,,,$13.47,,2026-07-30T00:00:00-04:00,2026-09-16T23:59:59-04:00,,10913.4,-1682.23,11187.3,-2484.03,http://f.wishabi.net/page_items/427380364/1784382302/extra_large.jpg
Walmart,8072271,1032945076,Kids' Scissors,,1.0,,,,$1.0,,2026-08-13T00:00:00-04:00,2026-08-19T23:59:59-04:00,,6976.35,-170.47,7037.33,-305.99,http://f.wishabi.net/page_items/430538538/1786586778/extra_large.jpg
Walmart,8033586,1033127784,Kids' apparel,,,,,,,,2026-07-30T00:00:00-04:00,2026-09-16T23:59:59-04:00,,42.53,-2110.05,350.44,-2516.89,http://f.wishabi.net/page_items/427758924/1784307385/extra_large.jpg
Walmart,8072271,1032945143,Kids' athletic shoes,,24.0,,,,$24.0,,2026-08-13T00:00:00-04:00,2026-08-19T23:59:59-04:00,,7898.17,-636.68,8039.44,-728.72,http://f.wishabi.net/page_items/430536547/1786586764/extra_large.jpg
Walmart,8072271,1032944966,Kids' bento lunch box,,8.97,,,,$8.97,,2026-08-13T00:00:00-04:00,2026-08-19T23:59:59-04:00,,6854.12,-575.92,7143.25,-767.56,http://f.wishabi.net/page_items/430538432/1786586760/extra_large.jpg
Walmart,8072271,1032945133,Kids' indoor/outdoor slippers,,18.0,,,,$18.0,,2026-08-13T00:00:00-04:00,2026-08-19T23:59:59-04:00,,7948.7,-934.2,8061.5,-984.38,http://f.wishabi.net/page_items/430536540/1786586762/extra_large.jpg
Walmart,8072271,1032945154,Kids' licensed graphic tee,,10.0,,,,$10.0,,2026-08-13T00:00:00-04:00,2026-08-19T23:59:59-04:00,,7829.9,-189.33,8117.9,-631.45,http://f.wishabi.net/page_items/430536557/1786586766/extra_large.jpg
Walmart,8033586,1032472186,Kids' or toddlers licensed athletic shoes,,29.97,,,,$29.97,,2026-07-30T00:00:00-04:00,2026-09-16T23:59:59-04:00,,20464.5,-1300.63,20729.9,-1396.64,http://f.wishabi.net/page_items/430308594/1786461964/extra_large.jpg
Walmart,8072271,1032945164,Kids' or toddlers' athletic shoes,,15.0,,,,$15.0,,2026-08-13T00:00:00-04:00,2026-08-19T23:59:59-04:00,,8234.36,-416.53,8364.78,-482.53,http://f.wishabi.net/page_items/430536565/1786586769/extra_large.jpg
Walmart,8072271,1032945237,Kids' or toddlers' licensed athletic shoes,,29.97,,,,$29.97,,2026-08-13T00:00:00-04:00,2026-08-19T23:59:59-04:00,,8549.03,-667.08,8605.42,-719.64,http://f.wishabi.net/page_items/430536623/1786586779/extra_large.jpg
Walmart,8033586,1032472136,Kids' or toddlers' licensed athletic shoes,,29.97,,,,$29.97,,2026-07-30T00:00:00-04:00,2026-09-16T23:59:59-04:00,,20493.7,-1120.72,20733.9,-1235.17,http://f.wishabi.net/page_items/430308404/1786461962/extra_large.jpg
Walmart,8072271,1032945071,Kids' scissors,Kids,1.0,,,,$1.0,,2026-08-13T00:00:00-04:00,2026-08-19T23:59:59-04:00,,6910.35,-168.47,6971.33,-303.99,http://f.wishabi.net/page_items/430538531/1786586777/extra_large.jpg
Walmart,8072271,1032576708,Kinder Chocolate,Kinder,1.98,,,,$1.98,,2026-08-13T00:00:00-04:00,2026-09-16T23:59:59-04:00,,28388.4,-981.48,29272.5,-1725.04,http://f.wishabi.net/page_items/430356517/1786500161/extra_large.jpg
Walmart,8072271,1032576734,Kinder Chocolate 6-pack or Kinder Surprise' 3-pack,Kinder,5.48,,,,$5.48,,2026-08-13T00:00:00-04:00,2026-09-16T23:59:59-04:00,,28436.4,-2016.15,28918.7,-2270.49,http://f.wishabi.net/page_items/430357160/1786500169/extra_large.jpg
Walmart,8072271,1032576705,Kinder Chocolate 6-pack or Kinder Surprises 3-pack,Kinder,5.48,,,,$5.48,,2026-08-13T00:00:00-04:00,2026-09-16T23:59:59-04:00,,28695.8,-1825.46,29208.6,-2016.32,http://f.wishabi.net/page_items/430356471/1786500160/extra_large.jpg
Walmart,8033586,1027060593,Kotex Bamboo or Biocare pads or liners 24-pack,Kotex,9.48,,,,$9.48,,2026-07-30T00:00:00-04:00,2026-09-16T23:59:59-04:00,,9716.75,-1975.94,9929.06,-2234.74,http://f.wishabi.net/page_items/427708026/1784303067/extra_large.jpg
Walmart,8033586,1026865382,Kotex Teen pads 26-pack,Kotex,7.97,,,,$7.97,,2026-07-30T00:00:00-04:00,2026-09-16T23:59:59-04:00,,9559.73,-1725.53,9773.33,-1964.51,http://f.wishabi.net/page_items/427380799/1784303063/extra_large.jpg
Walmart,8072271,1032574447,Kpop Demon Hunters Pencils Cases,,7.97,,,,$7.97,,2026-08-13T00:00:00-04:00,2026-09-16T23:59:59-04:00,,9687.71,-1901.7,9810.71,-1969.7,http://f.wishabi.net/page_items/430356395/1786500163/extra_large.jpg
Walmart,8072271,1033332903,Kraft Dinner Cheesy Ramen,,3.47,,,,$3.47,,2026-08-13T00:00:00-04:00,2026-08-19T23:59:59-04:00,,42110.3,-1403.98,42348.3,-1662.6,http://f.wishabi.net/page_items/430685905/1786718531/extra_large.jpg
Walmart,8072271,1033332909,Kraft Dinner Deluxe Entrees,Kraft,5.47,,,,$5.47,,2026-08-13T00:00:00-04:00,2026-08-19T23:59:59-04:00,,42151.5,-774.34,42346.5,-920.34,http://f.wishabi.net/page_items/430685921/1786718535/extra_large.jpg
Walmart,8072271,1033332906,Kraft Dinner Deluxe entrees,Kraft,5.47,,,,$5.47,,2026-08-13T00:00:00-04:00,2026-08-19T23:59:59-04:00,,42108.6,-661.46,42305.0,-768.28,http://f.wishabi.net/page_items/430685913/1786718533/extra_large.jpg
Walmart,8072271,1033332908,Kraft Dinner White Cheddar Macaroni and Cheese,Kraft,2.27,,,,$2.27,,2026-08-13T00:00:00-04:00,2026-08-19T23:59:59-04:00,,42185.3,-1846.57,42588.5,-2390.75,http://f.wishabi.net/page_items/430685918/1786718534/extra_large.jpg
Walmart,8072271,1033332912,Kraft Dinner cheesy ramen,Kraft,3.47,,,,$3.47,,2026-08-13T00:00:00-04:00,2026-08-19T23:59:59-04:00,,42349.5,-1521.34,42557.5,-1777.34,http://f.wishabi.net/page_items/430685927/1786718537/extra_large.jpg
Walmart,8072271,1033332905,Kraft Dinner macaroni and cheese,Kraft,1.27,,,,$1.27,,2026-08-13T00:00:00-04:00,2026-08-19T23:59:59-04:00,,41696.1,-652.23,42071.6,-946.28,http://f.wishabi.net/page_items/430685911/1786718532/extra_large.jpg
Walmart,8072271,1032576817,Kruzer 200 folding scooter,,99.97,,,,$99.97,,2026-08-13T00:00:00-04:00,2026-09-16T23:59:59-04:00,,33581.8,-1109.12,33932.9,-1399.28,http://f.wishabi.net/page_items/430352423/1786500174/extra_large.jpg
Walmart,8072271,1032338764,Ktaxon 4-drawer dresser,Ktaxon,100.99,,,,$100.99,,2026-08-13T00:00:00-04:00,2026-08-19T23:59:59-04:00,,36568.6,-1360.89,36851.1,-1696.88,http://f.wishabi.net/page_items/430253710/1786500157/extra_large.jpg
Walmart,8072271,1032945896,L'Oréal Paris Hair Expertise conditioner,L'Oréal,5.98,,,,$5.98,,2026-08-13T00:00:00-04:00,2026-08-19T23:59:59-04:00,,38770.2,-470.38,38828.5,-723.16,http://f.wishabi.net/page_items/430536299/1786587806/extra_large.jpg
Walmart,8072271,1032945932,L'Oréal Paris Hair Expertise shampoo,L'Oréal,5.98,,,,$5.98,,2026-08-13T00:00:00-04:00,2026-08-19T23:59:59-04:00,,38828.2,-508.38,38920.5,-761.16,http://f.wishabi.net/page_items/430536344/1786587818/extra_large.jpg
Walmart,8072271,1032945931,L. Ultra Thin Overnight Pads 36s,,12.47,,,,$12.47,,2026-08-13T00:00:00-04:00,2026-08-19T23:59:59-04:00,,38789.2,-199.95,38935.8,-336.24,http://f.wishabi.net/page_items/430536343/1786587817/extra_large.jpg
Walmart,8072271,1032945893,L. Ultra Thin Overnight Pads 36s or Multipack Tampons 30s,,12.47,,,,$12.47,,2026-08-13T00:00:00-04:00,2026-08-19T23:59:59-04:00,,38939.2,-185.95,39050.8,-329.24,http://f.wishabi.net/page_items/430536298/1786587806/extra_large.jpg
Walmart,8033586,1026868871,"LG 65"" UA7500 4K UHD Smart TV",LG,598.0,,,,$598.0,,2026-07-30T00:00:00-04:00,2026-09-16T23:59:59-04:00,,4264.33,-495.11,4552.98,-1023.0,http://f.wishabi.net/page_items/427380906/1784386834/extra_large.jpg
Walmart,8033586,1026867784,LG UA7500 Smart TV,LG,328.0,,,,$328.0,,2026-07-30T00:00:00-04:00,2026-09-16T23:59:59-04:00,,3971.81,-462.95,4261.54,-1027.55,http://f.wishabi.net/page_items/427380907/1784386835/extra_large.jpg
Walmart,8072271,1033389839,Lafleur pork and beef sausages,Lafleur,8.98,,,,$8.98,,2026-08-13T00:00:00-04:00,2026-08-19T23:59:59-04:00,,661.32,-933.97,943.76,-1226.52,http://f.wishabi.net/page_items/430724018/1786753904/extra_large.jpg
Walmart,8080972,1032870651,Lambchop Cat Toy,Lambchop,4.97,,,,$4.97,,2026-08-13T00:00:00-04:00,2026-08-19T23:59:59-04:00,,5399.27,-2816.23,5747.04,-3406.89,http://f.wishabi.net/page_items/430250956/1786395239/extra_large.jpg
Walmart,8072271,1033389834,Large seedless watermelon,,4.98,,,,$4.98,,2026-08-13T00:00:00-04:00,2026-08-19T23:59:59-04:00,,490.05,-617.55,943.95,-906.81,http://f.wishabi.net/page_items/430724016/1786753904/extra_large.jpg
Walmart,8072271,1032945042,LaserJet M110w printer,,99.98,,,,$99.98,,2026-08-13T00:00:00-04:00,2026-08-19T23:59:59-04:00,,7158.28,-990.0,7459.82,-1193.34,http://f.wishabi.net/page_items/430538493/1786586772/extra_large.jpg
Walmart,8072271,1033389862,Lay's chips,Lay's,2.97,,,,$2.97,,2026-08-13T00:00:00-04:00,2026-08-19T23:59:59-04:00,,190.04,-1987.77,327.8,-2174.99,http://f.wishabi.net/page_items/430724045/1786753908/extra_large.jpg
Walmart,8072271,1032338639,"Lecuneey 10"" gel memory foam mattress",,158.99,,,,$158.99,,2026-08-13T00:00:00-04:00,2026-08-19T23:59:59-04:00,,36865.89,-1004.37,37145.71,-1347.65,http://f.wishabi.net/page_items/430253677/1786500153/extra_large.jpg
Walmart,8033586,1032472721,Levi Strauss Signature Women's relaxed fit denim shirt,Levi Strauss Signature,34.98,,,,$34.98,,2026-07-30T00:00:00-04:00,2026-09-16T23:59:59-04:00,,24179.9,-1192.68,24353.3,-1399.2,http://f.wishabi.net/page_items/430308377/1786464814/extra_large.jpg
Walmart,8072271,1032945000,Licensed Backpack and Lunch Bag Set,,19.97,,,,$19.97,,2026-08-13T00:00:00-04:00,2026-08-19T23:59:59-04:00,,6852.36,-777.88,6963.32,-905.82,http://f.wishabi.net/page_items/430538443/1786586765/extra_large.jpg
Walmart,8072271,1032945110,Licensed backpack and lunch bag set,,19.97,,,,$19.97,,2026-08-13T00:00:00-04:00,2026-08-19T23:59:59-04:00,,6968.36,-768.88,7079.32,-896.82,http://f.wishabi.net/page_items/430538568/1786586783/extra_large.jpg
Walmart,8072271,1032945123,Licensed hoodie,,20.0,,,,$20.0,,2026-08-13T00:00:00-04:00,2026-08-19T23:59:59-04:00,,8456.75,-185.23,8745.24,-631.28,http://f.wishabi.net/page_items/430536535/1786586759/extra_large.jpg
Walmart,8072271,1032945095,Licensed lunch bag,,11.97,,,,$11.97,,2026-08-13T00:00:00-04:00,2026-08-19T23:59:59-04:00,,7311.21,-575.65,7455.38,-690.54,http://f.wishabi.net/page_items/430538552/1786586781/extra_large.jpg
Walmart,8072271,1032575610,Licensed lunch bag,,11.97,,,,$11.97,,2026-08-13T00:00:00-04:00,2026-09-16T23:59:59-04:00,,22605.4,-33.58,22855.8,-304.44,http://f.wishabi.net/page_items/430349514/1786500165/extra_large.jpg
Walmart,8072271,1032277353,Licensed pencil boxes,,11.98,,,,$11.98,,2026-08-13T00:00:00-04:00,2026-09-16T23:59:59-04:00,,17491.13,-1184.19,17650.07,-1283.28,http://f.wishabi.net/page_items/430239774/1786401073/extra_large.jpg
Walmart,8080972,1032870867,Litter Genie Litterbox,Litter Genie,29.67,,,,$29.67,,2026-08-13T00:00:00-04:00,2026-08-19T23:59:59-04:00,,9643.9,-1515.3,9991.67,-2105.96,http://f.wishabi.net/page_items/429768448/1785960820/extra_large.jpg
Walmart,8080972,1032870964,Living World Timothy Hay,Living World,16.98,,,,$16.98,,2026-08-13T00:00:00-04:00,2026-08-19T23:59:59-04:00,,11578.5,-729.59,11926.3,-1320.25,http://f.wishabi.net/page_items/429768468/1785960818/extra_large.jpg
Walmart,8072271,1032574473,Logitech USB computer headset,Logitech,19.98,,,,$19.98,,2026-08-13T00:00:00-04:00,2026-09-16T23:59:59-04:00,,10479.5,-2067.79,10979.1,-2481.34,http://f.wishabi.net/page_items/430349232/1786500164/extra_large.jpg
Walmart,8072271,1032574564,Logitech wireless keyboard and mouse,Logitech,29.98,,,,$29.98,,2026-08-13T00:00:00-04:00,2026-09-16T23:59:59-04:00,,13796.7,-2052.51,14255.5,-2506.09,http://f.wishabi.net/page_items/430352667/1786500162/extra_large.jpg
Walmart,8072271,1032574569,Logitech wireless mouse,,19.98,,,,$19.98,,2026-08-13T00:00:00-04:00,2026-09-16T23:59:59-04:00,,14259.1,-2049.84,14722.6,-2501.61,http://f.wishabi.net/page_items/430352728/1786500162/extra_large.jpg
Walmart,8072271,1031780283,Love Child Organics fruit purees,LOVE CHILD,1.97,,,,$1.97,,2026-08-13T00:00:00-04:00,2026-08-19T23:59:59-04:00,,38091.24,-567.03,38244.71,-754.76,http://f.wishabi.net/page_items/429899528/1786396487/extra_large.jpg
Walmart,8072271,1032035929,Lysol all-purpose cleaner,Lysol,5.47,,,,$5.47,,2026-08-13T00:00:00-04:00,2026-09-16T23:59:59-04:00,,35451.8,-1049.07,35564.53,-1255.65,http://f.wishabi.net/page_items/430012419/1786217442/extra_large.jpg
Walmart,8072271,1032035885,Lysol all-purpose cleaner 950 mL,,5.47,,,,$5.47,,2026-08-13T00:00:00-04:00,2026-09-16T23:59:59-04:00,,34969.75,-2238.62,35149.35,-2376.24,http://f.wishabi.net/page_items/429916847/1786217446/extra_large.jpg
Walmart,8072271,1032035880,Lysol disinfecting wipes 75s,Lysol,5.47,,,,$5.47,,2026-08-13T00:00:00-04:00,2026-09-16T23:59:59-04:00,,34848.47,-2257.28,34972.09,-2376.24,http://f.wishabi.net/page_items/429916846/1786217445/extra_large.jpg
Walmart,8072271,1032035933,Lysol multi-surface pours,Lysol,3.97,,,,$3.97,,2026-08-13T00:00:00-04:00,2026-09-16T23:59:59-04:00,,35847.6,-1076.84,35987.12,-1420.9,http://f.wishabi.net/page_items/430012422/1786217443/extra_large.jpg
Walmart,8072271,1032035914,Lysol toilet bowl cleaner or multi-surface pours,Lysol,3.97,,,,$3.97,,2026-08-13T00:00:00-04:00,2026-09-16T23:59:59-04:00,,35722.15,-1076.84,35847.6,-1420.9,http://f.wishabi.net/page_items/430012410/1786217440/extra_large.jpg
Walmart,8072271,1032035920,Lysol wipes,Lysol,5.47,,,,$5.47,,2026-08-13T00:00:00-04:00,2026-09-16T23:59:59-04:00,,35298.01,-1081.61,35377.43,-1255.65,http://f.wishabi.net/page_items/430012413/1786217441/extra_large.jpg
Walmart,8072271,1032035924,Lysol wipes 75s - 84s,Lysol,5.47,,,,$5.47,,2026-08-13T00:00:00-04:00,2026-09-16T23:59:59-04:00,,35377.43,-1081.61,35451.41,-1255.65,http://f.wishabi.net/page_items/430012416/1786217441/extra_large.jpg
Walmart,8072271,1032544060,"MERACH 3.5HP Treadmill with 15% Auto Incline, Folding Treadmill for Home with Bluetooth Speaker, APP, 350 lbs Capacity",,527.99,,,,$527.99,,2026-08-13T00:00:00-04:00,2026-08-19T23:59:59-04:00,,8790.21,-1970.09,9032.49,-2435.42,http://f.wishabi.net/page_items/430370445/1786485744/extra_large.jpg
Walmart,8072271,1033389817,MadeGood Granola Bars,Made Good,2.28,,,,$2.28,,2026-08-13T00:00:00-04:00,2026-08-19T23:59:59-04:00,,46.48,-1681.9,188.45,-1850.37,http://f.wishabi.net/page_items/430723992/1786753901/extra_large.jpg
Walmart,8072271,1031556622,MadeGood cookie bites,Made Good,2.78,,,,$2.78,,2026-08-13T00:00:00-04:00,2026-08-19T23:59:59-04:00,,2433.47,-2179.37,2584.91,-2380.35,http://f.wishabi.net/page_items/429806808/1786394155/extra_large.jpg
Walmart,8072271,1033389933,MadeGood granola bars,Made Good,2.28,,,,$2.28,,2026-08-13T00:00:00-04:00,2026-08-19T23:59:59-04:00,,199.03,-1680.45,341.0,-1848.92,http://f.wishabi.net/page_items/430724076/1786753913/extra_large.jpg
Walmart,8033586,1026861573,Mainstays 0.7-cu. ft. microwave,Mainstays,69.97,,,,$69.97,,2026-07-30T00:00:00-04:00,2026-09-16T23:59:59-04:00,,6414.63,-98.44,6737.33,-306.02,http://f.wishabi.net/page_items/427380834/1784303065/extra_large.jpg
Walmart,8033586,1032487636,"Mainstays 16"" x 16 2-pack cushions",Mainstays,22.98,,,,$22.98,,2026-07-30T00:00:00-04:00,2026-09-16T23:59:59-04:00,,1402.99,-1744.16,1849.71,-1954.33,http://f.wishabi.net/page_items/430304157/1786467240/extra_large.jpg
Walmart,8033586,1032487661,Mainstays 16-piece bath set,Mainstays,29.74,,,,$29.74,,2026-07-30T00:00:00-04:00,2026-09-16T23:59:59-04:00,,2148.63,-1060.25,3119.82,-2021.49,http://f.wishabi.net/page_items/430305606/1786467287/extra_large.jpg
Walmart,8033586,1032487663,Mainstays 2-pack bath towels,,16.92,,,,$16.92,,2026-07-30T00:00:00-04:00,2026-09-16T23:59:59-04:00,,2779.02,-2043.71,3076.53,-2305.35,http://f.wishabi.net/page_items/430305784/1786467289/extra_large.jpg
Walmart,8033586,1027063924,Mainstays 2—slice toaster,Mainstays,9.98,,,,$9.98,,2026-07-30T00:00:00-04:00,2026-09-16T23:59:59-04:00,,6741.5,-142.84,6844.5,-302.84,http://f.wishabi.net/page_items/427708283/1784303069/extra_large.jpg
Walmart,8033586,1032487642,Mainstays 3-drawer dresser,Mainstays,98.0,,,,$98.0,,2026-07-30T00:00:00-04:00,2026-09-16T23:59:59-04:00,,1961.0,-363.0,2030.0,-598.0,http://f.wishabi.net/page_items/430304308/1786467244/extra_large.jpg
Walmart,8033586,1032487641,Mainstays 4' x 6' area rug,Mainstays,69.87,,,,$69.87,,2026-07-30T00:00:00-04:00,2026-09-16T23:59:59-04:00,,1525.0,-619.0,2009.0,-806.0,http://f.wishabi.net/page_items/430304287/1786467243/extra_large.jpg
Walmart,8072271,1032035843,Mainstays 6-cube storage organizer,,39.97,,,,$39.97,,2026-08-13T00:00:00-04:00,2026-09-16T23:59:59-04:00,,34775.27,-1208.99,35164.62,-1522.64,http://f.wishabi.net/page_items/429840499/1786217437/extra_large.jpg
Walmart,8033586,1032487662,Mainstays 8-pack washcloths,Mainstays,9.92,,,,$9.92,,2026-07-30T00:00:00-04:00,2026-09-16T23:59:59-04:00,,2489.91,-2053.71,2738.15,-2306.9,http://f.wishabi.net/page_items/430305765/1786467288/extra_large.jpg
Walmart,8033586,1032487640,Mainstays Cozy throws,Mainstays,24.98,,,,$24.98,,2026-07-30T00:00:00-04:00,2026-09-16T23:59:59-04:00,,1585.45,-438.23,1953.26,-560.03,http://f.wishabi.net/page_items/430304264/1786467243/extra_large.jpg
Walmart,8072271,1032945150,Mainstays Density pillow,Mainstays,10.47,,,,$10.47,,2026-08-13T00:00:00-04:00,2026-08-19T23:59:59-04:00,,7832.06,-1331.45,8276.98,-1540.62,http://f.wishabi.net/page_items/430536552/1786586766/extra_large.jpg
Walmart,8033586,1032487665,Mainstays Novelty Bath Mat,Mainstays,9.92,,,,$9.92,,2026-07-30T00:00:00-04:00,2026-09-16T23:59:59-04:00,,2143.54,-2330.4,3126.24,-2524.14,http://f.wishabi.net/page_items/430305936/1786467290/extra_large.jpg
Walmart,8033586,1030255362,Mainstays RGB colour-change floor lamp,Mainstays,49.97,,,,$49.97,,2026-07-30T00:00:00-04:00,2026-09-16T23:59:59-04:00,,3703.83,-840.32,3762.76,-1321.11,http://f.wishabi.net/page_items/429173356/1785429055/extra_large.jpg
Walmart,8033586,1030255352,Mainstays black or gold aluminum curved mirror,Mainstays,79.97,,,,$79.97,,2026-07-30T00:00:00-04:00,2026-09-16T23:59:59-04:00,,3502.21,-263.12,3613.88,-415.12,http://f.wishabi.net/page_items/429173325/1785429052/extra_large.jpg
Walmart,8033586,1032487648,Mainstays furniture,,,,,,,,2026-07-30T00:00:00-04:00,2026-09-16T23:59:59-04:00,,1369.31,-409.31,1497.92,-567.61,http://f.wishabi.net/page_items/430304396/1786467246/extra_large.jpg
Walmart,8033586,1032475384,Mainstays kitchen gadgets,Mainstays,2.97,,,,$2.97,,2026-07-30T00:00:00-04:00,2026-09-16T23:59:59-04:00,,5046.3,-248.61,5100.21,-477.5,http://f.wishabi.net/page_items/430308269/1786466275/extra_large.jpg
Walmart,8033586,1032475398,Mainstays kitchen gadgets,,,,,,,,2026-07-30T00:00:00-04:00,2026-09-16T23:59:59-04:00,,4913.18,-807.42,5116.07,-928.23,http://f.wishabi.net/page_items/430308438/1786466278/extra_large.jpg
Walmart,8033586,1030255356,Mainstays lift-top coffee table,Mainstays,128.0,,,,$128.0,,2026-07-30T00:00:00-04:00,2026-09-16T23:59:59-04:00,,3480.0,-527.96,3723.0,-575.96,http://f.wishabi.net/page_items/429173335/1785429053/extra_large.jpg
Walmart,8033586,1030255354,Mainstays studio grey futon,Mainstays,178.0,,,,$178.0,,2026-07-30T00:00:00-04:00,2026-09-16T23:59:59-04:00,,3286.63,-429.97,3562.61,-472.17,http://f.wishabi.net/page_items/429173329/1785429053/extra_large.jpg
Walmart,8033586,1032487637,"Mainstays twin, double or queen bed in a bag",Mainstays,49.98,,,,$49.98,,2026-07-30T00:00:00-04:00,2026-09-16T23:59:59-04:00,,1380.35,-1955.5,2023.45,-2194.13,http://f.wishabi.net/page_items/430304175/1786467241/extra_large.jpg
Walmart,8072271,1031502083,Maple Leaf fresh air-chilled boneless skinless chicken thighs 12-pack,Maple Leaf,7.75,,,,$7.75,,2026-08-13T00:00:00-04:00,2026-08-19T23:59:59-04:00,,4404.71,-519.81,4841.27,-814.69,http://f.wishabi.net/page_items/429801370/1785993226/extra_large.jpg
Walmart,8072271,1033389851,Maple Leaf fresh chicken leg quarters,Maple Leaf,3.17,,,,$3.17,,2026-08-13T00:00:00-04:00,2026-08-19T23:59:59-04:00,,34.03,-930.96,316.64,-1224.24,http://f.wishabi.net/page_items/430724037/1786753906/extra_large.jpg
Walmart,8072271,1031501428,Maple Leaf half ham,Maple Leaf,10.97,,,,$10.97,,2026-08-13T00:00:00-04:00,2026-08-19T23:59:59-04:00,,2445.34,-943.66,2656.03,-1037.84,http://f.wishabi.net/page_items/429801158/1786394147/extra_large.jpg
Walmart,8072271,1031501425,Maple Leaf hot dogs,Maple Leaf,3.97,,,,$3.97,,2026-08-13T00:00:00-04:00,2026-08-19T23:59:59-04:00,,1984.42,-939.44,2190.97,-1104.16,http://f.wishabi.net/page_items/429801155/1786394146/extra_large.jpg
Walmart,8072271,1031501406,Marcangelo fresh chicken or pork kabobs,Marcangelo Chicken,9.97,,,,$9.97,,2026-08-13T00:00:00-04:00,2026-08-19T23:59:59-04:00,,2458.73,-726.41,2688.99,-872.15,http://f.wishabi.net/page_items/429801126/1786394142/extra_large.jpg
Walmart,8072271,1031565471,Marcangelo fresh pork kabobs,Marcangelo,9.97,,,,$9.97,,2026-08-13T00:00:00-04:00,2026-08-19T23:59:59-04:00,,2695.73,-666.41,2880.99,-804.15,http://f.wishabi.net/page_items/429806797/1786394153/extra_large.jpg
Walmart,8033586,1032472027,Mario licensed backpack,,24.97,,,,$24.97,,2026-07-30T00:00:00-04:00,2026-09-16T23:59:59-04:00,,19856.0,-2233.83,20163.9,-2532.74,http://f.wishabi.net/page_items/430304173/1786461855/extra_large.jpg
Walmart,8072271,1031502068,Marutai ramen vegetarian,,2.98,,,,$2.98,,2026-08-13T00:00:00-04:00,2026-08-19T23:59:59-04:00,,4081.9,-1501.09,4226.31,-1787.68,http://f.wishabi.net/page_items/429801344/1785993222/extra_large.jpg
Walmart,8072271,1031563747,Marutai vegetarian ramen,Marutai,2.98,,,,$2.98,,2026-08-13T00:00:00-04:00,2026-08-19T23:59:59-04:00,,3943.79,-1483.09,4088.2,-1769.68,http://f.wishabi.net/page_items/429805791/1785993230/extra_large.jpg
Walmart,8072271,1032575423,Math Roller Addition stamps,,12.97,,,,$12.97,,2026-08-13T00:00:00-04:00,2026-09-16T23:59:59-04:00,,20426.3,-92.22,20717.9,-633.16,http://f.wishabi.net/page_items/430349054/1786500159/extra_large.jpg
Walmart,8072271,1032575456,Math Roller Symbols Addition stamps,,12.97,,,,$12.97,,2026-08-13T00:00:00-04:00,2026-09-16T23:59:59-04:00,,20170.0,-87.22,20426.1,-626.16,http://f.wishabi.net/page_items/430349787/1786500162/extra_large.jpg
Walmart,8072271,1032945944,Maui conditioner,Maui,9.93,,,,$9.93,,2026-08-13T00:00:00-04:00,2026-08-19T23:59:59-04:00,,39472.7,-2025.03,39549.6,-2242.76,http://f.wishabi.net/page_items/430536371/1786587823/extra_large.jpg
Walmart,8072271,1032945889,Maybelline New York Fit Me concealers and powders,Maybelline,11.48,,,,$11.48,,2026-08-13T00:00:00-04:00,2026-08-19T23:59:59-04:00,,38797.1,-779.76,38977.1,-977.89,http://f.wishabi.net/page_items/430536294/1786587805/extra_large.jpg
Walmart,8072271,1031501780,McCafé ground coffee,McCafé,25.97,,,,$25.97,,2026-08-13T00:00:00-04:00,2026-08-19T23:59:59-04:00,,3564.61,-1291.76,3843.96,-1546.05,http://f.wishabi.net/page_items/429801586/1786394448/extra_large.jpg
Walmart,8072271,1031541343,McCain Superfries,McCain,2.77,,,,$2.77,,2026-08-13T00:00:00-04:00,2026-08-19T23:59:59-04:00,,1181.78,-545.57,1273.13,-660.84,http://f.wishabi.net/page_items/429806336/1786393632/extra_large.jpg
Walmart,8072271,1031498790,McCain® Superfries,McCain,2.77,,,,$2.77,,2026-08-13T00:00:00-04:00,2026-08-19T23:59:59-04:00,,1091.78,-549.57,1183.13,-664.84,http://f.wishabi.net/page_items/429800989/1786393619/extra_large.jpg
Walmart,8072271,1031780904,Medela Pump In Style hands-free breast pump,Medela,198.0,,,,$198.0,,2026-08-13T00:00:00-04:00,2026-08-19T23:59:59-04:00,,38406.56,-1131.77,38699.06,-1392.8,http://f.wishabi.net/page_items/429899426/1786396480/extra_large.jpg
Walmart,8033586,1032472706,Men's loose cargo jean,,36.98,,,,$36.98,,2026-07-30T00:00:00-04:00,2026-09-16T23:59:59-04:00,,24031.4,-1396.16,24163.9,-1680.54,http://f.wishabi.net/page_items/430308365/1786464814/extra_large.jpg
Walmart,8033586,1032472674,Men's original denim shirt,,34.98,,,,$34.98,,2026-07-30T00:00:00-04:00,2026-09-16T23:59:59-04:00,,24006.9,-1181.19,24175.5,-1391.11,http://f.wishabi.net/page_items/430308312/1786464813/extra_large.jpg
Walmart,8072271,1031502065,Mi Sedaap Mi Goreng fried noodle 5-pack,Mi Sedaap,2.47,,,,$2.47,,2026-08-13T00:00:00-04:00,2026-08-19T23:59:59-04:00,,3932.24,-1156.55,4373.61,-1471.34,http://f.wishabi.net/page_items/429801337/1785993207/extra_large.jpg
Walmart,8072271,1031501798,Michelina's frozen entrees,Michelina's,1.37,,,,$1.37,,2026-08-13T00:00:00-04:00,2026-08-19T23:59:59-04:00,,2981.95,-1279.47,3099.26,-1391.44,http://f.wishabi.net/page_items/429801604/1786394451/extra_large.jpg
Walmart,8033586,1032471928,Mickey Mouse and Friends bomber jacket,,27.99,,,,$27.99,,2026-07-30T00:00:00-04:00,2026-09-16T23:59:59-04:00,,19505.4,-1091.93,20183.9,-1750.46,http://f.wishabi.net/page_items/430304046/1786461851/extra_large.jpg
Walmart,8072271,1032945891,Mighty Patch 24s,Mighty Patch,12.67,,,,$12.67,,2026-08-13T00:00:00-04:00,2026-08-19T23:59:59-04:00,,39240.8,-1098.79,39361.8,-1317.48,http://f.wishabi.net/page_items/430536296/1786587805/extra_large.jpg
Walmart,8033586,1029681644,Mighty Patch Invisible acne pimple patches,,,,,,,,2026-07-30T00:00:00-04:00,2026-09-16T23:59:59-04:00,,12734.0,-1579.47,12953.0,-2001.47,http://f.wishabi.net/page_items/428845683/1785251379/extra_large.jpg
Walmart,8033586,1026879813,Mighty Patch Invisible acne pimple patches,HERO MIGHTY PATCH™,16.46,,,,$16.46,,2026-07-30T00:00:00-04:00,2026-09-16T23:59:59-04:00,,12696.1,-1420.18,12922.5,-1568.52,http://f.wishabi.net/page_items/427380750/1785251376/extra_large.jpg
Walmart,8080972,1032870528,"Milkbone Flavour Snacks Assorted Crunchy Biscuits, selected varieties",Milkbone,7.47,,,,$7.47,,2026-08-13T00:00:00-04:00,2026-08-19T23:59:59-04:00,,2338.52,-1104.96,2686.29,-1767.39,http://f.wishabi.net/page_items/429768375/1785960818/extra_large.jpg
Walmart,8033586,1032472010,Minecraft licensed backpack,,24.97,,,,$24.97,,2026-07-30T00:00:00-04:00,2026-09-16T23:59:59-04:00,,19535.5,-2207.02,19848.6,-2529.04,http://f.wishabi.net/page_items/430304168/1786461855/extra_large.jpg
Walmart,8033586,1032471955,Minecraft short-sleeved tee,Minecraft,13.0,,,,$13.0,,2026-07-30T00:00:00-04:00,2026-09-16T23:59:59-04:00,,19511.5,-42.71,19836.8,-526.64,http://f.wishabi.net/page_items/430304086/1786461852/extra_large.jpg
Walmart,8072271,1031501419,Mini Babybel cheese 6-pack,MIni Babybel,3.68,,,,$3.68,,2026-08-13T00:00:00-04:00,2026-08-19T23:59:59-04:00,,2292.15,-1916.35,2455.07,-2039.31,http://f.wishabi.net/page_items/429801148/1786394145/extra_large.jpg
Walmart,8072271,1031778332,Momcozy Portable Milk Warmer,,99.97,,,,$99.97,,2026-08-13T00:00:00-04:00,2026-08-19T23:59:59-04:00,,38092.36,-1412.38,38390.03,-1672.44,http://f.wishabi.net/page_items/429899414/1786396477/extra_large.jpg
Walmart,8072271,1032574465,Move-in-ready,,,,,,,,2026-08-13T00:00:00-04:00,2026-08-19T23:59:59-04:00,,10198.8,-818.25,10378.2,-1045.49,http://f.wishabi.net/page_items/430356610/1786500170/extra_large.jpg
Walmart,8072271,1032544010,"NEXPOW Electric Pressure Washer, 4000PSI Max 2.6 GPM Power Washer with 30 ft Hose, 4 Different Pressure Tips, Foam Cannon, Perfect for Cars, Patios",,150.99,,,,$150.99,,2026-08-13T00:00:00-04:00,2026-08-19T23:59:59-04:00,,8795.56,-145.73,9040.72,-611.89,http://f.wishabi.net/page_items/430370414/1786485734/extra_large.jpg
Walmart,8033586,1030255370,NICO PORT LAMP OLIVE,,,,,,,,2026-07-30T00:00:00-04:00,2026-09-16T23:59:59-04:00,,3248.0,-464.32,3286.0,-541.32,http://f.wishabi.net/page_items/429173378/1785429058/extra_large.jpg
Walmart,8072271,1031568847,Natrel 1% chocolate milk,Natrel,4.44,,,,$4.44,,2026-08-13T00:00:00-04:00,2026-08-19T23:59:59-04:00,,2983.31,-463.96,3398.5,-713.54,http://f.wishabi.net/page_items/429810315/1786394468/extra_large.jpg
Walmart,8072271,1031549266,Natrel Lactose Free,Natrel,5.48,,,,$5.48,,2026-08-13T00:00:00-04:00,2026-08-19T23:59:59-04:00,,3442.82,-456.96,3564.11,-711.21,http://f.wishabi.net/page_items/429810316/1786394469/extra_large.jpg
Walmart,8072271,1034242792,Natrel chocolate milk,Natrel,4.44,,,,$4.44,,2026-08-13T00:00:00-04:00,2026-09-16T23:59:59-04:00,,26116.1,-590.43,26658.3,-1036.45,http://f.wishabi.net/page_items/430944250/1787059856/extra_large.jpg
Walmart,8072271,1031568920,Natrel lactose free,Natrel,5.48,,,,$5.48,,2026-08-13T00:00:00-04:00,2026-08-19T23:59:59-04:00,,3561.78,-461.63,3662.08,-711.21,http://f.wishabi.net/page_items/429810317/1786394470/extra_large.jpg
Walmart,8072271,1034242800,Natrel lactose free ice cream,Natrel,5.48,,,,$5.48,,2026-08-13T00:00:00-04:00,2026-09-16T23:59:59-04:00,,26920.6,-647.77,27060.7,-804.73,http://f.wishabi.net/page_items/430944252/1787059857/extra_large.jpg
Walmart,8072271,1033390282,Natrel lactose free milk,Natrel,5.48,,,,$5.48,,2026-08-13T00:00:00-04:00,2026-09-16T23:59:59-04:00,,29686.0,-2219.91,29935.8,-2511.59,http://f.wishabi.net/page_items/430723934/1786754186/extra_large.jpg
Walmart,8072271,1034242788,Natrel raspberry ice cream mochi 6-pack or lactose free ice cream,Natrel,5.48,,,,$5.48,,2026-08-13T00:00:00-04:00,2026-09-16T23:59:59-04:00,,26744.0,-617.11,26901.7,-808.07,http://f.wishabi.net/page_items/430944249/1787059856/extra_large.jpg
Walmart,8072271,1033390281,Natrel vanilla Coffee creamer,Natrel,3.98,,,,$3.98,,2026-08-13T00:00:00-04:00,2026-09-16T23:59:59-04:00,,29963.4,-2213.58,30207.5,-2515.26,http://f.wishabi.net/page_items/430723924/1786754185/extra_large.jpg
Walmart,8072271,1031510661,Nature Valley bars,Nature Valley,2.47,,,,$2.47,,2026-08-13T00:00:00-04:00,2026-08-19T23:59:59-04:00,,1174.06,-1272.52,1312.65,-1420.27,http://f.wishabi.net/page_items/429806358/1786393636/extra_large.jpg
Walmart,8080972,1032870941,Nature's Miracle Stain And Odour Remover For Cats 17.5 Oz,Nature's Miracle,11.98,,,,$11.98,,2026-08-13T00:00:00-04:00,2026-08-19T23:59:59-04:00,,10423.5,-3404.67,10959.0,-4067.09,http://f.wishabi.net/page_items/429769905/1785962005/extra_large.jpg
Walmart,8080972,1032870945,Nature's Miracle Stain And Odour Remover For Cats 32 Ounces,Nature's Miracle,18.98,,,,$18.98,,2026-08-13T00:00:00-04:00,2026-08-19T23:59:59-04:00,,10986.6,-3403.21,11522.0,-4065.64,http://f.wishabi.net/page_items/429769906/1785962006/extra_large.jpg
Walmart,8072271,1033390278,Nature's Path EnviroKidz Organic Koala Crisp,Nature's Path,9.42,,,,$9.42,,2026-08-13T00:00:00-04:00,2026-09-16T23:59:59-04:00,,29450.4,-1878.73,29557.2,-2043.88,http://f.wishabi.net/page_items/430723889/1786754183/extra_large.jpg
Walmart,8072271,1033390288,Nature's Path Honey'D corn flakes,Nature's Path,9.42,,,,$9.42,,2026-08-13T00:00:00-04:00,2026-09-16T23:59:59-04:00,,29566.5,-1886.49,29675.3,-1995.79,http://f.wishabi.net/page_items/430724005/1786754189/extra_large.jpg
Walmart,8072271,1033390279,Nature's Path Love Crunch organic protein chocolate and almond butter,Nature's Path,5.98,,,,$5.98,,2026-08-13T00:00:00-04:00,2026-09-16T23:59:59-04:00,,29472.9,-1550.1,29656.2,-1809.98,http://f.wishabi.net/page_items/430723900/1786754184/extra_large.jpg
Walmart,8072271,1033390287,Nature's Path Love Crunch organic protein strawberry cheesecake granola,Nature's Path,5.98,,,,$5.98,,2026-08-13T00:00:00-04:00,2026-09-16T23:59:59-04:00,,29671.3,-1556.3,29852.5,-1805.33,http://f.wishabi.net/page_items/430723995/1786754188/extra_large.jpg
Walmart,8072271,1033390277,Nature's Path Organic Heritage flakes eco pac cereal,Nature's Path,9.42,,,,$9.42,,2026-08-13T00:00:00-04:00,2026-09-16T23:59:59-04:00,,29830.7,-1870.32,30211.6,-2187.1,http://f.wishabi.net/page_items/430723878/1786754182/extra_large.jpg
Walmart,8072271,1033389882,Nectarines 2 L,,5.44,,,,$5.44,,2026-08-13T00:00:00-04:00,2026-08-19T23:59:59-04:00,,549.22,-416.31,742.83,-614.35,http://f.wishabi.net/page_items/430724058/1786753910/extra_large.jpg
Walmart,8072271,1031498603,Nerds Gummy Clusters,Nerds,3.18,,,,$3.18,,2026-08-13T00:00:00-04:00,2026-08-19T23:59:59-04:00,,1666.39,-787.46,1760.35,-920.97,http://f.wishabi.net/page_items/429800971/1786393617/extra_large.jpg
Walmart,8072271,1032945199,Nespresso Vertuo Pop coffee and espresso maker by Breville,Nespresso,89.0,,,,$89.0,,2026-08-13T00:00:00-04:00,2026-08-19T23:59:59-04:00,,8300.27,-1778.48,8741.17,-1997.55,http://f.wishabi.net/page_items/430536592/1786586774/extra_large.jpg
Walmart,8033586,1026860872,Nespresso Vertuo Pop coffee and espresso maker by Breville,Nespresso,89.0,,,,$89.0,,2026-07-30T00:00:00-04:00,2026-09-16T23:59:59-04:00,,6590.19,-1545.81,6911.95,-2195.47,http://f.wishabi.net/page_items/427380831/1784303062/extra_large.jpg
Walmart,8072271,1033389795,Nestle Drumstick,Nestle,3.97,,,,$3.97,,2026-08-13T00:00:00-04:00,2026-08-19T23:59:59-04:00,,354.17,-1685.71,468.11,-1834.46,http://f.wishabi.net/page_items/430723938/1786753898/extra_large.jpg
Walmart,8072271,1033389944,Nestlé Real Dairy confectioneries or tubs or Del Monte novelties,Nestle,3.97,,,,$3.97,,2026-08-13T00:00:00-04:00,2026-08-19T23:59:59-04:00,,478.17,-1685.71,605.11,-1834.46,http://f.wishabi.net/page_items/430724078/1786753914/extra_large.jpg
Walmart,8072271,1031571296,Nestlé chocolate pieces,Nestle,3.98,,,,$3.98,,2026-08-13T00:00:00-04:00,2026-08-19T23:59:59-04:00,,3287.13,-1657.83,3403.86,-1814.63,http://f.wishabi.net/page_items/429806296/1785993222/extra_large.jpg
Walmart,8033586,1026879419,Ninja Crispi air fryer,Ninja,199.98,,,,$199.98,,2026-07-30T00:00:00-04:00,2026-09-16T23:59:59-04:00,,7430.9,-309.73,7719.01,-546.72,http://f.wishabi.net/page_items/427467391/1784384958/extra_large.jpg
Walmart,8033586,1026861556,Ninja Grand kitchen system blender,Ninja,199.98,,,,$199.98,,2026-07-30T00:00:00-04:00,2026-09-16T23:59:59-04:00,,7008.97,-511.6,7534.43,-758.11,http://f.wishabi.net/page_items/427380395/1784384957/extra_large.jpg
Walmart,8033586,1026869803,Ninja SLUSHi frozen drink maker,Ninja,349.98,,,,$349.98,,2026-07-30T00:00:00-04:00,2026-09-16T23:59:59-04:00,,6968.59,-953.93,7366.64,-1342.67,http://f.wishabi.net/page_items/427467392/1784384959/extra_large.jpg
Walmart,8033586,1026865121,Ninja programmable drip coffee maker,Ninja,99.98,,,,$99.98,,2026-07-30T00:00:00-04:00,2026-09-16T23:59:59-04:00,,6964.9,-278.8,7207.63,-515.35,http://f.wishabi.net/page_items/427380394/1784384956/extra_large.jpg
Walmart,8033586,1026867117,Ninja single-serve coffee maker,Ninja Foodi,99.98,,,,$99.98,,2026-07-30T00:00:00-04:00,2026-09-16T23:59:59-04:00,,7370.65,-952.85,7747.47,-1337.35,http://f.wishabi.net/page_items/427380397/1784384957/extra_large.jpg
Walmart,8072271,1032945924,Nivea Real Madrid Value Pack,Nivea,17.97,,,,$17.97,,2026-08-13T00:00:00-04:00,2026-08-19T23:59:59-04:00,,39071.0,-1416.34,39362.4,-1673.03,http://f.wishabi.net/page_items/430536330/1786587814/extra_large.jpg
Walmart,8072271,1031568881,Nivea body wash 500 mL,Nivea,3.28,,,,$3.28,,2026-08-13T00:00:00-04:00,2026-08-19T23:59:59-04:00,,6031.02,-54.82,6140.52,-310.36,http://f.wishabi.net/page_items/429805818/1785993235/extra_large.jpg
Walmart,8072271,1031502669,Nivea body wash 500 mL or roll-on deodorant 50 mL,Nivea,3.28,,,,$3.28,,2026-08-13T00:00:00-04:00,2026-08-19T23:59:59-04:00,,5938.02,-99.82,6029.52,-305.36,http://f.wishabi.net/page_items/429801936/1785993234/extra_large.jpg
Walmart,8033586,1026861127,Nivea body wash or roll-on antiperspirant,Nivea,4.48,,,,$4.48,,2026-07-30T00:00:00-04:00,2026-09-16T23:59:59-04:00,,14904.1,-1276.74,15067.4,-1645.79,http://f.wishabi.net/page_items/427380779/1784303063/extra_large.jpg
Walmart,8033586,1026867864,Nivea roll-on antiperspirant,Nivea,4.48,,,,$4.48,,2026-07-30T00:00:00-04:00,2026-09-16T23:59:59-04:00,,15100.8,-1358.84,15197.6,-1534.27,http://f.wishabi.net/page_items/427462189/1784303069/extra_large.jpg
Walmart,8033586,1032474381,No Boundaries Denim Jorts,No Boundaries,22.0,,,,$22.0,,2026-07-30T00:00:00-04:00,2026-09-16T23:59:59-04:00,,21612.0,-2319.99,21755.0,-2520.99,http://f.wishabi.net/page_items/427695258/1784311938/extra_large.jpg
Walmart,8033586,1032472569,No Boundaries Flare Pants,No Boundaries,12.0,,,,$12.0,,2026-07-30T00:00:00-04:00,2026-09-16T23:59:59-04:00,,23191.3,-434.76,23648.1,-875.3,http://f.wishabi.net/page_items/430308425/1786464065/extra_large.jpg
Walmart,8033586,1032472582,No Boundaries Hats,No Boundaries,12.0,,,,$12.0,,2026-07-30T00:00:00-04:00,2026-09-16T23:59:59-04:00,,23440.3,-1204.0,23654.1,-1385.97,http://f.wishabi.net/page_items/430308475/1786464065/extra_large.jpg
Walmart,8033586,1032472633,No Boundaries Knit Skort,No Boundaries,15.0,,,,$15.0,,2026-07-30T00:00:00-04:00,2026-09-16T23:59:59-04:00,,23365.3,-2079.47,23640.6,-2388.84,http://f.wishabi.net/page_items/430308559/1786464068/extra_large.jpg
Walmart,8033586,1032472652,No Boundaries Women's Tiered Skort,No Boundaries,17.0,,,,$17.0,,2026-07-30T00:00:00-04:00,2026-09-16T23:59:59-04:00,,23005.5,-2196.53,23252.9,-2501.29,http://f.wishabi.net/page_items/430308583/1786464069/extra_large.jpg
Walmart,8033586,1032474390,No Boundaries baby tee,No Boundaries,10.0,,,,$10.0,,2026-07-30T00:00:00-04:00,2026-09-16T23:59:59-04:00,,21603.0,-2154.99,21733.0,-2315.99,http://f.wishabi.net/page_items/427695259/1784311939/extra_large.jpg
Walmart,8033586,1032472667,No Boundaries ball cap,No Boundaries,12.0,,,,$12.0,,2026-07-30T00:00:00-04:00,2026-09-16T23:59:59-04:00,,23804.9,-362.42,24482.6,-1030.28,http://f.wishabi.net/page_items/430308282/1786464812/extra_large.jpg
Walmart,8033586,1032474405,No Boundaries cropped cami,No Boundaries,5.0,,,,$5.0,,2026-07-30T00:00:00-04:00,2026-09-16T23:59:59-04:00,,21521.0,-2183.99,21590.0,-2254.99,http://f.wishabi.net/page_items/427695261/1784311940/extra_large.jpg
Walmart,8033586,1032472591,No Boundaries hats,,12.0,,,,$12.0,,2026-07-30T00:00:00-04:00,2026-09-16T23:59:59-04:00,,23357.0,-1044.86,23608.1,-1184.9,http://f.wishabi.net/page_items/430308503/1786464066/extra_large.jpg
Walmart,8033586,1032472425,No Boundaries lace cami,No Boundaries,8.0,,,,$8.0,,2026-07-30T00:00:00-04:00,2026-09-16T23:59:59-04:00,,22317.2,-1288.43,22465.1,-1411.88,http://f.wishabi.net/page_items/430308416/1786463974/extra_large.jpg
Walmart,8033586,1032472620,No Boundaries men's casual shoes,No Boundaries,29.0,,,,$29.0,,2026-07-30T00:00:00-04:00,2026-09-16T23:59:59-04:00,,22781.1,-1041.37,23039.4,-1121.22,http://f.wishabi.net/page_items/430308538/1786464067/extra_large.jpg
Walmart,8033586,1032472397,No Boundaries oversized hoodie,No Boundaries,24.0,,,,$24.0,,2026-07-30T00:00:00-04:00,2026-09-16T23:59:59-04:00,,22298.8,-2190.93,22511.9,-2423.68,http://f.wishabi.net/page_items/430308204/1786463972/extra_large.jpg
Walmart,8033586,1032472299,No Boundaries oversized hoodie.,,24.0,,,,$24.0,,2026-07-30T00:00:00-04:00,2026-09-16T23:59:59-04:00,,22309.2,-1982.54,22502.4,-2186.72,http://f.wishabi.net/page_items/430308073/1786463968/extra_large.jpg
Walmart,8033586,1032472382,No Boundaries oversized tee,No Boundaries,14.0,,,,$14.0,,2026-07-30T00:00:00-04:00,2026-09-16T23:59:59-04:00,,21908.3,-1880.71,22222.9,-2533.86,http://f.wishabi.net/page_items/430308173/1786463972/extra_large.jpg
Walmart,8033586,1032472504,No Boundaries oversized zip-up hoodie,No Boundaries,22.0,,,,$22.0,,2026-07-30T00:00:00-04:00,2026-09-16T23:59:59-04:00,,23262.1,-1812.0,23361.5,-2395.86,http://f.wishabi.net/page_items/430308177/1786464062/extra_large.jpg
Walmart,8033586,1032472525,No Boundaries picot trimmed tee,No Boundaries,10.0,,,,$10.0,,2026-07-30T00:00:00-04:00,2026-09-16T23:59:59-04:00,,22891.3,-272.38,23183.4,-671.44,http://f.wishabi.net/page_items/430308195/1786464063/extra_large.jpg
Walmart,8033586,1032474344,No Boundaries wide-leg barrel jeans,No Boundaries,28.0,,,,$28.0,,2026-07-30T00:00:00-04:00,2026-09-16T23:59:59-04:00,,21473.3,-2275.87,21603.7,-2529.72,http://f.wishabi.net/page_items/427380672/1784311936/extra_large.jpg
Walmart,8033586,1032472411,No Boundaries women's denim SKORT,No Boundaries,25.0,,,,$25.0,,2026-07-30T00:00:00-04:00,2026-09-16T23:59:59-04:00,,22331.1,-1424.93,22450.5,-1536.47,http://f.wishabi.net/page_items/430308384/1786463973/extra_large.jpg
Walmart,8033586,1032472313,No Boundaries women's empire top,No Boundaries,17.0,,,,$17.0,,2026-07-30T00:00:00-04:00,2026-09-16T23:59:59-04:00,,22249.6,-376.91,22569.6,-1067.74,http://f.wishabi.net/page_items/430308077/1786463969/extra_large.jpg
Walmart,8033586,1032472441,No Boundaries women's flats,No Boundaries,29.0,,,,$29.0,,2026-07-30T00:00:00-04:00,2026-09-16T23:59:59-04:00,,22298.3,-135.15,22537.2,-223.0,http://f.wishabi.net/page_items/430308444/1786463974/extra_large.jpg
Walmart,8033586,1032472341,No Boundaries women's oversized sweater,No Boundaries,22.0,,,,$22.0,,2026-07-30T00:00:00-04:00,2026-09-16T23:59:59-04:00,,21903.8,-31.83,22226.3,-706.32,http://f.wishabi.net/page_items/430308123/1786463970/extra_large.jpg
Walmart,8033586,1032472465,No Boundaries women's sneakers,No Boundaries,29.0,,,,$29.0,,2026-07-30T00:00:00-04:00,2026-09-16T23:59:59-04:00,,22106.8,-763.02,22189.7,-935.22,http://f.wishabi.net/page_items/430308500/1786463975/extra_large.jpg
Walmart,8033586,1032474397,No Boundaries zip-up sweater or cropped cami,No Boundaries,22.0,,,,$22.0,,2026-07-30T00:00:00-04:00,2026-09-16T23:59:59-04:00,,21479.0,-2128.99,21521.0,-2255.99,http://f.wishabi.net/page_items/427695260/1784311940/extra_large.jpg
Walmart,8072271,1031502074,Nongshim cup noodle soup,Nong Shim,1.38,,,,$1.38,,2026-08-13T00:00:00-04:00,2026-08-19T23:59:59-04:00,,3940.38,-1810.2,4143.51,-1908.6,http://f.wishabi.net/page_items/429801357/1785993223/extra_large.jpg
Walmart,8072271,1031508630,Nongshim cup noodles soup,Nongshim,1.38,,,,$1.38,,2026-08-13T00:00:00-04:00,2026-08-19T23:59:59-04:00,,4034.83,-1913.08,4217.96,-2110.48,http://f.wishabi.net/page_items/429805796/1785993230/extra_large.jpg
Walmart,8072271,1032576717,Nutella B-ready bars,Nutella,10.47,,,,$10.47,,2026-08-13T00:00:00-04:00,2026-09-16T23:59:59-04:00,,27434.6,-90.72,28014.4,-918.58,http://f.wishabi.net/page_items/430356785/1786500164/extra_large.jpg
Walmart,8072271,1032576720,Nutella biscuits,Nutella,6.67,,,,$6.67,,2026-08-13T00:00:00-04:00,2026-09-16T23:59:59-04:00,,28061.3,-86.85,28398.8,-522.37,http://f.wishabi.net/page_items/430356828/1786500165/extra_large.jpg
Walmart,8072271,1032576711,Nutella hazelnut or peanut,Nutella,8.47,,,,$8.47,,2026-08-13T00:00:00-04:00,2026-09-16T23:59:59-04:00,,28913.2,-194.03,29216.6,-522.43,http://f.wishabi.net/page_items/430356569/1786500162/extra_large.jpg
Walmart,8080972,1032870413,Nutrition,,,,,,,,2026-08-13T00:00:00-04:00,2026-08-19T23:59:59-04:00,,28.52,-3103.28,376.3,-3359.05,http://f.wishabi.net/page_items/429768342/1785960818/extra_large.jpg
Walmart,8033586,1027056999,Nutrius hand sanitizer spray,,5.27,,,,$5.27,,2026-07-30T00:00:00-04:00,2026-09-16T23:59:59-04:00,,13055.7,-298.8,14534.6,-1744.51,http://f.wishabi.net/page_items/427707527/1784381087/extra_large.jpg
Walmart,8072271,1031502579,OGX shampoo,OGX,7.97,,,,$7.97,,2026-08-13T00:00:00-04:00,2026-08-19T23:59:59-04:00,,5912.12,-607.64,6010.47,-767.47,http://f.wishabi.net/page_items/429801916/1785993227/extra_large.jpg
Walmart,8072271,1031565330,"OGX shampoo, conditioner or treatments",OGX,7.97,,,,$7.97,,2026-08-13T00:00:00-04:00,2026-08-19T23:59:59-04:00,,6012.5,-609.0,6105.5,-770.0,http://f.wishabi.net/page_items/429805830/1785993239/extra_large.jpg
Walmart,8072271,1032575704,OREO Bubble Tea cookies,Oreo,2.98,,,,$2.98,,2026-08-13T00:00:00-04:00,2026-09-16T23:59:59-04:00,,24675.9,-755.22,25012.0,-1063.74,http://f.wishabi.net/page_items/430349743/1786500169/extra_large.jpg
Walmart,8072271,1032575706,OREO Mini Snak Paks Pack.,Oreo,2.48,,,,$2.48,,2026-08-13T00:00:00-04:00,2026-09-16T23:59:59-04:00,,25280.0,-709.97,25565.3,-1062.49,http://f.wishabi.net/page_items/430349972/1786500169/extra_large.jpg
Walmart,8072271,1032575702,OREO Original or Bubble Tea cookies,,2.98,,,,$2.98,,2026-08-13T00:00:00-04:00,2026-09-16T23:59:59-04:00,,25022.1,-652.3,25269.0,-916.06,http://f.wishabi.net/page_items/430349643/1786500168/extra_large.jpg
Walmart,8080972,1032870937,OUT! Advanced Cat Stain & Odor Remover Cat Spray Cleaner,OUT!,10.98,,,,$10.98,,2026-08-13T00:00:00-04:00,2026-08-19T23:59:59-04:00,,11176.1,-2759.19,11523.9,-3349.85,http://f.wishabi.net/page_items/429769903/1785962004/extra_large.jpg
Walmart,8072271,1033390284,Oasis beverages or Juice coxes,Oasis®,3.47,,,,$3.47,,2026-08-13T00:00:00-04:00,2026-09-16T23:59:59-04:00,,30036.6,-518.57,30171.4,-642.6,http://f.wishabi.net/page_items/430723958/1786754187/extra_large.jpg
Walmart,8072271,1033390286,Oasis beverages or juice boxes,oasis,3.47,,,,$3.47,,2026-08-13T00:00:00-04:00,2026-09-16T23:59:59-04:00,,29848.1,-589.18,30028.9,-701.81,http://f.wishabi.net/page_items/430723984/1786754188/extra_large.jpg
Walmart,8072271,1033390283,Oasis ready-to-drink smoothies,oasis,6.98,,,,$6.98,,2026-08-13T00:00:00-04:00,2026-09-16T23:59:59-04:00,,29828.9,-176.4,30205.8,-479.92,http://f.wishabi.net/page_items/430723946/1786754186/extra_large.jpg
Walmart,8080972,1032870493,Ol Roy Complete Nutrition 18KG Dry Dog Food,Ol' Roy,27.98,,,,$27.98,,2026-08-13T00:00:00-04:00,2026-08-19T23:59:59-04:00,,1934.27,-2672.7,2282.04,-3335.13,http://f.wishabi.net/page_items/429768367/1785960822/extra_large.jpg
Walmart,8080972,1032870488,"Ol' Roy Long Lasting Chew, Beef Collagen, 6 Chews, selected varieties",Ol' Roy,14.97,,,,$14.97,,2026-08-13T00:00:00-04:00,2026-08-19T23:59:59-04:00,,1183.52,-2672.7,1531.3,-3335.13,http://f.wishabi.net/page_items/429768365/1785960820/extra_large.jpg
Walmart,8080972,1032870498,Ol' Roy Maximum High Protein Formula Dry Dog Food 18kg,Ol' Roy,36.97,,,,$36.97,,2026-08-13T00:00:00-04:00,2026-08-19T23:59:59-04:00,,1183.52,-3388.49,1531.3,-4050.92,http://f.wishabi.net/page_items/429768368/1785960822/extra_large.jpg
Walmart,8080972,1032870490,"Ol' Roy Meaty Loaf with Chopped Beef Dog Food, 374G, selected varieties",Ol' Roy,1.98,,,,$1.98,,2026-08-13T00:00:00-04:00,2026-08-19T23:59:59-04:00,,1558.9,-2672.7,1906.67,-3335.13,http://f.wishabi.net/page_items/429768366/1785960821/extra_large.jpg
Walmart,8072271,1031564549,Ol' Roy dry dog food,Ol' Roy,27.98,,,,$27.98,,2026-08-13T00:00:00-04:00,2026-08-19T23:59:59-04:00,,1377.86,-1976.35,1448.85,-2121.6,http://f.wishabi.net/page_items/429806376/1786393640/extra_large.jpg
Walmart,8080972,1032871058,Ol'Roy Meaty Chunks and Gravy Dry Dog Food 18kg,Ol Roy,27.98,,,,$27.98,,2026-08-13T00:00:00-04:00,2026-08-19T23:59:59-04:00,,12733.5,-3395.85,13081.3,-4058.28,http://f.wishabi.net/page_items/429768484/1785960820/extra_large.jpg
Walmart,8072271,1032945898,Olay Regenerist micro-sculpting face cream,Olay,35.96,,,,$35.96,,2026-08-13T00:00:00-04:00,2026-08-19T23:59:59-04:00,,39391.1,-1399.95,39660.5,-1684.78,http://f.wishabi.net/page_items/430536301/1786587807/extra_large.jpg
Walmart,8072271,1032945926,Old Spice deodorant 85 g,Old Spice,4.97,,,,$4.97,,2026-08-13T00:00:00-04:00,2026-08-19T23:59:59-04:00,,38766.7,-1406.51,38944.0,-1582.57,http://f.wishabi.net/page_items/430536333/1786587815/extra_large.jpg
Walmart,8072271,1032574464,On-the-go,,,,,,,,2026-08-13T00:00:00-04:00,2026-08-19T23:59:59-04:00,,10011.6,-816.7,10191.0,-1048.59,http://f.wishabi.net/page_items/430356600/1786500169/extra_large.jpg
Walmart,8080972,1032870762,"One Paw, 3 Pack Bamboo Fiber Bone Dog Toys, Durable and Good for Dental Health, Bacon Flavour, Fiber and Nylon Material",One Paw,21.98,,,,$21.98,,2026-08-13T00:00:00-04:00,2026-08-19T23:59:59-04:00,,6958.52,-2359.51,7493.98,-3021.93,http://f.wishabi.net/page_items/429768426/1785960822/extra_large.jpg
Walmart,8080972,1032870728,"One Paw, Art Frame Cat Scratcher",One Paw,24.97,,,,$24.97,,2026-08-13T00:00:00-04:00,2026-08-19T23:59:59-04:00,,7709.27,-236.45,8057.04,-898.88,http://f.wishabi.net/page_items/429768419/1785960817/extra_large.jpg
Walmart,8080972,1032870818,"One Paw, Cat Cozy Cave Bed",One Paw,29.97,,,,$29.97,,2026-08-13T00:00:00-04:00,2026-08-19T23:59:59-04:00,,8113.52,-2672.7,8461.29,-3335.13,http://f.wishabi.net/page_items/429768438/1785960822/extra_large.jpg
Walmart,8080972,1032870738,"One Paw, Cat Harness & Leash Set, Lightweight, Light Blue",One Paw,15.97,,,,$15.97,,2026-08-13T00:00:00-04:00,2026-08-19T23:59:59-04:00,,7333.9,-944.88,7681.67,-1607.3,http://f.wishabi.net/page_items/429768421/1785960819/extra_large.jpg
Walmart,8080972,1032870751,"One Paw, Fashion Mesh Dog Harness, Pink",One Paw,19.98,,,,$19.98,,2026-08-13T00:00:00-04:00,2026-08-19T23:59:59-04:00,,7333.9,-1651.46,7681.67,-2313.89,http://f.wishabi.net/page_items/429768424/1785960821/extra_large.jpg
Walmart,8080972,1032870747,"One Paw, Hiker Reflective Rope Dog Leash",One Paw,14.98,,,,$14.98,,2026-08-13T00:00:00-04:00,2026-08-19T23:59:59-04:00,,6958.52,-1651.46,7306.29,-2313.89,http://f.wishabi.net/page_items/429768423/1785960820/extra_large.jpg
Walmart,8080972,1032870744,"One Paw, Soft Carrier Bag, Small Pet Carrier",One Paw,39.97,,,,$39.97,,2026-08-13T00:00:00-04:00,2026-08-19T23:59:59-04:00,,7709.27,-944.88,8057.04,-1607.3,http://f.wishabi.net/page_items/429768422/1785960819/extra_large.jpg
Walmart,8080972,1032870734,"One Paw, Stainless Steel Cat Litter Box",One Paw,29.97,,,,$29.97,,2026-08-13T00:00:00-04:00,2026-08-19T23:59:59-04:00,,6958.52,-944.88,7306.29,-1607.3,http://f.wishabi.net/page_items/429768420/1785960818/extra_large.jpg
Walmart,8080972,1032870756,"One Paw, Textured Ceramic Dog Bowls with Bamboo Stand, Non-Slip and Easy to Clean",One Paw,22.97,,,,$22.97,,2026-08-13T00:00:00-04:00,2026-08-19T23:59:59-04:00,,7709.27,-1651.46,8057.04,-2313.89,http://f.wishabi.net/page_items/429768425/1785960821/extra_large.jpg
Walmart,8080972,1032870764,"One Paw, Trapezoidal Labyrinth Slow Down Dog Bowl, Anti-Slip and Easy to Clean",One Paw,12.97,,,,$12.97,,2026-08-13T00:00:00-04:00,2026-08-19T23:59:59-04:00,,7521.58,-2358.05,8057.04,-3020.48,http://f.wishabi.net/page_items/429768427/1785960823/extra_large.jpg
Walmart,8080972,1032870416,Other Animals,,,,,,,,2026-08-13T00:00:00-04:00,2026-08-19T23:59:59-04:00,,779.27,-3103.28,1127.04,-3359.05,http://f.wishabi.net/page_items/429768344/1785960819/extra_large.jpg
Walmart,8072271,1031508836,Ottogi Jin Ramen multipack,OTTOGI,5.98,,,,$5.98,,2026-08-13T00:00:00-04:00,2026-08-19T23:59:59-04:00,,4557.81,-1897.25,4702.7,-2116.58,http://f.wishabi.net/page_items/429805801/1785993231/extra_large.jpg
Walmart,8072271,1031509231,Our Finest entrees,Our Finest,3.97,,,,$3.97,,2026-08-13T00:00:00-04:00,2026-08-19T23:59:59-04:00,,3102.5,-2078.21,3237.84,-2202.51,http://f.wishabi.net/page_items/429806309/1786394463/extra_large.jpg
Walmart,8072271,1032035850,OxiClean MaxForce Laundry Stain Remover Spray,OxiClean,7.47,,,,$7.47,,2026-08-13T00:00:00-04:00,2026-09-16T23:59:59-04:00,,34366.19,-1883.47,34752.54,-2209.96,http://f.wishabi.net/page_items/429840501/1786217439/extra_large.jpg
Walmart,8072271,1032035891,OxiClean stain remover powder,,10.97,,,,$10.97,,2026-08-13T00:00:00-04:00,2026-09-16T23:59:59-04:00,,34568.58,-1580.88,34724.85,-1720.83,http://f.wishabi.net/page_items/429916849/1786217448/extra_large.jpg
Walmart,8072271,1032035888,Oxiclean Stain Remover Powder,OxiClean,10.97,,,,$10.97,,2026-08-13T00:00:00-04:00,2026-09-16T23:59:59-04:00,,34379.65,-1615.87,34568.58,-1720.83,http://f.wishabi.net/page_items/429916848/1786217447/extra_large.jpg
Walmart,8072271,1032945210,PAW Patrol Roaring Rhubarb figure,,39.97,,,,$39.97,,2026-08-13T00:00:00-04:00,2026-08-19T23:59:59-04:00,,8456.03,-2005.19,8744.65,-2230.73,http://f.wishabi.net/page_items/430536605/1786586775/extra_large.jpg
Walmart,8072271,1032945308,PAW Patrol: The Dino Movie vehicles,,19.97,,,,$19.97,,2026-08-13T00:00:00-04:00,2026-08-19T23:59:59-04:00,,7946.37,-2006.4,8118.31,-2147.53,http://f.wishabi.net/page_items/430536741/1786586787/extra_large.jpg
Walmart,8080972,1032870931,PG50 Pet Grooming Kit & Vacuum,AIROBO,64.99,,,,$64.99,,2026-08-13T00:00:00-04:00,2026-08-19T23:59:59-04:00,,11176.1,-2122.52,11523.9,-2713.19,http://f.wishabi.net/page_items/429769901/1785962004/extra_large.jpg
Walmart,8080972,1032870665,PLAYOLOGY SUCTION CUP SPRING BIRD,Playology,12.97,,,,$12.97,,2026-08-13T00:00:00-04:00,2026-08-19T23:59:59-04:00,,5399.27,-3474.98,5747.04,-4065.64,http://f.wishabi.net/page_items/430250962/1786395241/extra_large.jpg
Walmart,8072271,1032035937,Palmolive dish soap,Palmolive,1.97,,,,$1.97,,2026-08-13T00:00:00-04:00,2026-09-16T23:59:59-04:00,,35367.41,-1510.73,35483.66,-1793.28,http://f.wishabi.net/page_items/430012425/1786217444/extra_large.jpg
Walmart,8072271,1031502534,Pampers EasyUps Training Underwear,Pampers,36.94,,,,$36.94,,2026-08-13T00:00:00-04:00,2026-08-19T23:59:59-04:00,,6353.02,-1046.11,6592.07,-1177.81,http://f.wishabi.net/page_items/429801906/1785993223/extra_large.jpg
Walmart,8072271,1031572559,Pampers EasyUps training underwear,Pampers,36.94,,,,$36.94,,2026-08-13T00:00:00-04:00,2026-08-19T23:59:59-04:00,,6402.5,-1178.0,6638.5,-1323.0,http://f.wishabi.net/page_items/429805834/1785993241/extra_large.jpg
Walmart,8072271,1032277497,Paper Mate Flair! felt-tip pens,Paper Mate,15.98,,,,$15.98,,2026-08-13T00:00:00-04:00,2026-09-16T23:59:59-04:00,,18056.58,-1774.01,18226.32,-1934.54,http://f.wishabi.net/page_items/430240163/1786401085/extra_large.jpg
Walmart,8072271,1032277371,Paper Mate InkJoy gel pens 14-pack,Paper Mate,15.98,,,,$15.98,,2026-08-13T00:00:00-04:00,2026-09-16T23:59:59-04:00,,17878.58,-1771.01,18048.32,-1931.54,http://f.wishabi.net/page_items/430239845/1786401074/extra_large.jpg
Walmart,8072271,1031779075,Parent's Choice Gentle+ iron-fortified infant formula powder,,26.94,,,,$26.94,,2026-08-13T00:00:00-04:00,2026-08-19T23:59:59-04:00,,38257.18,-292.55,38696.0,-559.7,http://f.wishabi.net/page_items/429899438/1786396483/extra_large.jpg
Walmart,8072271,1031727610,Parent's Choice Wipes,,19.94,,,,$19.94,,2026-08-13T00:00:00-04:00,2026-08-19T23:59:59-04:00,,37783.0,-846.82,37987.62,-907.21,http://f.wishabi.net/page_items/429899420/1786396479/extra_large.jpg
Walmart,8072271,1031779433,Parent's Choice organic baby food puree,Parent's Choice,1.0,,,,$1.0,,2026-08-13T00:00:00-04:00,2026-08-19T23:59:59-04:00,,37790.23,-287.46,37918.95,-555.71,http://f.wishabi.net/page_items/429899529/1786396487/extra_large.jpg
Walmart,8072271,1031780199,Parent's Choice organic baby food purée,Parent's Choice,1.0,,,,$1.0,,2026-08-13T00:00:00-04:00,2026-08-19T23:59:59-04:00,,37926.63,-287.46,38055.36,-555.71,http://f.wishabi.net/page_items/429903068/1786396492/extra_large.jpg
Walmart,8072271,1031727601,Parent's Choice training pants,Parent's Choice,24.94,,,,$24.94,,2026-08-13T00:00:00-04:00,2026-08-19T23:59:59-04:00,,38091.38,-847.75,38217.29,-982.65,http://f.wishabi.net/page_items/429899416/1786396478/extra_large.jpg
Walmart,8072271,1031780374,Parent's Choice wipes,Parent's Choice,19.94,,,,$19.94,,2026-08-13T00:00:00-04:00,2026-08-19T23:59:59-04:00,,37866.71,-908.82,38057.38,-1011.06,http://f.wishabi.net/page_items/429902862/1786396488/extra_large.jpg
Walmart,8033586,1032471986,PatPat kids' slip-on canvas shoes,PatPat,34.99,,,,$34.99,,2026-07-30T00:00:00-04:00,2026-09-16T23:59:59-04:00,,19514.1,-745.64,19834.3,-1059.31,http://f.wishabi.net/page_items/430304121/1786461853/extra_large.jpg
Walmart,8072271,1033389799,Peaches 3 L,,5.44,,,,$5.44,,2026-08-13T00:00:00-04:00,2026-08-19T23:59:59-04:00,,494.96,-306.25,704.08,-414.39,http://f.wishabi.net/page_items/430723951/1786753898/extra_large.jpg
Walmart,8072271,1031568878,Pearl Milling Company pancake,PEARL MILLING,3.97,,,,$3.97,,2026-08-13T00:00:00-04:00,2026-08-19T23:59:59-04:00,,3400.84,-188.72,3559.45,-445.3,http://f.wishabi.net/page_items/429810313/1786394467/extra_large.jpg
Walmart,8072271,1031543102,Pearl Milling Company syrup,Pearl Milling Company,3.97,,,,$3.97,,2026-08-13T00:00:00-04:00,2026-08-19T23:59:59-04:00,,3559.45,-188.72,3680.74,-414.98,http://f.wishabi.net/page_items/429810314/1786394467/extra_large.jpg
Walmart,8072271,1031780696,Pedialyte electrolyte oral rehydration solution,Pedialyte,8.97,,,,$8.97,,2026-08-13T00:00:00-04:00,2026-08-19T23:59:59-04:00,,37873.93,-562.39,37960.91,-732.78,http://f.wishabi.net/page_items/429899527/1786396486/extra_large.jpg
Walmart,8080972,1032870547,Pedigree Adult Wet Dog Food Choice Cuts Pouch Variety 1.8kg,Pedigree,17.88,,,,$17.88,,2026-08-13T00:00:00-04:00,2026-08-19T23:59:59-04:00,,3089.27,-3384.81,3437.04,-4047.24,http://f.wishabi.net/page_items/429768380/1785960821/extra_large.jpg
Walmart,8080972,1032870533,"Pedigree Vitality+ Hearty Beef Dry Dog Food, 20KG, selected varieties",Mars,49.98,,,,$49.98,,2026-08-13T00:00:00-04:00,2026-08-19T23:59:59-04:00,,3089.27,-1960.6,3437.04,-2623.02,http://f.wishabi.net/page_items/429768376/1785960819/extra_large.jpg
Walmart,8072271,1032574423,Pen+Gear binders,,4.97,,,,$4.97,,2026-08-13T00:00:00-04:00,2026-09-16T23:59:59-04:00,,10054.7,-1839.72,10105.2,-1933.42,http://f.wishabi.net/page_items/430356272/1786500157/extra_large.jpg
Walmart,8072271,1032575442,Pen+Gear laminator,,24.97,,,,$24.97,,2026-08-13T00:00:00-04:00,2026-09-16T23:59:59-04:00,,19393.9,-1882.35,20723.6,-2523.34,http://f.wishabi.net/page_items/430349288/1786500161/extra_large.jpg
Walmart,8072271,1032574461,Pen+Gear pencil cases,Pen+Gear,7.0,,,,$7.0,,2026-08-13T00:00:00-04:00,2026-09-16T23:59:59-04:00,,10216.5,-2120.64,10286.9,-2313.75,http://f.wishabi.net/page_items/430356527/1786500168/extra_large.jpg
Walmart,8072271,1032574438,Pen+Gear report cover,,0.22,,,,$0.22,,2026-08-13T00:00:00-04:00,2026-09-16T23:59:59-04:00,,9806.58,-1081.39,9852.32,-1370.07,http://f.wishabi.net/page_items/430356355/1786500161/extra_large.jpg
Walmart,8072271,1032277389,Pen+Gear school list kit,,16.98,,,,$16.98,,2026-08-13T00:00:00-04:00,2026-09-16T23:59:59-04:00,,17858.92,-2079.46,18225.63,-2524.4,http://f.wishabi.net/page_items/430239906/1786401076/extra_large.jpg
Walmart,8072271,1032575372,Pen+Gear scientific calculator,,14.98,,,,$14.98,,2026-08-13T00:00:00-04:00,2026-09-16T23:59:59-04:00,,18297.4,-215.01,19253.5,-641.83,http://f.wishabi.net/page_items/430352384/1786500160/extra_large.jpg
Walmart,8072271,1032574428,Pen-Gear pencil cases,,7.0,,,,$7.0,,2026-08-13T00:00:00-04:00,2026-09-16T23:59:59-04:00,,10062.4,-2209.58,10211.3,-2314.65,http://f.wishabi.net/page_items/430356286/1786500159/extra_large.jpg
Walmart,8072271,1032338790,"Pentantan 6-qt. air fryer, 8-in-1 electric hot oven with digital LED touchscreen, visible window, 1500 W",,71.99,,,,$71.99,,2026-08-13T00:00:00-04:00,2026-08-19T23:59:59-04:00,,36867.2,-1704.05,37144.9,-2049.62,http://f.wishabi.net/page_items/430253721/1786500158/extra_large.jpg
Walmart,8072271,1031499580,Pepsi,Pepsi,13.97,,,,$13.97,,2026-08-13T00:00:00-04:00,2026-08-19T23:59:59-04:00,,1467.31,-1745.2,1916.89,-1933.05,http://f.wishabi.net/page_items/429802023/1786393630/extra_large.jpg
Walmart,8080972,1032871074,Pet Pharmacy,,,,,,,,2026-08-13T00:00:00-04:00,2026-08-19T23:59:59-04:00,,13888.3,-2068.96,15580.8,-4085.28,http://f.wishabi.net/page_items/429768690/1785961037/extra_large.jpg
Walmart,8080972,1032870411,Pet Toys,,,,,,,,2026-08-13T00:00:00-04:00,2026-08-19T23:59:59-04:00,,779.27,-2834.63,1127.04,-3090.4,http://f.wishabi.net/page_items/429768341/1785960817/extra_large.jpg
Walmart,8080972,1032870616,Pet_EN_1884x324_PG6-5,,,,,,,,2026-08-13T00:00:00-04:00,2026-08-19T23:59:59-04:00,,4620.0,-1958.76,5776.49,-2159.32,http://f.wishabi.net/page_items/430250942/1786395233/extra_large.jpg
Walmart,8080972,1032870769,Pet_EN_1884x324_PG9A-8,,,,,,,,2026-08-13T00:00:00-04:00,2026-08-19T23:59:59-04:00,,8085.0,0.0,9241.49,-199.65,http://f.wishabi.net/page_items/429768428/1785960815/extra_large.jpg
Walmart,8080972,1032870776,Pet_EN_1884x324_PG9B-8,,,,,,,,2026-08-13T00:00:00-04:00,2026-08-19T23:59:59-04:00,,8085.0,-1706.67,9241.49,-1907.23,http://f.wishabi.net/page_items/429768430/1785960817/extra_large.jpg
Walmart,8033586,1026859486,"Philips 43"" FHD OLED Smart TV",Philips,248.0,,,,$248.0,,2026-07-30T00:00:00-04:00,2026-09-16T23:59:59-04:00,,3976.52,-1955.93,4544.14,-2242.26,http://f.wishabi.net/page_items/427380903/1784386833/extra_large.jpg
Walmart,8033586,1026882780,"Philips 50"" 4K UHD QLED Smart TV",Philips,358.0,,,,$358.0,,2026-07-30T00:00:00-04:00,2026-09-16T23:59:59-04:00,,3973.6,-1650.09,4246.72,-1928.62,http://f.wishabi.net/page_items/427380904/1784386833/extra_large.jpg
Walmart,8033586,1026868997,"Philips 65"" 4K UHD QLED Smart TV",Philips,578.0,,,,$578.0,,2026-07-30T00:00:00-04:00,2026-09-16T23:59:59-04:00,,4274.29,-1652.83,4554.42,-1931.41,http://f.wishabi.net/page_items/427380902/1784386832/extra_large.jpg
Walmart,8033586,1026879837,Philips OneBlade 1st Shave,Philips,34.97,,,,$34.97,,2026-07-30T00:00:00-04:00,2026-09-16T23:59:59-04:00,,15059.9,-1824.13,15247.3,-2522.3,http://f.wishabi.net/page_items/427380785/1784303064/extra_large.jpg
Walmart,8033586,1026869275,Philips OneBlade Intimate,Philips,39.97,,,,$39.97,,2026-07-30T00:00:00-04:00,2026-09-16T23:59:59-04:00,,15250.4,-1764.63,15457.8,-2528.58,http://f.wishabi.net/page_items/427380788/1784303066/extra_large.jpg
Walmart,8072271,1032338842,"PhiloDeco tower fan for home, 40"" silent bladeless fan",,84.99,,,,$84.99,,2026-08-13T00:00:00-04:00,2026-08-19T23:59:59-04:00,,36569.6,-1709.75,36850.8,-2050.34,http://f.wishabi.net/page_items/430253734/1786500161/extra_large.jpg
Walmart,8072271,1032576823,"Phoenix adults' 27.5"" electric bike",,698.0,,,,$698.0,,2026-08-13T00:00:00-04:00,2026-09-16T23:59:59-04:00,,33603.6,-2281.21,33838.4,-2481.05,http://f.wishabi.net/page_items/430352666/1786500177/extra_large.jpg
Walmart,8072271,1032338699,Pillows 2-pack,,29.99,,,,$29.99,,2026-08-13T00:00:00-04:00,2026-08-19T23:59:59-04:00,,36271.9,-1361.55,36551.3,-1698.81,http://f.wishabi.net/page_items/430253688/1786500155/extra_large.jpg
Walmart,8072271,1031502214,Pine-Sol multi-surface cleaner,Pine-Sol,11.97,,,,$11.97,,2026-08-13T00:00:00-04:00,2026-08-19T23:59:59-04:00,,4934.16,-433.38,5021.6,-593.35,http://f.wishabi.net/page_items/429801883/1785993225/extra_large.jpg
Walmart,8072271,1033153006,Pixel 10 Postpaid Phone,Google,,,,,,,2026-08-13T00:00:00-04:00,2026-08-19T23:59:59-04:00,,37228.6,-1796.29,37722.4,-2061.78,http://f.wishabi.net/page_items/430635646/1786654683/extra_large.jpg
Walmart,8072271,1032945025,PlayStation 5 slim disc console 1TB,PlayStation,819.96,,,,$819.96,,2026-08-13T00:00:00-04:00,2026-08-19T23:59:59-04:00,,7319.08,-1760.66,7769.02,-1967.75,http://f.wishabi.net/page_items/430538459/1786586770/extra_large.jpg
Walmart,8080972,1032870623,"Playology Small Squeaky Femur, Peanut Butter Scented Dog Toy",Playology,9.47,,,,$9.47,,2026-08-13T00:00:00-04:00,2026-08-19T23:59:59-04:00,,4648.52,-45.08,4996.29,-635.74,http://f.wishabi.net/page_items/430250944/1786395234/extra_large.jpg
Walmart,8072271,1033390302,Pogo Original,Pogo,12.97,,,,$12.97,,2026-08-13T00:00:00-04:00,2026-09-16T23:59:59-04:00,,30325.0,-894.4,30946.9,-1958.12,http://f.wishabi.net/page_items/430720028/1786753890/extra_large.jpg
Walmart,8072271,1032544024,"PowerSmart Portable Gas Powered Generator 3600W, CO Detect USB Output, Low Noise for Camping & Home",,413.99,,,,$413.99,,2026-08-13T00:00:00-04:00,2026-08-19T23:59:59-04:00,,9314.21,-619.8,9569.85,-691.46,http://f.wishabi.net/page_items/430370423/1786485737/extra_large.jpg
Walmart,8072271,1032337776,Precise Pain Relief Cream,,16.34,,,,$16.34,,2026-08-13T00:00:00-04:00,2026-08-19T23:59:59-04:00,,40828.0,-1735.41,40974.2,-2084.82,http://f.wishabi.net/page_items/430253749/1786500157/extra_large.jpg
Walmart,8072271,1032576801,Premier Protein Al'mazing vanilla non-dairy shakes,Premier Protein,12.97,,,,$12.97,,2026-08-13T00:00:00-04:00,2026-09-16T23:59:59-04:00,,32786.6,-394.84,33037.9,-710.35,http://f.wishabi.net/page_items/430348057/1786500163/extra_large.jpg
Walmart,8072271,1032576805,Premier Protein Al'mazing vanilla or coffee non-dairy shakes,,12.97,,,,$12.97,,2026-08-13T00:00:00-04:00,2026-09-16T23:59:59-04:00,,33051.8,-389.14,33351.8,-712.06,http://f.wishabi.net/page_items/430348151/1786500164/extra_large.jpg
Walmart,8072271,1032576799,Premier Protein cafe latte shakes,Premier Protein,33.97,,,,$33.97,,2026-08-13T00:00:00-04:00,2026-09-16T23:59:59-04:00,,31783.1,-363.02,32588.9,-1034.02,http://f.wishabi.net/page_items/430347968/1786500162/extra_large.jpg
Walmart,8080972,1032870692,"PrettyLitter Health Monitoring Cat Litter, 8lb",Pretty Litter,34.98,,,,$34.98,,2026-08-13T00:00:00-04:00,2026-08-19T23:59:59-04:00,,6178.9,-2698.47,6526.67,-3360.89,http://f.wishabi.net/page_items/429768411/1785960819/extra_large.jpg
Walmart,8072271,1032945168,Propane cylinders,,29.88,,,,$29.88,,2026-08-13T00:00:00-04:00,2026-08-19T23:59:59-04:00,,7838.83,-2239.58,8274.44,-2457.54,http://f.wishabi.net/page_items/430536568/1786586770/extra_large.jpg
Walmart,8080972,1032870477,"Pure Balance Assorted Dog Treats, Value Size 1 kg, selected varieties",Pure Balance Pro+,19.97,,,,$19.97,,2026-08-13T00:00:00-04:00,2026-08-19T23:59:59-04:00,,1934.27,-985.36,2282.04,-1647.78,http://f.wishabi.net/page_items/429768361/1785960818/extra_large.jpg
Walmart,8080972,1032870471,"Pure Balance Grain Free Salmon & Pea Dry Dog Food, 14KG, selected varieties",Pure Balance Pro+,52.98,,,,$52.98,,2026-08-13T00:00:00-04:00,2026-08-19T23:59:59-04:00,,1183.52,-985.36,1531.3,-1647.78,http://f.wishabi.net/page_items/429768359/1785960817/extra_large.jpg
Walmart,8080972,1032870474,"Pure Balance Pro + Dry Dog Food 7kg, selected varieties",Pure Balance Pro+,32.98,,,,$32.98,,2026-08-13T00:00:00-04:00,2026-08-19T23:59:59-04:00,,1558.9,-985.36,1906.67,-1647.78,http://f.wishabi.net/page_items/429768360/1785960817/extra_large.jpg
Walmart,8080972,1032870484,Pure Balance Pro+ Dry Cat Food 1.5kg,Pure Balance Pro+,11.97,,,,$11.97,,2026-08-13T00:00:00-04:00,2026-08-19T23:59:59-04:00,,1934.27,-1958.76,2282.04,-2621.18,http://f.wishabi.net/page_items/429768364/1785960820/extra_large.jpg
Walmart,8080972,1032870482,Pure Balance Pro+ Dry Cat Food 7kg,Pure Balance Pro+,34.94,,,,$34.94,,2026-08-13T00:00:00-04:00,2026-08-19T23:59:59-04:00,,1558.9,-1958.76,1906.67,-2621.18,http://f.wishabi.net/page_items/429768363/1785960819/extra_large.jpg
Walmart,8080972,1032870480,Pure Balance Pro+ Urinary Care Dry Cat Food 3kg,Pure Balance Pro+,19.97,,,,$19.97,,2026-08-13T00:00:00-04:00,2026-08-19T23:59:59-04:00,,1183.52,-1958.76,1531.3,-2621.18,http://f.wishabi.net/page_items/429768362/1785960818/extra_large.jpg
Walmart,8072271,1031565539,Pure Protein bars,,19.47,,,,$19.47,,2026-08-13T00:00:00-04:00,2026-08-19T23:59:59-04:00,,6637.5,-2080.0,6789.5,-2262.0,http://f.wishabi.net/page_items/429805848/1785993247/extra_large.jpg
Walmart,8080972,1032870594,Purina ONE +Plus Dry Kitten Food 1.8 kg,PURINA,14.77,,,,$14.77,,2026-08-13T00:00:00-04:00,2026-08-19T23:59:59-04:00,,4244.27,-2094.92,4592.04,-2685.58,http://f.wishabi.net/page_items/429768389/1785960821/extra_large.jpg
Walmart,8080972,1032870707,"Purina ONE +Plus Indoor Advantage Turkey, Dry Cat Food 7.2kg",Purina One,39.98,,,,$39.98,,2026-08-13T00:00:00-04:00,2026-08-19T23:59:59-04:00,,6178.9,-3395.85,6526.67,-4058.28,http://f.wishabi.net/page_items/429768414/1785960821/extra_large.jpg
Walmart,8080972,1032870672,"Purina ONE +Plus Whole Body Support, Dry Dog Food 9.5 kg, selected varieties",Purina One,53.67,,,,$53.67,,2026-08-13T00:00:00-04:00,2026-08-19T23:59:59-04:00,,5803.52,-2001.08,6151.29,-2663.5,http://f.wishabi.net/page_items/429768407/1785960816/extra_large.jpg
Walmart,8080972,1032870584,"Purina ONE LiveClear Dry Cat Food, 1.36 kg",PURINA,19.47,,,,$19.47,,2026-08-13T00:00:00-04:00,2026-08-19T23:59:59-04:00,,3493.52,-2094.92,3841.29,-2685.58,http://f.wishabi.net/page_items/429768387/1785960819/extra_large.jpg
Walmart,8080972,1032870434,"Purina ONE True Instinct Beef & Bison, Dry Dog Food 6.8kg, selected varieties",Purina One,28.63,,,,$28.63,,2026-08-13T00:00:00-04:00,2026-08-19T23:59:59-04:00,,403.9,-2032.36,751.67,-2694.79,http://f.wishabi.net/page_items/429768350/1785960823/extra_large.jpg
Walmart,8080972,1032870589,Purina ONE True Instinct Dry Cat Food 1.45kg,PURINA,14.77,,,,$14.77,,2026-08-13T00:00:00-04:00,2026-08-19T23:59:59-04:00,,3868.9,-2094.92,4216.67,-2685.58,http://f.wishabi.net/page_items/429768388/1785960820/extra_large.jpg
Walmart,8072271,1032544015,"Queen Bed Frame, GELBIY Queen Size Platform Bed with Fabric Upholstered Headboard, Black, No Box Spring Needed",,159.88,,,,$159.88,,2026-08-13T00:00:00-04:00,2026-08-19T23:59:59-04:00,,9051.75,-138.33,9304.32,-611.89,http://f.wishabi.net/page_items/430370417/1786485735/extra_large.jpg
Walmart,8080972,1032870660,"Quirky Kitty Glow in the Dark Mouse Cat Toy, 3pk",Quirky Kitty,12.97,,,,$12.97,,2026-08-13T00:00:00-04:00,2026-08-19T23:59:59-04:00,,5023.9,-3474.98,5371.67,-4065.64,http://f.wishabi.net/page_items/430250960/1786395240/extra_large.jpg
Walmart,8080972,1032870657,Quirky Kitty Glow in the Dark Night Owl Kicker Cat Toy,Quirky Kitty,9.97,,,,$9.97,,2026-08-13T00:00:00-04:00,2026-08-19T23:59:59-04:00,,4648.52,-3474.98,4996.29,-4065.64,http://f.wishabi.net/page_items/430250958/1786395239/extra_large.jpg
Walmart,8072271,1032544070,"Quook Baby Food Maker, Bottle Warmer and Sterilizer by Quark",,134.99,,,,$134.99,,2026-08-13T00:00:00-04:00,2026-08-19T23:59:59-04:00,,9053.63,-2446.41,9309.95,-2537.14,http://f.wishabi.net/page_items/430370448/1786485746/extra_large.jpg
Walmart,8072271,1032575698,RITZ Drizzled minis,Ritz,4.98,,,,$4.98,,2026-08-13T00:00:00-04:00,2026-09-16T23:59:59-04:00,,25305.7,-45.82,25983.9,-593.87,http://f.wishabi.net/page_items/430349500/1786500167/extra_large.jpg
Walmart,8072271,1032575690,RITZ Handi-Snacks crackers 'n cheesy dip,Ritz,9.48,,,,$9.48,,2026-08-13T00:00:00-04:00,2026-09-16T23:59:59-04:00,,25316.9,-1923.63,25970.9,-2475.39,http://f.wishabi.net/page_items/430349206/1786500164/extra_large.jpg
Walmart,8072271,1032575700,RITZ family size crackers,Ritz,4.48,,,,$4.48,,2026-08-13T00:00:00-04:00,2026-09-16T23:59:59-04:00,,24588.4,-27.83,25261.8,-582.63,http://f.wishabi.net/page_items/430349574/1786500167/extra_large.jpg
Walmart,8033586,1030255387,RNBW MTN LMP,,,,,,,,2026-07-30T00:00:00-04:00,2026-09-16T23:59:59-04:00,,3745.0,-1560.33,3916.0,-1821.33,http://f.wishabi.net/page_items/429173414/1785429063/extra_large.jpg
Walmart,8072271,1031780324,Rascals premium superpack diapers,Rascals,21.88,,,,$21.88,,2026-08-13T00:00:00-04:00,2026-08-19T23:59:59-04:00,,38540.55,-882.16,38699.48,-1021.0,http://f.wishabi.net/page_items/429902866/1786396489/extra_large.jpg
Walmart,8072271,1031498898,Red Baron classic crust frozen pizza,Red Baron,2.97,,,,$2.97,,2026-08-13T00:00:00-04:00,2026-08-19T23:59:59-04:00,,1376.47,-547.24,1470.32,-643.27,http://f.wishabi.net/page_items/429800996/1786393621/extra_large.jpg
Walmart,8072271,1031542017,Red baron classic or thin crust frozen pizza,,2.97,,,,$2.97,,2026-08-13T00:00:00-04:00,2026-08-19T23:59:59-04:00,,1472.47,-542.24,1566.32,-638.27,http://f.wishabi.net/page_items/429806339/1786393633/extra_large.jpg
Walmart,8033586,1032474336,Reebok backpack,Reebok,34.97,,,,$34.97,,2026-07-30T00:00:00-04:00,2026-09-16T23:59:59-04:00,,21638.2,-1423.56,21822.0,-1633.36,http://f.wishabi.net/page_items/427380671/1784311935/extra_large.jpg
Walmart,8033586,1032474323,Reebok game day fleece hoodie,Reebok,24.97,,,,$24.97,,2026-07-30T00:00:00-04:00,2026-09-16T23:59:59-04:00,,21403.9,-1476.9,21546.3,-1634.62,http://f.wishabi.net/page_items/427380669/1784311934/extra_large.jpg
Walmart,8033586,1032474363,Reebok game day fleece jogger,Reebok,24.97,,,,$24.97,,2026-07-30T00:00:00-04:00,2026-09-16T23:59:59-04:00,,21343.5,-1637.21,21546.6,-1815.52,http://f.wishabi.net/page_items/427695256/1784311937/extra_large.jpg
Walmart,8033586,1032471607,Reebok lunch bags,Reebok,16.97,,,,$16.97,,2026-07-30T00:00:00-04:00,2026-09-16T23:59:59-04:00,,18487.9,-1689.75,18722.8,-2016.3,http://f.wishabi.net/page_items/430308223/1786460929/extra_large.jpg
Walmart,8033586,1032458910,Reebok spotlight flare leggings,Reebok,19.97,,,,$19.97,,2026-07-30T00:00:00-04:00,2026-09-16T23:59:59-04:00,,16813.0,-1120.0,16895.0,-1337.33,http://f.wishabi.net/page_items/430301237/1786460503/extra_large.jpg
Walmart,8072271,1032576714,Reese's Big Cup stuffed with Pieces King,Reese's,2.18,,,,$2.18,,2026-08-13T00:00:00-04:00,2026-09-16T23:59:59-04:00,,27423.3,-986.98,28319.5,-1710.92,http://f.wishabi.net/page_items/430356698/1786500163/extra_large.jpg
Walmart,8072271,1032576723,Reese's Minis Peanut Butter Cups candy,Reese's,4.48,,,,$4.48,,2026-08-13T00:00:00-04:00,2026-09-16T23:59:59-04:00,,27578.7,-1811.23,27839.1,-2130.92,http://f.wishabi.net/page_items/430356896/1786500166/extra_large.jpg
Walmart,8072271,1032576730,Reese's Pieces candy,Reese's,4.48,,,,$4.48,,2026-08-13T00:00:00-04:00,2026-09-16T23:59:59-04:00,,27861.1,-1820.2,28141.8,-2124.17,http://f.wishabi.net/page_items/430357151/1786500168/extra_large.jpg
Walmart,8072271,1032544048,Restored Samsung Galaxy S23 Ultra 256GB Unlocked Smartphone Like New,,519.99,,,,$519.99,,2026-08-13T00:00:00-04:00,2026-08-19T23:59:59-04:00,,9051.75,-1409.14,9315.42,-1882.7,http://f.wishabi.net/page_items/430370439/1786485742/extra_large.jpg
Walmart,8033586,1027053506,Rimmel Multi Tasker Concealer,Rimmel,9.97,,,,$9.97,,2026-07-30T00:00:00-04:00,2026-09-16T23:59:59-04:00,,11820.1,-873.7,11849.1,-1027.73,http://f.wishabi.net/page_items/427705239/1784314621/extra_large.jpg
Walmart,8033586,1027053488,Rimmel Multi Tasker concealer,Rimmel,9.97,,,,$9.97,,2026-07-30T00:00:00-04:00,2026-09-16T23:59:59-04:00,,11744.1,-871.7,11773.1,-1025.73,http://f.wishabi.net/page_items/427705237/1784314620/extra_large.jpg
Walmart,8033586,1027053524,Rimmel Stay Glossy lip gloss or Wonder'Bond mascara,Rimmel,7.97,,,,$7.97,,2026-07-30T00:00:00-04:00,2026-09-16T23:59:59-04:00,,11810.4,-1148.39,11900.9,-1386.48,http://f.wishabi.net/page_items/427705241/1784314623/extra_large.jpg
Walmart,8033586,1026868154,Rimmel Wonder Bond mascara,Rimmel,7.97,,,,$7.97,,2026-07-30T00:00:00-04:00,2026-09-16T23:59:59-04:00,,11717.4,-1146.39,11807.9,-1384.48,http://f.wishabi.net/page_items/427380724/1784314615/extra_large.jpg
Walmart,8072271,1032575695,Ritz Bits Snackwiches 10-Snak Paks,Ritz,4.98,,,,$4.98,,2026-08-13T00:00:00-04:00,2026-09-16T23:59:59-04:00,,24593.4,-1932.24,25263.2,-2461.21,http://f.wishabi.net/page_items/430349297/1786500165/extra_large.jpg
Walmart,8072271,1031501440,Romaine lettuce hearts,,3.97,,,,$3.97,,2026-08-13T00:00:00-04:00,2026-08-19T23:59:59-04:00,,1987.31,-398.36,2422.16,-653.66,http://f.wishabi.net/page_items/429802025/1786394149/extra_large.jpg
Walmart,8072271,1032575470,Royal & Langnickel Essentials paint set,Royal & Langnickel,7.97,,,,$7.97,,2026-08-13T00:00:00-04:00,2026-09-16T23:59:59-04:00,,20293.9,-767.01,20464.5,-1222.42,http://f.wishabi.net/page_items/430349832/1786500164/extra_large.jpg
Walmart,8072271,1033389872,Royale 2-ply bathroom tissue 24 = 48 rolls,,11.97,,,,$11.97,,2026-08-13T00:00:00-04:00,2026-08-19T23:59:59-04:00,,649.92,-1986.86,772.64,-2157.33,http://f.wishabi.net/page_items/430724053/1786753908/extra_large.jpg
Walmart,8072271,1031563971,Royale Facial Tissue,Royale,19.97,,,,$19.97,,2026-08-13T00:00:00-04:00,2026-08-19T23:59:59-04:00,,5303.76,-743.77,5455.06,-857.84,http://f.wishabi.net/page_items/429806668/1785993233/extra_large.jpg
Walmart,8072271,1031502245,Royale facial tissue,,19.97,,,,$19.97,,2026-08-13T00:00:00-04:00,2026-08-19T23:59:59-04:00,,5218.76,-695.77,5303.06,-817.84,http://f.wishabi.net/page_items/429801898/1785993230/extra_large.jpg
Walmart,8072271,1032944979,S-Gel gel pens,,3.0,,,,$3.0,,2026-08-13T00:00:00-04:00,2026-08-19T23:59:59-04:00,,7478.41,-174.07,7579.87,-296.63,http://f.wishabi.net/page_items/430538436/1786586762/extra_large.jpg
Walmart,8072271,1032338738,SKIMI hair dryer and hot styling brush set,SKIMI,45.99,,,,$45.99,,2026-08-13T00:00:00-04:00,2026-08-19T23:59:59-04:00,,36273.1,-1711.46,36551.1,-2050.81,http://f.wishabi.net/page_items/430253698/1786500156/extra_large.jpg
Walmart,8072271,1032338829,"SKYWORTH 40"" QLED Smart TV, FHD Compatible with Google TV",SKYWORTH,259.99,,,,$259.99,,2026-08-13T00:00:00-04:00,2026-08-19T23:59:59-04:00,,36716.9,-294.84,37141.7,-634.44,http://f.wishabi.net/page_items/430253731/1786500160/extra_large.jpg
Walmart,8033586,1030255374,STACK BLOCK LIGHTS,,,,,,,,2026-07-30T00:00:00-04:00,2026-09-16T23:59:59-04:00,,3595.31,-876.41,3686.23,-939.35,http://f.wishabi.net/page_items/429173386/1785429059/extra_large.jpg
Walmart,8033586,1027053569,Sally Hansen Insta-Dri Color Shift nail colour,Sally Hansen,8.47,,,,$8.47,,2026-07-30T00:00:00-04:00,2026-09-16T23:59:59-04:00,,11577.0,-2216.17,11640.0,-2394.17,http://f.wishabi.net/page_items/427705246/1784314626/extra_large.jpg
Walmart,8033586,1027053605,Sally Hansen Insta—Dri Color Shift nail colour,Sally Hansen,8.47,,,,$8.47,,2026-07-30T00:00:00-04:00,2026-09-16T23:59:59-04:00,,11799.0,-2271.17,11849.0,-2430.17,http://f.wishabi.net/page_items/427705250/1784314628/extra_large.jpg
Walmart,8033586,1026869081,Sally Hansen Miracle Gel Super Shiny Shield top coat,Sally Hansen,10.76,,,,$10.76,,2026-07-30T00:00:00-04:00,2026-09-16T23:59:59-04:00,,11469.7,-2200.19,11542.3,-2373.65,http://f.wishabi.net/page_items/427380726/1784314616/extra_large.jpg
Walmart,8072271,1032277250,Samsung Galaxy A17 128 GB unlocked phone,Samsung,219.98,,,,$219.98,,2026-08-07T00:00:00-04:00,2026-09-16T23:59:59-04:00,,16784.69,-1748.5,17408.3,-2491.04,http://f.wishabi.net/page_items/430238497/1786401073/extra_large.jpg
Walmart,8072271,1032945022,Samsung Galaxy Tab S10 Lite 128GB,Samsung,369.98,,,,$369.98,,2026-08-13T00:00:00-04:00,2026-08-19T23:59:59-04:00,,7318.48,-1206.84,7771.97,-1398.75,http://f.wishabi.net/page_items/430538453/1786586769/extra_large.jpg
Walmart,8072271,1031508640,Samyang Buldak ramen noodles,Samyang,2.98,,,,$2.98,,2026-08-13T00:00:00-04:00,2026-08-19T23:59:59-04:00,,4036.68,-2150.98,4218.99,-2293.4,http://f.wishabi.net/page_items/429805806/1785993231/extra_large.jpg
Walmart,8072271,1031557033,Schneiders Original Recipe wieners,Schneiders,3.97,,,,$3.97,,2026-08-13T00:00:00-04:00,2026-08-19T23:59:59-04:00,,2195.42,-939.44,2401.97,-1104.16,http://f.wishabi.net/page_items/429806799/1786394154/extra_large.jpg
Walmart,8072271,1031542038,Schneiders half ham,Schneiders,10.97,,,,$10.97,,2026-08-13T00:00:00-04:00,2026-08-19T23:59:59-04:00,,2477.34,-1037.66,2719.03,-1203.84,http://f.wishabi.net/page_items/429806801/1786394154/extra_large.jpg
Walmart,8033586,1032471943,School Yard Vibes 3-piece backpack set,,29.97,,,,$29.97,,2026-07-30T00:00:00-04:00,2026-09-16T23:59:59-04:00,,19768.6,-1865.03,20166.2,-2205.49,http://f.wishabi.net/page_items/430304052/1786461852/extra_large.jpg
Walmart,8072271,1032945004,Schoolyard Vibes Backpack and lunchbag set,,29.97,,,,$29.97,,2026-08-13T00:00:00-04:00,2026-08-19T23:59:59-04:00,,7464.24,-783.42,7768.73,-981.86,http://f.wishabi.net/page_items/430538444/1786586766/extra_large.jpg
Walmart,8072271,1031502552,Scope Outlast mouthwash 1 L,Scope,5.97,,,,$5.97,,2026-08-13T00:00:00-04:00,2026-08-19T23:59:59-04:00,,6090.35,-324.24,6164.24,-457.92,http://f.wishabi.net/page_items/429801910/1785993225/extra_large.jpg
Walmart,8072271,1032574522,Scosche 20W USB-C wall charger,,24.98,,,,$24.98,,2026-08-13T00:00:00-04:00,2026-09-16T23:59:59-04:00,,12884.6,-1662.92,13268.7,-1989.17,http://f.wishabi.net/page_items/430349195/1786500161/extra_large.jpg
Walmart,8072271,1032574527,Scosche magnetic wireless phone charger,,34.98,,,,$34.98,,2026-08-13T00:00:00-04:00,2026-09-16T23:59:59-04:00,,13308.0,-1673.37,13687.7,-1979.54,http://f.wishabi.net/page_items/430349294/1786500162/extra_large.jpg
Walmart,8072271,1033389904,Sealtest 1% chocolate milk,Sealtest,0.98,,,,$0.98,,2026-08-13T00:00:00-04:00,2026-08-19T23:59:59-04:00,,104.11,-1442.32,186.13,-1666.98,http://f.wishabi.net/page_items/430724064/1786753911/extra_large.jpg
Walmart,8072271,1033390285,Sealtest chocolate milk,Sealtest,0.98,,,,$0.98,,2026-08-13T00:00:00-04:00,2026-09-16T23:59:59-04:00,,29426.3,-2222.61,29492.4,-2364.45,http://f.wishabi.net/page_items/430723972/1786754187/extra_large.jpg
Walmart,8072271,1032945936,Secret antiperspirant 73 g,Secret,4.97,,,,$4.97,,2026-08-13T00:00:00-04:00,2026-08-19T23:59:59-04:00,,38946.3,-1395.52,39038.7,-1678.87,http://f.wishabi.net/page_items/430536356/1786587820/extra_large.jpg
Walmart,8072271,1032574444,Selected Stationery,,3.0,,,,$3.0,,2026-08-13T00:00:00-04:00,2026-09-16T23:59:59-04:00,,10226.8,-1475.68,10363.4,-1715.28,http://f.wishabi.net/page_items/430356386/1786500163/extra_large.jpg
Walmart,8072271,1032574431,Selected Stationery,,2.0,,,,$2.0,,2026-08-13T00:00:00-04:00,2026-09-16T23:59:59-04:00,,9775.95,-1515.58,9856.43,-1727.29,http://f.wishabi.net/page_items/430356290/1786500159/extra_large.jpg
Walmart,8072271,1032575378,Selected padlocks,,9.97,,,,$9.97,,2026-08-13T00:00:00-04:00,2026-09-16T23:59:59-04:00,,18298.4,-655.69,19251.4,-1000.48,http://f.wishabi.net/page_items/430352404/1786500161/extra_large.jpg
Walmart,8072271,1032574426,Selected stationery,,3.0,,,,$3.0,,2026-08-13T00:00:00-04:00,2026-09-16T23:59:59-04:00,,10151.9,-1472.58,10228.3,-1718.38,http://f.wishabi.net/page_items/430356277/1786500158/extra_large.jpg
Walmart,8072271,1032574433,Selected stationery,,2.0,,,,$2.0,,2026-08-13T00:00:00-04:00,2026-09-16T23:59:59-04:00,,9868.89,-1467.82,9964.13,-1737.45,http://f.wishabi.net/page_items/430356344/1786500160/extra_large.jpg
Walmart,8080972,1032870875,Self Cleaning Litter Box,Neakasa,599.99,,,,$599.99,,2026-08-13T00:00:00-04:00,2026-08-19T23:59:59-04:00,,10019.3,-2174.04,10367.0,-2764.71,http://f.wishabi.net/page_items/429768450/1785960821/extra_large.jpg
Walmart,8072271,1031501416,Sensible Portions Garden Veggie Straws,Sensible Portions,2.96,,,,$2.96,,2026-08-13T00:00:00-04:00,2026-08-19T23:59:59-04:00,,2608.87,-2186.63,2760.89,-2353.42,http://f.wishabi.net/page_items/429801142/1786394144/extra_large.jpg
Walmart,8072271,1032945929,Sensodyne Clinical Repair Toothpaste,,7.97,,,,$7.97,,2026-08-13T00:00:00-04:00,2026-08-19T23:59:59-04:00,,39427.7,-190.26,39504.4,-471.41,http://f.wishabi.net/page_items/430536338/1786587816/extra_large.jpg
Walmart,8033586,1026859877,Sensodyne Clinical Repair or White toothpaste,Sensodyne,7.97,,,,$7.97,,2026-07-30T00:00:00-04:00,2026-09-16T23:59:59-04:00,,9516.84,-1143.74,9671.81,-1540.47,http://f.wishabi.net/page_items/427462200/1784303065/extra_large.jpg
Walmart,8033586,1026865926,Sensodyne Clinical Repair toothpaste,Sensodyne,7.97,,,,$7.97,,2026-07-30T00:00:00-04:00,2026-09-16T23:59:59-04:00,,9327.78,-1139.1,9482.75,-1535.82,http://f.wishabi.net/page_items/427462199/1784303064/extra_large.jpg
Walmart,8072271,1032945901,Sensodyne Clinical White Enamel Strengthening,Sensodyne,7.97,,,,$7.97,,2026-08-13T00:00:00-04:00,2026-08-19T23:59:59-04:00,,39381.2,-184.06,39426.9,-424.91,http://f.wishabi.net/page_items/430536305/1786587808/extra_large.jpg
Walmart,8072271,1032945930,Sensodyne Toothpaste,Sensodyne,4.94,,,,$4.94,,2026-08-13T00:00:00-04:00,2026-08-19T23:59:59-04:00,,39131.0,-260.03,39337.1,-315.86,http://f.wishabi.net/page_items/430536340/1786587817/extra_large.jpg
Walmart,8072271,1032945916,Sensodyne or Pronamel toothpaste,,4.94,,,,$4.94,,2026-08-13T00:00:00-04:00,2026-08-19T23:59:59-04:00,,39091.0,-202.03,39297.1,-257.86,http://f.wishabi.net/page_items/430536320/1786587812/extra_large.jpg
Walmart,8072271,1031568839,Shanghai bok choy,,1.98,,,,$1.98,,2026-08-13T00:00:00-04:00,2026-08-19T23:59:59-04:00,,4429.35,-223.15,4581.26,-402.96,http://f.wishabi.net/page_items/429810086/1785993229/extra_large.jpg
Walmart,8033586,1026859840,Shark BU1620C cordless stick vacuum,Shark,249.98,,,,$249.98,,2026-07-30T00:00:00-04:00,2026-09-16T23:59:59-04:00,,8213.8,-304.17,8574.46,-1368.25,http://f.wishabi.net/page_items/427380404/1784303067/extra_large.jpg
Walmart,8033586,1026865947,Shark HV340WMC corded stick vacuum,Shark,249.98,,,,$249.98,,2026-07-30T00:00:00-04:00,2026-09-16T23:59:59-04:00,,7820.92,-278.21,8214.03,-1374.01,http://f.wishabi.net/page_items/427380401/1784303065/extra_large.jpg
Walmart,8080972,1032870921,Shark HV370C Rocket Pro Corded Stick Vacuum,Shark,179.98,,,,$179.98,,2026-08-13T00:00:00-04:00,2026-08-19T23:59:59-04:00,,10423.5,-1406.73,10959.0,-2069.16,http://f.wishabi.net/page_items/429769898/1785962002/extra_large.jpg
Walmart,8033586,1026860904,Shark LU240C upright vacuum,Shark,299.98,,,,$299.98,,2026-07-30T00:00:00-04:00,2026-09-16T23:59:59-04:00,,8581.0,-304.32,8946.19,-1357.85,http://f.wishabi.net/page_items/427380403/1784303067/extra_large.jpg
Walmart,8072271,1032575395,Sharpie Toy Story 5 permanent markers,Sharpie,3.48,,,,$3.48,,2026-08-13T00:00:00-04:00,2026-09-16T23:59:59-04:00,,18770.1,-1871.84,19268.4,-2341.82,http://f.wishabi.net/page_items/430352514/1786500163/extra_large.jpg
Walmart,8072271,1032277488,Sharpie bullet-tip creative markers 5-pack.,Sharpie,10.98,,,,$10.98,,2026-08-13T00:00:00-04:00,2026-09-16T23:59:59-04:00,,18035.48,-1511.6,18206.77,-1639.28,http://f.wishabi.net/page_items/430240142/1786401084/extra_large.jpg
Walmart,8072271,1032575367,Sharpie original 12-pack,Sharpie,7.98,,,,$7.98,,2026-08-13T00:00:00-04:00,2026-09-16T23:59:59-04:00,,18873.1,-1047.57,19029.7,-1204.66,http://f.wishabi.net/page_items/430352328/1786500160/extra_large.jpg
Walmart,8072271,1032575384,Sharpie original 12-pack or Mystic Gems fine-point 14-pack permanent markers,,7.98,,,,$7.98,,2026-08-13T00:00:00-04:00,2026-09-16T23:59:59-04:00,,19036.8,-1073.63,19178.1,-1214.47,http://f.wishabi.net/page_items/430352427/1786500162/extra_large.jpg
Walmart,8072271,1033389911,Silk Almond Protein soy beverage,Silk,3.98,,,,$3.98,,2026-08-13T00:00:00-04:00,2026-08-19T23:59:59-04:00,,406.45,-1466.11,489.66,-1671.84,http://f.wishabi.net/page_items/430724070/1786753912/extra_large.jpg
Walmart,8072271,1033389802,Silk Almond beverage,Silk,3.98,,,,$3.98,,2026-08-13T00:00:00-04:00,2026-08-19T23:59:59-04:00,,342.25,-1383.36,402.66,-1592.09,http://f.wishabi.net/page_items/430723956/1786753899/extra_large.jpg
Walmart,8072271,1031562839,Similac 360 Total Care step 1 or 2 powder infant formula,Similac,59.98,,,,$59.98,,2026-08-13T00:00:00-04:00,2026-08-19T23:59:59-04:00,,6031.5,-1334.0,6164.5,-1484.0,http://f.wishabi.net/page_items/429805837/1785993242/extra_large.jpg
Walmart,8072271,1031502606,Similac 360 Total Care step 1 powder infant formula,Similac,59.98,,,,$59.98,,2026-08-13T00:00:00-04:00,2026-08-19T23:59:59-04:00,,5888.34,-1329.19,6028.49,-1487.93,http://f.wishabi.net/page_items/429801922/1785993229/extra_large.jpg
Walmart,8072271,1031780980,Similac Pro-Advance step 1 ready-to-feed bottles,Similac,59.98,,,,$59.98,,2026-08-13T00:00:00-04:00,2026-08-19T23:59:59-04:00,,37782.54,-1122.1,38073.96,-1392.1,http://f.wishabi.net/page_items/429899418/1786396478/extra_large.jpg
Walmart,8033586,1032475396,Simplehuman plastic step garbage bin,simplehuman,70.0,,,,$70.0,,2026-07-30T00:00:00-04:00,2026-09-16T23:59:59-04:00,,5054.14,-1988.85,5360.21,-2552.69,http://f.wishabi.net/page_items/430308361/1786466277/extra_large.jpg
Walmart,8072271,1032575561,Sistema food storage containers,Sistema,9.97,,,,$9.97,,2026-08-13T00:00:00-04:00,2026-09-16T23:59:59-04:00,,22348.4,-1662.03,22633.3,-1812.88,http://f.wishabi.net/page_items/430348963/1786500159/extra_large.jpg
Walmart,8072271,1032575536,Skross backpack,,34.97,,,,$34.97,,2026-08-13T00:00:00-04:00,2026-09-16T23:59:59-04:00,,21177.6,-2025.28,21445.6,-2353.43,http://f.wishabi.net/page_items/430352884/1786500163/extra_large.jpg
Walmart,8033586,1030255364,Skylight calendar,,449.99,,,,$449.99,,2026-07-30T00:00:00-04:00,2026-09-16T23:59:59-04:00,,3222.0,-1557.36,3740.0,-1899.36,http://f.wishabi.net/page_items/429173364/1785429056/extra_large.jpg
Walmart,8072271,1032575666,Snack Pack puddings,Snack Pack,1.98,,,,$1.98,,2026-08-13T00:00:00-04:00,2026-09-16T23:59:59-04:00,,24288.1,-2189.33,24436.0,-2386.25,http://f.wishabi.net/page_items/430347741/1786500166/extra_large.jpg
Walmart,8033586,1032475413,SodaStream Pepsi drink mixes*,SodaStream,5.98,,,,$5.98,,2026-07-30T00:00:00-04:00,2026-09-16T23:59:59-04:00,,5591.96,-1285.44,5654.33,-1511.24,http://f.wishabi.net/page_items/430308653/1786466328/extra_large.jpg
Walmart,8033586,1032475402,SodaStream Terra sparkling water maker,SodaStream,79.98,,,,$79.98,,2026-07-30T00:00:00-04:00,2026-09-16T23:59:59-04:00,,5659.1,-1085.32,5800.54,-1677.19,http://f.wishabi.net/page_items/430308355/1786466325/extra_large.jpg
Walmart,8033586,1032475427,SodaStream classic drink mixes,,,,,,,,2026-07-30T00:00:00-04:00,2026-09-16T23:59:59-04:00,,5505.73,-1515.68,5652.44,-1702.45,http://f.wishabi.net/page_items/430308693/1786466331/extra_large.jpg
Walmart,8033586,1032475400,Sodastream Pepsi or classic drink mixes,SodaStream,5.98,,,,$5.98,,2026-07-30T00:00:00-04:00,2026-09-16T23:59:59-04:00,,5506.39,-1320.53,5581.42,-1511.0,http://f.wishabi.net/page_items/430308320/1786466324/extra_large.jpg
Walmart,8072271,1031502615,Softsoap body wash,Softsoap,3.97,,,,$3.97,,2026-08-13T00:00:00-04:00,2026-08-19T23:59:59-04:00,,6381.87,-50.95,6512.4,-315.35,http://f.wishabi.net/page_items/429801924/1785993230/extra_large.jpg
Walmart,8072271,1032945013,Solo 4 wireless headphones,,169.94,,,,$169.94,,2026-08-13T00:00:00-04:00,2026-08-19T23:59:59-04:00,,6852.79,-1203.76,7305.5,-1399.69,http://f.wishabi.net/page_items/430538446/1786586767/extra_large.jpg
Walmart,8072271,1031543216,Sour Patch Kids candy,Sour Patch Kids,3.98,,,,$3.98,,2026-08-13T00:00:00-04:00,2026-08-19T23:59:59-04:00,,3593.43,-1651.06,3710.0,-1814.61,http://f.wishabi.net/page_items/429806300/1786394461/extra_large.jpg
Walmart,8072271,1031780922,Spark Create Imagine activity centre,,69.97,,,,$69.97,,2026-08-13T00:00:00-04:00,2026-08-19T23:59:59-04:00,,37782.02,-1959.3,38071.13,-2230.74,http://f.wishabi.net/page_items/429899447/1786396485/extra_large.jpg
Walmart,8080972,1032870892,Special Kitty Clumping Cat Litter with Baking Soda 18kg,Special Kitty,9.98,,,,$9.98,,2026-08-13T00:00:00-04:00,2026-08-19T23:59:59-04:00,,9643.9,-3469.46,9991.67,-4060.12,http://f.wishabi.net/page_items/429768453/1785960823/extra_large.jpg
Walmart,8080972,1032870698,Special Kitty Health Monitoring Cat Litter 3.6kg,Special Kitty,16.97,,,,$16.97,,2026-08-13T00:00:00-04:00,2026-08-19T23:59:59-04:00,,6554.27,-2698.47,6902.04,-3360.89,http://f.wishabi.net/page_items/429768412/1785960819/extra_large.jpg
Walmart,8080972,1032870897,Special Kitty Lightweight Clumping Unscented Cat Litter 9kg,Special Kitty,18.97,,,,$18.97,,2026-08-13T00:00:00-04:00,2026-08-19T23:59:59-04:00,,10019.3,-3469.46,10367.0,-4060.12,http://f.wishabi.net/page_items/429768454/1785960824/extra_large.jpg
Walmart,8072271,1031502190,Special Kitty clumping cat litter,Special Kitty,9.98,,,,$9.98,,2026-08-13T00:00:00-04:00,2026-08-19T23:59:59-04:00,,5372.46,-1650.45,5507.29,-1829.94,http://f.wishabi.net/page_items/429801869/1785993221/extra_large.jpg
Walmart,8072271,1031502220,Special Kitty health monitoring cat litter,Special Kitty,16.97,,,,$16.97,,2026-08-13T00:00:00-04:00,2026-08-19T23:59:59-04:00,,4911.84,-1686.4,5042.95,-1885.62,http://f.wishabi.net/page_items/429801887/1785993227/extra_large.jpg
Walmart,8033586,1032471994,Spider-Man short-sleeved tee,Spider-Man,10.0,,,,$10.0,,2026-07-30T00:00:00-04:00,2026-09-16T23:59:59-04:00,,19856.1,-392.39,20185.1,-1057.69,http://f.wishabi.net/page_items/430304137/1786461854/extra_large.jpg
Walmart,8072271,1031502226,SpongeTowels UltraPRO paper towels,SpongeTowels,19.98,,,,$19.98,,2026-08-13T00:00:00-04:00,2026-08-19T23:59:59-04:00,,5223.9,-441.88,5497.47,-692.7,http://f.wishabi.net/page_items/429801891/1785993228/extra_large.jpg
Walmart,8072271,1032945933,St. Ives body lotion,St. Ives,4.97,,,,$4.97,,2026-08-13T00:00:00-04:00,2026-08-19T23:59:59-04:00,,39126.9,-507.19,39211.5,-765.72,http://f.wishabi.net/page_items/430536348/1786587818/extra_large.jpg
Walmart,8072271,1032944992,Staedtler Graphite Pencils,STAEDTLER,2.0,,,,$2.0,,2026-08-13T00:00:00-04:00,2026-08-19T23:59:59-04:00,,7163.78,-177.21,7458.92,-371.14,http://f.wishabi.net/page_items/430538439/1786586764/extra_large.jpg
Walmart,8072271,1032575463,Stamp 'N Stick DIY kit or Math Roller Addition or Symbols Addition stamps,,12.97,,,,$12.97,,2026-08-13T00:00:00-04:00,2026-09-16T23:59:59-04:00,,19754.1,-61.52,20129.6,-587.79,http://f.wishabi.net/page_items/430349810/1786500163/extra_large.jpg
Walmart,8072271,1032575580,Starfrit Lock & Lock Easy Match food storage containers,Starfrit,6.97,,,,$6.97,,2026-08-13T00:00:00-04:00,2026-09-16T23:59:59-04:00,,22929.9,-1640.57,23250.3,-1758.83,http://f.wishabi.net/page_items/430349079/1786500161/extra_large.jpg
Walmart,8072271,1032575639,Starfrit Lock&Lock Easy Match food storage containers,,6.97,,,,$6.97,,2026-08-13T00:00:00-04:00,2026-09-16T23:59:59-04:00,,23138.7,-1542.96,23470.2,-1640.75,http://f.wishabi.net/page_items/430349741/1786500170/extra_large.jpg
Walmart,8033586,1032475371,Starfrit The Rock Terra ceramic 8 non-stick fry pan,Starfrit,9.97,,,,$9.97,,2026-07-30T00:00:00-04:00,2026-09-16T23:59:59-04:00,,4750.34,-215.6,4912.83,-514.01,http://f.wishabi.net/page_items/430308201/1786466273/extra_large.jpg
Walmart,8072271,1032574462,Stationery,,,,,,,,2026-08-13T00:00:00-04:00,2026-08-19T23:59:59-04:00,,9621.85,-812.05,9804.34,-1048.59,http://f.wishabi.net/page_items/430356579/1786500168/extra_large.jpg
Walmart,8033586,1032475390,Sterilite 2-piece sink set,Sterilite,9.97,,,,$9.97,,2026-07-30T00:00:00-04:00,2026-09-16T23:59:59-04:00,,4772.4,-531.72,5265.05,-733.81,http://f.wishabi.net/page_items/430308318/1786466276/extra_large.jpg
Walmart,8072271,1032035863,Sterilite 3-drawer medium cart,Sterilite,21.97,,,,$21.97,,2026-08-13T00:00:00-04:00,2026-09-16T23:59:59-04:00,,34647.71,-197.39,34904.89,-834.23,http://f.wishabi.net/page_items/429840509/1786217442/extra_large.jpg
Walmart,8072271,1032035854,Sterilite 3-drawer wide cart,Sterilite,39.97,,,,$39.97,,2026-08-13T00:00:00-04:00,2026-09-16T23:59:59-04:00,,34363.19,-871.31,34754.96,-1185.08,http://f.wishabi.net/page_items/429840502/1786217439/extra_large.jpg
Walmart,8072271,1032035857,Sterilite rectangular open laundry hamper,Sterilite,9.97,,,,$9.97,,2026-08-13T00:00:00-04:00,2026-09-16T23:59:59-04:00,,34369.46,-264.66,34645.55,-835.81,http://f.wishabi.net/page_items/429840507/1786217440/extra_large.jpg
Walmart,8072271,1032035860,Sterilite storage tote,Sterilite,8.47,,,,$8.47,,2026-08-13T00:00:00-04:00,2026-09-16T23:59:59-04:00,,34903.2,-177.8,35160.83,-836.83,http://f.wishabi.net/page_items/429840508/1786217441/extra_large.jpg
Walmart,8072271,1032035846,Sterilite wheeled under-bed tote,,26.97,,,,$26.97,,2026-08-13T00:00:00-04:00,2026-09-16T23:59:59-04:00,,34364.61,-1202.22,34754.85,-1525.49,http://f.wishabi.net/page_items/429840500/1786217438/extra_large.jpg
Walmart,8072271,1032575530,Steve Madden backpack,,34.97,,,,$34.97,,2026-08-13T00:00:00-04:00,2026-09-16T23:59:59-04:00,,21845.9,-1469.02,22106.7,-1764.3,http://f.wishabi.net/page_items/430352864/1786500162/extra_large.jpg
Walmart,8033586,1033127787,Stock up,,,,,,,,2026-07-30T00:00:00-04:00,2026-09-16T23:59:59-04:00,,657.89,-2110.33,965.79,-2517.18,http://f.wishabi.net/page_items/427758926/1784307386/extra_large.jpg
Walmart,8072271,1032945174,Stretch denim,,16.0,,,,$16.0,,2026-08-13T00:00:00-04:00,2026-08-19T23:59:59-04:00,,8141.93,-652.45,8435.79,-1083.57,http://f.wishabi.net/page_items/430536572/1786586771/extra_large.jpg
Walmart,8033586,1026879927,Suave antiperspirant,Suave,3.97,,,,$3.97,,2026-07-30T00:00:00-04:00,2026-09-16T23:59:59-04:00,,15363.6,-98.35,15447.5,-274.64,http://f.wishabi.net/page_items/427462181/1784303067/extra_large.jpg
Walmart,8072271,1032945910,Suave body wash,Suave,3.97,,,,$3.97,,2026-08-13T00:00:00-04:00,2026-08-19T23:59:59-04:00,,39525.8,-1687.86,39607.9,-1877.0,http://f.wishabi.net/page_items/430536313/1786587811/extra_large.jpg
Walmart,8033586,1026859829,Suave body wash,Suave,3.97,,,,$3.97,,2026-07-30T00:00:00-04:00,2026-09-16T23:59:59-04:00,,15269.6,-16.26,15361.3,-263.8,http://f.wishabi.net/page_items/427462183/1784303067/extra_large.jpg
Walmart,8033586,1026869411,Suave body wash or antiperspirant,Suave,3.97,,,,$3.97,,2026-07-30T00:00:00-04:00,2026-09-16T23:59:59-04:00,,15178.8,-30.2,15270.4,-277.74,http://f.wishabi.net/page_items/427380783/1784303064/extra_large.jpg
Walmart,8072271,1032945937,Suave body wash or deodorant,Suave,3.97,,,,$3.97,,2026-08-13T00:00:00-04:00,2026-08-19T23:59:59-04:00,,39441.8,-1688.86,39523.9,-1878.0,http://f.wishabi.net/page_items/430536359/1786587820/extra_large.jpg
Walmart,8072271,1031555944,Summer Fresh dips or hummus,Summer Fresh,3.47,,,,$3.47,,2026-08-13T00:00:00-04:00,2026-08-19T23:59:59-04:00,,2133.4,-1919.34,2266.53,-2050.17,http://f.wishabi.net/page_items/429805988/1786394152/extra_large.jpg
Walmart,8072271,1032945084,Super Sticky Notes,,3.47,,,,$3.47,,2026-08-13T00:00:00-04:00,2026-08-19T23:59:59-04:00,,6935.19,-370.96,7016.4,-483.91,http://f.wishabi.net/page_items/430538544/1786586779/extra_large.jpg
Walmart,8072271,1032944974,Super Sticky notes,,3.47,,,,$3.47,,2026-08-13T00:00:00-04:00,2026-08-19T23:59:59-04:00,,6853.19,-373.96,6934.4,-486.91,http://f.wishabi.net/page_items/430538435/1786586761/extra_large.jpg
Walmart,8072271,1033390294,Swanson fettuccini Alfredo or cheesy rice with broccoli & chicken frozen entrees,,4.97,,,,$4.97,,2026-08-13T00:00:00-04:00,2026-09-16T23:59:59-04:00,,30372.0,-2067.37,30640.7,-2273.69,http://f.wishabi.net/page_items/430719966/1786753884/extra_large.jpg
Walmart,8072271,1033390300,Swanson fettuccini Alfredo with broccoli & chicken frozen entrees,,4.97,,,,$4.97,,2026-08-13T00:00:00-04:00,2026-09-16T23:59:59-04:00,,30649.5,-2073.23,30933.4,-2282.65,http://f.wishabi.net/page_items/430720013/1786753889/extra_large.jpg
Walmart,8072271,1033390295,Swanson lasagna,Swanson,4.97,,,,$4.97,,2026-08-13T00:00:00-04:00,2026-09-16T23:59:59-04:00,,31005.1,-2073.14,31288.8,-2275.33,http://f.wishabi.net/page_items/430719971/1786753885/extra_large.jpg
Walmart,8072271,1033390301,Swanson sweet & sour chicken frozen entrees,Swanson,4.97,,,,$4.97,,2026-08-13T00:00:00-04:00,2026-09-16T23:59:59-04:00,,31302.9,-2080.35,31573.3,-2279.44,http://f.wishabi.net/page_items/430720019/1786753889/extra_large.jpg
Walmart,8072271,1031562858,Swiffer Mop wet pads refill 24s,Swiffer,9.97,,,,$9.97,,2026-08-13T00:00:00-04:00,2026-08-19T23:59:59-04:00,,5476.32,-1103.76,5665.44,-1224.31,http://f.wishabi.net/page_items/429806672/1785993234/extra_large.jpg
Walmart,8072271,1031502217,Swiffer Sweep + Mop wet pads refill 24s,,9.97,,,,$9.97,,2026-08-13T00:00:00-04:00,2026-08-19T23:59:59-04:00,,5393.32,-1013.76,5475.44,-1231.31,http://f.wishabi.net/page_items/429801885/1785993226/extra_large.jpg
Walmart,8072271,1031498737,Swiss Chalet fully cooked pork,,10.76,,,,$10.76,,2026-08-13T00:00:00-04:00,2026-08-19T23:59:59-04:00,,1480.13,-1330.14,1701.7,-1404.98,http://f.wishabi.net/page_items/429800983/1786393619/extra_large.jpg
Walmart,8072271,1031556860,Swiss Chalet fully cooked pork back ribs,Swiss Chalet,10.76,,,,$10.76,,2026-08-13T00:00:00-04:00,2026-08-19T23:59:59-04:00,,1713.13,-1280.14,1878.7,-1356.98,http://f.wishabi.net/page_items/429806362/1786393637/extra_large.jpg
Walmart,8033586,1032475363,T-fal Essential 15-piece cookware set,T-fal,69.97,,,,$69.97,,2026-07-30T00:00:00-04:00,2026-09-16T23:59:59-04:00,,5035.18,-1380.48,5402.87,-1745.07,http://f.wishabi.net/page_items/430308100/1786466271/extra_large.jpg
Walmart,8033586,1032475360,T-fal Essential 2-piece fry pan set,T-fal,16.97,,,,$16.97,,2026-07-30T00:00:00-04:00,2026-09-16T23:59:59-04:00,,4614.27,-1382.95,4993.74,-1764.16,http://f.wishabi.net/page_items/430308088/1786466271/extra_large.jpg
Walmart,8072271,1032575555,TAL 24-oz. stainless steel 2-in-1 straw and chug water bottle,,18.98,,,,$18.98,,2026-08-13T00:00:00-04:00,2026-09-16T23:59:59-04:00,,22332.5,-1047.24,22465.3,-1461.1,http://f.wishabi.net/page_items/430348948/1786500159/extra_large.jpg
Walmart,8072271,1032575623,TAL 24-oz. stainless steel 2-in-l straw and chug water bottle,,18.98,,,,$18.98,,2026-08-13T00:00:00-04:00,2026-09-16T23:59:59-04:00,,22487.5,-1050.93,22604.4,-1461.1,http://f.wishabi.net/page_items/430349654/1786500168/extra_large.jpg
Walmart,8080972,1032870420,"TEMPTATIONS Cat Treats, Tasty Chicken Flavour, 180g",Temptations,2.58,,,,$2.58,,2026-08-13T00:00:00-04:00,2026-08-19T23:59:59-04:00,,28.52,-1333.13,376.3,-1995.56,http://f.wishabi.net/page_items/429768346/1785960820/extra_large.jpg
Walmart,8080972,1032871049,"TEMPTATIONS Mix-Ups Cat Treats , 850g Tub",Temptations,12.97,,,,$12.97,,2026-08-13T00:00:00-04:00,2026-08-19T23:59:59-04:00,,13108.9,-2698.47,13456.7,-3360.89,http://f.wishabi.net/page_items/429768482/1785960819/extra_large.jpg
Walmart,8033586,1032884209,TRESemmé shampoo,TRESemmé,6.97,,,,$6.97,,2026-07-30T00:00:00-04:00,2026-09-16T23:59:59-04:00,,16026.6,-951.55,16123.2,-1206.11,http://f.wishabi.net/page_items/430507346/1786559433/extra_large.jpg
Walmart,8033586,1032884215,"TRESemmé shampoo, conditioner or styling products",TRESemmé,6.97,,,,$6.97,,2026-07-30T00:00:00-04:00,2026-09-16T23:59:59-04:00,,16124.2,-948.45,16220.9,-1203.01,http://f.wishabi.net/page_items/430507355/1786559438/extra_large.jpg
Walmart,8033586,1027063954,TRU Stainless Steel Kettle,TRU,19.88,,,,$19.88,,2026-07-30T00:00:00-04:00,2026-09-16T23:59:59-04:00,,6482.5,-2278.84,6612.5,-2383.84,http://f.wishabi.net/page_items/427708288/1784303072/extra_large.jpg
Walmart,8033586,1026861273,TRU glass kettle,TRU,24.88,,,,$24.88,,2026-07-30T00:00:00-04:00,2026-09-16T23:59:59-04:00,,6773.52,-2338.32,6909.9,-2488.35,http://f.wishabi.net/page_items/427380835/1784303065/extra_large.jpg
Walmart,8033586,1027063948,TRU glass kettle or digital coffee maker,TRU,24.88,,,,$24.88,,2026-07-30T00:00:00-04:00,2026-09-16T23:59:59-04:00,,6646.5,-2260.84,6757.5,-2478.84,http://f.wishabi.net/page_items/427708287/1784303071/extra_large.jpg
Walmart,8072271,1032574479,"TUCCI Italy CityRider 17.7"" backpack",TUCCI,60.0,,,,$60.0,,2026-08-13T00:00:00-04:00,2026-09-16T23:59:59-04:00,,12228.3,-237.47,12758.8,-674.43,http://f.wishabi.net/page_items/430352207/1786500158/extra_large.jpg
Walmart,8072271,1032574482,"TUCCI Italy SportSurge 17.3"" laptop backpack",TUCCI,61.99,,,,$61.99,,2026-08-13T00:00:00-04:00,2026-09-16T23:59:59-04:00,,12224.5,-725.98,12769.8,-1161.09,http://f.wishabi.net/page_items/430352545/1786500159/extra_large.jpg
Walmart,8072271,1033332904,Taco Bell Dips,Taco Bell,5.47,,,,$5.47,,2026-08-13T00:00:00-04:00,2026-08-19T23:59:59-04:00,,41690.3,-952.6,42075.2,-1200.64,http://f.wishabi.net/page_items/430685908/1786718532/extra_large.jpg
Walmart,8072271,1033332910,Taco Bell Meal Kits,Taco Bell,4.47,,,,$4.47,,2026-08-13T00:00:00-04:00,2026-08-19T23:59:59-04:00,,42188.5,-1010.34,42347.5,-1171.34,http://f.wishabi.net/page_items/430685923/1786718536/extra_large.jpg
Walmart,8072271,1033332907,Taco Bell meal kits,Taco Bell,4.47,,,,$4.47,,2026-08-13T00:00:00-04:00,2026-08-19T23:59:59-04:00,,42092.3,-931.93,42186.7,-1099.04,http://f.wishabi.net/page_items/430685915/1786718534/extra_large.jpg
Walmart,8072271,1031502187,Temptations Lickable Singles 40 g or 48 g,Temptations,2.58,,,,$2.58,,2026-08-13T00:00:00-04:00,2026-08-19T23:59:59-04:00,,4908.24,-1906.29,5027.75,-2098.06,http://f.wishabi.net/page_items/429801867/1785993221/extra_large.jpg
Walmart,8072271,1031570894,Temptations cat treats,Temptations,2.58,,,,$2.58,,2026-08-13T00:00:00-04:00,2026-08-19T23:59:59-04:00,,5032.24,-1961.29,5176.75,-2149.06,http://f.wishabi.net/page_items/429806685/1785993238/extra_large.jpg
Walmart,8072271,1031498954,Terra Delyssa extra virgin olive oil,Terra Delyssa,11.97,,,,$11.97,,2026-08-13T00:00:00-04:00,2026-08-19T23:59:59-04:00,,1031.44,-1033.09,1300.37,-1263.26,http://f.wishabi.net/page_items/429801000/1786393621/extra_large.jpg
Walmart,8080972,1032871004,Tetra Pond Fish Food for Koi and Goldfish,Tetra,17.98,,,,$17.98,,2026-08-13T00:00:00-04:00,2026-08-19T23:59:59-04:00,,12329.3,-3460.26,12677.0,-4050.92,http://f.wishabi.net/page_items/429768476/1785960824/extra_large.jpg
Walmart,8080972,1032870995,TetraFin Fish Food Flakes for Goldfish,Tetra,17.98,,,,$17.98,,2026-08-13T00:00:00-04:00,2026-08-19T23:59:59-04:00,,11578.5,-3460.26,11926.3,-4050.92,http://f.wishabi.net/page_items/429768474/1785960823/extra_large.jpg
Walmart,8080972,1032870999,TetraMin Fish Food Flakes for Tropical Fish,Tetra,17.98,,,,$17.98,,2026-08-13T00:00:00-04:00,2026-08-19T23:59:59-04:00,,11953.9,-3460.26,12301.7,-4050.92,http://f.wishabi.net/page_items/429768475/1785960824/extra_large.jpg
Walmart,8072271,1031534415,Thai Chef instant noodles 5-pack,,2.97,,,,$2.97,,2026-08-13T00:00:00-04:00,2026-08-19T23:59:59-04:00,,4608.56,-1187.67,4830.63,-1406.27,http://f.wishabi.net/page_items/429805786/1785993229/extra_large.jpg
Walmart,8072271,1031572423,The Laughing Cow spreadable cheese 8-pack,The Laughing Cow,3.68,,,,$3.68,,2026-08-13T00:00:00-04:00,2026-08-19T23:59:59-04:00,,2455.07,-1917.35,2576.15,-2040.31,http://f.wishabi.net/page_items/429805994/1786394153/extra_large.jpg
Walmart,8033586,1026869060,TheraBreath Deep Clean oral rinse,TheraBreath,14.98,,,,$14.98,,2026-07-30T00:00:00-04:00,2026-09-16T23:59:59-04:00,,9010.99,-1610.91,9455.15,-2055.34,http://f.wishabi.net/page_items/427380795/1784303062/extra_large.jpg
Walmart,8033586,1026868290,TheraBreath Healthy Gums oral rinse,TheraBreath,14.98,,,,$14.98,,2026-07-30T00:00:00-04:00,2026-09-16T23:59:59-04:00,,9132.33,-2105.67,9235.55,-2379.46,http://f.wishabi.net/page_items/427380798/1784303063/extra_large.jpg
Walmart,8033586,1027060372,TheraBreath Whitening oral rinse,TheraBreath,14.98,,,,$14.98,,2026-07-30T00:00:00-04:00,2026-09-16T23:59:59-04:00,,9247.01,-2107.22,9350.23,-2381.01,http://f.wishabi.net/page_items/427708025/1784303067/extra_large.jpg
Walmart,8072271,1032944963,Thermos Funtainer bottle 10-oz,Thermos,17.97,,,,$17.97,,2026-08-13T00:00:00-04:00,2026-08-19T23:59:59-04:00,,7474.75,-577.43,7515.13,-670.98,http://f.wishabi.net/page_items/430538431/1786586759/extra_large.jpg
Walmart,8033586,1032472039,Thermos licensed 16-oz bottle,Thermos,15.97,,,,$15.97,,2026-07-30T00:00:00-04:00,2026-09-16T23:59:59-04:00,,20078.8,-99.23,20122.2,-229.25,http://f.wishabi.net/page_items/430304183/1786461856/extra_large.jpg
Walmart,8033586,1032472103,Thermos licensed 16-oz. bottle or 10-oz food jar.,Thermos,17.97,,,,$17.97,,2026-07-30T00:00:00-04:00,2026-09-16T23:59:59-04:00,,20847.6,-2229.29,20940.1,-2328.64,http://f.wishabi.net/page_items/430308275/1786461960/extra_large.jpg
Walmart,8033586,1032472052,Thermos licensed 16-oz. bottle or 10-oz. food jar.,,15.97,,,,$15.97,,2026-07-30T00:00:00-04:00,2026-09-16T23:59:59-04:00,,20129.0,-137.83,20180.7,-222.4,http://f.wishabi.net/page_items/430304198/1786461856/extra_large.jpg
Walmart,8033586,1032472235,Thermos licensed 16-oz. bottle or 10-oz. food jar. Heys licensed lunch bags,,17.97,,,,$17.97,,2026-07-30T00:00:00-04:00,2026-09-16T23:59:59-04:00,,21042.3,-2164.51,21210.0,-2346.45,http://f.wishabi.net/page_items/430308632/1786461966/extra_large.jpg
Walmart,8033586,1032472219,Thermos licensed 16-oz. bottle or 10-oz. food jar. Heys licensed lunch bags,,15.97,,,,$15.97,,2026-07-30T00:00:00-04:00,2026-09-16T23:59:59-04:00,,20955.6,-2179.82,21039.9,-2358.67,http://f.wishabi.net/page_items/430308612/1786461966/extra_large.jpg
Walmart,8072271,1031499006,"Tide Pods laundry detergent 45,57 or 76 loads",Tide,18.97,,,,$18.97,,2026-08-13T00:00:00-04:00,2026-08-19T23:59:59-04:00,,1452.71,-1030.33,1550.75,-1108.32,http://f.wishabi.net/page_items/429801003/1786393622/extra_large.jpg
Walmart,8072271,1031502229,Tide Simply laundry detergent,Tide,7.97,,,,$7.97,,2026-08-13T00:00:00-04:00,2026-08-19T23:59:59-04:00,,4920.35,-175.97,5074.04,-312.45,http://f.wishabi.net/page_items/429801893/1785993228/extra_large.jpg
Walmart,8072271,1032035866,Tide Simply laundry detergent,,7.97,,,,$7.97,,2026-08-13T00:00:00-04:00,2026-09-16T23:59:59-04:00,,34874.13,-1625.2,35100.37,-1793.13,http://f.wishabi.net/page_items/429916842/1786217442/extra_large.jpg
Walmart,8080972,1032871032,Tidy Cats LightWeight Multi-Cat Clumping Cat Litter 7.71 kg,Tidy Cat,28.88,,,,$28.88,,2026-08-13T00:00:00-04:00,2026-08-19T23:59:59-04:00,,12733.5,-2001.08,13081.3,-2663.5,http://f.wishabi.net/page_items/429768478/1785960817/extra_large.jpg
Walmart,8033586,1026868306,Tineco GO HammerHead wet/dry vacuum cleaner,Tineco,179.98,,,,$179.98,,2026-07-30T00:00:00-04:00,2026-09-16T23:59:59-04:00,,7816.38,-1435.05,8084.39,-2526.66,http://f.wishabi.net/page_items/427380398/1784303064/extra_large.jpg
Walmart,8033586,1026860919,Tineco GO Slim cordless stick vacuum,Tineco,169.98,,,,$169.98,,2026-07-30T00:00:00-04:00,2026-09-16T23:59:59-04:00,,8085.67,-1441.54,8353.99,-2529.99,http://f.wishabi.net/page_items/427380400/1784303065/extra_large.jpg
Walmart,8033586,1027063960,Toastmaster chopper,Toastmaster,19.88,,,,$19.88,,2026-07-30T00:00:00-04:00,2026-09-16T23:59:59-04:00,,6524.5,-2382.84,6629.5,-2489.84,http://f.wishabi.net/page_items/427708289/1784303073/extra_large.jpg
Walmart,8033586,1026860910,Toastmaster rice cooker or single burner,Toastmaster,14.88,,,,$14.88,,2026-07-30T00:00:00-04:00,2026-09-16T23:59:59-04:00,,6729.52,-407.43,6839.93,-531.8,http://f.wishabi.net/page_items/427380833/1784303064/extra_large.jpg
Walmart,8033586,1027063942,Toastmaster sandwich maker,Toastmaster,14.88,,,,$14.88,,2026-07-30T00:00:00-04:00,2026-09-16T23:59:59-04:00,,6563.5,-500.84,6726.5,-624.84,http://f.wishabi.net/page_items/427708286/1784303071/extra_large.jpg
Walmart,8033586,1027063930,Toastmaster single burner,Toastmaster®,14.88,,,,$14.88,,2026-07-30T00:00:00-04:00,2026-09-16T23:59:59-04:00,,6779.52,-532.43,6915.93,-612.8,http://f.wishabi.net/page_items/427708284/1784303069/extra_large.jpg
Walmart,8033586,1027063936,Toastmaster toaster or sandwich maker,Toastmaster,14.88,,,,$14.88,,2026-07-30T00:00:00-04:00,2026-09-16T23:59:59-04:00,,6526.5,-385.84,6603.5,-495.84,http://f.wishabi.net/page_items/427708285/1784303070/extra_large.jpg
Walmart,8033586,1032472283,Toddler boys casual shoes,,,,,,,,2026-07-30T00:00:00-04:00,2026-09-16T23:59:59-04:00,,20953.4,-1862.5,21162.4,-1952.92,http://f.wishabi.net/page_items/430308686/1786461969/extra_large.jpg
Walmart,8033586,1032472248,Toddler boys fashion boots,,,,,,,,2026-07-30T00:00:00-04:00,2026-09-16T23:59:59-04:00,,20575.3,-911.29,20808.8,-996.71,http://f.wishabi.net/page_items/430308654/1786461967/extra_large.jpg
Walmart,8033586,1032472259,Toddler girls fashion boots,,,,,,,,2026-07-30T00:00:00-04:00,2026-09-16T23:59:59-04:00,,20841.4,-926.39,21090.6,-1007.41,http://f.wishabi.net/page_items/430308669/1786461967/extra_large.jpg
Walmart,8072271,1032337789,Tylenol Dual Action Acetaminophen + Ibuprofen,Tylenol,8.77,,,,$8.77,,2026-08-13T00:00:00-04:00,2026-08-19T23:59:59-04:00,,40718.8,-638.9,41619.3,-1002.66,http://f.wishabi.net/page_items/430253750/1786500157/extra_large.jpg
Walmart,8072271,1032337687,Tylenol Dual Action Acetaminophen + Ibuprofen,Tylenol,14.77,,,,$14.77,,2026-08-13T00:00:00-04:00,2026-08-19T23:59:59-04:00,,41169.6,-1015.62,41624.2,-1368.47,http://f.wishabi.net/page_items/430253660/1786500153/extra_large.jpg
Walmart,8072271,1032337854,Tylenol Extra Strength,Tylenol,16.34,,,,$16.34,,2026-08-13T00:00:00-04:00,2026-08-19T23:59:59-04:00,,41412.5,-1735.24,41593.9,-1991.86,http://f.wishabi.net/page_items/430253755/1786500161/extra_large.jpg
Walmart,8072271,1032337750,Tylenol Extra Strength Liquid Gels,,15.78,,,,$15.78,,2026-08-13T00:00:00-04:00,2026-08-19T23:59:59-04:00,,40707.3,-1382.16,41148.8,-1726.35,http://f.wishabi.net/page_items/430253747/1786500155/extra_large.jpg
Walmart,8072271,1032337763,Tylenol Extra Strength liquid gels,Tylenol,7.47,,,,$7.47,,2026-08-13T00:00:00-04:00,2026-08-19T23:59:59-04:00,,40707.1,-1015.75,41156.8,-1368.74,http://f.wishabi.net/page_items/430253748/1786500156/extra_large.jpg
Walmart,8072271,1032337711,Tylenol Muscle & Body,Tylenol,20.67,,,,$20.67,,2026-08-13T00:00:00-04:00,2026-08-19T23:59:59-04:00,,41183.0,-1380.74,41326.0,-1672.79,http://f.wishabi.net/page_items/430253711/1786500154/extra_large.jpg
Walmart,8072271,1032337828,Tylenol Muscle & Body or Arthritis pain relief,Tylenol,20.67,,,,$20.67,,2026-08-13T00:00:00-04:00,2026-08-19T23:59:59-04:00,,41326.6,-1427.93,41459.6,-1715.57,http://f.wishabi.net/page_items/430253753/1786500160/extra_large.jpg
Walmart,8072271,1032575430,Uni Posca PC-5M water-based paint markers,Posca,23.44,,,,$23.44,,2026-08-13T00:00:00-04:00,2026-09-16T23:59:59-04:00,,19377.5,-719.67,20033.7,-1272.17,http://f.wishabi.net/page_items/430349077/1786500160/extra_large.jpg
Walmart,8072271,1032544039,"VEAT00L F11 Android 13 Tablet 2026, 6GB(4+2) RAM, 64GB ROM, 128GB Expand, Quad-Core Processor up to 2.0 GHz, Dual Camera, WiFi, BT, 6000mAh with Fast Charge, 1280x800 HD Touch Screen",,152.99,,,,$152.99,,2026-08-13T00:00:00-04:00,2026-08-19T23:59:59-04:00,,9322.75,-716.13,9560.51,-1185.99,http://f.wishabi.net/page_items/430370432/1786485740/extra_large.jpg
Walmart,8072271,1032338712,VUSIGN magnetic dry-erase whiteboard,,27.99,,,,$27.99,,2026-08-13T00:00:00-04:00,2026-08-19T23:59:59-04:00,,36270.7,-657.18,36553.8,-991.89,http://f.wishabi.net/page_items/430253691/1786500155/extra_large.jpg
Walmart,8033586,1026868468,Vaseline lotion,Vaseline,9.96,,,,$9.96,,2026-07-30T00:00:00-04:00,2026-09-16T23:59:59-04:00,,15242.7,-482.26,15450.5,-1089.96,http://f.wishabi.net/page_items/427462185/1784303068/extra_large.jpg
Walmart,8072271,1032576803,Vega Protein & Supergreens plant-based powder,Vega,21.97,,,,$21.97,,2026-08-13T00:00:00-04:00,2026-09-16T23:59:59-04:00,,31782.0,-1105.14,32585.6,-1748.77,http://f.wishabi.net/page_items/430348110/1786500164/extra_large.jpg
Walmart,8072271,1032576807,Vega protein Made Simple protein powder,Vega Protein,19.97,,,,$19.97,,2026-08-13T00:00:00-04:00,2026-09-16T23:59:59-04:00,,32065.3,-1812.61,32239.4,-2117.61,http://f.wishabi.net/page_items/430348162/1786500165/extra_large.jpg
Walmart,8033586,1030255388,Velvet Mustard Bean Bag Chair,,,,,,,,2026-07-30T00:00:00-04:00,2026-09-16T23:59:59-04:00,,3739.85,-599.61,3926.35,-816.42,http://f.wishabi.net/page_items/429173417/1785429064/extra_large.jpg
Walmart,8072271,1032945887,Venus ComfortGlide women's 8 razor blade refills,Venus,29.97,,,,$29.97,,2026-08-13T00:00:00-04:00,2026-08-19T23:59:59-04:00,,39231.6,-787.03,39644.0,-1056.8,http://f.wishabi.net/page_items/430536292/1786587804/extra_large.jpg
Walmart,8080972,1032870429,Vibrant Life 5 Level Cat Tree,Vibrant Life,63.97,,,,$63.97,,2026-08-13T00:00:00-04:00,2026-08-19T23:59:59-04:00,,28.52,-2032.36,376.3,-2694.79,http://f.wishabi.net/page_items/429768349/1785960822/extra_large.jpg
Walmart,8080972,1032870812,Vibrant Life Cat Tree with Top Perch,Vibrant Life,39.97,,,,$39.97,,2026-08-13T00:00:00-04:00,2026-08-19T23:59:59-04:00,,8864.27,-1958.76,9212.04,-2621.18,http://f.wishabi.net/page_items/429768437/1785960821/extra_large.jpg
Walmart,8080972,1032870439,"Vibrant Life Dog Pee Pads and Puppy Training Pads L 150ct, selectes sizes.",Vibrant Life,29.98,,,,$29.98,,2026-08-13T00:00:00-04:00,2026-08-19T23:59:59-04:00,,28.52,-3395.85,376.3,-4058.28,http://f.wishabi.net/page_items/429768352/1785960824/extra_large.jpg
Walmart,8080972,1032871054,"Vibrant Life Dog Poop Bags, 120 Bags, selectes sizes.",Vibrant Life,4.98,,,,$4.98,,2026-08-13T00:00:00-04:00,2026-08-19T23:59:59-04:00,,13484.3,-2698.47,13832.0,-3360.89,http://f.wishabi.net/page_items/429768483/1785960819/extra_large.jpg
Walmart,8080972,1032870870,Vibrant Life Litter Box,Vibrant Life,34.94,,,,$34.94,,2026-08-13T00:00:00-04:00,2026-08-19T23:59:59-04:00,,10019.3,-1515.3,10367.0,-2105.96,http://f.wishabi.net/page_items/429768449/1785960820/extra_large.jpg
Walmart,8080972,1032870787,"Vibrant Life Round Dreamer Dog Bed, Small, 22""x22""",Vibrant Life,29.98,,,,$29.98,,2026-08-13T00:00:00-04:00,2026-08-19T23:59:59-04:00,,8113.52,-985.36,8461.29,-1647.78,http://f.wishabi.net/page_items/429768432/1785960818/extra_large.jpg
Walmart,8080972,1032870638,"Vibrant Life Tough Buddy Farm Friends with Rope Dog Toys, selected varieties",Vibrant Life,9.97,,,,$9.97,,2026-08-13T00:00:00-04:00,2026-08-19T23:59:59-04:00,,5023.9,-1322.09,5371.67,-1912.75,http://f.wishabi.net/page_items/430250950/1786395237/extra_large.jpg
Walmart,8033586,1026860893,Vitamasques lip butter balm,VITAMASQUES,6.97,,,,$6.97,,2026-07-30T00:00:00-04:00,2026-09-16T23:59:59-04:00,,11249.5,-122.42,11912.6,-776.23,http://f.wishabi.net/page_items/427455953/1784314618/extra_large.jpg
Walmart,8080972,1032870407,WK28_PETS_PAGE01_POS02_ENG-1,,,,,,,,2026-08-13T00:00:00-04:00,2026-08-19T23:59:59-04:00,,0.0,-267.73,1156.49,-1298.17,http://f.wishabi.net/page_items/429768338/1785960815/extra_large.jpg
Walmart,8080972,1032870454,WK28_PETS_PAGE02_POS01_ENG-2,,,,,,,,2026-08-13T00:00:00-04:00,2026-08-19T23:59:59-04:00,,1155.0,0.0,2311.49,-199.65,http://f.wishabi.net/page_items/429768355/1785960814/extra_large.jpg
Walmart,8080972,1032870461,WK28_PETS_PAGE02_POS03_ENG-2,,,,,,,,2026-08-13T00:00:00-04:00,2026-08-19T23:59:59-04:00,,1155.0,-1706.67,2311.49,-1907.23,http://f.wishabi.net/page_items/429768357/1785960815/extra_large.jpg
Walmart,8080972,1032870467,WK28_PETS_PAGE02_POS04_ENG-2,,,,,,,,2026-08-13T00:00:00-04:00,2026-08-19T23:59:59-04:00,,1558.9,-3388.49,2311.49,-4089.56,http://f.wishabi.net/page_items/429768358/1785960816/extra_large.jpg
Walmart,8080972,1032871027,WK28_PETS_PAGE03_POS01_ENG-12,,,,,,,,2026-08-13T00:00:00-04:00,2026-08-19T23:59:59-04:00,,12733.5,-32.2,13832.0,-1966.12,http://f.wishabi.net/page_items/429768477/1785960816/extra_large.jpg
Walmart,8080972,1032870502,WK28_PETS_PAGE04_POS01_ENG-3,,,,,,,,2026-08-13T00:00:00-04:00,2026-08-19T23:59:59-04:00,,2310.0,0.0,3466.49,-199.65,http://f.wishabi.net/page_items/429768369/1785960814/extra_large.jpg
Walmart,8080972,1032870506,WK28_PETS_PAGE04_POS02-3,,,,,,,,2026-08-13T00:00:00-04:00,2026-08-19T23:59:59-04:00,,2713.9,-963.28,3466.49,-1912.75,http://f.wishabi.net/page_items/429768370/1785960815/extra_large.jpg
Walmart,8080972,1032870511,WK28_PETS_PAGE04_POS03_ENG-3,,,,,,,,2026-08-13T00:00:00-04:00,2026-08-19T23:59:59-04:00,,2310.0,-1955.08,3061.67,-3333.29,http://f.wishabi.net/page_items/429768371/1785960815/extra_large.jpg
Walmart,8080972,1032870550,WK28_PETS_PAGE05_POS01-4,,,,,,,,2026-08-13T00:00:00-04:00,2026-08-19T23:59:59-04:00,,3465.0,0.0,4621.49,-685.43,http://f.wishabi.net/page_items/429768381/1785960815/extra_large.jpg
Walmart,8080972,1032870556,WK28_PETS_PAGE05_POS02-4,,,,,,,,2026-08-13T00:00:00-04:00,2026-08-19T23:59:59-04:00,,3465.0,-1364.41,4621.49,-2050.76,http://f.wishabi.net/page_items/429768382/1785960816/extra_large.jpg
Walmart,8080972,1032870561,WK28_PETS_PAGE05_POS03_ENG-4,,,,,,,,2026-08-13T00:00:00-04:00,2026-08-19T23:59:59-04:00,,3465.0,-2729.75,4621.49,-3416.09,http://f.wishabi.net/page_items/429768383/1785960816/extra_large.jpg
Walmart,8080972,1032870611,WK28_PETS_PAGE06_POS01-5,,,,,,,,2026-08-13T00:00:00-04:00,2026-08-19T23:59:59-04:00,,5023.9,-8.28,5776.49,-1285.29,http://f.wishabi.net/page_items/430250940/1786395232/extra_large.jpg
Walmart,8080972,1032870620,WK28_PETS_PAGE06_POS02-5,,,,,,,,2026-08-13T00:00:00-04:00,2026-08-19T23:59:59-04:00,,4620.0,-2157.48,5371.67,-3434.49,http://f.wishabi.net/page_items/430250943/1786395234/extra_large.jpg
Walmart,8080972,1032870669,WK28_PETS_PAGE07_POS01_ENG-6,,,,,,,,2026-08-13T00:00:00-04:00,2026-08-19T23:59:59-04:00,,5803.52,-32.2,6902.04,-1966.12,http://f.wishabi.net/page_items/429768406/1785960815/extra_large.jpg
Walmart,8080972,1032870716,WK28_PETS_PAGE08_POS01_ENG_NEW-7,,,,,,,,2026-08-13T00:00:00-04:00,2026-08-19T23:59:59-04:00,,6930.0,0.0,8086.49,-199.65,http://f.wishabi.net/page_items/429768416/1785960815/extra_large.jpg
Walmart,8080972,1032870723,WK28_PETS_PAGE08_POS02_NEW-7,,,,,,,,2026-08-13T00:00:00-04:00,2026-08-19T23:59:59-04:00,,6930.0,-3060.96,8086.49,-4091.4,http://f.wishabi.net/page_items/429768418/1785960817/extra_large.jpg
Walmart,8080972,1032870721,WK28_PETS_PAGE08_POS03_NEW-7,,,,,,,,2026-08-13T00:00:00-04:00,2026-08-19T23:59:59-04:00,,6930.0,-197.81,7681.67,-898.88,http://f.wishabi.net/page_items/429768417/1785960816/extra_large.jpg
Walmart,8080972,1032870772,WK28_PETS_PAGE09_POS01_ENG-8,,,,,,,,2026-08-13T00:00:00-04:00,2026-08-19T23:59:59-04:00,,8085.0,-197.81,9241.49,-933.84,http://f.wishabi.net/page_items/429768429/1785960816/extra_large.jpg
Walmart,8080972,1032870782,WK28_PETS_PAGE09_POS02-8,,,,,,,,2026-08-13T00:00:00-04:00,2026-08-19T23:59:59-04:00,,8488.9,-3388.49,9241.49,-4089.56,http://f.wishabi.net/page_items/429768431/1785960817/extra_large.jpg
Walmart,8080972,1032870836,WK28_PETS_PAGE10_POS01_ENG-9,,,,,,,,2026-08-13T00:00:00-04:00,2026-08-19T23:59:59-04:00,,9240.0,0.0,10396.5,-199.65,http://f.wishabi.net/page_items/429768442/1785960815/extra_large.jpg
Walmart,8080972,1032870841,WK28_PETS_PAGE10_POS02-9,,,,,,,,2026-08-13T00:00:00-04:00,2026-08-19T23:59:59-04:00,,9643.9,-197.81,10396.5,-1474.82,http://f.wishabi.net/page_items/429768443/1785960816/extra_large.jpg
Walmart,8080972,1032870843,WK28_PETS_PAGE10_POS03-9,,,,,,,,2026-08-13T00:00:00-04:00,2026-08-19T23:59:59-04:00,,9240.0,-2151.96,9991.67,-3428.97,http://f.wishabi.net/page_items/429768444/1785960817/extra_large.jpg
Walmart,8080972,1032870902,WK28_PETS_PAGE11_POS01-10,,,,,,,,2026-08-13T00:00:00-04:00,2026-08-19T23:59:59-04:00,,10395.0,0.0,11551.5,-685.43,http://f.wishabi.net/page_items/429769893/1785961999/extra_large.jpg
Walmart,8080972,1032870907,WK28_PETS_PAGE11_POS02-10,,,,,,,,2026-08-13T00:00:00-04:00,2026-08-19T23:59:59-04:00,,10395.0,-2100.44,11146.7,-3377.45,http://f.wishabi.net/page_items/429769894/1785962000/extra_large.jpg
Walmart,8080972,1032870950,WK28_PETS_PAGE12_POS01-11,,,,,,,,2026-08-13T00:00:00-04:00,2026-08-19T23:59:59-04:00,,11550.0,0.0,12706.5,-685.43,http://f.wishabi.net/page_items/429768465/1785960816/extra_large.jpg
Walmart,8080972,1032870954,WK28_PETS_PAGE12_POS02-11,,,,,,,,2026-08-13T00:00:00-04:00,2026-08-19T23:59:59-04:00,,11550.0,-1364.41,12706.5,-2050.76,http://f.wishabi.net/page_items/429768466/1785960816/extra_large.jpg
Walmart,8080972,1032870960,WK28_PETS_PAGE12_POS03-11,,,,,,,,2026-08-13T00:00:00-04:00,2026-08-19T23:59:59-04:00,,11550.0,-2729.75,12706.5,-3416.09,http://f.wishabi.net/page_items/429768467/1785960817/extra_large.jpg
Walmart,8033586,1032472853,Waffle henley top,,16.0,,,,$16.0,,2026-07-30T00:00:00-04:00,2026-09-16T23:59:59-04:00,,24576.6,-1873.66,24908.9,-2544.94,http://f.wishabi.net/page_items/430308364/1786464972/extra_large.jpg
Walmart,8080972,1032871072,Walmart Plus,,,,,,,,2026-08-13T00:00:00-04:00,2026-08-19T23:59:59-04:00,,13872.1,-12.15,15580.8,-2020.37,http://f.wishabi.net/page_items/429768689/1785961035/extra_large.jpg
Walmart,8072271,1032307531,Walmart's Canadian Farmers,,,,,,,,2026-08-13T00:00:00-04:00,2026-08-19T23:59:59-04:00,,1975.85,-48.01,2585.23,-387.78,http://f.wishabi.net/page_items/430250813/1786394158/extra_large.jpg
Walmart,8072271,1031570838,Watson Ridge chicken nuggets,Watson Ridge,5.97,,,,$5.97,,2026-08-13T00:00:00-04:00,2026-08-19T23:59:59-04:00,,2978.65,-746.2,3389.18,-965.46,http://f.wishabi.net/page_items/429810319/1786394471/extra_large.jpg
Walmart,8072271,1031502678,Webber Naturals Omega 3-6-9 180s,webber naturals,18.97,,,,$18.97,,2026-08-13T00:00:00-04:00,2026-08-19T23:59:59-04:00,,6353.71,-1782.19,6507.89,-2056.31,http://f.wishabi.net/page_items/429802238/1785993235/extra_large.jpg
Walmart,8072271,1031541872,Webber Naturals Omega-3 80s,webber naturals,18.97,,,,$18.97,,2026-08-13T00:00:00-04:00,2026-08-19T23:59:59-04:00,,6509.71,-1778.19,6657.89,-2054.31,http://f.wishabi.net/page_items/429806967/1785993249/extra_large.jpg
Walmart,8072271,1031498844,Westinghouse Top-Loading Water Dispenser,Westinghouse,124.0,,,,$124.0,,2026-08-13T00:00:00-04:00,2026-08-19T23:59:59-04:00,,1622.59,-1031.71,1894.64,-1265.9,http://f.wishabi.net/page_items/429800993/1786393620/extra_large.jpg
Walmart,8072271,1031502205,Whiskas Perfect Portions 24 x 75 g,Whiskas,24.98,,,,$24.98,,2026-08-13T00:00:00-04:00,2026-08-19T23:59:59-04:00,,5382.54,-1388.62,5633.94,-1507.46,http://f.wishabi.net/page_items/429801877/1785993224/extra_large.jpg
Walmart,8080972,1032870424,"Whiskas Perfect Portions Wet Cat Food, 75g",Whiskas,1.18,,,,$1.18,,2026-08-13T00:00:00-04:00,2026-08-19T23:59:59-04:00,,403.9,-1333.13,751.67,-1995.56,http://f.wishabi.net/page_items/429768347/1785960821/extra_large.jpg
Walmart,8072271,1031565466,Whiskas Perfect pate 24 x 100 g wet cat food variety pack,Whiskas,24.98,,,,$24.98,,2026-08-13T00:00:00-04:00,2026-08-19T23:59:59-04:00,,5382.54,-1506.62,5633.94,-1625.46,http://f.wishabi.net/page_items/429806676/1785993235/extra_large.jpg
Walmart,8072271,1031543496,Whiskas dry cat food,Whiskas,6.98,,,,$6.98,,2026-08-13T00:00:00-04:00,2026-08-19T23:59:59-04:00,,5050.09,-1395.74,5171.65,-1637.03,http://f.wishabi.net/page_items/429806678/1785993236/extra_large.jpg
Walmart,8072271,1031501458,White Cauliflower,,2.94,,,,$2.94,,2026-08-13T00:00:00-04:00,2026-08-19T23:59:59-04:00,,1984.14,-685.36,2087.56,-857.38,http://f.wishabi.net/page_items/429802031/1786394152/extra_large.jpg
Walmart,8033586,1032472733,Women's cinched waist jean,,36.98,,,,$36.98,,2026-07-30T00:00:00-04:00,2026-09-16T23:59:59-04:00,,24172.9,-1413.84,24360.6,-1725.44,http://f.wishabi.net/page_items/430308409/1786464815/extra_large.jpg
Walmart,8072271,1032574442,Wood pencils,,1.0,,,,$1.0,,2026-08-13T00:00:00-04:00,2026-09-16T23:59:59-04:00,,10098.6,-1124.37,10369.5,-1418.29,http://f.wishabi.net/page_items/430356378/1786500162/extra_large.jpg
Walmart,8033586,1030255376,YELLOW STRIPE BLSTER,,,,,,,,2026-07-30T00:00:00-04:00,2026-09-16T23:59:59-04:00,,3354.0,-477.49,3458.0,-513.49,http://f.wishabi.net/page_items/429173390/1785429060/extra_large.jpg
Walmart,8072271,1033390280,Yop strawberry-banana,Yoplait,5.76,,,,$5.76,,2026-08-13T00:00:00-04:00,2026-09-16T23:59:59-04:00,,29424.0,-169.02,29804.6,-473.52,http://f.wishabi.net/page_items/430723914/1786754184/extra_large.jpg
Walmart,8072271,1033390276,Yoplait Tubes yogurt,Yoplait,2.47,,,,$2.47,,2026-08-13T00:00:00-04:00,2026-09-16T23:59:59-04:00,,29422.5,-509.08,29802.1,-819.7,http://f.wishabi.net/page_items/430723865/1786754182/extra_large.jpg
Walmart,8072271,1031570872,Yoplait Yop drinkable yogurt,Yoplait,0.97,,,,$0.97,,2026-08-13T00:00:00-04:00,2026-08-19T23:59:59-04:00,,1168.92,-1530.0,1279.87,-1735.0,http://f.wishabi.net/page_items/429806366/1786393638/extra_large.jpg
Walmart,8033586,1033127785,Young adults' apparel,,,,,,,,2026-07-30T00:00:00-04:00,2026-09-16T23:59:59-04:00,,350.9,-2110.33,658.81,-2517.18,http://f.wishabi.net/page_items/427758925/1784307386/extra_large.jpg
Walmart,8072271,1031501449,Your Fresh Market™ all-purpose potatoes,Your Fresh Market™,3.94,,,,$3.94,,2026-08-13T00:00:00-04:00,2026-08-19T23:59:59-04:00,,2596.96,-55.73,2890.73,-373.0,http://f.wishabi.net/page_items/429802028/1786394151/extra_large.jpg
Walmart,8072271,1031502086,Your Fresh Market™ beef stir fry strips,Your Fresh Market™,15.39,,,,$15.39,,2026-08-13T00:00:00-04:00,2026-08-19T23:59:59-04:00,,4401.16,-832.4,4842.68,-1151.47,http://f.wishabi.net/page_items/429802033/1785993225/extra_large.jpg
Walmart,8072271,1031501422,Your Fresh Market™ muffins,Your Fresh Market™,5.78,,,,$5.78,,2026-08-13T00:00:00-04:00,2026-08-19T23:59:59-04:00,,2450.4,-1364.9,2888.47,-1632.01,http://f.wishabi.net/page_items/429801152/1786394145/extra_large.jpg
Walmart,8072271,1031502059,Yu choy junior,,5.91,,,,$5.91,,2026-08-13T00:00:00-04:00,2026-08-19T23:59:59-04:00,,3934.87,-516.03,4370.48,-819.57,http://f.wishabi.net/page_items/429801329/1785993206/extra_large.jpg
Walmart,8072271,1032544053,"ZDZA Electric Bike 26"", 1000W Peak Motor E-Mountain Bike, 35KM/H 36V 10.4AH Removable Ebike for Adults, 7 Speed Electric Bicycle UL2849",,483.99,,,,$483.99,,2026-08-13T00:00:00-04:00,2026-08-19T23:59:59-04:00,,9326.46,-1398.04,9564.22,-1882.7,http://f.wishabi.net/page_items/430370443/1786485743/extra_large.jpg
Walmart,8072271,1034242768,Zevia Orange Creamsicle soda,Zevia,6.48,,,,$6.48,,2026-08-13T00:00:00-04:00,2026-09-16T23:59:59-04:00,,26110.3,-1095.55,26656.9,-1545.8,http://f.wishabi.net/page_items/430944242/1787059853/extra_large.jpg
Walmart,8072271,1034242760,Zevia Strawberry Lemon Burst soda,Zevia,6.48,,,,$6.48,,2026-08-13T00:00:00-04:00,2026-09-16T23:59:59-04:00,,26716.2,-1091.82,27252.5,-2026.03,http://f.wishabi.net/page_items/430944236/1787059851/extra_large.jpg
Walmart,8080972,1032870644,Zippy Paws Happy Hour Crushers Rose Dog Toy,Zippy Paws,9.97,,,,$9.97,,2026-08-13T00:00:00-04:00,2026-08-19T23:59:59-04:00,,5399.27,-1322.09,5747.04,-1912.75,http://f.wishabi.net/page_items/430250952/1786395237/extra_large.jpg
Walmart,8033586,1026876041,eos body lotion,EOS,16.88,,,,$16.88,,2026-07-30T00:00:00-04:00,2026-09-16T23:59:59-04:00,,13538.2,-1843.15,13850.6,-2509.13,http://f.wishabi.net/page_items/427380772/1784381086/extra_large.jpg
Walmart,8072271,1031780773,financial-services,,,,,,,,2026-08-13T00:00:00-04:00,2026-08-19T23:59:59-04:00,,38261.43,-2431.27,38447.44,-2449.87,http://f.wishabi.net/page_items/429902872/1786396491/extra_large.jpg
Walmart,8072271,1032944969,fx-300MS Plus-2 scientific calculator,,14.97,,,,$14.97,,2026-08-13T00:00:00-04:00,2026-08-19T23:59:59-04:00,,7478.54,-375.99,7770.03,-572.43,http://f.wishabi.net/page_items/430538433/1786586761/extra_large.jpg
Walmart,8072271,1032574467,"iPad Air 11"" Wi-Fi 128GB (M4)",,849.0,,,,$849.0,,2026-08-13T00:00:00-04:00,2026-09-16T23:59:59-04:00,,10467.8,-8.89,10992.0,-615.89,http://f.wishabi.net/page_items/430348967/1786500159/extra_large.jpg
Walmart,8072271,1033153007,iPhone 16 Postpaid phone,Apple,,,,,,,2026-08-13T00:00:00-04:00,2026-08-19T23:59:59-04:00,,37226.9,-863.29,37724.7,-1125.09,http://f.wishabi.net/page_items/430635647/1786654684/extra_large.jpg
Walmart,8072271,1033153004,iPhone 17 Postpaid phone,Apple,,,,,,,2026-08-13T00:00:00-04:00,2026-08-19T23:59:59-04:00,,37226.6,-304.4,37722.7,-565.09,http://f.wishabi.net/page_items/430635644/1786654681/extra_large.jpg
Walmart,8072271,1033153002,iPhone 17 Pro Postpaid phone,Apple,,,,,,,2026-08-13T00:00:00-04:00,2026-08-19T23:59:59-04:00,,37226.0,-576.76,37725.4,-847.65,http://f.wishabi.net/page_items/430635642/1786654680/extra_large.jpg
Walmart,8072271,1032035839,neatfreak! basic hangers,,2.97,,,,$2.97,,2026-08-13T00:00:00-04:00,2026-09-16T23:59:59-04:00,,34775.34,-862.01,35162.04,-1184.17,http://f.wishabi.net/page_items/429840498/1786217436/extra_large.jpg
Walmart,8072271,1032277258,"onn. 11"" tablet (2026)",Onn,199.98,,,,$199.98,,2026-08-13T00:00:00-04:00,2026-09-16T23:59:59-04:00,,16117.83,-1749.13,16740.86,-2487.71,http://f.wishabi.net/page_items/430238527/1786401074/extra_large.jpg
Walmart,8072271,1032574512,"onn. 24"" Full HD monitor",ONN. ™,109.98,,,,$109.98,,2026-08-13T00:00:00-04:00,2026-09-16T23:59:59-04:00,,12880.5,-2018.84,13262.4,-2317.67,http://f.wishabi.net/page_items/430349027/1786500160/extra_large.jpg
Walmart,8033586,1026861159,"onn. 24"" HD 720p TV",,128.0,,,,$128.0,,2026-07-30T00:00:00-04:00,2026-09-16T23:59:59-04:00,,3967.29,-6.27,4250.3,-289.42,http://f.wishabi.net/page_items/427380901/1784386832/extra_large.jpg
Walmart,8072271,1032945055,"onn. 27"" Monitor",Onn,129.98,,,,$129.98,,2026-08-13T00:00:00-04:00,2026-08-19T23:59:59-04:00,,7321.4,-1978.87,7770.2,-2176.87,http://f.wishabi.net/page_items/430538512/1786586775/extra_large.jpg
Walmart,8072271,1032574555,onn. 30W I-port USB-C charger with 3' Type-C cable,Onn,27.98,,,,$27.98,,2026-08-13T00:00:00-04:00,2026-09-16T23:59:59-04:00,,13794.7,-1654.64,14711.7,-2039.61,http://f.wishabi.net/page_items/430352564/1786500160/extra_large.jpg
Walmart,8033586,1030255366,"onn. 55"" 4K UHD HDR TV",Onn,388.0,,,,$388.0,,2026-07-30T00:00:00-04:00,2026-09-16T23:59:59-04:00,,3222.31,-2000.36,3921.69,-2550.53,http://f.wishabi.net/page_items/429173369/1785429057/extra_large.jpg
Walmart,8072271,1032277242,"onn. 8"" Kids' tablet",Onn,149.98,,,,$149.98,,2026-08-13T00:00:00-04:00,2026-09-16T23:59:59-04:00,,16787.05,-298.4,17408.17,-1029.23,http://f.wishabi.net/page_items/430238469/1786401073/extra_large.jpg
Walmart,8072271,1032277274,"onn. 8"" tablet (2026)",,169.98,,,,$169.98,,2026-08-13T00:00:00-04:00,2026-09-16T23:59:59-04:00,,16115.16,-1081.64,17408.47,-1701.12,http://f.wishabi.net/page_items/430238583/1786401075/extra_large.jpg
Walmart,8033586,1026868824,"onn. fixed TV wall mount for 32"" - 86"" TVs",ONN. ™,32.94,,,,$32.94,,2026-07-30T00:00:00-04:00,2026-09-16T23:59:59-04:00,,4277.66,-6.18,4551.93,-287.52,http://f.wishabi.net/page_items/427380893/1784386831/extra_large.jpg
Walmart,8072271,1032574505,onn. wireless mouse and keyboard combo,,19.98,,,,$19.98,,2026-08-13T00:00:00-04:00,2026-09-16T23:59:59-04:00,,13297.9,-2017.19,13683.7,-2320.02,http://f.wishabi.net/page_items/430348982/1786500158/extra_large.jpg
Walmart,8072271,1032576797,vega protein shake 4-pack,Vega,14.97,,,,$14.97,,2026-08-13T00:00:00-04:00,2026-09-16T23:59:59-04:00,,31854.4,-1870.98,32043.0,-2095.96,http://f.wishabi.net/page_items/430347907/1786500161/extra_large.jpg
Walmart,8072271,1031565659,walmart,,,,,,,,2026-08-13T00:00:00-04:00,2026-08-19T23:59:59-04:00,,1353.0,-2417.22,1430.0,-2443.22,http://f.wishabi.net/page_items/429806384/1786393641/extra_large.jpg
