store,flyer_id,item_id,name,brand,price,original_price,pre_price_text,post_price_text,display_price,sale_story,valid_from,valid_to,page_number,left,top,right,bottom,cutout_image_url
Shoppers Drug Mart,8069919,1031517120,"ABREVA COLD SORE TREATMENT (2g), SENSODYNE BRILLIANT WHITENING (135mL) o REPAIR & PROTECT (75ml) TOOTHPASTE",,,,,,,,2026-08-15T00:00:00-04:00,2026-08-20T23:59:59-04:00,,2070.28,-1366.54,2261.73,-1638.82,http://f.wishabi.net/page_items/429622631/1785891540/extra_large.jpg
Shoppers Drug Mart,8069919,1032473338,ACTIVIA DRINKABLE YOGURT 8 x 93mL,Activia,6.79,,,,$6.79,,2026-08-15T00:00:00-04:00,2026-08-20T23:59:59-04:00,,4979.71,-111.66,5377.07,-443.65,http://f.wishabi.net/page_items/430323123/1786466115/extra_large.jpg
Shoppers Drug Mart,8069919,1031492110,ADVIL,Advil,16.49,,,,$16.49,,2026-08-15T00:00:00-04:00,2026-08-16T23:59:59-04:00,,1065.25,-1113.4,1253.87,-1341.68,http://f.wishabi.net/page_items/429625379/1785891548/extra_large.jpg
Shoppers Drug Mart,8069919,1031508140,"ADVIL CHILDREN'S SYRUP (100mL), JUNIOR STRENGTH CHEWABLE TABLETS (20's) or PEDIATRIC DROPS (24mL)",Advil,,,,,,,2026-08-15T00:00:00-04:00,2026-08-20T23:59:59-04:00,,9153.05,-455.23,9383.22,-689.68,http://f.wishabi.net/page_items/429624563/1785891553/extra_large.jpg
Shoppers Drug Mart,8069919,1031522199,ADVIL IBUPROFEN PAIN RELIEF PRODUCTS 100's,Advil,14.99,,,,$14.99,,2026-08-15T00:00:00-04:00,2026-08-20T23:59:59-04:00,,3465.27,-697.63,3695.36,-921.59,http://f.wishabi.net/page_items/429622559/1785891542/extra_large.jpg
Shoppers Drug Mart,8069919,1031517543,AERIUS (30's - 40's) or CLARITIN (40's - 50's) ALLERGY RELIEF PRODUCTS,,27.99,,,,$27.99,,2026-08-15T00:00:00-04:00,2026-08-20T23:59:59-04:00,,2693.28,-1113.79,2885.12,-1386.57,http://f.wishabi.net/page_items/429622455/1785891545/extra_large.jpg
Shoppers Drug Mart,8069919,1031497536,AERIUS or CLARITIN ALLERGY REEF PRODUCTS,,,,,,,,2026-08-15T00:00:00-04:00,2026-08-20T23:59:59-04:00,,3693.75,-452.88,3923.37,-688.47,http://f.wishabi.net/page_items/429622538/1785891537/extra_large.jpg
Shoppers Drug Mart,8069919,1031539877,ALBERTO or FRUCTIS HAIR STYLING PRODUCTS,,5.99,,,,$5.99,,2026-08-15T00:00:00-04:00,2026-08-20T23:59:59-04:00,,9151.42,-1042.1,9436.57,-1478.54,http://f.wishabi.net/page_items/429624576/1785891561/extra_large.jpg
Shoppers Drug Mart,8069919,1031510561,ALEVEX PAIN RELIEVING ROLL-ON (72g). ASPIRIN DAILY LOW DOSE (100's - 120's) or ALEVE (40's - 100's) PAIN RELIEF PRODUCTS,,15.99,,,,$15.99,,2026-08-15T00:00:00-04:00,2026-08-20T23:59:59-04:00,,3748.97,-1067.91,4040.43,-1472.4,http://f.wishabi.net/page_items/429622590/1785891552/extra_large.jpg
Shoppers Drug Mart,8069919,1031497654,ALIGN PROBIOTIC GUMMIES (50's - 60's) or CAPSULES (21's - 28's),Align,29.99,,,,$29.99,,2026-08-15T00:00:00-04:00,2026-08-20T23:59:59-04:00,,7766.88,-753.81,7974.37,-1007.61,http://f.wishabi.net/page_items/429623789/1785891554/extra_large.jpg
Shoppers Drug Mart,8069919,1031505662,"ALLEN'S (1L), DEL MONTE NECTAR or OASIS (960mL) BEVERAGE",,4.0,,,,$4.0,,2026-08-15T00:00:00-04:00,2026-08-20T23:59:59-04:00,,18268.7,-1051.91,18522.0,-1517.13,http://f.wishabi.net/page_items/429626057/1785891565/extra_large.jpg
Shoppers Drug Mart,8069919,1031522424,ALWAYS INFINITY (30's - 46's) or RADIANT (26'3 - 42's) PADS,Always,14.49,,,,$14.49,,2026-08-15T00:00:00-04:00,2026-08-20T23:59:59-04:00,,9610.2,-1900.44,9840.16,-2140.16,http://f.wishabi.net/page_items/429624578/1785891562/extra_large.jpg
Shoppers Drug Mart,8069919,1031531011,ALWAYS LINERS (116's - 216's) or PADS (28's - 48's),Always,12.99,,,,$12.99,,2026-08-15T00:00:00-04:00,2026-08-20T23:59:59-04:00,,683.85,-2041.93,871.88,-2279.32,http://f.wishabi.net/page_items/429621536/1785891528/extra_large.jpg
Shoppers Drug Mart,8069919,1031505931,"ALWAYS PURE COTTON (12's - 14's), INFINITY (12's) or POCKET (10's) WITH FLEXFOAM PADS",,5.49,,,,$5.49,,2026-08-15T00:00:00-04:00,2026-08-20T23:59:59-04:00,,9720.64,-1062.29,10015.0,-1472.74,http://f.wishabi.net/page_items/429624579/1785891563/extra_large.jpg
Shoppers Drug Mart,8069919,1031516830,ALWAYS ULTRA THIN PADS 445-625's,Always,13.99,,,,$13.99,,2026-08-15T00:00:00-04:00,2026-08-20T23:59:59-04:00,,3694.37,-2139.67,3922.15,-2371.42,http://f.wishabi.net/page_items/429622578/1785891548/extra_large.jpg
Shoppers Drug Mart,8069919,1031503850,"ANNABELLE PERFECT PLUMPING LIQUID BLUSH, NYX MICRO BROW PENCIL or REVLON COLORSTAY FLEX WEAR CONCEALER",,,,,,,,2026-08-15T00:00:00-04:00,2026-08-20T23:59:59-04:00,,19729.5,-127.69,20064.3,-481.94,http://f.wishabi.net/page_items/429626546/1785891581/extra_large.jpg
Shoppers Drug Mart,8069919,1032473362,ANNIE'S MACARONI & CHEESE (170g) or PC READY TO SERVE SOUP (500mL - 540mL),,2.99,,,,$2.99,,2026-08-15T00:00:00-04:00,2026-08-20T23:59:59-04:00,,4988.01,-1519.12,5377.59,-1894.04,http://f.wishabi.net/page_items/430323127/1786466118/extra_large.jpg
Shoppers Drug Mart,8069919,1031491981,APPLE,,129.99,,,,$129.99,,2026-08-15T00:00:00-04:00,2026-08-20T23:59:59-04:00,,8735.87,-1593.05,9102.48,-1925.16,http://f.wishabi.net/page_items/429625978/1785891568/extra_large.jpg
Shoppers Drug Mart,8069919,1031507694,APPLE AIRPODS,Apple,199.99,,,,$199.99,,2026-08-15T00:00:00-04:00,2026-08-20T23:59:59-04:00,,8066.07,-1595.37,8400.12,-1927.34,http://f.wishabi.net/page_items/429626454/1785891567/extra_large.jpg
Shoppers Drug Mart,8069919,1031522521,APPLE AIRPODS 4TH GENERATION WITH ACTIVE NOISE CANCELLATION & CHARGING CASE,APPLE AIRPODS,274.99,,,,$274.99,,2026-08-15T00:00:00-04:00,2026-08-20T23:59:59-04:00,,21146.6,-2193.83,21354.0,-2459.65,http://f.wishabi.net/page_items/429626813/1785891580/extra_large.jpg
Shoppers Drug Mart,8069919,1031517006,APPLE AIRPODS PRO 3RD GENERATION with CHARGING CASE,Apple,359.99,,,,$359.99,,2026-08-15T00:00:00-04:00,2026-08-20T23:59:59-04:00,,8394.97,-1605.69,8737.94,-1928.13,http://f.wishabi.net/page_items/429626455/1785891568/extra_large.jpg
Shoppers Drug Mart,8069919,1031507233,APPLE HOMEPOD MINI,Apple,129.99,,,,$129.99,,2026-08-15T00:00:00-04:00,2026-08-20T23:59:59-04:00,,8071.68,-1932.3,8277.13,-2193.65,http://f.wishabi.net/page_items/429626450/1785891565/extra_large.jpg
Shoppers Drug Mart,8069919,1031541779,ARIANA GRANDE CLOUD PINK EAU DE PARFUM,ARIANA GRANDE,110.0,,,,$110.0,,2026-08-15T00:00:00-04:00,2026-08-20T23:59:59-04:00,,13248.1,-449.1,13477.4,-687.34,http://f.wishabi.net/page_items/429624480/1785891565/extra_large.jpg
Shoppers Drug Mart,8069919,1031506998,ARMSTRONG CHEESE BLOCK,Armstrong,3.49,,,,$3.49,,2026-08-15T00:00:00-04:00,2026-08-20T23:59:59-04:00,,5808.44,-1572.63,6154.8,-1927.65,http://f.wishabi.net/page_items/429626461/1785891566/extra_large.jpg
Shoppers Drug Mart,8069919,1031522273,"AUSSIE MIRACLE MOIST PUMP SHAMPOO (778mL), RENPURE or WHOLE BLENDS HAIR CARE PRODUCTS",,8.99,,,,$8.99,,2026-08-15T00:00:00-04:00,2026-08-20T23:59:59-04:00,,2314.1,-710.43,2600.76,-1034.38,http://f.wishabi.net/page_items/429622444/1785891536/extra_large.jpg
Shoppers Drug Mart,8069919,1031508166,AVEENO ABSOLUTELY AGELESS or CALM+RESTORE FACIAL MOISTURIZERS,Aveeno,,,,,,,2026-08-15T00:00:00-04:00,2026-08-20T23:59:59-04:00,,8067.76,-1110.12,8328.76,-1518.15,http://f.wishabi.net/page_items/429625965/1785891564/extra_large.jpg
Shoppers Drug Mart,8069919,1031516692,"AVEENO BODY WASH (532mL), DEGREE DRY SPRAY (107g) or STICK (74g) ANTIPERSPIRANT/DEODORANT",,8.99,,,,$8.99,,2026-08-15T00:00:00-04:00,2026-08-20T23:59:59-04:00,,3170.2,-373.07,3456.84,-700.06,http://f.wishabi.net/page_items/429622445/1785891537/extra_large.jpg
Shoppers Drug Mart,8069919,1031510727,"AVEENO HAND CREAM (97mL), OGX (577mL) or AVEENO (222mL - 227mL) LOTIONS",,8.99,,,,$8.99,,2026-08-15T00:00:00-04:00,2026-08-20T23:59:59-04:00,,20857.9,-124.67,21193.6,-475.39,http://f.wishabi.net/page_items/429626249/1785891580/extra_large.jpg
Shoppers Drug Mart,8069919,1031516715,AVEENO POSITIVELY RADIANT BRIGHTENING CLEANSER (375mL) or FACIAL MOISTURIZERS,Aveeno,,,,,,,2026-08-15T00:00:00-04:00,2026-08-20T23:59:59-04:00,,9433.32,-1061.09,9719.52,-1474.33,http://f.wishabi.net/page_items/429624580/1785891563/extra_large.jpg
Shoppers Drug Mart,8069919,1031512326,"AVEENO, NEUTROGENA DUO WIPES (2 × 25's) or OLAY TOTAL EFFECTS FACIAL MOISTURIZERS",,19.99,,,,$19.99,,2026-08-15T00:00:00-04:00,2026-08-20T23:59:59-04:00,,7276.45,-134.84,7623.19,-474.93,http://f.wishabi.net/page_items/429623805/1785891566/extra_large.jpg
Shoppers Drug Mart,8069919,1031529905,AVEENO  DAILY MOISTURIZING OIL MIST (200mL) or BODY LOTIONS (532mL - 629mL),Aveeno,9.99,,,,$9.99,,2026-08-15T00:00:00-04:00,2026-08-20T23:59:59-04:00,,14443.9,-1268.16,14791.9,-1841.23,http://f.wishabi.net/page_items/429625913/1785891559/extra_large.jpg
Shoppers Drug Mart,8069919,1031491805,"AVÈNE ANTI-AGING, DUCRAY ACNE or ECZEMA CARE PRODUCTS",,,,,,,,2026-08-15T00:00:00-04:00,2026-08-20T23:59:59-04:00,,12560.8,-453.8,12790.9,-691.27,http://f.wishabi.net/page_items/429624471/1785891558/extra_large.jpg
Shoppers Drug Mart,8069919,1031504420,AXE 3-IN-1 or 2-IN-1 SHAMPOO 473mL,Axe,5.99,,,,$5.99,,2026-08-15T00:00:00-04:00,2026-08-20T23:59:59-04:00,,3922.55,-1902.26,4153.42,-2136.44,http://f.wishabi.net/page_items/429622586/1785891551/extra_large.jpg
Shoppers Drug Mart,8069919,1031541756,"AXE STYLING (75g), L'OREAL HAIR EXPERTISE or OGX HAIR CARE PRODUCTS",,7.99,,,,$7.99,,2026-08-15T00:00:00-04:00,2026-08-20T23:59:59-04:00,,872.89,-1799.89,1063.67,-2036.46,http://f.wishabi.net/page_items/429621516/1785891526/extra_large.jpg
Shoppers Drug Mart,8069919,1031507560,BAGEL BITES PIZZA SNACKS (9's) SWANSON FROZEN MEAT PIE (200g) or MICHELINA'S SINGLE SERVE FROZEN ENTREES,,2.29,,,,$2.29,,2026-08-15T00:00:00-04:00,2026-08-20T23:59:59-04:00,,6436.07,-755.46,6641.04,-1006.9,http://f.wishabi.net/page_items/429623493/1785891561/extra_large.jpg
Shoppers Drug Mart,8069919,1031522504,"BAND-AID BANDAGES (10's - 60's), POLYSPORIN OINTMENT or CREAM (30g)",,,,,,,,2026-08-15T00:00:00-04:00,2026-08-20T23:59:59-04:00,,494.48,-2044.72,684.53,-2279.43,http://f.wishabi.net/page_items/429621666/1785891547/extra_large.jpg
Shoppers Drug Mart,8069919,1031508052,"BATISTE PREMIUM DRY SHAMPOO (200mL), göt2b PREMIUM CURLED STYLING or L'ORÉAL EVERPURE HAIR CARE PRODUCTS (200mL - 250mL)",,10.99,,,,$10.99,,2026-08-15T00:00:00-04:00,2026-08-20T23:59:59-04:00,,2314.54,-369.61,2600.35,-707.29,http://f.wishabi.net/page_items/429622446/1785891538/extra_large.jpg
Shoppers Drug Mart,8069919,1031512177,BEATS SOLO BUDS TRUE WIRELESS EARBUDS,BEATS BY DR DRE,99.99,,,,$99.99,,2026-08-15T00:00:00-04:00,2026-08-20T23:59:59-04:00,,8275.88,-1932.69,8483.93,-2191.48,http://f.wishabi.net/page_items/429626453/1785891567/extra_large.jpg
Shoppers Drug Mart,8069919,1031536390,BECEL MARGARINE (400g - 454g) or SAPUTO MOZZARELLA CHEESE (300g - 340g),,4.99,,,,$4.99,,2026-08-15T00:00:00-04:00,2026-08-20T23:59:59-04:00,,6018.55,-480.58,6226.82,-741.77,http://f.wishabi.net/page_items/429623440/1785891548/extra_large.jpg
Shoppers Drug Mart,8069919,1031512993,BED HEAD HAIR STYLING PRODUCTS,Bed Head,19.99,,,,$19.99,,2026-08-15T00:00:00-04:00,2026-08-20T23:59:59-04:00,,19811.9,-1932.96,20019.7,-2193.35,http://f.wishabi.net/page_items/429626528/1785891570/extra_large.jpg
Shoppers Drug Mart,8069919,1031530979,BEN & JERRY'S ICE CREAM 473mL,,,,,,,,2026-08-15T00:00:00-04:00,2026-08-20T23:59:59-04:00,,6434.67,-479.83,6642.0,-740.77,http://f.wishabi.net/page_items/429623444/1785891550/extra_large.jpg
Shoppers Drug Mart,8069919,1031530574,BEN & JERRY'S NON-DAIRY FROZEN DESSERT (473mL) or MAGNUM PREMIUM ICE CREAM BARS,,5.49,,,,$5.49,,2026-08-15T00:00:00-04:00,2026-08-16T23:59:59-04:00,,1442.64,-636.79,1634.28,-878.56,http://f.wishabi.net/page_items/429621673/1785891547/extra_large.jpg
Shoppers Drug Mart,8069919,1031505298,BENADRYL (36's - 60's) or REACTINE (20's - 24's) ALLERGY RELIEF PRODUCTS,,19.99,,,,$19.99,,2026-08-15T00:00:00-04:00,2026-08-20T23:59:59-04:00,,2504.92,-1111.77,2693.56,-1385.4,http://f.wishabi.net/page_items/429622464/1785891552/extra_large.jpg
Shoppers Drug Mart,8069919,1031535728,BENADRYL ANTI-ITCH STICK 14mL,Benadryl,7.99,,,,$7.99,,2026-08-15T00:00:00-04:00,2026-08-20T23:59:59-04:00,,19095.5,-754.05,19303.4,-1009.24,http://f.wishabi.net/page_items/429626070/1785891569/extra_large.jpg
Shoppers Drug Mart,8069919,1031505709,"BIC DISPOSABLE RAZORS (3's - 4's), PRORASO BEARD or SHAVE CARE PRODUCTS",,,,,,,,2026-08-15T00:00:00-04:00,2026-08-20T23:59:59-04:00,,20732.1,-756.96,20938.5,-1011.48,http://f.wishabi.net/page_items/429626188/1785891567/extra_large.jpg
Shoppers Drug Mart,8069919,1031505432,BIC STATIONARY PRODUCTS,Bic,,,,,,,2026-08-15T00:00:00-04:00,2026-08-20T23:59:59-04:00,,7147.01,-2135.49,7355.01,-2333.81,http://f.wishabi.net/page_items/429623811/1785891570/extra_large.jpg
Shoppers Drug Mart,8069919,1031525979,BICK'S PICKLES (375mL - 1L) or HEINZ TOMATO KETCHUP (750mL - 1L),,5.99,,,,$5.99,,2026-08-15T00:00:00-04:00,2026-08-20T23:59:59-04:00,,5814.1,-1932.72,6021.05,-2191.58,http://f.wishabi.net/page_items/429626458/1785891564/extra_large.jpg
Shoppers Drug Mart,8069919,1031521899,"BILLIE WOMEN'S RAZOR STARTER KIT, SCHICK HYDRO SILK (4's) or INTUITION (3's) REFILL CARTRIDGES",,,,,,,,2026-08-15T00:00:00-04:00,2026-08-20T23:59:59-04:00,,20526.8,-480.63,20733.7,-745.2,http://f.wishabi.net/page_items/429626191/1785891568/extra_large.jpg
Shoppers Drug Mart,8069919,1031492186,BIO-OIL SKIN (125mL) or THE GREEN BEAVER COMPANY,,,,,,,,2026-08-15T00:00:00-04:00,2026-08-20T23:59:59-04:00,,21352.1,-478.41,21559.9,-745.14,http://f.wishabi.net/page_items/429626206/1785891571/extra_large.jpg
Shoppers Drug Mart,8069919,1031516474,"BIODERMA PHOTODERM, SEBIUM or NEOSTRATA SKIN CARE PRODUCTS",,,,,,,,2026-08-15T00:00:00-04:00,2026-08-20T23:59:59-04:00,,3077.85,-1112.16,3268.28,-1389.35,http://f.wishabi.net/page_items/429622453/1785891543/extra_large.jpg
Shoppers Drug Mart,8069919,1031507664,BIODERMA SENSIBIO SKIN CARE PRODUCTS,Bioderma,,,,,,,2026-08-15T00:00:00-04:00,2026-08-20T23:59:59-04:00,,12788.9,-452.82,13018.6,-688.76,http://f.wishabi.net/page_items/429624477/1785891563/extra_large.jpg
Shoppers Drug Mart,8069919,1031517240,"BIOS BLOOD PRESSURE DEVICE, HOMEDICS or OBUSFORME WELLNESS PRODUCTS",,,,,,,,2026-08-15T00:00:00-04:00,2026-08-20T23:59:59-04:00,,18891.4,-756.12,19097.1,-1009.86,http://f.wishabi.net/page_items/429626063/1785891566/extra_large.jpg
Shoppers Drug Mart,8069919,1031523114,"BIOTÈNE DRY MOUTH MOUTHWASH (1L), PHILIPS SONICARE SIMPLY CLEAN REFILL BRUSH HEADS (2's) or ONE FOR KIDS BATTERY TOOTHBRUSH WITH SUCTION CUP (1's)",,22.99,,,,$22.99,,2026-08-15T00:00:00-04:00,2026-08-20T23:59:59-04:00,,20779.1,-1104.46,21043.7,-1514.21,http://f.wishabi.net/page_items/429626227/1785891575/extra_large.jpg
Shoppers Drug Mart,8069919,1031509244,BLISTEX LIP BALMS 3's,Blistex,,,,,,,2026-08-15T00:00:00-04:00,2026-08-20T23:59:59-04:00,,15573.9,-1852.24,15919.8,-2438.09,http://f.wishabi.net/page_items/429625084/1785891561/extra_large.jpg
Shoppers Drug Mart,8069919,1032473368,BLUEBERRIES,,2.99,,,,$2.99,,2026-08-15T00:00:00-04:00,2026-08-20T23:59:59-04:00,,4617.67,-2141.64,4846.84,-2371.17,http://f.wishabi.net/page_items/430323128/1786466118/extra_large.jpg
Shoppers Drug Mart,8069919,1031517354,BOLD & BRIGHT HAIR COLOR,BOLD & BRIGHT,11.99,,,,$11.99,,2026-08-15T00:00:00-04:00,2026-08-20T23:59:59-04:00,,19912.2,-1087.51,20170.3,-1515.46,http://f.wishabi.net/page_items/429626531/1785891572/extra_large.jpg
Shoppers Drug Mart,8069919,1031505732,BONDI SANDS SUNLESS TANNING PRODUCTS,Bondi Sands,,,,,,,2026-08-15T00:00:00-04:00,2026-08-20T23:59:59-04:00,,14102.8,-1848.43,14445.3,-2432.25,http://f.wishabi.net/page_items/429625918/1785891563/extra_large.jpg
Shoppers Drug Mart,8069919,1031509133,BREYERS CLASSIC FROZEN DESSERT,Breyers,3.49,,,,$3.49,,2026-08-15T00:00:00-04:00,2026-08-20T23:59:59-04:00,,6140.84,-149.59,6489.21,-471.06,http://f.wishabi.net/page_items/429623498/1785891562/extra_large.jpg
Shoppers Drug Mart,8069919,1031514630,BUBBLE or GLYSOMED SKIN CARE PRODUCTS,,,,,,,,2026-08-15T00:00:00-04:00,2026-08-20T23:59:59-04:00,,3266.54,-1395.55,3458.4,-1663.4,http://f.wishabi.net/page_items/429622450/1785891541/extra_large.jpg
Shoppers Drug Mart,8069919,1031509019,"BULLDOG MEN'S BEARD, SHAVE or SKIN CARE PRODUCTS",Bulldog,,,,,,,2026-08-15T00:00:00-04:00,2026-08-20T23:59:59-04:00,,9382.56,-2142.3,9610.18,-2373.0,http://f.wishabi.net/page_items/429624589/1785891569/extra_large.jpg
Shoppers Drug Mart,8069919,1032471674,"BURNBRAE NATUREGG OMEGA 3, LARGE BROWN EGGS (1 Dozen) or NEILSON ULTRAFILTERED MILK (IL)",,4.59,,,,$4.59,,2026-08-15T00:00:00-04:00,2026-08-20T23:59:59-04:00,,4617.49,-454.79,4846.97,-688.82,http://f.wishabi.net/page_items/430323102/1786466100/extra_large.jpg
Shoppers Drug Mart,8069919,1031504346,BURT'S BEES Beeswax Lip Balm,Burt's Bees,,,,,,,2026-08-15T00:00:00-04:00,2026-08-20T23:59:59-04:00,,25030.1,-1078.01,25546.1,-1605.3,http://f.wishabi.net/page_items/429626709/1785891568/extra_large.jpg
Shoppers Drug Mart,8069919,1031498007,BYOMA SKIN CARE PRODUCTS,BYOMA,,,,,,,2026-08-15T00:00:00-04:00,2026-08-20T23:59:59-04:00,,2069.92,-544.98,2261.71,-817.9,http://f.wishabi.net/page_items/429622624/1785891535/extra_large.jpg
Shoppers Drug Mart,8069919,1031517718,Benefit the POREfessional Concealer,,43.0,,,,$43.0,,2026-08-15T00:00:00-04:00,2026-08-20T23:59:59-04:00,,10350.5,-1946.0,10693.2,-2467.18,http://f.wishabi.net/page_items/429624278/1785891554/extra_large.jpg
Shoppers Drug Mart,8069919,1031514917,Bonus Redemption Event,,,,,,,,2026-08-14T00:00:00-04:00,2026-08-19T23:59:59-04:00,,1060.7,-177.22,1640.0,-588.09,http://f.wishabi.net/page_items/429652232/1785891547/extra_large.jpg
Shoppers Drug Mart,8078489,1032468879,Bonus Redemption Event: Up to $500 Off!,,500.0,,,,$500.0,,2026-08-14T00:00:00-04:00,2026-08-19T23:59:59-04:00,,51.76,-1332.69,476.89,-1450.99,http://f.wishabi.net/page_items/430321069/1786462633/extra_large.jpg
Shoppers Drug Mart,8069919,1031517674,CADBURY CHOCOLATE BARS,,5.0,,,,$5.0,,2026-08-15T00:00:00-04:00,2026-08-20T23:59:59-04:00,,1878.12,-2185.64,2071.08,-2463.3,http://f.wishabi.net/page_items/429622619/1785891531/extra_large.jpg
Shoppers Drug Mart,8069919,1031526117,CADBURY FAVOURITES FUN TREATS,Cadbury,11.99,,,,$11.99,,2026-08-15T00:00:00-04:00,2026-08-20T23:59:59-04:00,,7355.23,-1930.55,7563.63,-2134.18,http://f.wishabi.net/page_items/429623809/1785891568/extra_large.jpg
Shoppers Drug Mart,8069919,1031530543,CALTRATE CALCIUM or CENTRUM MULTIVITAMIN PRODUCTS,,,,,,,,2026-08-15T00:00:00-04:00,2026-08-20T23:59:59-04:00,,7767.48,-481.04,7975.18,-741.15,http://f.wishabi.net/page_items/429623788/1785891553/extra_large.jpg
Shoppers Drug Mart,8069919,1031507366,CANON PRINTER INK,Canon,74.99,,,,$74.99,,2026-08-15T00:00:00-04:00,2026-08-20T23:59:59-04:00,,8897.95,-2195.92,9100.49,-2461.82,http://f.wishabi.net/page_items/429625975/1785891567/extra_large.jpg
Shoppers Drug Mart,8069919,1031505644,CAPRINA GOAT'S MILK BAR SOAP (3 x 90g) or DIAL ANTIBACTERIAL LIQUID HAND SOAP (325mL),,5.99,,,,$5.99,,2026-08-15T00:00:00-04:00,2026-08-20T23:59:59-04:00,,20021.2,-2201.13,20226.8,-2457.8,http://f.wishabi.net/page_items/429626527/1785891570/extra_large.jpg
Shoppers Drug Mart,8069919,1031508824,"CAREFREE PADS (28's), o.b. (40's) or PLAYTEX SPORT (32's - 36's) TAMPON",,,,,,,,2026-08-15T00:00:00-04:00,2026-08-20T23:59:59-04:00,,3465.76,-2141.46,3695.5,-2371.1,http://f.wishabi.net/page_items/429622585/1785891550/extra_large.jpg
Shoppers Drug Mart,8069919,1031507193,CARNABY SWEET CANDY,CARNABY,5.0,,,,$5.0,,2026-08-15T00:00:00-04:00,2026-08-20T23:59:59-04:00,,6938.23,-1112.63,7193.52,-1518.5,http://f.wishabi.net/page_items/429623796/1785891559/extra_large.jpg
Shoppers Drug Mart,8069919,1031512815,CAROL'S DAUGHTER HAIR CARE PRODUCTS,Carol's Daughter,,,,,,,2026-08-15T00:00:00-04:00,2026-08-20T23:59:59-04:00,,21350.7,-758.26,21558.6,-1010.26,http://f.wishabi.net/page_items/429626221/1785891574/extra_large.jpg
Shoppers Drug Mart,8069919,1031541562,"CAVENDISH FARMS HASHBROWN PATTIES (600g), FLAVOUR CRISP FRIES or KETTLE SYLE WEDGES (750g)",Cavendish Farms,3.99,,,,$3.99,,2026-08-15T00:00:00-04:00,2026-08-20T23:59:59-04:00,,20527.1,-1932.83,20733.5,-2190.74,http://f.wishabi.net/page_items/429626236/1785891577/extra_large.jpg
Shoppers Drug Mart,8069919,1031498280,CERAVE,CeraVe,,,,,,,2026-08-15T00:00:00-04:00,2026-08-20T23:59:59-04:00,,14445.3,-107.79,14789.6,-677.79,http://f.wishabi.net/page_items/429625922/1785891566/extra_large.jpg
Shoppers Drug Mart,8069919,1031513201,CERAVE SKIN CARE PRODUCTS,CeraVe,,,,,,,2026-08-15T00:00:00-04:00,2026-08-20T23:59:59-04:00,,1688.46,-266.25,1880.89,-546.52,http://f.wishabi.net/page_items/429622641/1785891547/extra_large.jpg
Shoppers Drug Mart,8069919,1031516858,CHRISTIE COOKIES or CRACKERS,Mr. Christie's,5.0,,,,$5.0,,2026-08-15T00:00:00-04:00,2026-08-16T23:59:59-04:00,,875.27,-638.65,1064.33,-875.3,http://f.wishabi.net/page_items/429625383/1785891551/extra_large.jpg
Shoppers Drug Mart,8069919,1031508001,CHRISTIE FAMILY SIZE TOPPABLES (454g) or PREMIUM PLUS (450g) CRACKERS,Christie,4.99,,,,$4.99,,2026-08-15T00:00:00-04:00,2026-08-20T23:59:59-04:00,,18270.8,-2197.15,18476.0,-2463.99,http://f.wishabi.net/page_items/429626555/1785891584/extra_large.jpg
Shoppers Drug Mart,8069919,1031521561,"CLEAN & CLEAR, NEUTROGENA ACNE FACIAL CLEANSERS or BIORE SKIN CARE PRODUCTS",,,,,,,,2026-08-15T00:00:00-04:00,2026-08-20T23:59:59-04:00,,3077.32,-1393.95,3268.36,-1664.42,http://f.wishabi.net/page_items/429622447/1785891538/extra_large.jpg
Shoppers Drug Mart,8069919,1031522821,CLEARASIL ACNE CLEANSING PADS (90's) or PANOXYL SKIN CARE PRODUCTS,,,,,,,,2026-08-15T00:00:00-04:00,2026-08-20T23:59:59-04:00,,1878.77,-819.95,2071.17,-1092.66,http://f.wishabi.net/page_items/429622637/1785891544/extra_large.jpg
Shoppers Drug Mart,8069919,1031505567,CLEARBLUE OVULATION (10's) or PREGNANCY (1's - 3's) TESTS,Clearblue,,,,,,,2026-08-15T00:00:00-04:00,2026-08-20T23:59:59-04:00,,18684.1,-479.11,18891.5,-744.86,http://f.wishabi.net/page_items/429626055/1785891564/extra_large.jpg
Shoppers Drug Mart,8069919,1031517452,"CLOVER LEAF WHITE ALBACORE TUNA (170g), CATELLI PROTEIN+ PASTA (340g) or BEN'S ORIGINAL BISTRO EXPRESS SIDE DISH (240g - 250g)",,3.99,,,,$3.99,,2026-08-15T00:00:00-04:00,2026-08-20T23:59:59-04:00,,6018.58,-1932.26,6226.79,-2189.07,http://f.wishabi.net/page_items/429626457/1785891563/extra_large.jpg
Shoppers Drug Mart,8069919,1031526038,COCA-COLA BEVERAGES,Coca-Cola,9.99,,,,$9.99,,2026-08-15T00:00:00-04:00,2026-08-20T23:59:59-04:00,,1251.92,-1547.26,1442.7,-1793.1,http://f.wishabi.net/page_items/429621711/1785891544/extra_large.jpg
Shoppers Drug Mart,8069919,1031513547,COCA-COLA or PEPSI BEVERAGES,,3.99,,,,$3.99,,2026-08-15T00:00:00-04:00,2026-08-16T23:59:59-04:00,,1253.96,-638.01,1442.86,-875.77,http://f.wishabi.net/page_items/429625385/1785891552/extra_large.jpg
Shoppers Drug Mart,8069919,1031541700,COLD FX DAILY SUPPORT CHEWABLES (45's) or CAPSULES (45's - 150's),Cold-FX,,,,,,,2026-08-15T00:00:00-04:00,2026-08-20T23:59:59-04:00,,18270.9,-755.07,18477.7,-1011.36,http://f.wishabi.net/page_items/429626068/1785891568/extra_large.jpg
Shoppers Drug Mart,8069919,1031504048,COLGATE,Colgate,,,,,,,2026-08-15T00:00:00-04:00,2026-08-20T23:59:59-04:00,,10012.9,-1054.41,10297.9,-1471.46,http://f.wishabi.net/page_items/429624573/1785891559/extra_large.jpg
Shoppers Drug Mart,8069919,1031502244,"COLGATE HARRY POTTER BATTERY TOOTHBRUSH (1's), CREST PRO-HEALTH CLEAN MINT MOUTHWASH (1.5L) or POLIDENT DENTURE CLEANSING TABLETS (96's)",,8.99,,,,$8.99,,2026-08-15T00:00:00-04:00,2026-08-20T23:59:59-04:00,,7563.52,-1933.41,7772.79,-2134.65,http://f.wishabi.net/page_items/429623795/1785891558/extra_large.jpg
Shoppers Drug Mart,8069919,1031510673,"COLGATE PERIOGARD GUM CARE TOOTHPASTE (105mL), HELLO or TOM'S OF MAINE ORAL CARE PRODUCTS",,6.99,,,,$6.99,,2026-08-15T00:00:00-04:00,2026-08-20T23:59:59-04:00,,7708.9,-1107.78,7977.42,-1520.55,http://f.wishabi.net/page_items/429623793/1785891557/extra_large.jpg
Shoppers Drug Mart,8069919,1031492406,COLORSILK BOND REPAIR HAIR COLOUR,Colorsilk,6.99,,,,$6.99,,2026-08-15T00:00:00-04:00,2026-08-20T23:59:59-04:00,,3694.01,-1902.43,3923.09,-2136.57,http://f.wishabi.net/page_items/429622529/1785891535/extra_large.jpg
Shoppers Drug Mart,8069919,1031511494,COLORSTRONG HAIR COLOUR,COLORSTRONG,,,,,,,2026-08-15T00:00:00-04:00,2026-08-20T23:59:59-04:00,,19650.7,-1087.5,19911.2,-1509.41,http://f.wishabi.net/page_items/429626538/1785891576/extra_large.jpg
Shoppers Drug Mart,8069919,1031501664,COMPOUND W WART or SKIN TAG REMOVER PRODUCTS,Compound W,,,,,,,2026-08-15T00:00:00-04:00,2026-08-20T23:59:59-04:00,,1879.03,-1911.06,2071.27,-2183.62,http://f.wishabi.net/page_items/429622623/1785891534/extra_large.jpg
Shoppers Drug Mart,8069919,1031491506,CONTOUR NEXT METER,Contour Next,,,,,,,2026-08-15T00:00:00-04:00,2026-08-20T23:59:59-04:00,,4152.79,-700.2,4380.69,-922.44,http://f.wishabi.net/page_items/429622575/1785891547/extra_large.jpg
Shoppers Drug Mart,8069919,1031514407,COPPER 88 COMPRESSION SUPPORT PRODUCTS,Copper88,,,,,,,2026-08-15T00:00:00-04:00,2026-08-20T23:59:59-04:00,,18891.8,-481.72,19098.9,-743.07,http://f.wishabi.net/page_items/429626050/1785891562/extra_large.jpg
Shoppers Drug Mart,8069919,1031503905,"COVERGIRL LASH BLAST MASCARA, CLEAN FRESH POWDER or BROW NANO EYEBROW PENCIL",CoverGirl,8.99,,,,$8.99,,2026-08-15T00:00:00-04:00,2026-08-20T23:59:59-04:00,,19812.3,-759.05,20019.3,-1014.23,http://f.wishabi.net/page_items/429626530/1785891572/extra_large.jpg
Shoppers Drug Mart,8069919,1031502732,"COVERGIRL PROFESSIONAL MASCARA, CLEAN LIP COLOUR or RIMMEL LONDON OH MY PLUMP! LIP LINER",,7.99,,,,$7.99,,2026-08-15T00:00:00-04:00,2026-08-20T23:59:59-04:00,,12926.1,-1536.33,13276.2,-1897.78,http://f.wishabi.net/page_items/429624498/1785891575/extra_large.jpg
Shoppers Drug Mart,8069919,1032473332,CRAVE FROZEN ENTREES or PC FROZEN VEGETABLES,,8.0,,,,$8.0,,2026-08-15T00:00:00-04:00,2026-08-20T23:59:59-04:00,,5184.81,-1064.69,5468.58,-1467.97,http://f.wishabi.net/page_items/430323122/1786466114/extra_large.jpg
Shoppers Drug Mart,8069919,1031535755,CRAYOLA or ZEBRA STATIONERY PRODUCTS,,,,,,,,2026-08-15T00:00:00-04:00,2026-08-20T23:59:59-04:00,,7355.67,-2137.6,7563.1,-2333.65,http://f.wishabi.net/page_items/429623812/1785891570/extra_large.jpg
Shoppers Drug Mart,8069919,1031518838,CREMO MOISTURIZING BODY WASH,Cremo,11.99,,,,$11.99,,2026-08-15T00:00:00-04:00,2026-08-20T23:59:59-04:00,,20225.0,-2198.55,20430.6,-2460.28,http://f.wishabi.net/page_items/429626541/1785891578/extra_large.jpg
Shoppers Drug Mart,8069919,1031529996,"CREST 3DWHITE BRILLANCE DEEP STAIN REMOVER TOOTHPASTE (67mL), COLGATE 360° 4-IN-1 MANUAL (4's) or ORAL-B COMPLETE BATTERY (2's) TOOTHBRUSHES",,8.99,,,,$8.99,,2026-08-15T00:00:00-04:00,2026-08-20T23:59:59-04:00,,2887.19,-705.79,3170.06,-1033.15,http://f.wishabi.net/page_items/429622440/1785891533/extra_large.jpg
Shoppers Drug Mart,8069919,1031530953,"CREST 3DWHITESTRIPS 1 HOUR EXPRESS WHITENING KIT (10's), PHILIPS SONICARE FOR KIDS or ORAL-B iO4 RECHARGEABLE TOOTHBRUSH",,,,,,,,2026-08-15T00:00:00-04:00,2026-08-20T23:59:59-04:00,,683.86,-2283.26,871.63,-2526.07,http://f.wishabi.net/page_items/429621551/1785891531/extra_large.jpg
Shoppers Drug Mart,8069919,1031541844,"CREST CLEAN BREATH TOOTHPASTE (55mL), ORAL-B DUAL ACTION MANUAL TOOTHBRUSHES (4's) or BURT'S BEES LIP BALMS (1's)",,4.99,,,,$4.99,,2026-08-15T00:00:00-04:00,2026-08-20T23:59:59-04:00,,2886.54,-370.1,3171.11,-701.18,http://f.wishabi.net/page_items/429622442/1785891534/extra_large.jpg
Shoppers Drug Mart,8069919,1031513078,"CREST DEEP STAIN REMOVER ULTIMATE WHITE (45mL), COLGATE OPTIC WHITE STAIN FIGHTER (3 x 90mL) TOOTHPASTE or ORAL-B CROSS ACTION MANUAL TOOTHBRUSHES (2's)",,7.99,,,,$7.99,,2026-08-15T00:00:00-04:00,2026-08-20T23:59:59-04:00,,7768.76,-1932.4,7976.27,-2134.13,http://f.wishabi.net/page_items/429623803/1785891564/extra_large.jpg
Shoppers Drug Mart,8069919,1031497593,CRISPERS ALL DRESSED BAKED SNACK CRACKERS (18's) or HERSHEY'S FUN TREATS (35's - 50's),,14.99,,,,$14.99,,2026-08-15T00:00:00-04:00,2026-08-20T23:59:59-04:00,,7272.52,-1586.22,7623.54,-1925.87,http://f.wishabi.net/page_items/429623804/1785891565/extra_large.jpg
Shoppers Drug Mart,8069919,1031504197,Clarins Double Serum Eye 20mL,CLARINS,110.0,,,,$110.0,,2026-08-15T00:00:00-04:00,2026-08-20T23:59:59-04:00,,10353.6,-203.11,11381.2,-1282.63,http://f.wishabi.net/page_items/429624284/1785891558/extra_large.jpg
Shoppers Drug Mart,8069919,1031512104,Coola Classic Face Sunscreen,Coola,54.0,,,,$54.0,,2026-08-15T00:00:00-04:00,2026-08-20T23:59:59-04:00,,10783.1,-1550.19,10870.1,-1751.86,http://f.wishabi.net/page_items/429624281/1785891556/extra_large.jpg
Shoppers Drug Mart,8069919,1031518767,Coola Clear Sunscreen Spray,Coola,49.0,,,,$49.0,,2026-08-15T00:00:00-04:00,2026-08-20T23:59:59-04:00,,10873.0,-1476.22,10994.0,-1744.22,http://f.wishabi.net/page_items/429652244/1785891559/extra_large.jpg
Shoppers Drug Mart,8069919,1031196445,Coupon,,,,,,,,2026-08-17T00:00:00-04:00,2026-08-19T23:59:59-04:00,,489.55,-310.43,1065.55,-592.43,http://f.wishabi.net/page_items/429652224/1785891546/extra_large.jpg
Shoppers Drug Mart,8069919,1031514541,DAISE FRAGRANCE BODY MIST (100mL) or ALL BODY SPRAY & DEODORANT (100g),Daise,8.99,,,,$8.99,,2026-08-15T00:00:00-04:00,2026-08-20T23:59:59-04:00,,19603.8,-760.27,19809.8,-1014.08,http://f.wishabi.net/page_items/429626521/1785891566/extra_large.jpg
Shoppers Drug Mart,8069919,1032473015,DANONE ACTIVIA YOGURT TUB (650g) or NO NAME CREAM CHEESE (227g - 250g),,4.19,,,,$4.19,,2026-08-15T00:00:00-04:00,2026-08-20T23:59:59-04:00,,4845.86,-697.69,5073.79,-924.04,http://f.wishabi.net/page_items/430323111/1786466106/extra_large.jpg
Shoppers Drug Mart,8069919,1031508297,"DIAL COCONUT WATER & MANGO LIQUID HAND SOAP (221mL), SPEED STICK (70g) or LADY SPEED STICK (45g) ANTIPERSPIRANT/DEODORANT",,3.29,,,,$3.29,,2026-08-15T00:00:00-04:00,2026-08-20T23:59:59-04:00,,9841.68,-2142.78,10070.5,-2372.06,http://f.wishabi.net/page_items/429624588/1785891568/extra_large.jpg
Shoppers Drug Mart,8069919,1031497962,"DIPPITY-DO HAIR GEL, FRUCTIS SHAMPOO (370mL) or CONDITIONER (354mL)",,3.49,,,,$3.49,,2026-08-15T00:00:00-04:00,2026-08-20T23:59:59-04:00,,20224.2,-1932.21,20431.7,-2190.76,http://f.wishabi.net/page_items/429626529/1785891571/extra_large.jpg
Shoppers Drug Mart,8069919,1031525450,"DOVE BODY WASH (325mL), IVORY (10 x 90g) or OLAY (4 x 90g) BAR SOAP",,5.99,,,,$5.99,,2026-08-15T00:00:00-04:00,2026-08-20T23:59:59-04:00,,7146.69,-481.67,7355.55,-742.35,http://f.wishabi.net/page_items/429623784/1785891550/extra_large.jpg
Shoppers Drug Mart,8069919,1031531034,DOVE HAIR CARE PRODUCTS,Dove,4.99,,,,$4.99,,2026-08-15T00:00:00-04:00,2026-08-20T23:59:59-04:00,,2886.3,-1394.31,3077.92,-1664.36,http://f.wishabi.net/page_items/429622454/1785891544/extra_large.jpg
Shoppers Drug Mart,8069919,1031525656,DOVE INTENSIVE REPAIR or DOVE MEN+CARE HAIR CARE PRODUCTS 530mL,Dove,,,,,,,2026-08-15T00:00:00-04:00,2026-08-20T23:59:59-04:00,,15571.3,-682.24,15918.8,-1264.38,http://f.wishabi.net/page_items/429625090/1785891565/extra_large.jpg
Shoppers Drug Mart,8069919,1031539910,DOVE WHOLE BODY DEODORANT PRODUCTS,Dove,11.99,,,,$11.99,,2026-08-15T00:00:00-04:00,2026-08-20T23:59:59-04:00,,14886.9,-1264.66,15231.8,-1844.67,http://f.wishabi.net/page_items/429625081/1785891559/extra_large.jpg
Shoppers Drug Mart,8069919,1031502386,DR. SCHOLL'S,Dr Scholls,13.99,,,,$13.99,,2026-08-15T00:00:00-04:00,2026-08-20T23:59:59-04:00,,4330.96,-1056.51,4611.07,-1472.93,http://f.wishabi.net/page_items/429622550/1785891540/extra_large.jpg
Shoppers Drug Mart,8069919,1031533004,DR. SCHOLL'S ORTHOTIC INSOLES 1 Pair,Dr Scholls,19.99,,,,$19.99,,2026-08-15T00:00:00-04:00,2026-08-20T23:59:59-04:00,,18949.1,-125.91,19303.9,-470.52,http://f.wishabi.net/page_items/429626084/1785891574/extra_large.jpg
Shoppers Drug Mart,8069919,1031523000,DR. SCHOLL'S SKIN TAG or WART REMOVER PRODUCTS,Dr Scholls,,,,,,,2026-08-15T00:00:00-04:00,2026-08-20T23:59:59-04:00,,19095.7,-479.07,19303.7,-741.94,http://f.wishabi.net/page_items/429626089/1785891576/extra_large.jpg
Shoppers Drug Mart,8069919,1031506044,"DULCOLAX LAXATIVE LIQUID (354mL), SOFT CHEWS (15's - 30's) or TABLETS (30's - 60's)",Dulcolax,,,,,,,2026-08-15T00:00:00-04:00,2026-08-20T23:59:59-04:00,,4379.46,-455.82,4611.63,-687.34,http://f.wishabi.net/page_items/429622544/1785891539/extra_large.jpg
Shoppers Drug Mart,8069919,1031506438,"DURACELL COPPERTOP AA, AAA or HEARING AND BATTERIES 16's",Duracell,,,,,,,2026-08-15T00:00:00-04:00,2026-08-20T23:59:59-04:00,,21352.1,-2194.19,21556.7,-2462.34,http://f.wishabi.net/page_items/429626814/1785891580/extra_large.jpg
Shoppers Drug Mart,8069919,1031491934,"ECO-MAX (740mL), DAWN ULTRA (431mL - 502mL) DISH SOAP or LYSOL HOUSEHOLD CLEANER",,6.0,,,,$6.0,,2026-08-15T00:00:00-04:00,2026-08-20T23:59:59-04:00,,3266.47,-2015.69,3458.35,-2302.11,http://f.wishabi.net/page_items/429622461/1785891550/extra_large.jpg
Shoppers Drug Mart,8069919,1031530889,ELIZABETH ARDEN CERAMIDE SKIN RENEWING CLEANSER 125mL,Elizabeth Arden,50.0,,,,$50.0,,2026-08-15T00:00:00-04:00,2026-08-20T23:59:59-04:00,,12908.6,-96.83,13284.8,-444.67,http://f.wishabi.net/page_items/429624497/1785891574/extra_large.jpg
Shoppers Drug Mart,8069919,1031517414,ELMER'S GLUE. PAPER MATE or SHARPIE STATIONERY PRODUCTS,,,,,,,,2026-08-15T00:00:00-04:00,2026-08-20T23:59:59-04:00,,7452.59,-1135.74,7712.35,-1528.35,http://f.wishabi.net/page_items/429623800/1785891562/extra_large.jpg
Shoppers Drug Mart,8069919,1031512395,EMBRYOLISSE SKIN CARE PRODUCTS,EMBRYOLISSE,,,,,,,2026-08-15T00:00:00-04:00,2026-08-20T23:59:59-04:00,,12558.0,-101.36,12910.6,-449.99,http://f.wishabi.net/page_items/429624493/1785891572/extra_large.jpg
Shoppers Drug Mart,8069919,1031519209,ENFAMIL A+ NEUROPRO (2 x 445g) or NEUROPRO GENTLEASE (2 x 431g) INFANT FORMULA POWDER REFILL,Enfamil,72.99,,,,$72.99,,2026-08-15T00:00:00-04:00,2026-08-20T23:59:59-04:00,,2314.66,-1671.38,2506.35,-1944.37,http://f.wishabi.net/page_items/429622457/1785891547/extra_large.jpg
Shoppers Drug Mart,8069919,1031533061,EOS 24H MOISTURE BODY LOTIONS,EOS,,,,,,,2026-08-15T00:00:00-04:00,2026-08-20T23:59:59-04:00,,8327.18,-1127.4,8589.1,-1520.82,http://f.wishabi.net/page_items/429625953/1785891560/extra_large.jpg
Shoppers Drug Mart,8069919,1031506333,ESSIE NAIL ENAMEL or TREATMENTS,Essie,9.99,,,,$9.99,,2026-08-15T00:00:00-04:00,2026-08-20T23:59:59-04:00,,2070.02,-1091.32,2261.87,-1365.18,http://f.wishabi.net/page_items/429622625/1785891536/extra_large.jpg
Shoppers Drug Mart,8069919,1031516843,ESTÉE LAUDER Advanced Night Repair Serum Synchronized Multi-Recovery Complex,Estee Lauder,,,,,,,2026-08-15T00:00:00-04:00,2026-08-20T23:59:59-04:00,,21967.8,-578.35,22135.1,-886.65,http://f.wishabi.net/page_items/429652250/1785891566/extra_large.jpg
Shoppers Drug Mart,8069919,1031512872,EUCERIN SKIN CARE PRODUCTS,Eucerin,,,,,,,2026-08-15T00:00:00-04:00,2026-08-20T23:59:59-04:00,,13757.4,-104.01,14099.7,-674.73,http://f.wishabi.net/page_items/429625920/1785891564/extra_large.jpg
Shoppers Drug Mart,8069919,1031541914,"EXCELLENCE, FÉRIA or PREFERENCE ULTIMATE HAIR CONDITIONER 120mL",,9.99,,,,$9.99,,2026-08-15T00:00:00-04:00,2026-08-20T23:59:59-04:00,,3462.39,-1529.22,3833.67,-1896.37,http://f.wishabi.net/page_items/429622572/1785891546/extra_large.jpg
Shoppers Drug Mart,8069919,1031513983,Estée Lauder Glimmer Eau de Parfum 50mL,,145.0,,,,$145.0,,2026-08-15T00:00:00-04:00,2026-08-20T23:59:59-04:00,,12165.3,-1904.61,12507.5,-2434.85,http://f.wishabi.net/page_items/429624466/1785891559/extra_large.jpg
Shoppers Drug Mart,8069919,1031519189,"FAMILY GUARD DISINFECTANT CLEANER (946mL), DAWN POWERWASH DISH SPRAY or MR. CLEAN CLEAN FREAK (473mL)",,5.99,,,,$5.99,,2026-08-15T00:00:00-04:00,2026-08-20T23:59:59-04:00,,19095.5,-2198.57,19302.1,-2464.64,http://f.wishabi.net/page_items/429626553/1785891582/extra_large.jpg
Shoppers Drug Mart,8069919,1031512769,FANCY FEAST (79.4 g - 85g) or FRISKIES (34g - 156g) WET CAT FOOD,,5.0,,,,$5.0,,2026-08-15T00:00:00-04:00,2026-08-20T23:59:59-04:00,,6019.26,-2195.76,6225.4,-2458.54,http://f.wishabi.net/page_items/429623683/1785891563/extra_large.jpg
Shoppers Drug Mart,8069919,1031516742,"FARMER'S MARKET BUTTER CROISSANTS, BUTTER TARTS (6's) or PC MINI MUFFINS (12's)",,5.49,,,,$5.49,,2026-08-15T00:00:00-04:00,2026-08-20T23:59:59-04:00,,6228.44,-752.38,6433.25,-1005.17,http://f.wishabi.net/page_items/429626462/1785891566/extra_large.jpg
Shoppers Drug Mart,8069919,1032473374,FARMER'S MARKET GRAPE TOMATOES (283g) FARMER'S MARKET MINI CUCUMBERS (6's),Farmer's Market,2.99,,,,$2.99,,2026-08-15T00:00:00-04:00,2026-08-20T23:59:59-04:00,,5075.3,-2138.27,5303.46,-2368.56,http://f.wishabi.net/page_items/430323129/1786466119/extra_large.jpg
Shoppers Drug Mart,8069919,1032473350,"FARMER'S MARKET NAVEL ORANGES (3lb), FARMER'S MARKET AVOCADOS (5's)",Farmer's Market,4.99,,,,$4.99,,2026-08-15T00:00:00-04:00,2026-08-20T23:59:59-04:00,,4845.63,-2140.29,5073.35,-2371.77,http://f.wishabi.net/page_items/430323125/1786466116/extra_large.jpg
Shoppers Drug Mart,8069919,1031541431,FINISH DISHWASHER DETERGENT or AIR WICK AIR FRESHENER PRODUCTS,,,,,,,,2026-08-15T00:00:00-04:00,2026-08-20T23:59:59-04:00,,1252.87,-2281.34,1443.22,-2524.6,http://f.wishabi.net/page_items/429621615/1785891539/extra_large.jpg
Shoppers Drug Mart,8069919,1031492303,FLONASE ALLERGY RELIEF NASAL SPRAY 120 Doses,Flonase,29.99,,,,$29.99,,2026-08-15T00:00:00-04:00,2026-08-20T23:59:59-04:00,,3462.63,-93.7,3834.93,-443.06,http://f.wishabi.net/page_items/429622569/1785891546/extra_large.jpg
Shoppers Drug Mart,8069919,1031511181,FLORASTOR or BIO-K PROBIOTIC PRODUCTS,,,,,,,,2026-08-15T00:00:00-04:00,2026-08-20T23:59:59-04:00,,10067.6,-453.35,10299.1,-685.22,http://f.wishabi.net/page_items/429624568/1785891556/extra_large.jpg
Shoppers Drug Mart,8069919,1031510861,"G.U.M PROFESSIONAL CLEAN FLOSSER PICKS (150's), GO-BETWEENS (6's - 8's) or BURT'S BEES LIP BALMS",G.U.M,,,,,,,2026-08-15T00:00:00-04:00,2026-08-20T23:59:59-04:00,,7620.7,-1583.95,7976.91,-1926.06,http://f.wishabi.net/page_items/429623792/1785891556/extra_large.jpg
Shoppers Drug Mart,8069919,1031525746,GARNIER MICELLAR WATER 200mL - 400mL,Garnier,10.99,,,,$10.99,,2026-08-15T00:00:00-04:00,2026-08-20T23:59:59-04:00,,14101.7,-683.49,14211.9,-1088.54,http://f.wishabi.net/page_items/429625915/1785891561/extra_large.jpg
Shoppers Drug Mart,8069919,1031514950,GARNIER Micellar Water for Sensitive Skin,Garnier,,,,,,,2026-08-15T00:00:00-04:00,2026-08-20T23:59:59-04:00,,24504.8,-1077.23,25029.3,-1606.17,http://f.wishabi.net/page_items/429626710/1785891569/extra_large.jpg
Shoppers Drug Mart,8069919,1031492429,GARNIER PUMP CLEANSERS,Garnier,,,,,,,2026-08-15T00:00:00-04:00,2026-08-20T23:59:59-04:00,,14227.0,-733.03,14439.0,-1086.03,http://f.wishabi.net/page_items/429652243/1785891567/extra_large.jpg
Shoppers Drug Mart,8069919,1031540193,GAVISCON ANTACID FOAMTABS (50's - 100's) or SOOTHING LIQUID (340mL - 600mL),Gaviscon,,,,,,,2026-08-15T00:00:00-04:00,2026-08-20T23:59:59-04:00,,1687.31,-2187.58,1879.64,-2464.2,http://f.wishabi.net/page_items/429622636/1785891544/extra_large.jpg
Shoppers Drug Mart,8069919,1031514829,"GENACOL NATURAL HEALTH, IRON KIDS VITAMIN or NATURAL HEALTH PRODUCTS",,,,,,,,2026-08-15T00:00:00-04:00,2026-08-20T23:59:59-04:00,,9517.49,-105.88,9890.38,-448.12,http://f.wishabi.net/page_items/429624587/1785891568/extra_large.jpg
Shoppers Drug Mart,8069919,1032472422,GENERAL MILLS CHEERIOS or KIDS CEREAL,General Mills,3.99,,,,$3.99,,2026-08-15T00:00:00-04:00,2026-08-20T23:59:59-04:00,,5467.66,-1055.63,5761.36,-1469.34,http://f.wishabi.net/page_items/430323107/1786466103/extra_large.jpg
Shoppers Drug Mart,8069919,1031537073,"GILLETTE MIAMI SUNSET COMFORTGLIDE RAZOR SYSTEM, DAISY CLASSIC (18's) or VENUS SENSITIVE (6's) DISPOSABLE RAZORS",Gillette,17.99,,,,$17.99,,2026-08-15T00:00:00-04:00,2026-08-20T23:59:59-04:00,,9150.0,-1526.9,9521.02,-1897.76,http://f.wishabi.net/page_items/429624577/1785891562/extra_large.jpg
Shoppers Drug Mart,8069919,1031505397,GILLETTE PREMIUM RAZOR SYSTEMS,Gilette,18.99,,,,$18.99,,2026-08-15T00:00:00-04:00,2026-08-20T23:59:59-04:00,,7356.59,-478.36,7563.06,-744.28,http://f.wishabi.net/page_items/429623785/1785891551/extra_large.jpg
Shoppers Drug Mart,8069919,1031504390,GILLETTE SERIES or SATIN CARE SHAVE GEL,Gillette,5.99,,,,$5.99,,2026-08-15T00:00:00-04:00,2026-08-20T23:59:59-04:00,,20527.5,-756.22,20733.4,-1012.85,http://f.wishabi.net/page_items/429626197/1785891569/extra_large.jpg
Shoppers Drug Mart,8069919,1031522172,GILLETTE SKIN SHIELD CLEAR GEL (108g) or OLD SPICE GENTLEMAN'S COLLECTION (73g - 85g) ANTIPERSPIRANT/DEODORANT,,8.49,,,,$8.49,,2026-08-15T00:00:00-04:00,2026-08-20T23:59:59-04:00,,2694.62,-1670.87,2885.44,-1944.59,http://f.wishabi.net/page_items/429622458/1785891547/extra_large.jpg
Shoppers Drug Mart,8069919,1031512953,"GILLETTE VENUS COMFORTGLIDE RAZOR SYSTEM, VENUS BREEZE (6's) or SENSITIVEGLIDE (4's) REFILL CARTRIDGES",Gillette,27.99,,,,$27.99,,2026-08-15T00:00:00-04:00,2026-08-20T23:59:59-04:00,,3170.3,-703.46,3455.99,-1033.11,http://f.wishabi.net/page_items/429622443/1785891535/extra_large.jpg
Shoppers Drug Mart,8069919,1031517529,"GILLETTE VENUS PUBIC HAIR & SKIN GENTLE TRIMMER, FUSION (12's) or FUSION PROGLIDE (8's) REFILL CARTRIDGES",Gillette,51.99,,,,$51.99,,2026-08-15T00:00:00-04:00,2026-08-20T23:59:59-04:00,,9152.79,-1903.69,9383.57,-2139.91,http://f.wishabi.net/page_items/429624565/1785891554/extra_large.jpg
Shoppers Drug Mart,8069919,1031536865,GILLETTE VENUS SIMPLY3 REVEAL (4's) or SENSOR3 DISPOSABLE RAZORS,,8.99,,,,$8.99,,2026-08-15T00:00:00-04:00,2026-08-20T23:59:59-04:00,,9152.84,-2142.01,9383.86,-2372.93,http://f.wishabi.net/page_items/429624583/1785891565/extra_large.jpg
Shoppers Drug Mart,8069919,1031507296,GLUCERNA (6's) or ENSURE (4's - 6's) MEAL REPLACEMENT SHAKES,,10.99,,,,$10.99,,2026-08-15T00:00:00-04:00,2026-08-16T23:59:59-04:00,,495.14,-879.75,685.92,-1109.32,http://f.wishabi.net/page_items/429621529/1785891528/extra_large.jpg
Shoppers Drug Mart,8069919,1031512237,GOOD HAIR COLOUR,GOOD,14.99,,,,$14.99,,2026-08-15T00:00:00-04:00,2026-08-20T23:59:59-04:00,,12560.7,-1901.13,12791.5,-2136.11,http://f.wishabi.net/page_items/429624470/1785891557/extra_large.jpg
Shoppers Drug Mart,8069919,1031530589,"GRADE ""A"" LARGE WHITE EGGS",,3.49,,,,$3.49,,2026-08-15T00:00:00-04:00,2026-08-16T23:59:59-04:00,,494.51,-630.34,685.29,-875.3,http://f.wishabi.net/page_items/429621719/1785891546/extra_large.jpg
Shoppers Drug Mart,8069919,1031504323,"GREAT LAKES WELLNESS COLLAGEN (227g - 284g), VEGA PROTEIN POWDER or LIFE BRAND VITAMIN PRODUCTS",,,,,,,,2026-08-15T00:00:00-04:00,2026-08-20T23:59:59-04:00,,495.08,-1801.44,684.78,-2037.93,http://f.wishabi.net/page_items/429621563/1785891532/extra_large.jpg
Shoppers Drug Mart,8069919,1031529649,GRENADE PROTEIN BARS,GRENADE,8.0,,,,$8.0,,2026-08-15T00:00:00-04:00,2026-08-20T23:59:59-04:00,,18473.7,-480.19,18682.7,-742.37,http://f.wishabi.net/page_items/429626048/1785891562/extra_large.jpg
Shoppers Drug Mart,8069919,1031528914,Giorgio Armani Stronger With You Spices Eau de Parfum,ARMANI,185.0,,,,$185.0,,2026-08-15T00:00:00-04:00,2026-08-20T23:59:59-04:00,,12166.6,-1369.24,12507.5,-1897.55,http://f.wishabi.net/page_items/429624467/1785891560/extra_large.jpg
Shoppers Drug Mart,8069919,1031506959,HARTZ DELECTABLES GREENIES FELINE DENTAL or TEMPTATIONS CAT TREATS,,7.0,,,,$7.0,,2026-08-15T00:00:00-04:00,2026-08-20T23:59:59-04:00,,6228.96,-2195.77,6433.25,-2461.87,http://f.wishabi.net/page_items/429623673/1785891560/extra_large.jpg
Shoppers Drug Mart,8069919,1031522760,HEAD & SHOULDERS CLINICAL SHAMPOO 400mL,Head & Shoulders,11.99,,,,$11.99,,2026-08-15T00:00:00-04:00,2026-08-20T23:59:59-04:00,,15405.1,-233.48,15575.5,-667.32,http://f.wishabi.net/page_items/429652246/1785891566/extra_large.jpg
Shoppers Drug Mart,8069919,1031533035,HEAD & SHOULDERS DANDRUFF SHAMPOO 613mL,Head & Shoulders,9.99,,,,$9.99,,2026-08-15T00:00:00-04:00,2026-08-20T23:59:59-04:00,,15231.9,-227.42,15407.4,-672.54,http://f.wishabi.net/page_items/429625088/1785891563/extra_large.jpg
Shoppers Drug Mart,8069919,1031514929,HEAD & SHOULDERS HAIR CARE PRODUCTS,Head & Shoulders,5.99,,,,$5.99,,2026-08-15T00:00:00-04:00,2026-08-16T23:59:59-04:00,,42.9,-1996.67,439.67,-2456.33,http://f.wishabi.net/page_items/429621449/1785891519/extra_large.jpg
Shoppers Drug Mart,8069919,1031514297,HELLMANN'S MAYONNAISE (340mL) or MINUTE RICE (600g - 700g),,4.99,,,,$4.99,,2026-08-15T00:00:00-04:00,2026-08-20T23:59:59-04:00,,6434.86,-1930.1,6643.22,-2189.52,http://f.wishabi.net/page_items/429623664/1785891557/extra_large.jpg
Shoppers Drug Mart,8069919,1031528974,HELUVA GOOD! SOUR CREAM DIP,Heluva Good,3.79,,,,$3.79,,2026-08-15T00:00:00-04:00,2026-08-20T23:59:59-04:00,,5814.57,-481.23,6020.82,-741.96,http://f.wishabi.net/page_items/429623438/1785891547/extra_large.jpg
Shoppers Drug Mart,8069919,1031506409,HERBAL ESSENCES PURE PLANTS 400mL HAIR CARE PRODUCTS,Herbal Essences,8.99,,,,$8.99,,2026-08-15T00:00:00-04:00,2026-08-20T23:59:59-04:00,,15572.5,-114.08,15919.0,-672.53,http://f.wishabi.net/page_items/429625092/1785891566/extra_large.jpg
Shoppers Drug Mart,8069919,1031522541,HERSHEY'S CELLO BAGS 160g - 270g,Hershey's,7.29,,,,$7.29,,2026-08-15T00:00:00-04:00,2026-08-20T23:59:59-04:00,,2070.19,-2185.4,2261.96,-2462.59,http://f.wishabi.net/page_items/429622622/1785891533/extra_large.jpg
Shoppers Drug Mart,8069919,1031512011,"HIGH LINER (5's), PC (6's) BREADED HADDOCK FILLETS or HIGH LINER PAN-SEAR SELECTS (4's)",,14.49,,,,$14.49,,2026-08-15T00:00:00-04:00,2026-08-20T23:59:59-04:00,,6638.63,-754.97,6846.23,-1009.44,http://f.wishabi.net/page_items/429623511/1785891564/extra_large.jpg
Shoppers Drug Mart,8069919,1031497190,"HUGGIES JUMBO DIAPERS, GOODNITES or PULL-UPS",,13.99,,,,$13.99,,2026-08-15T00:00:00-04:00,2026-08-20T23:59:59-04:00,,2505.6,-1671.88,2694.61,-1945.88,http://f.wishabi.net/page_items/429622459/1785891548/extra_large.jpg
Shoppers Drug Mart,8069919,1031509177,ICY HOT or RUB-A535 TOPICAL PAIN RELIEF PRODUCTS,,,,,,,,2026-08-15T00:00:00-04:00,2026-08-20T23:59:59-04:00,,9383.15,-698.38,9609.76,-920.75,http://f.wishabi.net/page_items/429624571/1785891558/extra_large.jpg
Shoppers Drug Mart,8069919,1031503877,IMODIUM ANTI-DIARRHEAL LIQUI-GELS (24's). QUICK DISSOLVE or CAPLETS (20's),IMODIUM,,,,,,,2026-08-15T00:00:00-04:00,2026-08-20T23:59:59-04:00,,4193.62,-104.53,4609.09,-449.74,http://f.wishabi.net/page_items/429622603/1785891556/extra_large.jpg
Shoppers Drug Mart,8069919,1031522449,INDEED SKIN CARE PRODUCTS,Indeed,,,,,,,2026-08-15T00:00:00-04:00,2026-08-20T23:59:59-04:00,,17139.5,-1070.6,17396.4,-1521.06,http://f.wishabi.net/page_items/429626008/1785891575/extra_large.jpg
Shoppers Drug Mart,8069919,1031492380,"INTERNATIONAL DELIGHT (425mL), BAILEYS (400mL) or SILK (473mL)",,2.99,,,,$2.99,,2026-08-15T00:00:00-04:00,2026-08-20T23:59:59-04:00,,5808.51,-143.8,6145.55,-470.93,http://f.wishabi.net/page_items/429623467/1785891555/extra_large.jpg
Shoppers Drug Mart,8069919,1031522352,IRISH SPRING BAR SOAP (6 x 104.8g) or MRS. MEYER'S LIQUID HAND SOAP (370mL),,6.49,,,,$6.49,,2026-08-15T00:00:00-04:00,2026-08-20T23:59:59-04:00,,10068.4,-1901.7,10300.1,-2138.32,http://f.wishabi.net/page_items/429624570/1785891557/extra_large.jpg
Shoppers Drug Mart,8069919,1031506379,JAGUAR CLASSIC RED EAU DE TOILETTE or ALFRED SUNG SHI EAU DE PARFUM 100mL,,23.99,,,,$23.99,,2026-08-15T00:00:00-04:00,2026-08-20T23:59:59-04:00,,3266.49,-1111.67,3458.83,-1388.74,http://f.wishabi.net/page_items/429622456/1785891546/extra_large.jpg
Shoppers Drug Mart,8069919,1031497910,JAMIESON HEALTHY SLEEP or SLEEP-EZE SLEEP AND PRODUCTS,,,,,,,,2026-08-15T00:00:00-04:00,2026-08-20T23:59:59-04:00,,18271.2,-480.23,18477.3,-743.46,http://f.wishabi.net/page_items/429626053/1785891563/extra_large.jpg
Shoppers Drug Mart,8069919,1031512689,JAMIESON NATURAL HEALTH PRODUCTS,Jamieson,,,,,,,2026-08-15T00:00:00-04:00,2026-08-16T23:59:59-04:00,,875.78,-1112.79,1064.09,-1341.5,http://f.wishabi.net/page_items/429621715/1785891545/extra_large.jpg
Shoppers Drug Mart,8069919,1031510054,JAMIESON™ Ashwagandha†,Jamieson,,,,,,,2026-08-15T00:00:00-04:00,2026-09-11T23:59:59-04:00,,23359.7,-887.74,23669.7,-1514.65,http://f.wishabi.net/page_items/429654647/1785891567/extra_large.jpg
Shoppers Drug Mart,8069919,1032473296,"JANES PUB STYLE CHICKEN NUGGETS, STRIPS or BURGERS",Janes Pub Style,9.29,,,,$9.29,,2026-08-15T00:00:00-04:00,2026-08-20T23:59:59-04:00,,5075.39,-695.57,5303.72,-924.11,http://f.wishabi.net/page_items/430323116/1786466110/extra_large.jpg
Shoppers Drug Mart,8069919,1031503702,JEAN PAUL GAULTIER Divine,Jean Paul Gaultier,175.0,,,,$175.0,,2026-08-15T00:00:00-04:00,2026-08-20T23:59:59-04:00,,11820.4,-1904.57,12164.5,-2433.16,http://f.wishabi.net/page_items/429624464/1785891558/extra_large.jpg
Shoppers Drug Mart,8069919,1031514482,JERGENS LOTIONS,Jergens,8.99,,,,$8.99,,2026-08-15T00:00:00-04:00,2026-08-20T23:59:59-04:00,,4380.7,-2139.97,4610.66,-2372.58,http://f.wishabi.net/page_items/429622568/1785891545/extra_large.jpg
Shoppers Drug Mart,8069919,1031514870,JERGENS NATURAL GLOW SUNLESS TANNING PRODUCTS,Jergens,11.99,,,,$11.99,,2026-08-15T00:00:00-04:00,2026-08-20T23:59:59-04:00,,13758.9,-1858.28,14102.3,-2431.93,http://f.wishabi.net/page_items/429625911/1785891558/extra_large.jpg
Shoppers Drug Mart,8069919,1031516960,JOE FRESH KIDS ACCESSORIES,JOE FRESH,,,,,,,2026-08-15T00:00:00-04:00,2026-08-20T23:59:59-04:00,,8895.29,-755.02,9101.5,-1008.74,http://f.wishabi.net/page_items/429625935/1785891555/extra_large.jpg
Shoppers Drug Mart,8069919,1031536687,JOHN FRIEDA ILLUMINATING WATER (200mL) or FRIZZ EASE TREATMENTS (50mL - 150mL),,13.99,,,,$13.99,,2026-08-15T00:00:00-04:00,2026-08-20T23:59:59-04:00,,19603.2,-1933.32,19811.1,-2191.33,http://f.wishabi.net/page_items/429626520/1785891566/extra_large.jpg
Shoppers Drug Mart,8069919,1031517695,JOUVIANCE Hydractiv Exfoliant,JOUVIANCE,,,,,,,2026-08-15T00:00:00-04:00,2026-08-20T23:59:59-04:00,,22135.1,-336.67,22273.0,-886.65,http://f.wishabi.net/page_items/429652251/1785891567/extra_large.jpg
Shoppers Drug Mart,8069919,1031516649,JOUVIANCE SKIN CARE PRODUCTS,JOUVIANCE,,,,,,,2026-08-15T00:00:00-04:00,2026-08-20T23:59:59-04:00,,12790.3,-696.79,13018.3,-922.3,http://f.wishabi.net/page_items/429624485/1785891568/extra_large.jpg
Shoppers Drug Mart,8069919,1031492452,JUICY COUTURE FINE FRAGRANCE MIST,Juicy Couture,24.99,,,,$24.99,,2026-08-15T00:00:00-04:00,2026-08-20T23:59:59-04:00,,13248.6,-697.33,13475.8,-922.99,http://f.wishabi.net/page_items/429624484/1785891567/extra_large.jpg
Shoppers Drug Mart,8069919,1031511778,JUICY COUTURE VIVA LA JUICY ELIXIR EAU DE PARFUM,,141.0,,,,$141.0,,2026-08-15T00:00:00-04:00,2026-08-20T23:59:59-04:00,,13291.1,-96.92,13706.4,-441.22,http://f.wishabi.net/page_items/429624491/1785891571/extra_large.jpg
Shoppers Drug Mart,8069919,1031518716,JUICY FRUIT or EXCEL GUM BOTTLE,,5.49,,,,$5.49,,2026-08-15T00:00:00-04:00,2026-08-20T23:59:59-04:00,,18596.1,-1579.96,18936.2,-1924.91,http://f.wishabi.net/page_items/429626091/1785891576/extra_large.jpg
Shoppers Drug Mart,8069919,1031516622,Juicy Couture Just Moi Intense Eau de Parfum 100mL,,186.0,,,,$186.0,,2026-08-15T00:00:00-04:00,2026-08-20T23:59:59-04:00,,11822.0,-1369.93,12163.9,-1900.54,http://f.wishabi.net/page_items/429624465/1785891559/extra_large.jpg
Shoppers Drug Mart,8069919,1031514496,KIND SNACK or POWER CRUNCH PROTEIN BARS 40g,,4.0,,,,$4.0,,2026-08-15T00:00:00-04:00,2026-08-20T23:59:59-04:00,,9840.57,-695.78,10068.5,-920.54,http://f.wishabi.net/page_items/429624586/1785891567/extra_large.jpg
Shoppers Drug Mart,8069919,1031497393,"KINGSTON 128GB, 256GB MICRO SD CARD or USB DATA TRAVELER",Kingston,,,,,,,2026-08-15T00:00:00-04:00,2026-08-20T23:59:59-04:00,,8484.65,-1934.03,8691.32,-2194.54,http://f.wishabi.net/page_items/429625972/1785891567/extra_large.jpg
Shoppers Drug Mart,8069919,1031527836,"KING·C·GILLETTE DOUBLE EDGE SAFETY RAZORS, GILLETTE MACH3 (12's) or PROGLIDE (8's) REFILL CARTRIDGES",,39.99,,,,$39.99,,2026-08-15T00:00:00-04:00,2026-08-20T23:59:59-04:00,,3077.2,-1670.08,3267.66,-1943.81,http://f.wishabi.net/page_items/429622448/1785891539/extra_large.jpg
Shoppers Drug Mart,8069919,1031535692,KISS BARE BUT BETTER FALSE NAILS or LASHES,,,,,,,,2026-08-15T00:00:00-04:00,2026-08-20T23:59:59-04:00,,13020.2,-2139.88,13248.7,-2369.31,http://f.wishabi.net/page_items/429624495/1785891573/extra_large.jpg
Shoppers Drug Mart,8069919,1031497470,KLORANE HAIR or FILORGA SKIN CARE PRODUCTS,,,,,,,,2026-08-15T00:00:00-04:00,2026-08-20T23:59:59-04:00,,12560.7,-699.37,12790.9,-924.18,http://f.wishabi.net/page_items/429624474/1785891560/extra_large.jpg
Shoppers Drug Mart,8069919,1031497993,"KOTEX CLICK TAMPONS (45's), 100% BAMBOO-DERIVED VISCOSE TOP LAYER LINERS (94's) or PREMIUM BAMBOO PADS (36's - 48's)",,,,,,,,2026-08-15T00:00:00-04:00,2026-08-20T23:59:59-04:00,,3923.59,-2138.82,4152.67,-2370.48,http://f.wishabi.net/page_items/429622596/1785891554/extra_large.jpg
Shoppers Drug Mart,8069919,1031511369,KRAFT PEANUT BUTTER,Kraft,5.99,,,,$5.99,,2026-08-15T00:00:00-04:00,2026-08-20T23:59:59-04:00,,21147.4,-1933.29,21355.0,-2186.88,http://f.wishabi.net/page_items/429626203/1785891570/extra_large.jpg
Shoppers Drug Mart,8069919,1031497133,KRISTIN ESS HAIR CARE PRODUCTS,Kristin Ess,,,,,,,2026-08-15T00:00:00-04:00,2026-08-20T23:59:59-04:00,,19736.8,-1581.41,20075.6,-1926.23,http://f.wishabi.net/page_items/429626544/1785891580/extra_large.jpg
Shoppers Drug Mart,8069919,1031506179,L'IMAGE HAIR COLOUR,L'IMAGE,5.99,,,,$5.99,,2026-08-15T00:00:00-04:00,2026-08-20T23:59:59-04:00,,19398.2,-1931.14,19605.6,-2191.91,http://f.wishabi.net/page_items/429626522/1785891567/extra_large.jpg
Shoppers Drug Mart,8069919,1031513173,"L'ORÉAL MEN EXPERT, HAIR EXPERTISE or WHOLE BLENDS HAIR CARE PRODUCTS",,,,,,,,2026-08-15T00:00:00-04:00,2026-08-20T23:59:59-04:00,,20073.2,-1583.19,20434.4,-1928.81,http://f.wishabi.net/page_items/429626540/1785891578/extra_large.jpg
Shoppers Drug Mart,8069919,1031525115,"L'ORÉAL TELESCOPIC EXTENSIONIST, VOLUMINOUS PANORAMA or PARADISE BIG DEAL MASCARA",,16.99,,,,$16.99,,2026-08-15T00:00:00-04:00,2026-08-20T23:59:59-04:00,,20020.6,-483.87,20228.5,-747.1,http://f.wishabi.net/page_items/429626518/1785891564/extra_large.jpg
Shoppers Drug Mart,8069919,1031527585,"L'ORÉAL TRUE MATCH FOUNDATION, LUMI LE GLOW TINT or MAGIC BB CREAM",,17.99,,,,$17.99,,2026-08-15T00:00:00-04:00,2026-08-20T23:59:59-04:00,,13248.8,-1901.34,13478.1,-2138.58,http://f.wishabi.net/page_items/429624476/1785891562/extra_large.jpg
Shoppers Drug Mart,8069919,1031536780,"L'ORÉAL TRUE MATCH HYALURON SERUM TINT, WITCHCRAFT or VITRY NAIL TREATMENT",,,,,,,,2026-08-15T00:00:00-04:00,2026-08-20T23:59:59-04:00,,20225.6,-754.5,20430.8,-1015.25,http://f.wishabi.net/page_items/429626537/1785891576/extra_large.jpg
Shoppers Drug Mart,8069919,1031506128,"L'ORÉAL VOLUMINOUS MASCARA, MAYBELLINE NEW YORK SUPERSTAY LIP COLOUR or COVERGIRL TRUBLEND ENHANCER BAKED LUMINOUS BLUSH",,10.99,,,,$10.99,,2026-08-15T00:00:00-04:00,2026-08-20T23:59:59-04:00,,2886.76,-1114.33,3077.84,-1388.6,http://f.wishabi.net/page_items/429622463/1785891551/extra_large.jpg
Shoppers Drug Mart,8069919,1031492218,L'ORÉAL WRINKLE EXPERT FACIAL MOISTURIZERS (15ml - 50mL) or LIFE BRAND SKIN CARE PRODUCTS,,,,,,,,2026-08-15T00:00:00-04:00,2026-08-20T23:59:59-04:00,,1688.72,-547.15,1879.94,-820.18,http://f.wishabi.net/page_items/429622630/1785891539/extra_large.jpg
Shoppers Drug Mart,8069919,1031504285,L. TAMPONS (42's) or ULTRA THIN PADS (48's - 56's),,15.49,,,,$15.49,,2026-08-15T00:00:00-04:00,2026-08-20T23:59:59-04:00,,9610.41,-2141.75,9839.92,-2372.6,http://f.wishabi.net/page_items/429624590/1785891569/extra_large.jpg
Shoppers Drug Mart,8069919,1031537152,LA ROCHE-POSAY ANTI-AGING or TOLERIANE SKIN CARE PRODUCTS,,,,,,,,2026-08-15T00:00:00-04:00,2026-08-20T23:59:59-04:00,,1879.23,-261.76,2070.94,-545.76,http://f.wishabi.net/page_items/429622638/1785891545/extra_large.jpg
Shoppers Drug Mart,8069919,1031514383,LA ROCHE-POSAY EFFACLAR DUO+M or MAT ACNE CARE SET,La Roche-Posay,,,,,,,2026-08-15T00:00:00-04:00,2026-08-20T23:59:59-04:00,,19398.2,-758.39,19605.4,-1015.87,http://f.wishabi.net/page_items/429626532/1785891573/extra_large.jpg
Shoppers Drug Mart,8069919,1031517077,LA ROCHE-POSAY EFFACLAR or ROSLIAC SKIN CARE PRODUCTS,,,,,,,,2026-08-15T00:00:00-04:00,2026-08-20T23:59:59-04:00,,1878.79,-545.84,2071.39,-819.56,http://f.wishabi.net/page_items/429622621/1785891533/extra_large.jpg
Shoppers Drug Mart,8069919,1031512364,LA ROCHE-POSAY SENSITIVE SKIN CARE SET with the $45 purchase of SELECTED LA ROCHE-POSAY SKIN CARE PRODUCTS,La Roche-Posay,45.0,,,,$45.0,,2026-08-15T00:00:00-04:00,2026-08-20T23:59:59-04:00,,19392.5,-126.17,19732.6,-480.35,http://f.wishabi.net/page_items/429626533/1785891573/extra_large.jpg
Shoppers Drug Mart,8069919,1031536331,LA ROSÉE CLEAR SKIN CONCENTRATED SERUM,LA ROSÉE,49.0,,,,$49.0,,2026-08-15T00:00:00-04:00,2026-08-20T23:59:59-04:00,,17967.0,-754.3,18174.7,-1009.51,http://f.wishabi.net/page_items/429626012/1785891578/extra_large.jpg
Shoppers Drug Mart,8069919,1031509047,LAKOTA or TIGER BALM TOPICAL PAIN RELIEF PRODUCTS,,,,,,,,2026-08-15T00:00:00-04:00,2026-08-20T23:59:59-04:00,,9381.41,-454.76,9610.4,-688.81,http://f.wishabi.net/page_items/429624567/1785891555/extra_large.jpg
Shoppers Drug Mart,8069919,1031513218,"LANTIC GRANULATED (2kg), BRILLIANT YELLOW or ICING (1kg) SUGAR",LANTIC,2.99,,,,$2.99,,2026-08-15T00:00:00-04:00,2026-08-16T23:59:59-04:00,,42.58,-642.37,440.22,-1094.43,http://f.wishabi.net/page_items/429621451/1785891521/extra_large.jpg
Shoppers Drug Mart,8069919,1032472577,LEAN GROUND PORK (450g) or NO NAME ORIGINAL HOT DOGS (12's),,4.0,,,,$4.0,,2026-08-15T00:00:00-04:00,2026-08-20T23:59:59-04:00,,4844.79,-1903.63,5074.14,-2137.54,http://f.wishabi.net/page_items/430323108/1786466104/extra_large.jpg
Shoppers Drug Mart,8069919,1031525018,LIFE BRAND 150mg FLUCONAZOLE 1 Capsule,Life Brand,16.99,,,,$16.99,,2026-08-15T00:00:00-04:00,2026-08-20T23:59:59-04:00,,16427.9,-480.26,16635.7,-745.09,http://f.wishabi.net/page_items/429624914/1785891566/extra_large.jpg
Shoppers Drug Mart,8069919,1031523590,LIFE BRAND 24HR ALLERGY REMEDY TABLETS (30's) or ALLERTIN SOFT GELS (24's),Life Brand,17.99,,,,$17.99,,2026-08-15T00:00:00-04:00,2026-08-20T23:59:59-04:00,,16008.2,-126.7,16352.6,-475.63,http://f.wishabi.net/page_items/429624943/1785891573/extra_large.jpg
Shoppers Drug Mart,8069919,1031492335,LIFE BRAND ALL-GEL ARCH SLEEVES. CALLUS or BUNION FOOT CARE PRODUCTS,Life Brand,,,,,,,2026-08-15T00:00:00-04:00,2026-08-20T23:59:59-04:00,,16269.5,-1081.82,16530.7,-1516.16,http://f.wishabi.net/page_items/429624957/1785891575/extra_large.jpg
Shoppers Drug Mart,8069919,1031514653,"LIFE BRAND ANTIBACTERIAL MOUTHWASH (1L), COLGATE MAXFRESH WATERMELON BLAST TOOTHPASTE (130mL) or LISTERINE TOTAL CARE MOUTHWASH (250mL)",,4.99,,,,$4.99,,2026-08-15T00:00:00-04:00,2026-08-20T23:59:59-04:00,,1878.97,-1367.62,2071.58,-1638.86,http://f.wishabi.net/page_items/429622639/1785891546/extra_large.jpg
Shoppers Drug Mart,8069919,1031508320,LIFE BRAND ANTIBIOTIC CREAM or OINTMENT,Life Brand,7.99,,,,$7.99,,2026-08-15T00:00:00-04:00,2026-08-20T23:59:59-04:00,,16684.6,-130.5,17053.0,-472.26,http://f.wishabi.net/page_items/429624954/1785891575/extra_large.jpg
Shoppers Drug Mart,8069919,1031512927,LIFE BRAND ASSISTED LIVING BEDDING or ACCESSORIES,Life Brand,,,,,,,2026-08-15T00:00:00-04:00,2026-08-20T23:59:59-04:00,,16636.9,-759.89,16841.8,-1010.85,http://f.wishabi.net/page_items/429624903/1785891564/extra_large.jpg
Shoppers Drug Mart,8069919,1031508997,"LIFE BRAND CLASSIC WHITE (5's), BRILLIANT WHITE (14's) WHITENING STRIPS or SONIC REPLACEMENT BRUSH HEADS (3's)",Life Brand,,,,,,,2026-08-15T00:00:00-04:00,2026-08-20T23:59:59-04:00,,17556.2,-1930.33,17763.9,-2192.71,http://f.wishabi.net/page_items/429625996/1785891567/extra_large.jpg
Shoppers Drug Mart,8069919,1031492155,LIFE BRAND CLEARLY FIBRE or SMOOTH TEXTURE PRODUCTS,Life Brand,,,,,,,2026-08-15T00:00:00-04:00,2026-08-20T23:59:59-04:00,,16839.9,-757.67,17047.3,-1012.38,http://f.wishabi.net/page_items/429624925/1785891569/extra_large.jpg
Shoppers Drug Mart,8069919,1031530014,"LIFE BRAND DENTAL FLOSSERS MINT (150's), CREST 3DWHITE ADVANCED TOOTHPASTE (70mL) or ORAL-B GLIDE FLOSS (40m)",,3.99,,,,$3.99,,2026-08-15T00:00:00-04:00,2026-08-20T23:59:59-04:00,,7617.18,-128.5,7974.73,-472.47,http://f.wishabi.net/page_items/429623801/1785891563/extra_large.jpg
Shoppers Drug Mart,8069919,1031492316,LIFE BRAND DESLORATADINE ALLERGY CONTROL TABLETS,Life Brand,39.99,,,,$39.99,,2026-08-15T00:00:00-04:00,2026-08-20T23:59:59-04:00,,9153.74,-697.45,9383.41,-919.82,http://f.wishabi.net/page_items/429624575/1785891560/extra_large.jpg
Shoppers Drug Mart,8069919,1031521874,LIFE BRAND DIABETIC SOCKS 1 Pair,Life Brand,20.0,,,,$20.0,,2026-08-15T00:00:00-04:00,2026-08-20T23:59:59-04:00,,16220.3,-755.59,16426.9,-1009.22,http://f.wishabi.net/page_items/429624900/1785891563/extra_large.jpg
Shoppers Drug Mart,8069919,1031541514,LIFE BRAND DISPOSABLE RAZORS 3's - 10's,Life Brand,6.99,,,,$6.99,,2026-08-15T00:00:00-04:00,2026-08-20T23:59:59-04:00,,17348.2,-2196.94,17555.2,-2458.87,http://f.wishabi.net/page_items/429626005/1785891574/extra_large.jpg
Shoppers Drug Mart,8069919,1031512130,LIFE BRAND DOCOSANOL COLD SORE TREATMENT (2g) or INVISIBLE COLD SORE PATCHES (16's),Life Brand,,,,,,,2026-08-15T00:00:00-04:00,2026-08-20T23:59:59-04:00,,17764.3,-1930.81,17971.7,-2190.21,http://f.wishabi.net/page_items/429625988/1785891561/extra_large.jpg
Shoppers Drug Mart,8069919,1031527175,LIFE BRAND FEMININE CARE TREATMENT PRODUCTS,Life Brand,,,,,,,2026-08-15T00:00:00-04:00,2026-08-20T23:59:59-04:00,,16428.7,-754.56,16634.5,-1009.83,http://f.wishabi.net/page_items/429624917/1785891567/extra_large.jpg
Shoppers Drug Mart,8069919,1031505482,LIFE BRAND FOAMING HAND SOAP,Life Brand,2.99,,,,$2.99,,2026-08-15T00:00:00-04:00,2026-08-20T23:59:59-04:00,,17968.1,-1930.97,18174.9,-2190.49,http://f.wishabi.net/page_items/429626004/1785891573/extra_large.jpg
Shoppers Drug Mart,8069919,1031543945,LIFE BRAND FOAMING SHAVE CREAM 311g,Life Brand,3.99,,,,$3.99,,2026-08-15T00:00:00-04:00,2026-08-20T23:59:59-04:00,,17765.6,-2198.57,17970.7,-2458.93,http://f.wishabi.net/page_items/429626001/1785891571/extra_large.jpg
Shoppers Drug Mart,8069919,1031537180,LIFE BRAND HAND SOAP REFILLS,Life Brand,3.99,,,,$3.99,,2026-08-15T00:00:00-04:00,2026-08-20T23:59:59-04:00,,17820.4,-1567.61,18176.8,-1922.2,http://f.wishabi.net/page_items/429626000/1785891570/extra_large.jpg
Shoppers Drug Mart,8069919,1031512698,"LIFE BRAND HOT WATER BOTTLE, HOT/COLD COMPRESS PRODUCTS",Life Brand,,,,,,,2026-08-15T00:00:00-04:00,2026-08-20T23:59:59-04:00,,16635.7,-481.51,16843.1,-746.5,http://f.wishabi.net/page_items/429624885/1785891560/extra_large.jpg
Shoppers Drug Mart,8069919,1031541635,"LIFE BRAND ICE GEL ROLL-ON (90g), COLD RELIEF PATCH (6's) or HEAT WRAPS (4's) PAIN RELIEF PRODUCTS",Life Brand,,,,,,,2026-08-15T00:00:00-04:00,2026-08-20T23:59:59-04:00,,16014.9,-481.79,16222.2,-745.72,http://f.wishabi.net/page_items/429624891/1785891562/extra_large.jpg
Shoppers Drug Mart,8069919,1031497498,LIFE BRAND LINERS (34's - 64's) or PADS (16's - 22's),Life Brand,3.99,,,,$3.99,,2026-08-15T00:00:00-04:00,2026-08-20T23:59:59-04:00,,17346.2,-1930.67,17555.8,-2190.74,http://f.wishabi.net/page_items/429625989/1785891562/extra_large.jpg
Shoppers Drug Mart,8069919,1031504437,LIFE BRAND LINERS (96's - 129's) or PADS (20's - 48's),Life Brand,5.99,,,,$5.99,,2026-08-15T00:00:00-04:00,2026-08-20T23:59:59-04:00,,17484.0,-1579.12,17822.3,-1922.82,http://f.wishabi.net/page_items/429626011/1785891578/extra_large.jpg
Shoppers Drug Mart,8069919,1031522476,LIFE BRAND MINOXIDIL FOAM HAIR REGROWTH PRODUCTS 180g,Life Brand,,,,,,,2026-08-15T00:00:00-04:00,2026-08-20T23:59:59-04:00,,17142.6,-1929.41,17348.7,-2192.37,http://f.wishabi.net/page_items/429625993/1785891565/extra_large.jpg
Shoppers Drug Mart,8069919,1031507986,"LIFE BRAND NAPROXEN (200's), IBUPROFEN (110's - 250's) or ACETAMINOPHEN (120's - 500's) PAIN RELIEF PRODUCTS",,,,,,,,2026-08-15T00:00:00-04:00,2026-08-20T23:59:59-04:00,,2314.07,-1109.53,2505.61,-1394.9,http://f.wishabi.net/page_items/429622468/1785891555/extra_large.jpg
Shoppers Drug Mart,8069919,1031508678,LIFE BRAND NATURAL HEALTH PRODUCTS,Life Brand,,,,,,,2026-08-15T00:00:00-04:00,2026-08-20T23:59:59-04:00,,16346.7,-136.71,16684.6,-476.79,http://f.wishabi.net/page_items/429624963/1785891576/extra_large.jpg
Shoppers Drug Mart,8069919,1031497159,LIFE BRAND NICOTINE CLEAR PATCH 7's,Life Brand,24.99,,,,$24.99,,2026-08-15T00:00:00-04:00,2026-08-20T23:59:59-04:00,,9151.18,-117.18,9520.49,-447.01,http://f.wishabi.net/page_items/429624585/1785891566/extra_large.jpg
Shoppers Drug Mart,8069919,1031526592,"LIFE BRAND NICOTINE PATCHE'S (14's), LOZENGES (81's) or GUM (105's)",Life Brand,,,,,,,2026-08-15T00:00:00-04:00,2026-08-20T23:59:59-04:00,,2314.96,-1408.37,2506.03,-1667.38,http://f.wishabi.net/page_items/429622470/1785891556/extra_large.jpg
Shoppers Drug Mart,8069919,1031513124,LIFE BRAND PURAVIDA BODY WASH,Life Brand,6.99,,,,$6.99,,2026-08-15T00:00:00-04:00,2026-08-20T23:59:59-04:00,,17968.5,-2197.28,18174.0,-2461.1,http://f.wishabi.net/page_items/429626013/1785891579/extra_large.jpg
Shoppers Drug Mart,8069919,1031492007,LIFE BRAND SLEEP AID PRODUCTS,Life Brand,8.49,,,,$8.49,,2026-08-15T00:00:00-04:00,2026-08-20T23:59:59-04:00,,16014.5,-759.4,16221.6,-1011.54,http://f.wishabi.net/page_items/429624908/1785891565/extra_large.jpg
Shoppers Drug Mart,8069919,1031526610,LIFE BRAND WOUND CARE PRODUCTS,Life Brand,,,,,,,2026-08-15T00:00:00-04:00,2026-08-20T23:59:59-04:00,,16839.9,-479.4,17047.9,-744.29,http://f.wishabi.net/page_items/429624934/1785891570/extra_large.jpg
Shoppers Drug Mart,8069919,1031507529,LINDT EXCELLENCE CHOCOLATE BAR,Lindt,11.0,,,,$11.0,,2026-08-15T00:00:00-04:00,2026-08-20T23:59:59-04:00,,18522.2,-1066.24,18777.3,-1513.76,http://f.wishabi.net/page_items/429626080/1785891573/extra_large.jpg
Shoppers Drug Mart,8069919,1031529472,LIPTON ICED TEA (12 x 340mL) or GATORADE SPORT DRINK (6 x 591mL),,6.49,,,,$6.49,,2026-08-15T00:00:00-04:00,2026-08-20T23:59:59-04:00,,2695.32,-2020.14,2884.64,-2299.08,http://f.wishabi.net/page_items/429622465/1785891553/extra_large.jpg
Shoppers Drug Mart,8069919,1031498319,"LIPTON SOUP MIX (4's), CAMPBELL'S CHUNKY READY TO SERVE SOUP (515mL) or STAGG CHILI (425g)",,3.49,,,,$3.49,,2026-08-15T00:00:00-04:00,2026-08-20T23:59:59-04:00,,3078.07,-2018.23,3266.79,-2299.76,http://f.wishabi.net/page_items/429622466/1785891553/extra_large.jpg
Shoppers Drug Mart,8069919,1031540230,"LIQUID I.V. HYDRATION SACHETS (6's), ORGANIKA NATURAL HEALTH. OLLY VITAMIN or NATURAL HEALTH PRODUCTS",,,,,,,,2026-08-15T00:00:00-04:00,2026-08-20T23:59:59-04:00,,3924.61,-695.97,4152.01,-922.37,http://f.wishabi.net/page_items/429622579/1785891549/extra_large.jpg
Shoppers Drug Mart,8069919,1031491769,"LISTERINE ANTISEPTIC MOUTHWASH (1L), COLGATE OPTIC WHITE ADVANCED TOOTHPASTE (133mL) or 360˚ MANUAL TOOTHBRUSHES (2's)",,5.99,,,,$5.99,,2026-08-15T00:00:00-04:00,2026-08-20T23:59:59-04:00,,495.09,-2284.56,684.41,-2525.91,http://f.wishabi.net/page_items/429621590/1785891535/extra_large.jpg
Shoppers Drug Mart,8069919,1031508094,"LISTERINE CLINICAL SOLUTIONS MOUTHWASH (1L), COLGATE OPTIC WHITE PRO-SERIES BATTERY TOOTHBRUSH (1's) or ORAL-B CLIC REFILL BRUSH HEADS (2's)",,12.99,,,,$12.99,,2026-08-15T00:00:00-04:00,2026-08-20T23:59:59-04:00,,21042.7,-1102.37,21294.5,-1514.91,http://f.wishabi.net/page_items/429626224/1785891574/extra_large.jpg
Shoppers Drug Mart,8069919,1031509328,"LISTERINE TOTAL CARE MOUTHWASH (1.5L), GREEN BEAVER KIDS 100% NATURAL FLUORIDE-FREE (100g) or SENSODYNE CLINICAL REPAIR (75mL) TOOTHPASTE",,9.99,,,,$9.99,,2026-08-15T00:00:00-04:00,2026-08-20T23:59:59-04:00,,15231.7,-1852.89,15576.1,-2439.04,http://f.wishabi.net/page_items/429625082/1785891559/extra_large.jpg
Shoppers Drug Mart,8069919,1031541125,LUBRIDERM LOTIONS,Lubriderm,11.99,,,,$11.99,,2026-08-15T00:00:00-04:00,2026-08-20T23:59:59-04:00,,21193.5,-120.49,21562.8,-471.55,http://f.wishabi.net/page_items/429626239/1785891577/extra_large.jpg
Shoppers Drug Mart,8069919,1031526133,LUMIFY® Redness Reliever Eye Drops†,lumify,,,,,,,2026-08-15T00:00:00-04:00,2026-08-20T23:59:59-04:00,,24535.6,-304.61,24858.3,-1043.12,http://f.wishabi.net/page_items/429626714/1785891572/extra_large.jpg
Shoppers Drug Mart,8069919,1031497571,"LYPSYL LIP BALMS (2's), LIFE BRAND DENTAL FLOSSERS (90's) or COLGATE TOTAL TOOTHPASTE (120mL)",,3.49,,,,$3.49,,2026-08-15T00:00:00-04:00,2026-08-20T23:59:59-04:00,,20523.1,-1089.03,20780.4,-1516.3,http://f.wishabi.net/page_items/429626233/1785891576/extra_large.jpg
Shoppers Drug Mart,8069919,1031492079,"LYSOL DISINFECTANT (1.2L), TRU EARTH LAUNDRY STRIPS (16's) or OXICLEAN STAIN REMOVER PRODUCTS",,8.99,,,,$8.99,,2026-08-15T00:00:00-04:00,2026-08-20T23:59:59-04:00,,19094.6,-1928.6,19302.0,-2190.29,http://f.wishabi.net/page_items/429626551/1785891581/extra_large.jpg
Shoppers Drug Mart,8069919,1031506269,Lancôme Teint Idole Ultra Wear Shape Stick,LANCOME PARIS,62.0,,,,$62.0,,2026-08-15T00:00:00-04:00,2026-08-20T23:59:59-04:00,,11037.4,-1946.84,11379.8,-2467.3,http://f.wishabi.net/page_items/429624282/1785891557/extra_large.jpg
Shoppers Drug Mart,8069919,1031505334,MANIC PANIC HAIR COLOUR,Manic Panic,,,,,,,2026-08-15T00:00:00-04:00,2026-08-20T23:59:59-04:00,,19399.8,-2200.59,19604.9,-2462.29,http://f.wishabi.net/page_items/429626542/1785891579/extra_large.jpg
Shoppers Drug Mart,8069919,1031512794,"MAPLE LODGE FARMS THE ORIGINAL CHICKEN WIENER (12's), PC HUMMUS (227g) or THE LAUGHING COW CHEESE PORTIONS (8's)",,3.0,,,,$3.0,,2026-08-15T00:00:00-04:00,2026-08-20T23:59:59-04:00,,5810.43,-1111.66,6068.91,-1513.43,http://f.wishabi.net/page_items/429623504/1785891563/extra_large.jpg
Shoppers Drug Mart,8069919,1031508195,MARC JACOBS Daisy Love Eau de Toilette,Marc Jacobs,,,,,,,2026-08-15T00:00:00-04:00,2026-09-11T23:59:59-04:00,,22396.9,-553.56,22604.5,-895.95,http://f.wishabi.net/page_items/429652253/1785891568/extra_large.jpg
Shoppers Drug Mart,8069919,1031528943,"MARCELLE I-BRONZE MATTE BRONZING POWDER, L'ORÉAL LUMI BRONZE STICK or O·P·I RAPID DRY NAIL ENAMEL",,14.99,,,,$14.99,,2026-08-15T00:00:00-04:00,2026-08-20T23:59:59-04:00,,20225.3,-483.06,20430.9,-742.97,http://f.wishabi.net/page_items/429626539/1785891577/extra_large.jpg
Shoppers Drug Mart,8069919,1031507158,MARCH ANTHONY or NOT YOU MOTHER'S HAIR CARE PRODUCTS,,,,,,,,2026-08-15T00:00:00-04:00,2026-08-20T23:59:59-04:00,,1688.0,-1363.73,1879.59,-1637.16,http://f.wishabi.net/page_items/429622627/1785891537/extra_large.jpg
Shoppers Drug Mart,8069919,1031536842,"MARS FUN SIZE TREATS (50's), KINDER BUENO or CHOCOLATE MINIS (55's)",,13.99,,,,$13.99,,2026-08-15T00:00:00-04:00,2026-08-20T23:59:59-04:00,,7147.2,-753.91,7354.17,-1004.5,http://f.wishabi.net/page_items/429623787/1785891552/extra_large.jpg
Shoppers Drug Mart,8069919,1031512671,MASQUE BAR by LOOK BEAUTY MASKS or SKIN CARE PRODUCTS,MASQUE BAR,,,,,,,2026-08-15T00:00:00-04:00,2026-08-20T23:59:59-04:00,,17137.9,-1567.56,17488.1,-1924.53,http://f.wishabi.net/page_items/429625998/1785891568/extra_large.jpg
Shoppers Drug Mart,8069919,1031508269,MAXWELL HOUSE ORIGINAL (864g) or DARK (900g) ROAST GROUND COFFEE,Maxwell House,15.99,,,,$15.99,,2026-08-15T00:00:00-04:00,2026-08-20T23:59:59-04:00,,2315.22,-2015.45,2505.4,-2299.0,http://f.wishabi.net/page_items/429622467/1785891554/extra_large.jpg
Shoppers Drug Mart,8069919,1031505687,"MAYBELLINE NEW YORK BROW INSERTS, SUPERSTAY SKIN TINT or L'ORÉAL TRUE MATCH POWDER",,15.99,,,,$15.99,,2026-08-15T00:00:00-04:00,2026-08-20T23:59:59-04:00,,19811.4,-483.84,20020.7,-749.75,http://f.wishabi.net/page_items/429626525/1785891569/extra_large.jpg
Shoppers Drug Mart,8069919,1031511953,"MAYBELLINE NEW YORK FIT ME FOUNDATION, CONCEALER or COVERGIRL OUTLAST LIPSTAIN",,10.99,,,,$10.99,,2026-08-15T00:00:00-04:00,2026-08-20T23:59:59-04:00,,1063.69,-2282.53,1250.36,-2524.98,http://f.wishabi.net/page_items/429621620/1785891539/extra_large.jpg
Shoppers Drug Mart,8069919,1031510149,"MAYBELLINE NEW YORK GREAT LASH MASCARA, BABY LIPS MOISTURIZING LIP BALM or BURT'S BEES LIP SHIMMER",,6.99,,,,$6.99,,2026-08-15T00:00:00-04:00,2026-08-20T23:59:59-04:00,,20022.0,-759.99,20227.0,-1015.5,http://f.wishabi.net/page_items/429626526/1785891569/extra_large.jpg
Shoppers Drug Mart,8069919,1031508748,"MAYBELLINE NEW YORK LIFTER GEL LIP GLOSS, L'ORÉAL TELESCOPIC LIFT MASCARA or BROW STYLIST DEFINER PENCIL",,13.99,,,,$13.99,,2026-08-15T00:00:00-04:00,2026-08-20T23:59:59-04:00,,8589.39,-1138.13,8844.66,-1524.63,http://f.wishabi.net/page_items/429625968/1785891565/extra_large.jpg
Shoppers Drug Mart,8069919,1031514345,"MAYBELLINE NEW YORK SKY HIGH MASCARA, SUPER STAY VINYL INK LIQUID or L'ORÉAL COLOR RICHE LIPSTICK",,12.99,,,,$12.99,,2026-08-15T00:00:00-04:00,2026-08-20T23:59:59-04:00,,873.61,-2283.63,1062.46,-2525.51,http://f.wishabi.net/page_items/429621558/1785891531/extra_large.jpg
Shoppers Drug Mart,8069919,1031507875,MERANGUE OR EVERYDAY ESSENTIALS STATIONARY PRODUCTS,,,,,,,,2026-08-15T00:00:00-04:00,2026-08-20T23:59:59-04:00,,7563.98,-755.78,7769.02,-1005.81,http://f.wishabi.net/page_items/429623791/1785891555/extra_large.jpg
Shoppers Drug Mart,8069919,1031516873,METHOD HAND WASH REFILL (828mL) or BODY WASH (532mL),Method,,,,,,,2026-08-15T00:00:00-04:00,2026-08-20T23:59:59-04:00,,15230.2,-679.63,15572.3,-1260.74,http://f.wishabi.net/page_items/429625085/1785891561/extra_large.jpg
Shoppers Drug Mart,8069919,1032473087,MINI BABYBEL CHEESE SNACK 6's,Babybel,3.49,,,,$3.49,,2026-08-15T00:00:00-04:00,2026-08-20T23:59:59-04:00,,5304.0,-1897.26,5533.85,-2137.16,http://f.wishabi.net/page_items/430323112/1786466107/extra_large.jpg
Shoppers Drug Mart,8069919,1031505515,"MITCHUM (76g - 96g), DOVE (74g) or HELLO NATURAL (73g) ANTIPERSPIRANT/DEODORANT",,8.49,,,,$8.49,,2026-08-15T00:00:00-04:00,2026-08-20T23:59:59-04:00,,2886.79,-1670.31,3077.36,-1944.78,http://f.wishabi.net/page_items/429622460/1785891549/extra_large.jpg
Shoppers Drug Mart,8069919,1031511906,MONDAY SHAMPOO or CONDITIONER,Monday,7.99,,,,$7.99,,2026-08-15T00:00:00-04:00,2026-08-20T23:59:59-04:00,,4380.46,-1899.89,4611.43,-2136.35,http://f.wishabi.net/page_items/429622565/1785891544/extra_large.jpg
Shoppers Drug Mart,8069919,1031521922,"NAIR, PERSIAN or PARISSA HAIR REMOVAL PRODUCTS",,,,,,,,2026-08-15T00:00:00-04:00,2026-08-20T23:59:59-04:00,,14885.9,-1856.45,15232.2,-2432.2,http://f.wishabi.net/page_items/429625086/1785891562/extra_large.jpg
Shoppers Drug Mart,8069919,1031523095,NAKED SUNDAYS SUN CARE PRODUCTS,NAKED SUNDAYS,,,,,,,2026-08-15T00:00:00-04:00,2026-08-20T23:59:59-04:00,,12790.3,-1900.69,13019.4,-2135.69,http://f.wishabi.net/page_items/429624469/1785891557/extra_large.jpg
Shoppers Drug Mart,8069919,1031514687,NATIVE BODY SPRAY (99g) or WHOLE BODY DEODORANT PRODUCTS,Native,16.99,,,,$16.99,,2026-08-15T00:00:00-04:00,2026-08-20T23:59:59-04:00,,9839.98,-1900.84,10070.3,-2139.69,http://f.wishabi.net/page_items/429624574/1785891560/extra_large.jpg
Shoppers Drug Mart,8069919,1031494828,NATIVE BODY WASH,Native,13.29,,,,$13.29,,2026-08-15T00:00:00-04:00,2026-08-20T23:59:59-04:00,,14886.4,-694.27,15231.0,-1262.23,http://f.wishabi.net/page_items/429625091/1785891565/extra_large.jpg
Shoppers Drug Mart,8069919,1032473228,NATURAL HONEY FARMS LIQUID (750g) or BILLY BEE (500g) HONEY,,7.99,,,,$7.99,,2026-08-15T00:00:00-04:00,2026-08-20T23:59:59-04:00,,5374.7,-107.17,5764.03,-439.93,http://f.wishabi.net/page_items/430323114/1786466108/extra_large.jpg
Shoppers Drug Mart,8069919,1031506511,NATURAL INSTINCTS HAIR COLOUR,NATURAL INSTINCTS,9.99,,,,$9.99,,2026-08-15T00:00:00-04:00,2026-08-20T23:59:59-04:00,,2599.93,-367.42,2886.84,-701.52,http://f.wishabi.net/page_items/429622441/1785891533/extra_large.jpg
Shoppers Drug Mart,8069919,1031534439,NATURE VALLEY CHEWY GRANOLA BARS (5's) or BETTY CROCKER FRUIT SNACKS,,6.0,,,,$6.0,,2026-08-15T00:00:00-04:00,2026-08-20T23:59:59-04:00,,7194.5,-1131.43,7451.9,-1525.38,http://f.wishabi.net/page_items/429623798/1785891561/extra_large.jpg
Shoppers Drug Mart,8069919,1031511143,NATURE'S BOUNTY VITAMIN or NATURAL HEALTH PRODUCTS,Nature's Bounty,,,,,,,2026-08-15T00:00:00-04:00,2026-08-20T23:59:59-04:00,,684.5,-1800.44,872.36,-2036.11,http://f.wishabi.net/page_items/429621495/1785891523/extra_large.jpg
Shoppers Drug Mart,8069919,1031494856,NATURIUM BODY WASH,NATURIUM,,,,,,,2026-08-15T00:00:00-04:00,2026-08-20T23:59:59-04:00,,19604.4,-2198.61,19811.0,-2459.67,http://f.wishabi.net/page_items/429626534/1785891574/extra_large.jpg
Shoppers Drug Mart,8069919,1031512913,NEILSON CHOCOLATE MILK,NEILSON'S,0.99,,,,$0.99,,2026-08-15T00:00:00-04:00,2026-08-16T23:59:59-04:00,,874.88,-878.35,1065.15,-1107.62,http://f.wishabi.net/page_items/429625377/1785891547/extra_large.jpg
Shoppers Drug Mart,8069919,1032472729,NEILSON CREAM or MILK2GO,,2.79,,,,$2.79,,2026-08-15T00:00:00-04:00,2026-08-20T23:59:59-04:00,,4845.25,-454.61,5074.6,-688.27,http://f.wishabi.net/page_items/430323109/1786466105/extra_large.jpg
Shoppers Drug Mart,8069919,1032473326,NEILSON MILK,Neilson,6.44,,,,$6.44,,2026-08-15T00:00:00-04:00,2026-08-20T23:59:59-04:00,,4614.0,-109.13,4980.79,-446.75,http://f.wishabi.net/page_items/430323121/1786466113/extra_large.jpg
Shoppers Drug Mart,8069919,1031497178,"NEILSON TRUTASTE MICROFILTERED MILK (4L), KRAFT SINGLES (22's) or CRACKER BARREL CHEESE SLICES (12's)",,6.19,,,,$6.19,,2026-08-15T00:00:00-04:00,2026-08-20T23:59:59-04:00,,6019.59,-758.61,6225.95,-1005.44,http://f.wishabi.net/page_items/429626456/1785891563/extra_large.jpg
Shoppers Drug Mart,8069919,1031518944,NEOCELL COLLAGEN PRODUCTS,Neocell,,,,,,,2026-08-15T00:00:00-04:00,2026-08-20T23:59:59-04:00,,9609.98,-454.27,9840.41,-688.0,http://f.wishabi.net/page_items/429624566/1785891555/extra_large.jpg
Shoppers Drug Mart,8069919,1031522374,NESTLÉ,Nestle,13.99,,,,$13.99,,2026-08-15T00:00:00-04:00,2026-08-20T23:59:59-04:00,,6942.19,-755.26,7148.15,-1004.0,http://f.wishabi.net/page_items/429623797/1785891560/extra_large.jpg
Shoppers Drug Mart,8069919,1031509120,NESTLÉ MINI BARS,Nestle,9.99,,,,$9.99,,2026-08-15T00:00:00-04:00,2026-08-20T23:59:59-04:00,,18473.7,-1929.9,18681.8,-2188.96,http://f.wishabi.net/page_items/429626548/1785891579/extra_large.jpg
Shoppers Drug Mart,8069919,1031541209,"NEUTROGENA DAILY FACIAL MOISTURIZER (100mL), ULTRA GENTLE FACE & BODY MOISTURIZING CREAM (311g) or LIP MASK (12mL - 15mL)",Neutrogena,,,,,,,2026-08-15T00:00:00-04:00,2026-08-20T23:59:59-04:00,,21147.4,-479.97,21355.5,-746.31,http://f.wishabi.net/page_items/429626182/1785891566/extra_large.jpg
Shoppers Drug Mart,8069919,1031506208,"NEUTROGENA FACIAL CLEANSING BAR (3 x 100g), OLAY RIBBONS BODY WASH (532mL) or DIAL LIQUID HAND SOAP REFILL (1.53L)",,8.99,,,,$8.99,,2026-08-15T00:00:00-04:00,2026-08-20T23:59:59-04:00,,10069.4,-2141.41,10298.9,-2372.32,http://f.wishabi.net/page_items/429624581/1785891564/extra_large.jpg
Shoppers Drug Mart,8069919,1031514972,NEUTROGENA HYDRO BOOST FACIAL MOISTURIZERS,Neutrogena,19.99,,,,$19.99,,2026-08-15T00:00:00-04:00,2026-08-20T23:59:59-04:00,,14100.3,-95.11,14446.3,-677.45,http://f.wishabi.net/page_items/429625919/1785891564/extra_large.jpg
Shoppers Drug Mart,8069919,1031507434,NEUTROGENA HYDRO BOOST HYDRATING GEL CLEANSER or ULTRA GENTLE DAILY CLEANSER,Neutrogena,,,,,,,2026-08-15T00:00:00-04:00,2026-08-20T23:59:59-04:00,,13757.9,-1268.43,14102.7,-1843.96,http://f.wishabi.net/page_items/429625912/1785891559/extra_large.jpg
Shoppers Drug Mart,8069919,1031511732,NEUTROGENA or AVEENO SUN CARE PRODUCTS,,,,,,,,2026-08-15T00:00:00-04:00,2026-08-20T23:59:59-04:00,,1063.04,-2040.44,1251.37,-2279.69,http://f.wishabi.net/page_items/429621543/1785891529/extra_large.jpg
Shoppers Drug Mart,8069919,1031527809,"NIVEA LUMINOUS SERUM (30mL), Q1O FACIAL MOISTURIZERS or LIFE BRAND SUN CARE PRODUCT",,,,,,,,2026-08-15T00:00:00-04:00,2026-08-20T23:59:59-04:00,,1688.38,-821.15,1879.8,-1094.56,http://f.wishabi.net/page_items/429622628/1785891538/extra_large.jpg
Shoppers Drug Mart,8069919,1031507082,"NIVEA MEN SHAVE, AFTER SHAVE or SKIN CARE PRODUCTS",Nivea,,,,,,,2026-08-15T00:00:00-04:00,2026-08-20T23:59:59-04:00,,20730.5,-481.97,20939.7,-744.97,http://f.wishabi.net/page_items/429626179/1785891565/extra_large.jpg
Shoppers Drug Mart,8069919,1031491899,"NIVEA MEN SHOWER GEL (500mL), ROLL-ON or NIVEA STICK ANTIPERSPIRANT/DEODORANT",Nivea,,,,,,,2026-08-15T00:00:00-04:00,2026-08-16T23:59:59-04:00,,1253.48,-1115.19,1443.51,-1341.77,http://f.wishabi.net/page_items/429621571/1785891533/extra_large.jpg
Shoppers Drug Mart,8069919,1031506298,NIVEA Q10 Anti-Wrinkle Collagen Specialist 3-in-1 Repairing Serum,,,,,,,,2026-08-15T00:00:00-04:00,2026-09-11T23:59:59-04:00,,23662.7,-726.94,23898.0,-1514.65,http://f.wishabi.net/page_items/429654648/1785891567/extra_large.jpg
Shoppers Drug Mart,8069919,1031530606,NIZORAL SCALP BUILD UP REMOVER (148mL) 2% KETOCONAZOLE ANTI-DANDRUFF SHAMPOO (120mL) or CONDITIONER (278mL),Nizoral,,,,,,,2026-08-15T00:00:00-04:00,2026-08-20T23:59:59-04:00,,20020.2,-1933.7,20227.8,-2192.14,http://f.wishabi.net/page_items/429626519/1785891565/extra_large.jpg
Shoppers Drug Mart,8069919,1031497208,"NO NAME (1kg), PC ORGANICS (500g) or BLUE MENU (750g) PEANUT BUTTER",,3.99,,,,$3.99,,2026-08-15T00:00:00-04:00,2026-08-16T23:59:59-04:00,,1253.92,-879.67,1444.28,-1108.8,http://f.wishabi.net/page_items/429625380/1785891549/extra_large.jpg
Shoppers Drug Mart,8069919,1031529521,NO NAME (900g) or PC (375g - 454g) PASTA,,4.0,,,,$4.0,,2026-08-15T00:00:00-04:00,2026-08-20T23:59:59-04:00,,6317.38,-1138.47,6584.15,-1512.11,http://f.wishabi.net/page_items/429623516/1785891565/extra_large.jpg
Shoppers Drug Mart,8069919,1031505448,"NO NAME 1-PLY NAPKINS (250's), PAPER PLATES (40's) or PC PLANET FIRST COMPOSTABLE CUTLERY (24's)",NO NAME®,,,,,,,2026-08-15T00:00:00-04:00,2026-08-20T23:59:59-04:00,,16840.5,-2195.75,17045.5,-2460.75,http://f.wishabi.net/page_items/429626284/1785891576/extra_large.jpg
Shoppers Drug Mart,8069919,1031513280,NO NAME 2-PLY (126's) or PC 3-PLY (78's) FACIAL TISSUES,no name,1.19,,,,$1.19,,2026-08-15T00:00:00-04:00,2026-08-20T23:59:59-04:00,,16015.1,-2197.2,16220.4,-2459.59,http://f.wishabi.net/page_items/429626283/1785891576/extra_large.jpg
Shoppers Drug Mart,8069919,1031497147,NO NAME BACON,no name,4.99,,,,$4.99,,2026-08-15T00:00:00-04:00,2026-08-16T23:59:59-04:00,,685.51,-635.64,875.33,-876.27,http://f.wishabi.net/page_items/429625382/1785891550/extra_large.jpg
Shoppers Drug Mart,8069919,1031513155,NO NAME BUTTER 454g,NO NAME®,4.99,,,,$4.99,,2026-08-15T00:00:00-04:00,2026-08-20T23:59:59-04:00,,1441.72,-1546.61,1635.08,-1794.54,http://f.wishabi.net/page_items/429625378/1785891548/extra_large.jpg
Shoppers Drug Mart,8069919,1031508316,"NO NAME CALORIE-FREE SWEETENER (200'S), LIFE BRAND APPLE CIDER VINEGAR CAPSULES (90'S - 240'S) or PROTEIN POWDER",,,,,,,,2026-08-15T00:00:00-04:00,2026-08-20T23:59:59-04:00,,16219.7,-483.8,16427.8,-743.97,http://f.wishabi.net/page_items/429624888/1785891561/extra_large.jpg
Shoppers Drug Mart,8069919,1031533090,NO NAME CANNED TUNA,no name,1.5,,,,$1.5,,2026-08-15T00:00:00-04:00,2026-08-20T23:59:59-04:00,,6068.0,-1140.13,6315.9,-1510.12,http://f.wishabi.net/page_items/429623710/1785891570/extra_large.jpg
Shoppers Drug Mart,8069919,1031503973,NO NAME CHOCOLATE BAR,,1.49,,,,$1.49,,2026-08-15T00:00:00-04:00,2026-08-20T23:59:59-04:00,,16531.5,-1082.74,16783.3,-1516.18,http://f.wishabi.net/page_items/429624949/1785891574/extra_large.jpg
Shoppers Drug Mart,8069919,1031497515,"NO NAME CLUMPING CAT LITTER (7kg),MILK-BONE COMFORT CHEWS (210g - 312g) or CALEDON FARMS (110g - 265g) DOG TREATS",,9.99,,,,$9.99,,2026-08-15T00:00:00-04:00,2026-08-20T23:59:59-04:00,,6640.59,-2200.33,6845.73,-2463.42,http://f.wishabi.net/page_items/429626460/1785891565/extra_large.jpg
Shoppers Drug Mart,8069919,1031514032,NO NAME DISINFECTING WIPES (35's) or HOUSEHOLD CLEANER PRODUCTS,no name,3.49,,,,$3.49,,2026-08-15T00:00:00-04:00,2026-08-20T23:59:59-04:00,,16219.9,-2197.46,16427.1,-2459.17,http://f.wishabi.net/page_items/429626280/1785891574/extra_large.jpg
Shoppers Drug Mart,8069919,1031523026,NO NAME DOUBLE ROLL PAPER TOWELS (6 Roll) or ALCAN ALUMINUM FOIL (50'),,3.99,,,,$3.99,,2026-08-15T00:00:00-04:00,2026-08-16T23:59:59-04:00,,43.4,-1094.58,441.6,-1543.85,http://f.wishabi.net/page_items/429621450/1785891520/extra_large.jpg
Shoppers Drug Mart,8069919,1031508211,NO NAME FOOD STORAGE BAGS (30's - 100's) or CONTAINERS (6's - 8's),no name,7.0,,,,$7.0,,2026-08-15T00:00:00-04:00,2026-08-20T23:59:59-04:00,,16428.4,-2193.75,16633.9,-2459.47,http://f.wishabi.net/page_items/429626281/1785891575/extra_large.jpg
Shoppers Drug Mart,8069919,1031522327,NO NAME ORIGINAL PARTY MIX 320g,no name,3.99,,,,$3.99,,2026-08-15T00:00:00-04:00,2026-08-20T23:59:59-04:00,,16014.0,-1932.45,16220.8,-2190.33,http://f.wishabi.net/page_items/429624911/1785891566/extra_large.jpg
Shoppers Drug Mart,8069919,1031529073,NO NAME PC BLUE MENU BROTH (900mL) or NO NAME CANNED VEGETABLES,no name,5.0,,,,$5.0,,2026-08-15T00:00:00-04:00,2026-08-20T23:59:59-04:00,,6227.32,-1931.18,6433.5,-2190.67,http://f.wishabi.net/page_items/429623469/1785891556/extra_large.jpg
Shoppers Drug Mart,8069919,1031513559,NO NAME POTATO CHIPS (200g) or CRISPS (142g - 150g),no name,5.0,,,,$5.0,,2026-08-15T00:00:00-04:00,2026-08-20T23:59:59-04:00,,1442.47,-2281.07,1633.3,-2525.13,http://f.wishabi.net/page_items/429621579/1785891533/extra_large.jpg
Shoppers Drug Mart,8069919,1031507270,NO NAME RECYCLING (30's) or GARBAGE (40's - 48's) BAGS,no name,8.99,,,,$8.99,,2026-08-15T00:00:00-04:00,2026-08-20T23:59:59-04:00,,16637.1,-2196.61,16842.6,-2459.12,http://f.wishabi.net/page_items/429626282/1785891575/extra_large.jpg
Shoppers Drug Mart,8069919,1032471554,"NO NAME STRINGABLE MARBLE CHEESE SNACK (16's), PC or NO NAME SHREDDED CHEESE (320g)",,6.19,,,,$6.19,,2026-08-15T00:00:00-04:00,2026-08-20T23:59:59-04:00,,4617.63,-698.16,4846.67,-924.67,http://f.wishabi.net/page_items/430323100/1786466099/extra_large.jpg
Shoppers Drug Mart,8069919,1032473168,NUTELLA HAZELNUT or PEANUT BUTTER SPREAD,Nutella,9.29,,,,$9.29,,2026-08-15T00:00:00-04:00,2026-08-20T23:59:59-04:00,,5533.07,-696.8,5763.25,-922.89,http://f.wishabi.net/page_items/430323113/1786466108/extra_large.jpg
Shoppers Drug Mart,8069919,1031497729,NUTRISSE CREAM or ULTRA HAIR COLOUR,Nutrisse,9.99,,,,$9.99,,2026-08-15T00:00:00-04:00,2026-08-20T23:59:59-04:00,,12558.0,-1521.38,12933.9,-1895.66,http://f.wishabi.net/page_items/429624475/1785891561/extra_large.jpg
Shoppers Drug Mart,8069919,1031522649,NUXE or URIAGE SKIN CARE PRODUCTS,,,,,,,,2026-08-15T00:00:00-04:00,2026-08-20T23:59:59-04:00,,12559.5,-1044.22,12846.6,-1477.56,http://f.wishabi.net/page_items/429624482/1785891566/extra_large.jpg
Shoppers Drug Mart,8069919,1031497941,"NYX JELLY JOB LIP GLOSS, PRO FIX STICK CONCEALER or PORE FILLER BLURRING PRIMER",NYX,,,,,,,2026-08-15T00:00:00-04:00,2026-08-20T23:59:59-04:00,,13476.0,-2139.64,13706.4,-2369.2,http://f.wishabi.net/page_items/429624487/1785891569/extra_large.jpg
Shoppers Drug Mart,8069919,1031532888,NYX PROFESSIONAL SKIN CARE PRODUCTS,NYX,,,,,,,2026-08-15T00:00:00-04:00,2026-08-20T23:59:59-04:00,,20940.2,-478.6,21147.8,-746.63,http://f.wishabi.net/page_items/429626185/1785891567/extra_large.jpg
Shoppers Drug Mart,8069919,1031530058,Notorious Mascara in Starstruck Black & Infamous Brown,,38.0,,,,$38.0,,2026-08-15T00:00:00-04:00,2026-08-20T23:59:59-04:00,,11038.2,-1423.45,11381.2,-1939.32,http://f.wishabi.net/page_items/429624283/1785891558/extra_large.jpg
Shoppers Drug Mart,8069919,1031505618,N°7 SERUM,N°7,,,,,,,2026-08-15T00:00:00-04:00,2026-08-20T23:59:59-04:00,,17913.0,-1068.81,18175.3,-1517.19,http://f.wishabi.net/page_items/429626010/1785891577/extra_large.jpg
Shoppers Drug Mart,8069919,1031492135,O'KEEFFES SKIN CARE PRODUCTS,O'Keeffe's,,,,,,,2026-08-15T00:00:00-04:00,2026-08-20T23:59:59-04:00,,1687.9,-1095.05,1879.59,-1365.65,http://f.wishabi.net/page_items/429622633/1785891542/extra_large.jpg
Shoppers Drug Mart,8069919,1031508236,"OLAY BODY WASH (650mL), TOM'S OF MAINE BAR SOAP (141g) or NATURAL DEODORANT (92g)",,9.99,,,,$9.99,,2026-08-15T00:00:00-04:00,2026-08-20T23:59:59-04:00,,9880.45,-1514.07,10295.4,-1895.88,http://f.wishabi.net/page_items/429624591/1785891570/extra_large.jpg
Shoppers Drug Mart,8069919,1031507903,"OLAY BRIGHTENING EXFOLIATING CLEANSER WITH VITAMIN C (150mL), WHIP or REGENERIST FACIAL MOISTURIZERS",Olay,,,,,,,2026-08-15T00:00:00-04:00,2026-08-20T23:59:59-04:00,,14444.8,-694.48,14791.5,-1260.95,http://f.wishabi.net/page_items/429625921/1785891565/extra_large.jpg
Shoppers Drug Mart,8069919,1031517207,OLAY FACE & NECK LIFTING TREATMENT or REGENERIST MICRO SCULPTING CREAM 50mL,Olay,,,,,,,2026-08-15T00:00:00-04:00,2026-08-20T23:59:59-04:00,,13758.2,-682.32,14102.7,-1260.82,http://f.wishabi.net/page_items/429625916/1785891562/extra_large.jpg
Shoppers Drug Mart,8069919,1031516505,OLAY Face & Neck Lifting Treatment,Olay,,,,,,,2026-08-15T00:00:00-04:00,2026-09-11T23:59:59-04:00,,23179.5,-759.55,23351.3,-1424.48,http://f.wishabi.net/page_items/429626706/1785891566/extra_large.jpg
Shoppers Drug Mart,8069919,1031497414,"OLAY SUPER SERUM BODY WASH (591 mL), OLD SPICE TOTAL BODY or SECRET WHOLE BODY DEODORANT PRODUCTS",,13.99,,,,$13.99,,2026-08-15T00:00:00-04:00,2026-08-20T23:59:59-04:00,,9512.07,-1531.11,9881.36,-1897.08,http://f.wishabi.net/page_items/429624592/1785891571/extra_large.jpg
Shoppers Drug Mart,8069919,1031497816,"OLD SPICE BODY WASH (532mL - 709mL), SECRET OUTLAST (73g) or GILLETTE CLINICAL GEL (45g) ANTIPERSPIRANT/DEODORANT",,7.99,,,,$7.99,,2026-08-15T00:00:00-04:00,2026-08-20T23:59:59-04:00,,1063.93,-1548.88,1251.35,-1795.25,http://f.wishabi.net/page_items/429621707/1785891542/extra_large.jpg
Shoppers Drug Mart,8069919,1031492041,OLLY BODY WASH,Olly,10.99,,,,$10.99,,2026-08-15T00:00:00-04:00,2026-08-20T23:59:59-04:00,,19813.6,-2198.44,20019.2,-2460.49,http://f.wishabi.net/page_items/429626536/1785891575/extra_large.jpg
Shoppers Drug Mart,8069919,1031540104,OMBRELLE SUN CARE PRODUCTS,Ombrelle,,,,,,,2026-08-15T00:00:00-04:00,2026-08-20T23:59:59-04:00,,20940.8,-755.7,21146.1,-1011.41,http://f.wishabi.net/page_items/429626212/1785891572/extra_large.jpg
Shoppers Drug Mart,8069919,1031507211,"ORAL-B CAVITY DEFENCE MANUAL TOOTHBRUSH (1's), CREST COMPLETE WHITENING+SCOPE (50mL)or COLGATE  CAVITY PROTECTION TOOTHPASTE (95mL)",,1.29,,,,$1.29,,2026-08-15T00:00:00-04:00,2026-08-16T23:59:59-04:00,,41.52,-1549.51,440.23,-2001.59,http://f.wishabi.net/page_items/429621436/1785891516/extra_large.jpg
Shoppers Drug Mart,8069919,1031513590,"ORAL-B INDICATOR MANUAL TOOTHBRUSH (1's), CREST PRO-HEALTH SENSITIVE & ENAMEL SHIELD (70mL) or 3D WHITE STAIN ERASER (65mL) TOOTHPASTE",,2.99,,,,$2.99,,2026-08-15T00:00:00-04:00,2026-08-20T23:59:59-04:00,,15572.9,-1268.81,15921.0,-1843.84,http://f.wishabi.net/page_items/429625087/1785891563/extra_large.jpg
Shoppers Drug Mart,8069919,1031492516,"ORAL-B KIDS COLOR CHANGING BRISTLES, PRO 400 RECHARGEABLE TOOTHBRUSH or PHILIPS ONE BATTERY TOOTHBRUSH WITH TRAVEL CASE (1's",,29.99,,,,$29.99,,2026-08-15T00:00:00-04:00,2026-08-20T23:59:59-04:00,,7768.25,-2138.28,7975.17,-2333.14,http://f.wishabi.net/page_items/429623808/1785891568/extra_large.jpg
Shoppers Drug Mart,8069919,1031492537,ORAL-B iO KIDS SPIDER-MAN or PHILIPS SONICARE 4100 RECHARGEABLE TOOTHBRUSH,,,,,,,,2026-08-15T00:00:00-04:00,2026-08-20T23:59:59-04:00,,21293.7,-1092.33,21558.0,-1517.43,http://f.wishabi.net/page_items/429626194/1785891568/extra_large.jpg
Shoppers Drug Mart,8069919,1031506228,ORANGE NATURALS VITAMIN or NATURAL HEALTH PRODUCTS,ORANGE NATURALS,,,,,,,2026-08-15T00:00:00-04:00,2026-08-20T23:59:59-04:00,,9840.24,-456.06,10070.2,-685.9,http://f.wishabi.net/page_items/429624569/1785891557/extra_large.jpg
Shoppers Drug Mart,8069919,1031526540,OVRY TEST STRIPS or pH-D FEMININE CARE PRODUCTS,,,,,,,,2026-08-15T00:00:00-04:00,2026-08-20T23:59:59-04:00,,18684.5,-753.66,18890.2,-1009.76,http://f.wishabi.net/page_items/429626082/1785891573/extra_large.jpg
Shoppers Drug Mart,8069919,1031529858,O·P·I CLASSIC NAIL ENAMEL or NATURAL NAIL STRENGTHENER,OPI,15.99,,,,$15.99,,2026-08-15T00:00:00-04:00,2026-08-20T23:59:59-04:00,,20171.6,-1071.74,20431.5,-1522.78,http://f.wishabi.net/page_items/429626524/1785891568/extra_large.jpg
Shoppers Drug Mart,8069919,1031532937,PACIFICA COSMETIC PRODUCTS,Pacifica,,,,,,,2026-08-15T00:00:00-04:00,2026-08-20T23:59:59-04:00,,17556.1,-481.33,17763.1,-746.16,http://f.wishabi.net/page_items/429625994/1785891566/extra_large.jpg
Shoppers Drug Mart,8069919,1031508763,PAMPERS SUPER BOXED DIAPERS,Pampers,24.99,,,,$24.99,,2026-08-15T00:00:00-04:00,2026-08-20T23:59:59-04:00,,683.93,-1552.59,872.12,-1794.88,http://f.wishabi.net/page_items/429625375/1785891546/extra_large.jpg
Shoppers Drug Mart,8069919,1031539854,PANOXYL Acne Gel Wash,,,,,,,,2026-08-15T00:00:00-04:00,2026-08-20T23:59:59-04:00,,24855.8,-1606.46,25203.1,-2149.24,http://f.wishabi.net/page_items/429626708/1785891567/extra_large.jpg
Shoppers Drug Mart,8069919,1031516783,PANTENE HAIR CARE PRODUCTS,Pantene,4.49,,,,$4.49,,2026-08-15T00:00:00-04:00,2026-08-16T23:59:59-04:00,,1441.76,-1114.93,1635.74,-1342.9,http://f.wishabi.net/page_items/429621658/1785891546/extra_large.jpg
Shoppers Drug Mart,8069919,1031497667,PC 100% PURE MAPLE SYRUP 500mL,PC,13.49,,,,$13.49,,2026-08-15T00:00:00-04:00,2026-08-20T23:59:59-04:00,,16636.1,-1933.87,16842.9,-2188.28,http://f.wishabi.net/page_items/429624897/1785891563/extra_large.jpg
Shoppers Drug Mart,8069919,1031512156,PC 100% VIRGIN COLD-PRESSED,PC,15.49,,,,$15.49,,2026-08-15T00:00:00-04:00,2026-08-20T23:59:59-04:00,,18893.6,-2197.41,19097.6,-2461.23,http://f.wishabi.net/page_items/429626556/1785891584/extra_large.jpg
Shoppers Drug Mart,8069919,1031518785,"PC ARROWROOT BISCUITS (350g), ORGANICS APPLE SAUCE CUPS (6's) or SQUEEZE FRUIT SAUCE POUCH (4's)",PC,2.99,,,,$2.99,,2026-08-15T00:00:00-04:00,2026-08-20T23:59:59-04:00,,16783.7,-1069.34,17048.5,-1519.28,http://f.wishabi.net/page_items/429624922/1785891568/extra_large.jpg
Shoppers Drug Mart,8069919,1031516578,PC BATHROOM TISSUE,PC,4.99,,,,$4.99,,2026-08-15T00:00:00-04:00,2026-08-16T23:59:59-04:00,,496.31,-1116.01,686.61,-1342.52,http://f.wishabi.net/page_items/429621642/1785891542/extra_large.jpg
Shoppers Drug Mart,8069919,1031517148,"PC BREAD & BUTTER PICKLES (500mL), SOURDOUGH-STYLE CROUTONS (1.40g) or SALAD DRESSING (475mL)",PC,6.0,,,,$6.0,,2026-08-15T00:00:00-04:00,2026-08-20T23:59:59-04:00,,20731.9,-1930.99,20938.4,-2188.81,http://f.wishabi.net/page_items/429626245/1785891578/extra_large.jpg
Shoppers Drug Mart,8069919,1031495903,"PC CEREAL BAR (8's), GREEK YOGURT (5's) or PROTEIN (4's) COATED GRANOLA BAR",PC,6.0,,,,$6.0,,2026-08-15T00:00:00-04:00,2026-08-20T23:59:59-04:00,,16692.4,-1584.57,17047.7,-1926.47,http://f.wishabi.net/page_items/429624928/1785891569/extra_large.jpg
Shoppers Drug Mart,8069919,1032472886,"PC CREAM FIRST, LOADS OF ICE CREAM (1.5L) or COOKIE DOUGH ICE CREAM BITES",PC,6.29,,,,$6.29,,2026-08-15T00:00:00-04:00,2026-08-20T23:59:59-04:00,,5073.87,-452.42,5304.46,-689.72,http://f.wishabi.net/page_items/430323110/1786466105/extra_large.jpg
Shoppers Drug Mart,8069919,1032473270,"PC FLATBREAD, DR. OETKER RISTORANTE or CASA DI MAMA FROZEN PIZZA",,4.5,,,,$4.5,,2026-08-15T00:00:00-04:00,2026-08-20T23:59:59-04:00,,4898.28,-1063.49,5183.04,-1472.07,http://f.wishabi.net/page_items/430323115/1786466109/extra_large.jpg
Shoppers Drug Mart,8069919,1032473320,"PC GOAT'S MILK (140g), BLACK LABEL WHITE FOX CHEDDAR (250g) or DOUBLE CREAM BRIE (200g) CHEESE",PC,,,,,,,2026-08-15T00:00:00-04:00,2026-08-20T23:59:59-04:00,,5074.21,-1900.21,5303.84,-2137.14,http://f.wishabi.net/page_items/430323120/1786466113/extra_large.jpg
Shoppers Drug Mart,8069919,1031492554,PC HIGH PROTEIN BARS,PC,1.99,,,,$1.99,,2026-08-15T00:00:00-04:00,2026-08-20T23:59:59-04:00,,16010.7,-1082.57,16268.9,-1517.41,http://f.wishabi.net/page_items/429624966/1785891577/extra_large.jpg
Shoppers Drug Mart,8069919,1031536610,PC INSTANT OATMEAL 8's,PC,2.99,,,,$2.99,,2026-08-15T00:00:00-04:00,2026-08-20T23:59:59-04:00,,18891.7,-1931.09,19098.6,-2190.32,http://f.wishabi.net/page_items/429626547/1785891578/extra_large.jpg
Shoppers Drug Mart,8069919,1031491684,PC JUICE or BEVERAGES 1.36L,PC,4.5,,,,$4.5,,2026-08-15T00:00:00-04:00,2026-08-20T23:59:59-04:00,,6582.78,-1118.1,6847.04,-1513.89,http://f.wishabi.net/page_items/429623461/1785891553/extra_large.jpg
Shoppers Drug Mart,8069919,1031513056,PC LOADS OF RAISINS (625g) or HARVEST CRUNCH CEREAL,,4.49,,,,$4.49,,2026-08-15T00:00:00-04:00,2026-08-20T23:59:59-04:00,,6639.18,-1929.72,6845.75,-2190.64,http://f.wishabi.net/page_items/429623686/1785891564/extra_large.jpg
Shoppers Drug Mart,8069919,1031511975,PC NATURAL SPRING WATER 24 x 500mL,PC,5.0,,,,$5.0,,2026-08-15T00:00:00-04:00,2026-08-16T23:59:59-04:00,,685.24,-879.86,875.52,-1107.82,http://f.wishabi.net/page_items/429625376/1785891547/extra_large.jpg
Shoppers Drug Mart,8069919,1031507768,PC NUTRITION FIRST DRY CAT or DOG FOOD 2kg,PC,12.99,,,,$12.99,,2026-08-15T00:00:00-04:00,2026-08-20T23:59:59-04:00,,6436.89,-2199.31,6642.48,-2460.53,http://f.wishabi.net/page_items/429623699/1785891567/extra_large.jpg
Shoppers Drug Mart,8069919,1032472118,"PC ORGANICS PURE HONEY (375g), BLUE MENU ALMOND BUTTER (340g) or SMUCKER'S NO SUGAR ADDED JAM (310mL)",,6.49,,,,$6.49,,2026-08-15T00:00:00-04:00,2026-08-20T23:59:59-04:00,,5533.23,-451.96,5763.58,-686.43,http://f.wishabi.net/page_items/430323105/1786466102/extra_large.jpg
Shoppers Drug Mart,8069919,1031194688,PC Optimum,,,,,,,,2026-08-14T00:00:00-04:00,2026-08-16T23:59:59-04:00,,491.89,-4.25,1057.84,-298.11,http://f.wishabi.net/page_items/429621697/1785891551/extra_large.jpg
Shoppers Drug Mart,8069919,1031534328,PC PRALINE PECAN & CRANBERRY TRAIL MIX or FREYBE MINI PEPPERONI STICKS 250g,,8.99,,,,$8.99,,2026-08-15T00:00:00-04:00,2026-08-20T23:59:59-04:00,,6150.48,-1575.87,6490.53,-1926.34,http://f.wishabi.net/page_items/429626463/1785891567/extra_large.jpg
Shoppers Drug Mart,8069919,1031503943,"PC PRIME RIB, SIRLOIN or BLUE MENU ANGUS BEEF BURGERS",PC,21.49,,,,$21.49,,2026-08-15T00:00:00-04:00,2026-08-20T23:59:59-04:00,,6638.49,-479.36,6846.05,-740.49,http://f.wishabi.net/page_items/429623481/1785891559/extra_large.jpg
Shoppers Drug Mart,8069919,1032473302,"PC PURE JAM (500mL), PEARL MILLING COMPANY PANCAKE MIX (905g) or NATURE'S PATH GRANOLA",,4.99,,,,$4.99,,2026-08-15T00:00:00-04:00,2026-08-20T23:59:59-04:00,,5305.18,-450.86,5535.53,-687.45,http://f.wishabi.net/page_items/430323117/1786466111/extra_large.jpg
Shoppers Drug Mart,8069919,1031514846,PC PURPLE KERNEL POPPING CORN (850g) or MICROWAVE POPCORN (6's - 8's),PC,4.49,,,,$4.49,,2026-08-15T00:00:00-04:00,2026-08-20T23:59:59-04:00,,16009.5,-1577.47,16354.7,-1923.83,http://f.wishabi.net/page_items/429624937/1785891571/extra_large.jpg
Shoppers Drug Mart,8069919,1031512296,"PC RICH & CHEWY GRANOLA BARS (5S), S DAD'S OATMEAL or PEEK FREANS COOKIES",,2.79,,,,$2.79,,2026-08-15T00:00:00-04:00,2026-08-20T23:59:59-04:00,,1442.77,-1799.59,1635.33,-2036.97,http://f.wishabi.net/page_items/429621506/1785891524/extra_large.jpg
Shoppers Drug Mart,8069919,1032473380,PC SALAD GREENS,PC,4.5,,,,$4.5,,2026-08-15T00:00:00-04:00,2026-08-20T23:59:59-04:00,,5305.25,-2138.88,5533.3,-2369.11,http://f.wishabi.net/page_items/430323130/1786466120/extra_large.jpg
Shoppers Drug Mart,8069919,1031517468,PC SINGLE ORIGIN GROUND COFFEE,PC,9.99,,,,$9.99,,2026-08-15T00:00:00-04:00,2026-08-20T23:59:59-04:00,,16428.0,-1931.55,16635.0,-2190.28,http://f.wishabi.net/page_items/429624931/1785891570/extra_large.jpg
Shoppers Drug Mart,8069919,1031506083,PC SINGLE SERVE COFFEE PODS 10's - 12's,PC,9.99,,,,$9.99,,2026-08-15T00:00:00-04:00,2026-08-20T23:59:59-04:00,,16350.4,-1575.55,16694.0,-1924.91,http://f.wishabi.net/page_items/429624946/1785891573/extra_large.jpg
Shoppers Drug Mart,8069919,1031522556,PC SINGLE SERVE FROZEN ENTREES,PC,7.0,,,,$7.0,,2026-08-15T00:00:00-04:00,2026-08-16T23:59:59-04:00,,46.0,-170.69,439.07,-640.35,http://f.wishabi.net/page_items/429621441/1785891518/extra_large.jpg
Shoppers Drug Mart,8069919,1031492359,PC SPARKLING WATER or SODA,PC,5.79,,,,$5.79,,2026-08-15T00:00:00-04:00,2026-08-20T23:59:59-04:00,,2887.0,-2019.99,3076.08,-2299.67,http://f.wishabi.net/page_items/429622469/1785891556/extra_large.jpg
Shoppers Drug Mart,8069919,1032472266,PC SPLENDIDO ANTIPASTO MISTO DELI MEAT (100g) or BOURSIN SOFT WHITE CHEESE (150g),,6.29,,,,$6.29,,2026-08-15T00:00:00-04:00,2026-08-20T23:59:59-04:00,,5532.55,-1897.89,5763.55,-2136.96,http://f.wishabi.net/page_items/430323106/1786466102/extra_large.jpg
Shoppers Drug Mart,8069919,1031506472,PC SPLENDIDO COLD PRESSED EXTRA VIRGIN OLIVE OIL,PC,14.99,,,,$14.99,,2026-08-15T00:00:00-04:00,2026-08-20T23:59:59-04:00,,16839.0,-1933.33,17046.4,-2189.01,http://f.wishabi.net/page_items/429624960/1785891576/extra_large.jpg
Shoppers Drug Mart,8069919,1031491641,PC SWEETENED CONDENSED (300mL) or CARNATION EVAPORATED (354mL) MILK,,2.99,,,,$2.99,,2026-08-15T00:00:00-04:00,2026-08-20T23:59:59-04:00,,20856.5,-1566.74,21203.4,-1923.78,http://f.wishabi.net/page_items/429626242/1785891578/extra_large.jpg
Shoppers Drug Mart,8069919,1031507923,PC THE DECADENT SEMI-SWEET CHOCOLATE CHIPS,PC,4.99,,,,$4.99,,2026-08-15T00:00:00-04:00,2026-08-20T23:59:59-04:00,,20939.5,-1931.37,21145.6,-2188.94,http://f.wishabi.net/page_items/429626254/1785891581/extra_large.jpg
Shoppers Drug Mart,8069919,1032471970,PEPSI BEVERAGES 18 x 355mL,Pepsi,10.29,,,,$10.29,,2026-08-15T00:00:00-04:00,2026-08-20T23:59:59-04:00,,4614.18,-1518.89,4995.56,-1893.32,http://f.wishabi.net/page_items/430323104/1786466101/extra_large.jpg
Shoppers Drug Mart,8069919,1031517331,PERFECT 10 HAIR COLOUR,PERFECT 10,12.99,,,,$12.99,,2026-08-15T00:00:00-04:00,2026-08-20T23:59:59-04:00,,19392.8,-1578.29,19741.1,-1926.05,http://f.wishabi.net/page_items/429626535/1785891575/extra_large.jpg
Shoppers Drug Mart,8069919,1031507613,PERFECT SPORTS PROTEIN POWDER,Perfect Sports,,,,,,,2026-08-15T00:00:00-04:00,2026-08-20T23:59:59-04:00,,2070.0,-1915.82,2261.56,-2184.21,http://f.wishabi.net/page_items/429622618/1785891530/extra_large.jpg
Shoppers Drug Mart,8069919,1031525179,"PHILIPS ELECTRIC SHAVE APPLIANCES, JUST FOR MEN CONTROL GX SHAMPOO or HAIR COLOUR",,,,,,,,2026-08-15T00:00:00-04:00,2026-08-20T23:59:59-04:00,,9382.14,-1902.42,9610.75,-2140.5,http://f.wishabi.net/page_items/429624564/1785891553/extra_large.jpg
Shoppers Drug Mart,8069919,1031503496,PHILIPS SONICARE 9350 DIAMONDCLEAN,Philips,199.99,,,,$199.99,,2026-08-15T00:00:00-04:00,2026-08-20T23:59:59-04:00,,15230.5,-1262.64,15574.1,-1842.6,http://f.wishabi.net/page_items/429625083/1785891560/extra_large.jpg
Shoppers Drug Mart,8069919,1031491863,PHYSICAN'S FORMULA COSMETIC PRODUCTS,,,,,,,,2026-08-15T00:00:00-04:00,2026-08-20T23:59:59-04:00,,13019.7,-1901.0,13248.5,-2136.79,http://f.wishabi.net/page_items/429624483/1785891566/extra_large.jpg
Shoppers Drug Mart,8069919,1031508504,PINTY'S FROZEN CHICKEN WINGS,PINTY'S,15.99,,,,$15.99,,2026-08-15T00:00:00-04:00,2026-08-20T23:59:59-04:00,,6486.08,-152.77,6847.85,-468.87,http://f.wishabi.net/page_items/429623486/1785891560/extra_large.jpg
Shoppers Drug Mart,8069919,1031504142,PIXI COSMETIC PRODUCTS,PIXI,,,,,,,2026-08-15T00:00:00-04:00,2026-08-20T23:59:59-04:00,,17477.9,-128.16,17827.6,-476.08,http://f.wishabi.net/page_items/429626017/1785891582/extra_large.jpg
Shoppers Drug Mart,8069919,1031526221,POGO WIENERS ON A STICK (8's - 10's) or PC FROZEN APPETIZERS,,9.99,,,,$9.99,,2026-08-15T00:00:00-04:00,2026-08-20T23:59:59-04:00,,20521.9,-1561.47,20859.5,-1924.31,http://f.wishabi.net/page_items/429626215/1785891572/extra_large.jpg
Shoppers Drug Mart,8069919,1031530847,POISE® Ultra Thin Incontinence & Postpartum Pads,Poise,,,,,,,2026-08-15T00:00:00-04:00,2026-08-20T23:59:59-04:00,,24508.0,-1608.33,24855.5,-2151.13,http://f.wishabi.net/page_items/429626707/1785891566/extra_large.jpg
Shoppers Drug Mart,8069919,1031504141,"POPCORNERS (142g), SMARTFOOD READY TO EAT POPCORN or MISS VICKIE'S KETTLE CHIPS",,7.5,,,,$7.5,,2026-08-15T00:00:00-04:00,2026-08-16T23:59:59-04:00,,1064.91,-638.91,1254.45,-875.25,http://f.wishabi.net/page_items/429625386/1785891553/extra_large.jpg
Shoppers Drug Mart,8069919,1031505948,PREFERENCE or FÉRIA HAIR COLOUR,,13.99,,,,$13.99,,2026-08-15T00:00:00-04:00,2026-08-20T23:59:59-04:00,,1063.23,-1799.24,1251.69,-2036.07,http://f.wishabi.net/page_items/429621477/1785891519/extra_large.jpg
Shoppers Drug Mart,8069919,1032473344,PREGO PASTAS SAUCE (645mL) or CATELLI PASTA,,2.99,,,,$2.99,,2026-08-15T00:00:00-04:00,2026-08-20T23:59:59-04:00,,5305.68,-696.68,5533.62,-923.19,http://f.wishabi.net/page_items/430323124/1786466115/extra_large.jpg
Shoppers Drug Mart,8069919,1031504179,"PURELY INSPIRED, HYDROXYCUT or SIX STAR DIET & WEIGHT MANAGEMENT PRODUCTS",,,,,,,,2026-08-15T00:00:00-04:00,2026-08-20T23:59:59-04:00,,4152.76,-454.66,4382.29,-687.31,http://f.wishabi.net/page_items/429622532/1785891535/extra_large.jpg
Shoppers Drug Mart,8069919,1031507644,"PURINA KITTEN CHOW (1.8kg), CAT CHOW (1.6kg - 2kg) or FRISKIES (1.42kg - 1.5kg) CAT FOOD",Purina,,,,,,,2026-08-15T00:00:00-04:00,2026-08-20T23:59:59-04:00,,5815.9,-2200.49,6021.08,-2462.03,http://f.wishabi.net/page_items/429623702/1785891568/extra_large.jpg
Shoppers Drug Mart,8069919,1031522225,PÜR 4-in-1 PRESSED MINERAL MAKEUP BLUSH,PUR,44.0,,,,$44.0,,2026-08-15T00:00:00-04:00,2026-08-20T23:59:59-04:00,,13018.5,-449.21,13248.4,-687.39,http://f.wishabi.net/page_items/429624481/1785891565/extra_large.jpg
Shoppers Drug Mart,8069919,1031532926,"Q-TIPS COTTON SWABS (300's - 400's), WATERWIPES (60's) or PC (56's - 100's) BABY WIPES",,5.49,,,,$5.49,,2026-08-15T00:00:00-04:00,2026-08-20T23:59:59-04:00,,2693.86,-1392.97,2885.31,-1664.42,http://f.wishabi.net/page_items/429622451/1785891542/extra_large.jpg
Shoppers Drug Mart,8069919,1031516552,"QUAKER LIFE, KELLOGG'S RICE KRISPIES or KIDS CEREAL",,3.99,,,,$3.99,,2026-08-15T00:00:00-04:00,2026-08-20T23:59:59-04:00,,7356.53,-752.21,7561.65,-1007.09,http://f.wishabi.net/page_items/429623790/1785891554/extra_large.jpg
Shoppers Drug Mart,8069919,1031492259,QUO BEAUTY,QUO BEAUTY,,,,,,,2026-08-15T00:00:00-04:00,2026-08-20T23:59:59-04:00,,17763.5,-482.61,17971.6,-743.82,http://f.wishabi.net/page_items/429625990/1785891563/extra_large.jpg
Shoppers Drug Mart,8069919,1031497614,QUO BEAUTY BATH ACCESSORIES,QUO BEAUTY,,,,,,,2026-08-15T00:00:00-04:00,2026-08-20T23:59:59-04:00,,17968.5,-482.46,18175.3,-740.08,http://f.wishabi.net/page_items/429626015/1785891580/extra_large.jpg
Shoppers Drug Mart,8069919,1031534492,QUO BEAUTY BREATHABLE NAIL ENAMEL,QUO BEAUTY,10.99,,,,$10.99,,2026-08-15T00:00:00-04:00,2026-08-20T23:59:59-04:00,,17347.9,-755.24,17554.5,-1011.34,http://f.wishabi.net/page_items/429625995/1785891566/extra_large.jpg
Shoppers Drug Mart,8069919,1031497634,QUO BEAUTY COSMETIC BRUSHES,QUO BEAUTY,,,,,,,2026-08-15T00:00:00-04:00,2026-08-20T23:59:59-04:00,,17142.4,-483.1,17348.8,-745.24,http://f.wishabi.net/page_items/429625991/1785891564/extra_large.jpg
Shoppers Drug Mart,8069919,1031532868,QUO BEAUTY COSMETIC SPONGES,QUO BEAUTY,8.0,,,,$8.0,,2026-08-15T00:00:00-04:00,2026-08-20T23:59:59-04:00,,17346.9,-483.64,17554.9,-743.72,http://f.wishabi.net/page_items/429625992/1785891564/extra_large.jpg
Shoppers Drug Mart,8069919,1031492594,QUO BEAUTY COTTON PADS,QUO BEAUTY,,,,,,,2026-08-15T00:00:00-04:00,2026-08-20T23:59:59-04:00,,17142.4,-757.24,17349.5,-1013.28,http://f.wishabi.net/page_items/429625999/1785891569/extra_large.jpg
Shoppers Drug Mart,8069919,1031511876,QUO BEAUTY DEW DROP GLOSS,QUO BEAUTY,11.0,,,,$11.0,,2026-08-15T00:00:00-04:00,2026-08-20T23:59:59-04:00,,8691.83,-483.52,8898.25,-745.91,http://f.wishabi.net/page_items/429625926/1785891553/extra_large.jpg
Shoppers Drug Mart,8069919,1031518812,QUO BEAUTY FOAM BATH (1L) or BAR SOAP,QUO BEAUTY,,,,,,,2026-08-15T00:00:00-04:00,2026-08-20T23:59:59-04:00,,17763.8,-759.99,17969.6,-1009.54,http://f.wishabi.net/page_items/429625997/1785891568/extra_large.jpg
Shoppers Drug Mart,8069919,1031530626,QUO BEAUTY HAIR ACCESSORIES or HOT AIR BRUSH CERAMIC THERMAL BRUSH,QUO BEAUTY,,,,,,,2026-08-15T00:00:00-04:00,2026-08-20T23:59:59-04:00,,8692.45,-757.09,8897.17,-1008.1,http://f.wishabi.net/page_items/429625938/1785891556/extra_large.jpg
Shoppers Drug Mart,8069919,1031512616,QUO BEAUTY HAIR APPLIANCES,QUO BEAUTY,,,,,,,2026-08-15T00:00:00-04:00,2026-08-20T23:59:59-04:00,,17394.7,-1092.58,17653.1,-1516.9,http://f.wishabi.net/page_items/429626009/1785891576/extra_large.jpg
Shoppers Drug Mart,8069919,1031524971,QUO BEAUTY JEWELLERY & HAIR ACCESSORIES ORGANIZER,QUO BEAUTY,15.0,,,,$15.0,,2026-08-15T00:00:00-04:00,2026-08-20T23:59:59-04:00,,8895.68,-480.68,9102.77,-743.5,http://f.wishabi.net/page_items/429626452/1785891566/extra_large.jpg
Shoppers Drug Mart,8069919,1031512046,"QUO BEAUTY PEPTIDE LIP TINT, GLOWY LIP BALM or LIP CRAYON",QUO BEAUTY,,,,,,,2026-08-15T00:00:00-04:00,2026-08-20T23:59:59-04:00,,8071.26,-480.77,8277.73,-747.07,http://f.wishabi.net/page_items/429625948/1785891559/extra_large.jpg
Shoppers Drug Mart,8069919,1031518902,"QUO BEAUTY SHEER SKIN TINT, GOLDEN GLOW DROPS or CHEEK LIP MULTISTICK",QUO BEAUTY,,,,,,,2026-08-15T00:00:00-04:00,2026-08-20T23:59:59-04:00,,8484.95,-483.17,8691.09,-748.61,http://f.wishabi.net/page_items/429625941/1785891556/extra_large.jpg
Shoppers Drug Mart,8069919,1031518745,QUO BEAUTY SHOWER GEL (1L) or TRAVEL BATH COLLECTION,QUO BEAUTY,,,,,,,2026-08-15T00:00:00-04:00,2026-08-20T23:59:59-04:00,,17823.9,-128.35,18177.0,-471.24,http://f.wishabi.net/page_items/429626007/1785891575/extra_large.jpg
Shoppers Drug Mart,8069919,1031512268,"QUO BEAUTY STACKED EYE SHADOW, MEGA GRIP SETTING SPRAY or BOLD STROKE GEL LINER",QUO BEAUTY,,,,,,,2026-08-15T00:00:00-04:00,2026-08-20T23:59:59-04:00,,8276.02,-483.0,8483.36,-748.21,http://f.wishabi.net/page_items/429625929/1785891553/extra_large.jpg
Shoppers Drug Mart,8069919,1031491547,QUO BEAUTY UNBREAKABLE HAIR ACCESSORIES,QUO BEAUTY,,,,,,,2026-08-15T00:00:00-04:00,2026-08-20T23:59:59-04:00,,17654.3,-1098.25,17913.1,-1515.41,http://f.wishabi.net/page_items/429626006/1785891574/extra_large.jpg
Shoppers Drug Mart,8069919,1031504460,QUO BEAUTY X POLLY POCKET FALSE NAILS,QUO BEAUTY,14.49,,,,$14.49,,2026-08-15T00:00:00-04:00,2026-08-20T23:59:59-04:00,,8276.81,-758.79,8482.79,-1007.6,http://f.wishabi.net/page_items/429625932/1785891554/extra_large.jpg
Shoppers Drug Mart,8069919,1031518875,QUO BEAUTY X POLLY POCKET NAIL ENAMEL,QUO BEAUTY,12.0,,,,$12.0,,2026-08-15T00:00:00-04:00,2026-08-20T23:59:59-04:00,,8071.73,-757.19,8277.97,-1008.79,http://f.wishabi.net/page_items/429625945/1785891558/extra_large.jpg
Shoppers Drug Mart,8069919,1031521955,QUO BEAUTY X POLLY POCKET PRE-GLUED FALSE LASHES,QUO BEAUTY,18.0,,,,$18.0,,2026-08-15T00:00:00-04:00,2026-08-20T23:59:59-04:00,,8484.85,-756.36,8689.66,-1009.04,http://f.wishabi.net/page_items/429625956/1785891561/extra_large.jpg
Shoppers Drug Mart,8069919,1031511745,RAW SUGAR SHAMPOO or CONDITIONER,Raw Sugar,12.99,,,,$12.99,,2026-08-15T00:00:00-04:00,2026-08-20T23:59:59-04:00,,17144.8,-2197.84,17349.0,-2461.3,http://f.wishabi.net/page_items/429626016/1785891581/extra_large.jpg
Shoppers Drug Mart,8069919,1031497699,"RAZOR SYSTEMS (1's), CARTRIDGES (4's - 5's) or HAIR REMOVAL PRODUCTS",Life Brand,,,,,,,2026-08-15T00:00:00-04:00,2026-08-20T23:59:59-04:00,,17557.7,-2196.69,17763.2,-2458.82,http://f.wishabi.net/page_items/429626003/1785891572/extra_large.jpg
Shoppers Drug Mart,8069919,1031511404,REACTINE ALLERGY RELIEF PRODUCTS 40's - 48's,Reactine,34.99,,,,$34.99,,2026-08-15T00:00:00-04:00,2026-08-20T23:59:59-04:00,,3463.03,-1054.33,3751.92,-1473.68,http://f.wishabi.net/page_items/429622562/1785891543/extra_large.jpg
Shoppers Drug Mart,8069919,1031514790,RED BULL (4 x 250mL) or MONSTER (4 x 473mL) ENERGY DRINK,,8.49,,,,$8.49,,2026-08-15T00:00:00-04:00,2026-08-16T23:59:59-04:00,,1442.43,-880.72,1634.77,-1110.55,http://f.wishabi.net/page_items/429621635/1785891542/extra_large.jpg
Shoppers Drug Mart,8069919,1031525511,"RED BULL, GURU (355mL) or MONSTER (473mL) ENERGY DRINK",,6.0,,,,$6.0,,2026-08-15T00:00:00-04:00,2026-08-20T23:59:59-04:00,,6488.48,-1562.61,6848.19,-1918.12,http://f.wishabi.net/page_items/429623449/1785891550/extra_large.jpg
Shoppers Drug Mart,8069919,1031492096,"RESTORALAX LAXATIVE SACHETS (10's), GUMMIES (30's - 140's) or POWDER (238g - 765g)",RESTORALAX,,,,,,,2026-08-15T00:00:00-04:00,2026-08-20T23:59:59-04:00,,9891.36,-109.6,10296.9,-452.12,http://f.wishabi.net/page_items/429624582/1785891565/extra_large.jpg
Shoppers Drug Mart,8069919,1031513023,REVLON SUPER LUSTROUS LIPSTICK or COLORSTAY LIP LINER Selected Types,Revlon,8.99,,,,$8.99,,2026-08-15T00:00:00-04:00,2026-08-20T23:59:59-04:00,,13476.5,-1901.15,13707.1,-2137.86,http://f.wishabi.net/page_items/429624479/1785891564/extra_large.jpg
Shoppers Drug Mart,8069919,1031514795,REVLON SUPER LUSTROUS or CLASSIC NAIL ENAMEL,Revlon,,,,,,,2026-08-15T00:00:00-04:00,2026-08-20T23:59:59-04:00,,12561.6,-2137.7,12791.4,-2368.25,http://f.wishabi.net/page_items/429624490/1785891570/extra_large.jpg
Shoppers Drug Mart,8069919,1031509198,REVOLUTION or MAËLYS SKIN CARE PRODUCTS,,,,,,,,2026-08-15T00:00:00-04:00,2026-08-20T23:59:59-04:00,,4153.67,-2140.53,4381.42,-2371.38,http://f.wishabi.net/page_items/429622589/1785891552/extra_large.jpg
Shoppers Drug Mart,8069919,1031529443,RICE KRISPIES SQUARES VALUE PACK (30's) or ROCKETS CANDY ROLLS (1kg),,11.49,,,,$11.49,,2026-08-15T00:00:00-04:00,2026-08-20T23:59:59-04:00,,7146.3,-1929.79,7355.61,-2131.59,http://f.wishabi.net/page_items/429623806/1785891567/extra_large.jpg
Shoppers Drug Mart,8069919,1031491455,RIMMEL LONDON,RIMMEL LONDON,9.99,,,,$9.99,,2026-08-15T00:00:00-04:00,2026-08-20T23:59:59-04:00,,1878.64,-1093.38,2071.5,-1366.18,http://f.wishabi.net/page_items/429622634/1785891542/extra_large.jpg
Shoppers Drug Mart,8069919,1031529982,ROBAX MUSCLE & BACK CAPLETS 18's,ROBAX,18.99,,,,$18.99,,2026-08-15T00:00:00-04:00,2026-08-20T23:59:59-04:00,,3695.38,-697.67,3923.13,-922.75,http://f.wishabi.net/page_items/429622547/1785891539/extra_large.jpg
Shoppers Drug Mart,8069919,1031532983,"ROBITUSSIN COUGH SYRUP (230ml. - 250mL), ADVIL COLD & SINUS (40's) or OTRIVIN NASAL SPRAY PRODUCTS Data",,,,,,,,2026-08-15T00:00:00-04:00,2026-08-20T23:59:59-04:00,,3464.81,-452.74,3694.97,-689.68,http://f.wishabi.net/page_items/429622526/1785891534/extra_large.jpg
Shoppers Drug Mart,8069919,1031511610,ROYALE BATHROOM TISSUE (8 Roll) or BOUNTY PAPER TOWELS (2 Roll - 3 Roll),Royale,5.99,,,,$5.99,,2026-08-15T00:00:00-04:00,2026-08-20T23:59:59-04:00,,1251.98,-2041.32,1443.61,-2278.68,http://f.wishabi.net/page_items/429621523/1785891526/extra_large.jpg
Shoppers Drug Mart,8069919,1031497979,ROYALE ORIGINAL 2-PLY (6's) or VELOUR 3-PLY (4's - 6's) FACIAL TISSUES,Royale,6.99,,,,$6.99,,2026-08-15T00:00:00-04:00,2026-08-16T23:59:59-04:00,,686.72,-1115.21,874.93,-1341.84,http://f.wishabi.net/page_items/429621511/1785891525/extra_large.jpg
Shoppers Drug Mart,8069919,1031529790,RUFFLES POTATO or TOSTITOS TORTILLA CHIPS,,8.5,,,,$8.5,,2026-08-15T00:00:00-04:00,2026-08-20T23:59:59-04:00,,1442.08,-2041.18,1634.56,-2278.14,http://f.wishabi.net/page_items/429621680/1785891548/extra_large.jpg
Shoppers Drug Mart,8069919,1031511277,"Roberto Cavalli Verde Assoluto Eau de Parfum 30mL,",,72.0,,,,$72.0,,2026-08-15T00:00:00-04:00,2026-08-20T23:59:59-04:00,,11653.0,-2060.6,11764.0,-2255.6,http://f.wishabi.net/page_items/429653550/1785891562/extra_large.jpg
Shoppers Drug Mart,8069919,1031532615,Roberto Cavalli Verde Assoluto Eau de parfum,,135.0,,,,$135.0,,2026-08-15T00:00:00-04:00,2026-08-20T23:59:59-04:00,,11477.9,-1904.41,11652.6,-2206.59,http://f.wishabi.net/page_items/429624462/1785891556/extra_large.jpg
Shoppers Drug Mart,8069919,1031518938,SALLY HANSEN MIRACLE GEL NAIL ENAMEL,Sally Hansen,,,,,,,2026-08-15T00:00:00-04:00,2026-08-20T23:59:59-04:00,,13125.6,-1068.95,13412.3,-1470.45,http://f.wishabi.net/page_items/429624488/1785891569/extra_large.jpg
Shoppers Drug Mart,8069919,1031491784,"SALLY HANSEN NAIL TREATMENT, MIRACLE GEL DUO SET or O·P·I FALSE NAILS",,,,,,,,2026-08-15T00:00:00-04:00,2026-08-20T23:59:59-04:00,,13249.1,-2140.73,13477.1,-2369.05,http://f.wishabi.net/page_items/429624492/1785891571/extra_large.jpg
Shoppers Drug Mart,8069919,1031521187,SALLY HANSEN PURE NAIL ENAMEL,,9.99,,,,$9.99,,2026-08-15T00:00:00-04:00,2026-08-20T23:59:59-04:00,,12790.5,-2138.37,13018.7,-2368.45,http://f.wishabi.net/page_items/429624489/1785891570/extra_large.jpg
Shoppers Drug Mart,8069919,1031497752,SALLY HANSEN XTREME WEAR NAIL ENAMEL,Sally Hansen,3.99,,,,$3.99,,2026-08-15T00:00:00-04:00,2026-08-20T23:59:59-04:00,,20065.2,-142.35,20427.2,-478.41,http://f.wishabi.net/page_items/429626545/1785891581/extra_large.jpg
Shoppers Drug Mart,8069919,1031491913,"SCHICK HYDRO SILK DERMAPLANING WAND, REFILL CARTRIDGES (4's) or HAIR REMOVAL PRODUCTS",Schick,,,,,,,2026-08-15T00:00:00-04:00,2026-08-20T23:59:59-04:00,,8845.08,-1118.25,9102.99,-1524.35,http://f.wishabi.net/page_items/429625962/1785891563/extra_large.jpg
Shoppers Drug Mart,8069919,1031516755,"SCHICK XTREME3 SENSITIVE (4's), INTUITION SENSITIVE CARE (3's) DISPOSABLE RAZORS or L'ORÉAL MEN SKIN CARE PRODUCTS",,,,,,,,2026-08-15T00:00:00-04:00,2026-08-20T23:59:59-04:00,,3266.36,-1669.08,3458.46,-1947.36,http://f.wishabi.net/page_items/429622452/1785891542/extra_large.jpg
Shoppers Drug Mart,8069919,1031509154,"SCHMIDT'S NATURAL (75g), DEGREE (48g) or DOVE (45g - 48g) CLINICAL DEODORANT",,7.99,,,,$7.99,,2026-08-15T00:00:00-04:00,2026-08-20T23:59:59-04:00,,873.26,-1550.17,1063.44,-1795.22,http://f.wishabi.net/page_items/429621605/1785891537/extra_large.jpg
Shoppers Drug Mart,8069919,1031505273,SCHNEIDERS JUICY JUMBOS (450g) or MAPLE LEAF PREPPED & READY SHREDDED CHICKEN (250g),,8.49,,,,$8.49,,2026-08-15T00:00:00-04:00,2026-08-20T23:59:59-04:00,,6228.89,-478.67,6433.8,-741.52,http://f.wishabi.net/page_items/429623463/1785891554/extra_large.jpg
Shoppers Drug Mart,8069919,1031495523,SECRET ANTIPERSPIRANT/DEODORANT 73g,Secret,8.49,,,,$8.49,,2026-08-15T00:00:00-04:00,2026-08-20T23:59:59-04:00,,1688.17,-1636.16,1879.87,-1905.39,http://f.wishabi.net/page_items/429622632/1785891541/extra_large.jpg
Shoppers Drug Mart,8069919,1031512833,"SECRET FASHION TIGHTS, FOOT COVERS or KNEE HIGHS",Secret,,,,,,,2026-08-15T00:00:00-04:00,2026-08-20T23:59:59-04:00,,13412.0,-1062.89,13707.0,-1471.09,http://f.wishabi.net/page_items/429624478/1785891563/extra_large.jpg
Shoppers Drug Mart,8069919,1031514577,SELECTD ADIDAS FRAGRANCES,,20.99,,,,$20.99,,2026-08-15T00:00:00-04:00,2026-08-20T23:59:59-04:00,,13475.3,-451.67,13707.8,-685.9,http://f.wishabi.net/page_items/429624472/1785891559/extra_large.jpg
Shoppers Drug Mart,8069919,1031504356,SELECTED 20oz or 40oz STAINLESS STEEL TUMBLERS,,,,,,,,2026-08-15T00:00:00-04:00,2026-08-20T23:59:59-04:00,,6937.72,-1582.29,7277.81,-1920.1,http://f.wishabi.net/page_items/429623794/1785891557/extra_large.jpg
Shoppers Drug Mart,8069919,1031507454,"SELECTED FOOD STORAGE CONTAINERS, MUGS or CHILDREN'S CUTLERY",,,,,,,,2026-08-15T00:00:00-04:00,2026-08-20T23:59:59-04:00,,6942.41,-1927.61,7149.1,-2132.78,http://f.wishabi.net/page_items/429623802/1785891564/extra_large.jpg
Shoppers Drug Mart,8069919,1031492474,"SELECTED HAIR ACCESSORIES, JEWELLERY or TCK WATCHES",,,,,,,,2026-08-15T00:00:00-04:00,2026-08-20T23:59:59-04:00,,21147.5,-761.6,21352.8,-1009.19,http://f.wishabi.net/page_items/429626209/1785891571/extra_large.jpg
Shoppers Drug Mart,8069919,1031492239,SELECTED MICHEL GERMAIN FRAGRANCES,,,,,,,,2026-08-15T00:00:00-04:00,2026-08-20T23:59:59-04:00,,13474.9,-695.39,13706.7,-924.37,http://f.wishabi.net/page_items/429624473/1785891560/extra_large.jpg
Shoppers Drug Mart,8069919,1031542071,"SELECTED TARGUS COMPUTER, FUSE or TARGUS MOBILE ACCESSORIES",Targus,,,,,,,2026-08-15T00:00:00-04:00,2026-08-20T23:59:59-04:00,,8693.67,-2197.03,8900.08,-2459.48,http://f.wishabi.net/page_items/429625981/1785891569/extra_large.jpg
Shoppers Drug Mart,8069919,1031512544,SENSODYNE Clinical Repair Deep Clean,Sensodyne,,,,,,,2026-08-15T00:00:00-04:00,2026-08-20T23:59:59-04:00,,25202.4,-1609.05,25545.7,-2150.08,http://f.wishabi.net/page_items/429626711/1785891570/extra_large.jpg
Shoppers Drug Mart,8069919,1031512638,SHEA MOISTURE HAIR CARE PRODUCTS,SheaMoisture,14.99,,,,$14.99,,2026-08-15T00:00:00-04:00,2026-08-20T23:59:59-04:00,,14885.9,-101.2,15230.2,-673.62,http://f.wishabi.net/page_items/429625089/1785891564/extra_large.jpg
Shoppers Drug Mart,8069919,1031505535,SHISEIDO Vital Perfection Uplifting and Firming Advanced Cream,,,,,,,,2026-08-15T00:00:00-04:00,2026-08-20T23:59:59-04:00,,21779.9,-625.95,21968.8,-902.74,http://f.wishabi.net/page_items/429626478/1785891565/extra_large.jpg
Shoppers Drug Mart,8069919,1031541538,SHOPPERS BEAUTY THE AUTUMN SKIN RESET BEAUTY BUNDLE,SHOPPERS BEAUTY,50.0,,,,$50.0,,2026-08-15T00:00:00-04:00,2026-08-20T23:59:59-04:00,,19602.6,-485.98,19811.2,-744.03,http://f.wishabi.net/page_items/429626517/1785891564/extra_large.jpg
Shoppers Drug Mart,8069919,1031505883,SILK'N TITAN MULTIPLATFORM SKIN TIGHTENING DEVICE,SILK'N,,,,,,,2026-08-15T00:00:00-04:00,2026-08-20T23:59:59-04:00,,19395.0,-1081.02,19651.9,-1508.01,http://f.wishabi.net/page_items/429626543/1785891579/extra_large.jpg
Shoppers Drug Mart,8069919,1031534541,SILK'N Titan MultiPlatform,SILK'N,,,,,,,2026-08-15T00:00:00-04:00,2026-08-20T23:59:59-04:00,,22273.0,-336.67,22396.9,-885.1,http://f.wishabi.net/page_items/429652252/1785891568/extra_large.jpg
Shoppers Drug Mart,8069919,1031511341,SIMILASAN EYE & EAR DROPS,Similasan,,,,,,,2026-08-15T00:00:00-04:00,2026-08-20T23:59:59-04:00,,4379.52,-698.08,4611.53,-925.09,http://f.wishabi.net/page_items/429622553/1785891541/extra_large.jpg
Shoppers Drug Mart,8069919,1031509090,SIMPLY PROTEIN (40g) or LOVE GOOD FATS (39g - 40g) PROTEIN BARS,,4.0,,,,$4.0,,2026-08-15T00:00:00-04:00,2026-08-20T23:59:59-04:00,,9611.13,-695.01,9839.01,-920.76,http://f.wishabi.net/page_items/429624584/1785891566/extra_large.jpg
Shoppers Drug Mart,8069919,1031517634,"SMARTWATER, EVIAN or FIJI NATURAL SPRING WATER",,2.79,,,,$2.79,,2026-08-15T00:00:00-04:00,2026-08-20T23:59:59-04:00,,18264.2,-1560.0,18601.9,-1920.11,http://f.wishabi.net/page_items/429626061/1785891566/extra_large.jpg
Shoppers Drug Mart,8069919,1032473308,"SMARTWATER, FIJI or EVIAN NATURAL SPRING WATER",,3.69,,,,$3.69,,2026-08-15T00:00:00-04:00,2026-08-20T23:59:59-04:00,,5374.79,-1516.29,5762.55,-1886.56,http://f.wishabi.net/page_items/430323118/1786466111/extra_large.jpg
Shoppers Drug Mart,8069919,1032471825,SMOKIES (1kg) SAUSAGES or FULLY-COOKED PORK BACK RIBS (500g),PC,12.99,,,,$12.99,,2026-08-15T00:00:00-04:00,2026-08-20T23:59:59-04:00,,4617.13,-1901.87,4846.08,-2137.88,http://f.wishabi.net/page_items/430323103/1786466100/extra_large.jpg
Shoppers Drug Mart,8069919,1031517289,STARBUCKS ICED COFFEE 1.42L,Starbucks,8.99,,,,$8.99,,2026-08-15T00:00:00-04:00,2026-08-20T23:59:59-04:00,,5815.13,-754.94,6021.12,-1008.12,http://f.wishabi.net/page_items/429626459/1785891565/extra_large.jpg
Shoppers Drug Mart,8069919,1031491962,STRIVECTIN SKIN CARE PRODUCTS,StriVectin,,,,,,,2026-08-15T00:00:00-04:00,2026-08-20T23:59:59-04:00,,2599.33,-704.17,2884.65,-1031.56,http://f.wishabi.net/page_items/429622439/1785891532/extra_large.jpg
Shoppers Drug Mart,8069919,1031512900,STUDIO LINE HAIR STYLING PRODUCTS,STUDIO LINE,9.99,,,,$9.99,,2026-08-15T00:00:00-04:00,2026-08-20T23:59:59-04:00,,3827.11,-1525.72,4209.54,-1895.03,http://f.wishabi.net/page_items/429622600/1785891555/extra_large.jpg
Shoppers Drug Mart,8069919,1031508021,"SUMMER'S EVE CLEANSING CLOTHS (32's), PERSONAL WASH (266mL - 444mL) or MONISTAT FEMININE CARE PRODUCTS",,,,,,,,2026-08-15T00:00:00-04:00,2026-08-20T23:59:59-04:00,,18475.2,-754.2,18682.9,-1008.5,http://f.wishabi.net/page_items/429626059/1785891565/extra_large.jpg
Shoppers Drug Mart,8069919,1031491591,SUNRYPE FRUIT TO GO STRIPS (24's) or FRUITSOURCE BAR (12's),SunRype,9.29,,,,$9.29,,2026-08-15T00:00:00-04:00,2026-08-20T23:59:59-04:00,,21200.6,-1571.14,21558.2,-1924.35,http://f.wishabi.net/page_items/429626200/1785891570/extra_large.jpg
Shoppers Drug Mart,8069919,1031505774,SVR SKIN CARE PRODUCTS,,,,,,,,2026-08-15T00:00:00-04:00,2026-08-20T23:59:59-04:00,,12843.6,-1061.0,13125.1,-1470.66,http://f.wishabi.net/page_items/429624494/1785891572/extra_large.jpg
Shoppers Drug Mart,8069919,1031516671,SWIFFER WET JET (1.25L) or WET CLOTH REFILLS,Swiffer,7.99,,,,$7.99,,2026-08-15T00:00:00-04:00,2026-08-20T23:59:59-04:00,,18932.9,-1574.58,19304.8,-1923.69,http://f.wishabi.net/page_items/429626076/1785891571/extra_large.jpg
Shoppers Drug Mart,8069919,1031542052,"SYSTANE (60's), VITALUX (50's - 120's) OCULAR or WEBBER NATURALS VITAMIN PRODUCTS",,,,,,,,2026-08-15T00:00:00-04:00,2026-08-20T23:59:59-04:00,,2070.04,-1641.29,2261.24,-1912.08,http://f.wishabi.net/page_items/429622620/1785891532/extra_large.jpg
Shoppers Drug Mart,8069919,1031503999,SYSTANE® Pro Multi-Dose Preservative Free†,Systane,,,,,,,2026-08-15T00:00:00-04:00,2026-08-20T23:59:59-04:00,,25206.6,-280.24,25520.7,-1039.11,http://f.wishabi.net/page_items/429626712/1785891571/extra_large.jpg
Shoppers Drug Mart,8069919,1031513100,Seniors' Day,,,,,,,,2026-08-20T00:00:00-04:00,2026-08-20T23:59:59-04:00,,2313.0,-2.0,2883.0,-169.0,http://f.wishabi.net/page_items/429652192/1785891557/extra_large.jpg
Shoppers Drug Mart,8069919,1031541999,Shiseido Colour + Glow Enhancer,Shiseido,55.0,,,,$55.0,,2026-08-15T00:00:00-04:00,2026-08-20T23:59:59-04:00,,10693.7,-1947.2,11035.1,-2468.24,http://f.wishabi.net/page_items/429624279/1785891555/extra_large.jpg
Shoppers Drug Mart,8069919,1031507131,TALENTI GELATO or SORBETTO 473mL,,7.99,,,,$7.99,,2026-08-15T00:00:00-04:00,2026-08-20T23:59:59-04:00,,19039.4,-1079.32,19301.3,-1523.91,http://f.wishabi.net/page_items/429626072/1785891569/extra_large.jpg
Shoppers Drug Mart,8069919,1031522592,"TAMPAX PEARL (16's - 18's), KOTEX BIOCARE (38's) or ALWAYS (48's - 54's) LINERS",,5.99,,,,$5.99,,2026-08-15T00:00:00-04:00,2026-08-20T23:59:59-04:00,,2505.53,-1392.89,2694.45,-1665.43,http://f.wishabi.net/page_items/429622449/1785891540/extra_large.jpg
Shoppers Drug Mart,8069919,1031507343,TAMPAX PEARL (45's - 50's) or RADIANT (38's - 42's) PADS,Tampax,14.99,,,,$14.99,,2026-08-15T00:00:00-04:00,2026-08-20T23:59:59-04:00,,20520.3,-117.57,20862.8,-474.38,http://f.wishabi.net/page_items/429626230/1785891576/extra_large.jpg
Shoppers Drug Mart,8069919,1031505594,"TAMPAX TAMPONS (40's), ALWAYS LINERS (60's - 120's) or PADS (20's - 48's)",,9.99,,,,$9.99,,2026-08-15T00:00:00-04:00,2026-08-20T23:59:59-04:00,,7562.62,-481.09,7770.48,-743.37,http://f.wishabi.net/page_items/429623783/1785891549/extra_large.jpg
Shoppers Drug Mart,8069919,1031513575,TENA INCONTINENCE PRODUCTS,Tena,17.99,,,,$17.99,,2026-08-15T00:00:00-04:00,2026-08-20T23:59:59-04:00,,494.11,-1551.31,684.74,-1795.27,http://f.wishabi.net/page_items/429625384/1785891552/extra_large.jpg
Shoppers Drug Mart,8069919,1031497552,THAYERS TONERS or CLEANSERS,Thayers,,,,,,,2026-08-15T00:00:00-04:00,2026-08-20T23:59:59-04:00,,14443.7,-1851.5,14788.6,-2434.18,http://f.wishabi.net/page_items/429625917/1785891562/extra_large.jpg
Shoppers Drug Mart,8069919,1031511214,THAYERS™M Hydrating Milky Toner,Thayers,,,,,,,2026-08-15T00:00:00-04:00,2026-09-11T23:59:59-04:00,,23898.0,-724.61,24173.0,-1442.4,http://f.wishabi.net/page_items/429654649/1785891568/extra_large.jpg
Shoppers Drug Mart,8069919,1031541482,THERABREATH ORAL RINSE,TheraBreath,11.99,,,,$11.99,,2026-08-15T00:00:00-04:00,2026-08-20T23:59:59-04:00,,1879.26,-1639.45,2071.04,-1909.79,http://f.wishabi.net/page_items/429622629/1785891538/extra_large.jpg
Shoppers Drug Mart,8069919,1031523055,THRIVE NICOTINE LOZENGES or GUM,Thrive,15.99,,,,$15.99,,2026-08-15T00:00:00-04:00,2026-08-20T23:59:59-04:00,,18266.1,-136.04,18604.4,-471.52,http://f.wishabi.net/page_items/429626093/1785891577/extra_large.jpg
Shoppers Drug Mart,8069919,1031503887,"TIDE PODS (18's - 31's), BOUNCE SHEETS (120's - 200's) or DOWNY SCENT BOOSTER (334g - 405g)",,10.99,,,,$10.99,,2026-08-15T00:00:00-04:00,2026-08-20T23:59:59-04:00,,1252.14,-1799.36,1444.07,-2037.31,http://f.wishabi.net/page_items/429621482/1785891520/extra_large.jpg
Shoppers Drug Mart,8069919,1031519129,TIMEX CLOCK RADIO or iHOME BLUETOOTH SPEAKER,,,,,,,,2026-08-15T00:00:00-04:00,2026-08-20T23:59:59-04:00,,8898.16,-1933.36,9101.53,-2191.12,http://f.wishabi.net/page_items/429626451/1785891566/extra_large.jpg
Shoppers Drug Mart,8069919,1031497112,TOM FORD Ombré Leather Eau de Parfum,TOM FORD,,,,,,,2026-08-15T00:00:00-04:00,2026-08-20T23:59:59-04:00,,22623.1,-561.31,22826.1,-897.5,http://f.wishabi.net/page_items/429652254/1785891569/extra_large.jpg
Shoppers Drug Mart,8069919,1031512601,"TOPPIK HAIR PERFECTING DUO KIT, HAIR BUILDING FIBERS (12g) or VIVISCAL HAIR REGROWTH PRODUCTS",,,,,,,,2026-08-15T00:00:00-04:00,2026-08-20T23:59:59-04:00,,4204.9,-1522.49,4604.69,-1894.3,http://f.wishabi.net/page_items/429622593/1785891553/extra_large.jpg
Shoppers Drug Mart,8069919,1031517098,TREE HUT SHEA SUGAR SCRUB 510g,,,,,,,,2026-08-15T00:00:00-04:00,2026-08-20T23:59:59-04:00,,13020.2,-695.23,13246.8,-922.18,http://f.wishabi.net/page_items/429624486/1785891568/extra_large.jpg
Shoppers Drug Mart,8069919,1031504245,"TRESEMME PREMIUM STYLING, L'OREAL WONDER WATER or EVERY MAN JACK SHAMPOO",,11.99,,,,$11.99,,2026-08-15T00:00:00-04:00,2026-08-20T23:59:59-04:00,,4152.88,-1902.09,4382.08,-2137.22,http://f.wishabi.net/page_items/429622556/1785891542/extra_large.jpg
Shoppers Drug Mart,8069919,1031507029,TRESEMMÉ or PANTENE HAIR CARE PRODUCTS,,6.99,,,,$6.99,,2026-08-15T00:00:00-04:00,2026-08-20T23:59:59-04:00,,6935.58,-120.48,7280.56,-477.0,http://f.wishabi.net/page_items/429623799/1785891562/extra_large.jpg
Shoppers Drug Mart,8069919,1031491665,"TROJAN PERSONAL DEVICE, LUBRICANT or CONDOMS",Trojan,,,,,,,2026-08-15T00:00:00-04:00,2026-08-20T23:59:59-04:00,,10068.4,-695.8,10299.0,-922.08,http://f.wishabi.net/page_items/429624572/1785891559/extra_large.jpg
Shoppers Drug Mart,8069919,1031535693,TWIGZ CRAFT PRETZELS (130g) or SNACK FACTORY PRETZEL CRISPS (155g - 200g),,5.49,,,,$5.49,,2026-08-15T00:00:00-04:00,2026-08-20T23:59:59-04:00,,18684.7,-2194.52,18890.6,-2461.16,http://f.wishabi.net/page_items/429626554/1785891583/extra_large.jpg
Shoppers Drug Mart,8069919,1031516924,TYLENOL ACETAMINOPHEN PAIN RELIEF PRODUCTS,Tylenol,13.99,,,,$13.99,,2026-08-15T00:00:00-04:00,2026-08-20T23:59:59-04:00,,1687.62,-1910.11,1879.97,-2185.62,http://f.wishabi.net/page_items/429622626/1785891536/extra_large.jpg
Shoppers Drug Mart,8069919,1031543529,Too Faced Sweet Peach Eyeshadow Palette,Too Faced,53.0,,,,$53.0,,2026-08-15T00:00:00-04:00,2026-08-20T23:59:59-04:00,,10348.9,-1423.32,10692.5,-1939.78,http://f.wishabi.net/page_items/429624280/1785891555/extra_large.jpg
Shoppers Drug Mart,8069919,1031521974,VAN HOUTTE K-CUP COFFEE PODS 12's,Van Houtte,11.49,,,,$11.49,,2026-08-15T00:00:00-04:00,2026-08-20T23:59:59-04:00,,18474.2,-2194.5,18681.4,-2460.81,http://f.wishabi.net/page_items/429626549/1785891580/extra_large.jpg
Shoppers Drug Mart,8069919,1031522309,VASELINE SKIN CARE PRODUCTS,Vaseline,8.99,,,,$8.99,,2026-08-15T00:00:00-04:00,2026-08-20T23:59:59-04:00,,14101.4,-1264.66,14446.0,-1846.96,http://f.wishabi.net/page_items/429625914/1785891560/extra_large.jpg
Shoppers Drug Mart,8069919,1031507404,"VICHY DERCOS HAIR CARE, LIFTACTIV or NORMADERM SKIN CARE PRODUCTS",,,,,,,,2026-08-15T00:00:00-04:00,2026-08-20T23:59:59-04:00,,2069.94,-820.48,2261.74,-1091.05,http://f.wishabi.net/page_items/429622635/1785891543/extra_large.jpg
Shoppers Drug Mart,8069919,1031509074,VICHY MINERAL 89 SKIN CARE PRODUCTS,Vichy,,,,,,,2026-08-15T00:00:00-04:00,2026-08-20T23:59:59-04:00,,872.79,-2041.81,1063.06,-2280.84,http://f.wishabi.net/page_items/429621600/1785891536/extra_large.jpg
Shoppers Drug Mart,8069919,1031507489,VICHY PURETÉ THERMALE FOAMING WATER CLEANSING or GEL KIT,Vichy,,,,,,,2026-08-15T00:00:00-04:00,2026-08-20T23:59:59-04:00,,19398.3,-485.2,19605.7,-745.53,http://f.wishabi.net/page_items/429626523/1785891567/extra_large.jpg
Shoppers Drug Mart,8069919,1031542158,VITA COCO COCONUT WATER (4's) or KOOL-AID JAMMERS FRUIT BEVERAGE (10's),,4.99,,,,$4.99,,2026-08-15T00:00:00-04:00,2026-08-20T23:59:59-04:00,,21351.9,-1930.38,21558.1,-2187.66,http://f.wishabi.net/page_items/429626218/1785891573/extra_large.jpg
Shoppers Drug Mart,8069919,1031536369,VITA COCO COCONUT WATER (IL) or PC BEVERAGES (1.89L),,6.0,,,,$6.0,,2026-08-15T00:00:00-04:00,2026-08-20T23:59:59-04:00,,2506.15,-2018.11,2693.5,-2299.26,http://f.wishabi.net/page_items/429622462/1785891551/extra_large.jpg
Shoppers Drug Mart,8069919,1031491625,"VITA COCO ORGANIC COCONUT (1L), NATUR-A or EARTH'S OWN (946mL) NON-DAIRY BEVERAGE",,5.0,,,,$5.0,,2026-08-15T00:00:00-04:00,2026-08-20T23:59:59-04:00,,18269.6,-1926.42,18476.4,-2190.14,http://f.wishabi.net/page_items/429626550/1785891580/extra_large.jpg
Shoppers Drug Mart,8069919,1031516452,VOLTACARE COOLING PAIN RELIEF CREAM (71g) or VOLTAREN EMULGEL (100g - 150g),,19.99,,,,$19.99,,2026-08-15T00:00:00-04:00,2026-08-20T23:59:59-04:00,,3829.03,-97.98,4190.66,-447.73,http://f.wishabi.net/page_items/429622597/1785891554/extra_large.jpg
Shoppers Drug Mart,8069919,1031491821,Versace Dylan Blush Pink,Versace,159.0,,,,$159.0,,2026-08-15T00:00:00-04:00,2026-08-20T23:59:59-04:00,,11478.5,-1368.56,11819.9,-1898.37,http://f.wishabi.net/page_items/429624463/1785891557/extra_large.jpg
Shoppers Drug Mart,8069919,1031513247,WATER CRACKERS (125g) or SWISS STICKS (100g),PC,1.99,,,,$1.99,,2026-08-15T00:00:00-04:00,2026-08-20T23:59:59-04:00,,16218.6,-1932.06,16427.2,-2190.44,http://f.wishabi.net/page_items/429624894/1785891562/extra_large.jpg
Shoppers Drug Mart,8069919,1031517275,"WATERPIK ULTRA WATERFLOSSER, DENTEK ULTIMATE DENTAL GUARD (1'S) or EOS LIP BALMS",,,,,,,,2026-08-15T00:00:00-04:00,2026-08-20T23:59:59-04:00,,7563.86,-2138.17,7772.21,-2332.67,http://f.wishabi.net/page_items/429623807/1785891567/extra_large.jpg
Shoppers Drug Mart,8069919,1031491571,WATIER,WATIER,,,,,,,2026-08-15T00:00:00-04:00,2026-08-20T23:59:59-04:00,,2070.12,-261.01,2261.67,-544.82,http://f.wishabi.net/page_items/429622640/1785891546/extra_large.jpg
Shoppers Drug Mart,8069919,1031505850,"WEBBER NATURALS JOINT CARE, COLLAGEN or GLUCOSAMINE PRODUCTS",webber naturals,25.99,,,,$25.99,,2026-08-15T00:00:00-04:00,2026-08-20T23:59:59-04:00,,3922.87,-453.46,4153.23,-688.75,http://f.wishabi.net/page_items/429622541/1785891538/extra_large.jpg
Shoppers Drug Mart,8069919,1031514521,WEBBER NATURALS® Magnesium Bisglycinate†,,,,,,,,2026-08-15T00:00:00-04:00,2026-08-20T23:59:59-04:00,,24868.3,-286.67,25200.1,-1047.08,http://f.wishabi.net/page_items/429626713/1785891571/extra_large.jpg
Shoppers Drug Mart,8069919,1031541249,"WICKED AUDIO GROWL BLUETOOTH SPEAKER,",Wicked Audio,,,,,,,2026-08-15T00:00:00-04:00,2026-08-20T23:59:59-04:00,,8692.31,-1933.77,8900.84,-2190.96,http://f.wishabi.net/page_items/429626449/1785891564/extra_large.jpg
Shoppers Drug Mart,8069919,1031506157,WINKY LUX COSMETIC PRODUCTS,WINKY LUX,,,,,,,2026-08-15T00:00:00-04:00,2026-08-20T23:59:59-04:00,,17556.1,-754.79,17762.5,-1011.34,http://f.wishabi.net/page_items/429626002/1785891572/extra_large.jpg
Shoppers Drug Mart,8069919,1031497432,WONDER BALLPARK CLASSICS HOT DOG (6's) or HAMBURGER (8's) BUNS,Wonder,4.0,,,,$4.0,,2026-08-15T00:00:00-04:00,2026-08-20T23:59:59-04:00,,18779.9,-1087.81,19039.8,-1516.58,http://f.wishabi.net/page_items/429626065/1785891567/extra_large.jpg
Shoppers Drug Mart,8069919,1031492610,WONDER WHITE or WHOLE WHEAT BREAD 675g,Wonder,2.49,,,,$2.49,,2026-08-15T00:00:00-04:00,2026-08-16T23:59:59-04:00,,1064.39,-878.0,1255.34,-1106.42,http://f.wishabi.net/page_items/429625381/1785891550/extra_large.jpg
Shoppers Drug Mart,8069919,1032473314,"WONDER WRAPS (10's), D'ITALIANO BREAD (675g) or VACHON SNACK CAKES (6's - 12's)",,7.0,,,,$7.0,,2026-08-15T00:00:00-04:00,2026-08-20T23:59:59-04:00,,4614.92,-1057.97,4899.97,-1472.68,http://f.wishabi.net/page_items/430323119/1786466112/extra_large.jpg
Shoppers Drug Mart,8069919,1031536823,WONDERFUL ROASTED PISTACHIOS,Wonderful,8.99,,,,$8.99,,2026-08-15T00:00:00-04:00,2026-08-20T23:59:59-04:00,,18683.5,-1929.54,18890.8,-2190.12,http://f.wishabi.net/page_items/429626552/1785891582/extra_large.jpg
Shoppers Drug Mart,8069919,1031504233,XEROX VITALITY MULTI-PURPOSE PRINTER PAPER (500's) or DUDLEY COMBINATION LOCK,,8.99,,,,$8.99,,2026-08-15T00:00:00-04:00,2026-08-20T23:59:59-04:00,,6943.58,-2137.04,7150.07,-2333.02,http://f.wishabi.net/page_items/429623810/1785891569/extra_large.jpg
Shoppers Drug Mart,8069919,1031542132,"YOUTHEORY, PROGRESSIVE VITAMIN or NATURAL HEALTH PRODUCTS",,,,,,,,2026-08-15T00:00:00-04:00,2026-08-20T23:59:59-04:00,,4042.18,-1065.92,4331.96,-1471.41,http://f.wishabi.net/page_items/429622582/1785891549/extra_large.jpg
Shoppers Drug Mart,8069919,1031517005,YSL MYSLF Eau de Toilette Intense 100mL,,180.0,,,,$180.0,,2026-08-15T00:00:00-04:00,2026-08-20T23:59:59-04:00,,11477.7,-257.37,12512.0,-1213.54,http://f.wishabi.net/page_items/429624468/1785891561/extra_large.jpg
Shoppers Drug Mart,8069919,1032473356,ZIGGY'S FRESH PASTA (350g) or RESER'S SALADS (425g - 454g),,3.49,,,,$3.49,,2026-08-15T00:00:00-04:00,2026-08-20T23:59:59-04:00,,5533.04,-2139.75,5762.21,-2371.36,http://f.wishabi.net/page_items/430323126/1786466117/extra_large.jpg
Shoppers Drug Mart,8069919,1031517301,e.l.f. COSMETIC PRODUCTS,e.l.f,,,,,,,2026-08-15T00:00:00-04:00,2026-08-20T23:59:59-04:00,,13276.3,-1513.74,13702.8,-1896.15,http://f.wishabi.net/page_items/429624496/1785891574/extra_large.jpg
Shoppers Drug Mart,8069919,1031519157,göt2b HAIR COLOUR or MAGIC ROOT COVERUP ROOT TOUCH-UP,,12.99,,,,$12.99,,2026-08-15T00:00:00-04:00,2026-08-20T23:59:59-04:00,,3464.98,-1901.14,3695.87,-2137.67,http://f.wishabi.net/page_items/429622535/1785891536/extra_large.jpg
Shoppers Drug Mart,8069919,1031502983,"göt2b HAIR STYLING, L'ORÉAL GLYCOLIC GLOSS or PANTENE BLENDS HAIR CARE PRODUCTS",,8.99,,,,$8.99,,2026-08-15T00:00:00-04:00,2026-08-20T23:59:59-04:00,,6942.94,-482.83,7149.83,-744.29,http://f.wishabi.net/page_items/429623786/1785891552/extra_large.jpg
Shoppers Drug Mart,8069919,1031511585,my iN.gredients FACIAL SKIN CARE PRODUCTS,my iN.gredients,,,,,,,2026-08-15T00:00:00-04:00,2026-08-20T23:59:59-04:00,,17135.8,-123.06,17482.3,-477.15,http://f.wishabi.net/page_items/429626014/1785891580/extra_large.jpg
Shoppers Drug Mart,8069919,1031511799,shoppers photo,,,,,,,,2026-08-15T00:00:00-04:00,2026-08-20T23:59:59-04:00,,8072.94,-2202.12,8686.86,-2459.74,http://f.wishabi.net/page_items/429625985/1785891570/extra_large.jpg
Shoppers Drug Mart,8069919,1031524999,withinUs COLLAGEN (175g - 230g) or PROMENSIL MENOPAUSE RELIEF PRODUCTS,,,,,,,,2026-08-15T00:00:00-04:00,2026-08-20T23:59:59-04:00,,18600.6,-131.14,18953.6,-472.91,http://f.wishabi.net/page_items/429626095/1785891578/extra_large.jpg
