store,flyer_id,item_id,name,brand,price,original_price,pre_price_text,post_price_text,display_price,sale_story,valid_from,valid_to,page_number,left,top,right,bottom,cutout_image_url
Walmart,8072271,1032945158,10-OZ. Scented candles,,14.97,,,,$14.97,,2026-08-13T00:00:00-04:00,2026-08-19T23:59:59-04:00,,8450.12,-1098.51,8746.75,-1313.01,http://f.wishabi.net/page_items/430536559/1786586767/extra_large.jpg
Walmart,8080972,1032870459,110430_WK28 PET FLIPP_HEADERS_IMAGES_BANNERS_v4_EN_Page_04-2,,,,,,,,2026-08-13T00:00:00-04:00,2026-08-19T23:59:59-04:00,,1155.0,-197.81,2311.49,-933.84,http://f.wishabi.net/page_items/429768356/1785960814/extra_large.jpg
Walmart,8072271,1032574495,"15.6"" Aspire Lite FHD IPS laptop",Aspire,399.98,,,,$399.98,,2026-08-13T00:00:00-04:00,2026-09-16T23:59:59-04:00,,11650.9,-227.27,12194.9,-1170.76,http://f.wishabi.net/page_items/430352843/1786500161/extra_large.jpg
Walmart,8072271,1032574497,"16"" OmniBook 5 laptop",,899.98,,,,$899.98,,2026-08-13T00:00:00-04:00,2026-09-16T23:59:59-04:00,,11643.3,-1188.67,12187.5,-1851.08,http://f.wishabi.net/page_items/430352912/1786500162/extra_large.jpg
Walmart,8033586,1030255372,"16.14"" NEON GAMING SIGN",,,,,,,,2026-07-30T00:00:00-04:00,2026-09-16T23:59:59-04:00,,3474.09,-867.08,3583.66,-934.69,http://f.wishabi.net/page_items/429173380/1785429059/extra_large.jpg
Walmart,8080972,1032870406,1805EN-5HoQJS3rrdazS,,,,,,,,2026-08-13T00:00:00-04:00,2026-08-19T23:59:59-04:00,,0.0,0.0,1156.49,-269.57,http://f.wishabi.net/page_items/429768337/1785960814/extra_large.jpg
Walmart,8080972,1032870418,1900EN-5quhYQMv7U6jc,,,,,,,,2026-08-13T00:00:00-04:00,2026-08-19T23:59:59-04:00,,0.0,0.0,1.84,-1.84,http://f.wishabi.net/page_items/429768345/1785960819/extra_large.jpg
Walmart,8072271,1032574530,"21.5"" FHD monitor",,89.98,,,,$89.98,,2026-08-13T00:00:00-04:00,2026-09-16T23:59:59-04:00,,12892.3,-1195.64,13264.6,-1645.39,http://f.wishabi.net/page_items/430349508/1786500163/extra_large.jpg
Walmart,8072271,1032576811,"24"" Rock Creek mountain bike",,148.0,,,,$148.0,,2026-08-13T00:00:00-04:00,2026-09-16T23:59:59-04:00,,33962.5,-791.59,34304.5,-1081.65,http://f.wishabi.net/page_items/430352262/1786500171/extra_large.jpg
Walmart,8072271,1032574508,"27"" FHD IPS monitor",,129.98,,,,$129.98,,2026-08-13T00:00:00-04:00,2026-09-16T23:59:59-04:00,,13309.0,-1203.2,13679.6,-1628.49,http://f.wishabi.net/page_items/430349000/1786500159/extra_large.jpg
Walmart,8072271,1032945171,3-Piece quick-up camping combo,,99.98,,,,$99.98,,2026-08-13T00:00:00-04:00,2026-08-19T23:59:59-04:00,,8307.97,-2241.68,8744.3,-2456.71,http://f.wishabi.net/page_items/430536569/1786586770/extra_large.jpg
Walmart,8072271,1031499110,3-in-1 Lightweight stick vacuum,,29.98,,,,$29.98,,2026-08-13T00:00:00-04:00,2026-08-19T23:59:59-04:00,,1632.84,-1945.64,1918.58,-2138.59,http://f.wishabi.net/page_items/429801007/1786393612/extra_large.jpg
Walmart,8072271,1032945018,"32"" QLED Full HD Roku TV",Philips,168.0,,,,$168.0,,2026-08-13T00:00:00-04:00,2026-08-19T23:59:59-04:00,,6858.93,-1976.54,7301.16,-2175.63,http://f.wishabi.net/page_items/430538450/1786586768/extra_large.jpg
Walmart,8080972,1032870801,"36"" Foldable Kennel",Sport Pet,64.94,,,,$64.94,,2026-08-13T00:00:00-04:00,2026-08-19T23:59:59-04:00,,8113.52,-1958.76,8461.29,-2621.18,http://f.wishabi.net/page_items/429768435/1785960820/extra_large.jpg
Walmart,8072271,1032575448,3M Command value packs,3M,11.97,,,,$11.97,,2026-08-13T00:00:00-04:00,2026-09-16T23:59:59-04:00,,20181.4,-1316.15,20370.7,-1631.24,http://f.wishabi.net/page_items/430349314/1786500162/extra_large.jpg
Walmart,8072271,1032945126,4'x6' Washable Rug,,49.96,,,,$49.96,,2026-08-13T00:00:00-04:00,2026-08-19T23:59:59-04:00,,8300.08,-1321.96,8745.43,-1544.1,http://f.wishabi.net/page_items/430536536/1786586760/extra_large.jpg
Walmart,8072271,1032574468,4-Piece backpack set,,16.97,,,,$16.97,,2026-08-13T00:00:00-04:00,2026-09-16T23:59:59-04:00,,10507.8,-1609.71,10718.3,-1864.82,http://f.wishabi.net/page_items/430349003/1786500160/extra_large.jpg
Walmart,8072271,1032945179,4-Piece personal blender,,19.98,,,,$19.98,,2026-08-13T00:00:00-04:00,2026-08-19T23:59:59-04:00,,7831.89,-1548.19,8276.33,-1769.95,http://f.wishabi.net/page_items/430536575/1786586772/extra_large.jpg
Walmart,8072271,1032544076,5-Pack School Uniform Tagless Polo Tshirt for Little Boys & Big Boys,,57.99,,,,$57.99,,2026-08-13T00:00:00-04:00,2026-08-19T23:59:59-04:00,,9328.37,-2451.46,9561.39,-2525.87,http://f.wishabi.net/page_items/430370450/1786485747/extra_large.jpg
Walmart,8072271,1032945059,"55"" 4K UHD QLED Roku TV",,398.0,,,,$398.0,,2026-08-13T00:00:00-04:00,2026-08-19T23:59:59-04:00,,6856.21,-2187.47,7300.35,-2386.82,http://f.wishabi.net/page_items/430538521/1786586775/extra_large.jpg
Walmart,8080972,1032870448,57.5''H Cat Tree Tower w/ 2 Condos,Yaheetech,68.99,,,,$68.99,,2026-08-13T00:00:00-04:00,2026-08-19T23:59:59-04:00,,779.27,-3395.85,1127.04,-4058.28,http://f.wishabi.net/page_items/429768354/1785960826/extra_large.jpg
Walmart,8072271,1032576814,"5th Wheel WLB17 adults' 26"" electric bike",,519.99,,,,$519.99,,2026-08-13T00:00:00-04:00,2026-09-16T23:59:59-04:00,,33964.6,-1890.72,34310.4,-2164.21,http://f.wishabi.net/page_items/430352326/1786500173/extra_large.jpg
Walmart,8072271,1032945064,"65"" UA7500 4K Smart TV",,598.0,,,,$598.0,,2026-08-13T00:00:00-04:00,2026-08-19T23:59:59-04:00,,7313.45,-2183.88,7770.45,-2384.97,http://f.wishabi.net/page_items/430538523/1786586776/extra_large.jpg
Walmart,8033586,1032471700,7-piece bag set,,19.97,,,,$19.97,,2026-07-30T00:00:00-04:00,2026-09-16T23:59:59-04:00,,18837.9,-2261.82,19423.2,-2537.76,http://f.wishabi.net/page_items/430308131/1786461079/extra_large.jpg
Walmart,8033586,1032471614,7-piece lunch bag set,,19.97,,,,$19.97,,2026-07-30T00:00:00-04:00,2026-09-16T23:59:59-04:00,,17980.3,-1953.94,18192.8,-2440.31,http://f.wishabi.net/page_items/430308248/1786460929/extra_large.jpg
Walmart,8072271,1031556635,ACE Bakery Buns,ACE Bakery,4.97,,,,$4.97,,2026-08-13T00:00:00-04:00,2026-08-19T23:59:59-04:00,,2126.35,-1380.17,2242.27,-1629.45,http://f.wishabi.net/page_items/429806803/1786394155/extra_large.jpg
Walmart,8072271,1031501434,ACE Bakery buns,ACE Bakery,4.97,,,,$4.97,,2026-08-13T00:00:00-04:00,2026-08-19T23:59:59-04:00,,1996.35,-1357.17,2126.27,-1626.45,http://f.wishabi.net/page_items/429801172/1786394148/extra_large.jpg
Walmart,8072271,1032575653,ACT II microwave gourmet popcorn,ACT II,2.47,,,,$2.47,,2026-08-13T00:00:00-04:00,2026-09-16T23:59:59-04:00,,23578.8,-2182.62,23999.0,-2524.24,http://f.wishabi.net/page_items/430347725/1786500164/extra_large.jpg
Walmart,8033586,1032471773,AND1 boys' basketball shoes,AND1,24.97,,,,$24.97,,2026-07-30T00:00:00-04:00,2026-09-16T23:59:59-04:00,,19272.0,-1301.27,19319.7,-1433.75,http://f.wishabi.net/page_items/430308274/1786461082/extra_large.jpg
Walmart,8072271,1032574519,"ASUS Chromebook laptop 14""",Asus,279.98,,,,$279.98,,2026-08-13T00:00:00-04:00,2026-09-16T23:59:59-04:00,,13304.2,-691.31,13686.9,-1150.66,http://f.wishabi.net/page_items/430349130/1786500161/extra_large.jpg
Walmart,8072271,1032945033,"Acer 15.6"" Chromebook 315 laptop",Acer,329.98,,,,$329.98,,2026-08-13T00:00:00-04:00,2026-08-19T23:59:59-04:00,,6855.03,-1405.07,7304.5,-1611.23,http://f.wishabi.net/page_items/430538474/1786586771/extra_large.jpg
Walmart,8072271,1032945046,"Acer Aspire Lite 15.6"" Full HD IPS Laptop",Acer,499.98,,,,$499.98,,2026-08-13T00:00:00-04:00,2026-08-19T23:59:59-04:00,,7318.31,-1404.15,7771.74,-1608.67,http://f.wishabi.net/page_items/430538496/1786586773/extra_large.jpg
Walmart,8072271,1032338803,"Acer Chromebook 315 15.6"" FHD",Acer,279.99,,,,$279.99,,2026-08-13T00:00:00-04:00,2026-08-19T23:59:59-04:00,,36574.4,-650.27,36858.8,-987.02,http://f.wishabi.net/page_items/430253724/1786500159/extra_large.jpg
Walmart,8072271,1032544046,"Acer Chromebook 315, 15.6"" HD Laptop in Silver, Powered by Intel Pentium N6000 4 Core, 4GBLPDDR4X, 128GB eMMC, Chrome OS, with Protective Sleeve",,339.99,,,,$339.99,,2026-08-13T00:00:00-04:00,2026-08-19T23:59:59-04:00,,8794.32,-1888.15,9028.58,-1956.52,http://f.wishabi.net/page_items/430370438/1786485741/extra_large.jpg
Walmart,8072271,1032277266,"Acer Iconia A10 Gen2 10.1"" tablet",Acer,179.98,,,,$179.98,,2026-08-13T00:00:00-04:00,2026-09-16T23:59:59-04:00,,16119.1,-296.19,16741.5,-1030.31,http://f.wishabi.net/page_items/430238551/1786401075/extra_large.jpg
Walmart,8072271,1032338725,Active noise cancelling over-ear headphones,,36.99,,,,$36.99,,2026-08-13T00:00:00-04:00,2026-08-19T23:59:59-04:00,,36281.6,-302.24,36705.2,-637.64,http://f.wishabi.net/page_items/430253694/1786500156/extra_large.jpg
Walmart,8072271,1031568850,Advil Liqui-Gels,Advil,13.83,,,,$13.83,,2026-08-13T00:00:00-04:00,2026-08-19T23:59:59-04:00,,5861.5,-2110.0,6033.5,-2216.0,http://f.wishabi.net/page_items/429805852/1785993248/extra_large.jpg
Walmart,8033586,1026861375,Advil Liqui-Gels,Advil,15.47,,,,$15.47,,2026-07-30T00:00:00-04:00,2026-09-16T23:59:59-04:00,,10914.8,-166.91,11191.6,-1312.54,http://f.wishabi.net/page_items/427380366/1784382302/extra_large.jpg
Walmart,8033586,1026868955,Advil Migraine,Advil,16.27,,,,$16.27,,2026-07-30T00:00:00-04:00,2026-09-16T23:59:59-04:00,,10622.1,-303.52,10916.3,-1322.4,http://f.wishabi.net/page_items/427380362/1784382301/extra_large.jpg
Walmart,8072271,1031565504,Air Wick small bundle,,4.97,,,,$4.97,,2026-08-13T00:00:00-04:00,2026-08-19T23:59:59-04:00,,5079.96,-1019.43,5166.77,-1165.78,http://f.wishabi.net/page_items/429806670/1785993234/extra_large.jpg
Walmart,8072271,1032574466,AirPods Pro 3,,279.0,,,,$279.0,,2026-08-13T00:00:00-04:00,2026-09-16T23:59:59-04:00,,11030.7,-13.28,11540.1,-624.24,http://f.wishabi.net/page_items/430348933/1786500158/extra_large.jpg
Walmart,8072271,1031499061,Allen's apple juice boxes,Allen's,2.98,,,,$2.98,,2026-08-13T00:00:00-04:00,2026-08-19T23:59:59-04:00,,1327.93,-783.29,1600.02,-1020.59,http://f.wishabi.net/page_items/429801006/1786393623/extra_large.jpg
Walmart,8033586,1032487650,Anko Popcorn Candle,,,,,,,,2026-07-30T00:00:00-04:00,2026-09-16T23:59:59-04:00,,1416.0,-367.0,1440.0,-405.0,http://f.wishabi.net/page_items/430304401/1786467247/extra_large.jpg
Walmart,8033586,1032487635,Anko home decor,anko,14.97,,,,$14.97,,2026-07-30T00:00:00-04:00,2026-09-16T23:59:59-04:00,,1356.15,-1178.14,2023.59,-1516.51,http://f.wishabi.net/page_items/430304140/1786467240/extra_large.jpg
Walmart,8033586,1032487639,Anko mushroom lamp,anko,19.97,,,,$19.97,,2026-07-30T00:00:00-04:00,2026-09-16T23:59:59-04:00,,1445.0,-331.0,1484.0,-402.0,http://f.wishabi.net/page_items/430304239/1786467242/extra_large.jpg
Walmart,8033586,1032487644,Anko novelty candles,anko,19.97,,,,$19.97,,2026-07-30T00:00:00-04:00,2026-09-16T23:59:59-04:00,,1637.69,-2281.96,1795.78,-2535.31,http://f.wishabi.net/page_items/430304340/1786467245/extra_large.jpg
Walmart,8072271,1032575586,Arctic Zone Uptown tote lunch bag,,14.97,,,,$14.97,,2026-08-13T00:00:00-04:00,2026-09-16T23:59:59-04:00,,22387.8,-625.5,22627.1,-835.49,http://f.wishabi.net/page_items/430349162/1786500162/extra_large.jpg
Walmart,8080972,1032870425,"Arm & Hammer Clump & Seal Cat Clumping Litter, 17.2 kg",Arm & Hammer,24.67,,,,$24.67,,2026-08-13T00:00:00-04:00,2026-08-19T23:59:59-04:00,,779.27,-1333.13,1127.04,-1995.56,http://f.wishabi.net/page_items/429768348/1785960822/extra_large.jpg
Walmart,8080972,1032870886,Arm & Hammer Double Duty Cat Litter Deodorizer,Arm & Hammer,4.48,,,,$4.48,,2026-08-13T00:00:00-04:00,2026-08-19T23:59:59-04:00,,9268.52,-3469.46,9616.29,-4060.12,http://f.wishabi.net/page_items/429768452/1785960822/extra_large.jpg
Walmart,8072271,1031501822,Astro yogurt tubs 750 g,Astro,3.27,,,,$3.27,,2026-08-13T00:00:00-04:00,2026-08-19T23:59:59-04:00,,2975.98,-1854.06,3125.77,-1953.09,http://f.wishabi.net/page_items/429801633/1786394456/extra_large.jpg
Walmart,8072271,1031509227,Astro yogurt tubs 750 g or iogo nano Bubbles 4 x 100 g yogurt,,3.27,,,,$3.27,,2026-08-13T00:00:00-04:00,2026-08-19T23:59:59-04:00,,3046.98,-1956.06,3255.77,-2066.09,http://f.wishabi.net/page_items/429806303/1786394461/extra_large.jpg
Walmart,8072271,1032945938,Athena Club full body dry spray deodorant,ATHENA CLUB,15.97,,,,$15.97,,2026-08-13T00:00:00-04:00,2026-08-19T23:59:59-04:00,,39143.2,-1724.89,39199.8,-1974.76,http://f.wishabi.net/page_items/430536362/1786587821/extra_large.jpg
Walmart,8072271,1032945282,Athletic Works Kids' or toddlers' athletic shoes,Athletic Works,15.0,,,,$15.0,,2026-08-13T00:00:00-04:00,2026-08-19T23:59:59-04:00,,8162.36,-483.53,8292.78,-549.53,http://f.wishabi.net/page_items/430536690/1786586783/extra_large.jpg
Walmart,8033586,1032471537,Athletic Works active leggings,Athletic Works,12.0,,,,$12.0,,2026-07-30T00:00:00-04:00,2026-09-16T23:59:59-04:00,,18376.9,-52.63,18746.9,-819.71,http://f.wishabi.net/page_items/430308059/1786460924/extra_large.jpg
Walmart,8033586,1032471546,Athletic Works kid's sneakers,Athletic Works,19.0,,,,$19.0,,2026-07-30T00:00:00-04:00,2026-09-16T23:59:59-04:00,,18330.1,-1291.26,18476.3,-1618.31,http://f.wishabi.net/page_items/430308061/1786460925/extra_large.jpg
Walmart,8033586,1032471634,Athletic Works kids sneakers,Athletic Works,19.0,,,,$19.0,,2026-07-30T00:00:00-04:00,2026-09-16T23:59:59-04:00,,18201.1,-1273.77,18328.9,-1611.92,http://f.wishabi.net/page_items/430308281/1786460931/extra_large.jpg
Walmart,8033586,1032471583,Athletic Works kids' or toddlers' athletic shoes,Athletic Works,15.0,,,,$15.0,,2026-07-30T00:00:00-04:00,2026-09-16T23:59:59-04:00,,18044.4,-128.11,18229.5,-194.3,http://f.wishabi.net/page_items/430308133/1786460927/extra_large.jpg
Walmart,8033586,1032471622,Athletic Works kids' sneakers,Athletic Works,19.0,,,,$19.0,,2026-07-30T00:00:00-04:00,2026-09-16T23:59:59-04:00,,18484.2,-1283.56,18634.2,-1625.41,http://f.wishabi.net/page_items/430308259/1786460930/extra_large.jpg
Walmart,8072271,1032338686,"Auusda Laptop, Win 11 Pro 15.6"" 3050E CPU Home Computer, 16GB RAM 512GB SSD storage",,369.99,,,,$369.99,,2026-08-13T00:00:00-04:00,2026-08-19T23:59:59-04:00,,36873.2,-647.98,37155.4,-989.16,http://f.wishabi.net/page_items/430253684/1786500154/extra_large.jpg
Walmart,8072271,1032945914,Aveeno Shampoo,Aveeno,9.93,,,,$9.93,,2026-08-13T00:00:00-04:00,2026-08-19T23:59:59-04:00,,39389.7,-2005.03,39480.6,-2235.76,http://f.wishabi.net/page_items/430536317/1786587811/extra_large.jpg
Walmart,8033586,1026855707,Aveeno moisturizing lotion,Aveeno,12.97,,,,$12.97,,2026-07-30T00:00:00-04:00,2026-09-16T23:59:59-04:00,,14715.6,-34.86,14812.9,-315.42,http://f.wishabi.net/page_items/427380790/1784303066/extra_large.jpg
Walmart,8033586,1032472904,Avia adults performance sneakers,Avia,34.97,,,,$34.97,,2026-07-30T00:00:00-04:00,2026-09-16T23:59:59-04:00,,24820.2,-1549.48,24916.6,-1796.62,http://f.wishabi.net/page_items/430308680/1786464975/extra_large.jpg
Walmart,8033586,1032472942,Avia adults' performance sneakers,Avia,34.97,,,,$34.97,,2026-07-30T00:00:00-04:00,2026-09-16T23:59:59-04:00,,25150.3,-1555.84,25241.4,-1778.15,http://f.wishabi.net/page_items/430308729/1786464977/extra_large.jpg
Walmart,8033586,1032471570,Avia kids or toddlers' athletic shoes,Avia,29.97,,,,$29.97,,2026-07-30T00:00:00-04:00,2026-09-16T23:59:59-04:00,,18450.0,-871.89,18559.7,-1094.34,http://f.wishabi.net/page_items/430308075/1786460927/extra_large.jpg
Walmart,8080972,1032870445,BISSELL Little Green Mini Corded Portable Carpet and Upholstery Deep Cleaner,Bissell,84.98,,,,$84.98,,2026-08-13T00:00:00-04:00,2026-08-19T23:59:59-04:00,,403.9,-3395.85,751.67,-4058.28,http://f.wishabi.net/page_items/429768353/1785960825/extra_large.jpg
Walmart,8033586,1026873904,BISSELL® Little Green® Mini carpet and upholster cleaner,Bissell,84.98,,,,$84.98,,2026-07-30T00:00:00-04:00,2026-09-16T23:59:59-04:00,,8396.56,-1446.72,8673.23,-2451.45,http://f.wishabi.net/page_items/427380402/1784303066/extra_large.jpg
Walmart,8080972,1032870917,BISSELL® PowerClean® Pet XL Upright Carpet Cleaner,Bissell,249.98,,,,$249.98,,2026-08-13T00:00:00-04:00,2026-08-19T23:59:59-04:00,,10986.6,-713.03,11522.0,-1375.45,http://f.wishabi.net/page_items/429769897/1785962002/extra_large.jpg
Walmart,8080972,1032870912,BISSELL® PowerForce® Turbo Pet Bagless Upright Vacuum,Bissell,119.98,,,,$119.98,,2026-08-13T00:00:00-04:00,2026-08-19T23:59:59-04:00,,10423.5,-713.03,10959.0,-1375.45,http://f.wishabi.net/page_items/429769896/1785962001/extra_large.jpg
Walmart,8033586,1027078389,BISSELL® PowerForce® compact upright or bagless canister vacuum,Bissell,69.98,,,,$69.98,,2026-07-30T00:00:00-04:00,2026-09-16T23:59:59-04:00,,8688.29,-1583.21,8840.29,-2064.01,http://f.wishabi.net/page_items/427714479/1784303069/extra_large.jpg
Walmart,8080972,1032870682,"BLUE Life Protection Formula Salmon & Brown Rice, 2.2KG, selected varieties",Blue Buffalo,24.98,,,,$24.98,,2026-08-13T00:00:00-04:00,2026-08-19T23:59:59-04:00,,6554.27,-2001.08,6902.04,-2663.5,http://f.wishabi.net/page_items/429768409/1785960817/extra_large.jpg
Walmart,8072271,1031502053,BaiXiang instant noodles,Baixiang,4.98,,,,$4.98,,2026-08-13T00:00:00-04:00,2026-08-19T23:59:59-04:00,,3932.97,-835.89,4131.24,-1032.11,http://f.wishabi.net/page_items/429801317/1785993219/extra_large.jpg
Walmart,8072271,1032338077,Banner - App Digital Coupons,,,,,,,,2026-08-13T00:00:00-04:00,2026-08-19T23:59:59-04:00,,43625.8,-1867.28,44571.2,-2459.66,http://f.wishabi.net/page_items/430253884/1786399270/extra_large.jpg
Walmart,8033586,1027166647,Banner - Appliances,,,,,,,,2026-07-30T00:00:00-04:00,2026-09-16T23:59:59-04:00,,25364.1,-1348.21,26655.7,-1588.62,http://f.wishabi.net/page_items/427745937/1784303071/extra_large.jpg
Walmart,8072271,1032338874,Banner - Back to Campus,,,,,,,,2026-08-13T00:00:00-04:00,2026-08-19T23:59:59-04:00,,36269.6,-66.48,37167.1,-225.28,http://f.wishabi.net/page_items/430253738/1786500162/extra_large.jpg
Walmart,8072271,1033389967,Banner - Back to School Essentials,,,,,,,,2026-08-13T00:00:00-04:00,2026-08-19T23:59:59-04:00,,33.24,-2330.4,941.76,-2452.27,http://f.wishabi.net/page_items/430724080/1786753916/extra_large.jpg
Walmart,8072271,1032307893,Banner - Back to School Lunchbox Essentials,,,,,,,,2026-08-13T00:00:00-04:00,2026-08-19T23:59:59-04:00,,1983.24,-1240.91,2891.76,-1351.7,http://f.wishabi.net/page_items/430250804/1786394118/extra_large.jpg
Walmart,8072271,1032945067,Banner - Back to school style at low prices,,,,,,,,2026-08-13T00:00:00-04:00,2026-08-19T23:59:59-04:00,,6867.0,-45.39,7758.0,-166.39,http://f.wishabi.net/page_items/430538527/1786586777/extra_large.jpg
Walmart,8072271,1032574436,Banner - Back-to-school at low prices,,,,,,,,2026-08-13T00:00:00-04:00,2026-08-19T23:59:59-04:00,,9638.45,-27.24,10379.8,-114.98,http://f.wishabi.net/page_items/430356350/1786500161/extra_large.jpg
Walmart,8033586,1027166674,Banner - Beauty & self-care,,,,,,,,2026-07-30T00:00:00-04:00,2026-09-16T23:59:59-04:00,,25364.1,-2069.44,26655.7,-2309.86,http://f.wishabi.net/page_items/427745940/1784303073/extra_large.jpg
Walmart,8072271,1033390304,Banner - Budget-friendly meals,,,,,,,,2026-08-13T00:00:00-04:00,2026-08-19T23:59:59-04:00,,30334.6,-37.67,31627.2,-222.87,http://f.wishabi.net/page_items/430720037/1786753891/extra_large.jpg
Walmart,8033586,1032461801,Banner - Crocs,,,,,,,,2026-07-30T00:00:00-04:00,2026-09-16T23:59:59-04:00,,17160.0,-2208.24,17870.8,-2534.34,http://f.wishabi.net/page_items/430309202/1786460597/extra_large.jpg
Walmart,8072271,1032336899,Banner - Delivery,,,,,,,,2026-08-13T00:00:00-04:00,2026-08-19T23:59:59-04:00,,42659.9,-46.75,43560.3,-527.25,http://f.wishabi.net/page_items/430253443/1786399273/extra_large.jpg
Walmart,8072271,1031569394,Banner - Delivery Pass,,,,,,,,2026-08-13T00:00:00-04:00,2026-08-19T23:59:59-04:00,,2957.5,-2321.01,3868.5,-2448.01,http://f.wishabi.net/page_items/429806317/1785993227/extra_large.jpg
Walmart,8033586,1027166620,Banner - Dorm decor,,,,,,,,2026-07-30T00:00:00-04:00,2026-09-16T23:59:59-04:00,,25364.1,-626.98,26655.7,-867.39,http://f.wishabi.net/page_items/427745934/1784303070/extra_large.jpg
Walmart,8072271,1032574630,Banner - Easy printing for every assignment,,,,,,,,2026-08-13T00:00:00-04:00,2026-08-19T23:59:59-04:00,,14809.2,-35.82,16005.0,-200.28,http://f.wishabi.net/page_items/430349688/1786500165/extra_large.jpg
Walmart,8072271,1032576809,Banner - Easy-made protein drinks,,,,,,,,2026-08-13T00:00:00-04:00,2026-08-19T23:59:59-04:00,,31797.7,-67.72,33481.9,-268.87,http://f.wishabi.net/page_items/430348242/1786500166/extra_large.jpg
Walmart,8072271,1032574539,Banner - Electronics,,,,,,,,2026-08-13T00:00:00-04:00,2026-08-19T23:59:59-04:00,,12890.7,-3.79,13694.6,-672.28,http://f.wishabi.net/page_items/430349650/1786500164/extra_large.jpg
Walmart,8033586,1027166656,Banner - Electronics,,,,,,,,2026-07-30T00:00:00-04:00,2026-09-16T23:59:59-04:00,,25364.1,-1588.62,26655.7,-1829.03,http://f.wishabi.net/page_items/427745938/1784303072/extra_large.jpg
Walmart,8072271,1031779310,Banner - Everything for baby at low prices,,,,,,,,2026-08-13T00:00:00-04:00,2026-08-19T23:59:59-04:00,,37798.0,-48.49,38704.0,-283.29,http://f.wishabi.net/page_items/429902858/1786396488/extra_large.jpg
Walmart,8072271,1032035950,Banner - Freshen up with these deals,,,,,,,,2026-08-13T00:00:00-04:00,2026-08-19T23:59:59-04:00,,35239.5,-42.54,36186.5,-172.0,http://f.wishabi.net/page_items/430012432/1786217446/extra_large.jpg
Walmart,8072271,1032574579,Banner - Great tech at low prices,,,,,,,,2026-08-13T00:00:00-04:00,2026-08-19T23:59:59-04:00,,13801.9,-881.03,14698.5,-1621.72,http://f.wishabi.net/page_items/430352876/1786500163/extra_large.jpg
Walmart,8033586,1027166665,Banner - Health & wellness,,,,,,,,2026-07-30T00:00:00-04:00,2026-09-16T23:59:59-04:00,,25364.1,-1829.03,26655.7,-2069.44,http://f.wishabi.net/page_items/427745939/1784303073/extra_large.jpg
Walmart,8072271,1032336592,Banner - International Flavours,,,,,,,,2026-08-13T00:00:00-04:00,2026-08-19T23:59:59-04:00,,3955.4,-48.01,4841.76,-162.5,http://f.wishabi.net/page_items/430252604/1786396081/extra_large.jpg
Walmart,8072271,1033332913,Banner - KD White Cheddar + Ramen LOLX99546,,,,,,,,2026-08-13T00:00:00-04:00,2026-08-19T23:59:59-04:00,,41712.7,-77.56,42580.6,-631.53,http://f.wishabi.net/page_items/430685929/1786718538/extra_large.jpg
Walmart,8072271,1032337867,Banner - Kenvue Tylenol Adult LOLX60353,,,,,,,,2026-08-13T00:00:00-04:00,2026-08-19T23:59:59-04:00,,40734.0,-55.4,41638.8,-631.53,http://f.wishabi.net/page_items/430253756/1786500162/extra_large.jpg
Walmart,8033586,1027166602,Banner - Kids' apparel,,,,,,,,2026-07-30T00:00:00-04:00,2026-09-16T23:59:59-04:00,,25364.1,-146.16,26655.7,-386.57,http://f.wishabi.net/page_items/427745932/1784303069/extra_large.jpg
Walmart,8072271,1032336807,Banner - Kimberly Clark Huggies LYSR13891,,,,,,,,2026-08-13T00:00:00-04:00,2026-08-19T23:59:59-04:00,,39759.0,-62.78,40615.8,-151.42,http://f.wishabi.net/page_items/430253424/1786397266/extra_large.jpg
Walmart,8072271,1032576835,Banner - Klarna,,,,,,,,2026-08-13T00:00:00-04:00,2026-08-19T23:59:59-04:00,,33588.8,-1424.66,34301.9,-1533.17,http://f.wishabi.net/page_items/430353198/1786500182/extra_large.jpg
Walmart,8033586,1026876594,Banner - Klarna,,,,,,,,2026-07-30T00:00:00-04:00,2026-09-16T23:59:59-04:00,,3972.5,-2271.89,4554.5,-2534.89,http://f.wishabi.net/page_items/427477617/1784386830/extra_large.jpg
Walmart,8033586,1027166629,Banner - Lunch bags & backpacks,,,,,,,,2026-07-30T00:00:00-04:00,2026-09-16T23:59:59-04:00,,25364.1,-867.39,26655.7,-1107.8,http://f.wishabi.net/page_items/427745935/1784303070/extra_large.jpg
Walmart,8072271,1032575401,Banner - Mastercard,,,,,,,,2026-08-13T00:00:00-04:00,2026-08-19T23:59:59-04:00,,18301.8,-2397.44,19259.6,-2529.55,http://f.wishabi.net/page_items/430352580/1786500164/extra_large.jpg
Walmart,8033586,1026876974,Banner - Mastercard,,,,,,,,2026-07-30T00:00:00-04:00,2026-09-16T23:59:59-04:00,,6246.0,-715.0,6916.0,-814.0,http://f.wishabi.net/page_items/427465898/1784303066/extra_large.jpg
Walmart,8072271,1033153008,Banner - Mise à niveau petit prix,,,,,,,,2026-08-13T00:00:00-04:00,2026-08-19T23:59:59-04:00,,37235.4,-42.42,37729.6,-289.57,http://f.wishabi.net/page_items/430635648/1786654684/extra_large.jpg
Walmart,8072271,1031565633,Banner - Online Only Flyer,,,,,,,,2026-08-13T00:00:00-04:00,2026-08-19T23:59:59-04:00,,1010.0,-2158.22,1918.0,-2277.22,http://f.wishabi.net/page_items/429806377/1786393621/extra_large.jpg
Walmart,8072271,1032035895,Banner - Organize for less,,,,,,,,2026-08-13T00:00:00-04:00,2026-08-19T23:59:59-04:00,,34379.5,-25.95,35169.2,-133.47,http://f.wishabi.net/page_items/430012394/1786217448/extra_large.jpg
Walmart,8072271,1032575548,Banner - Packed with low prices,,,,,,,,2026-08-13T00:00:00-04:00,2026-08-19T23:59:59-04:00,,20871.3,-44.39,22181.0,-192.37,http://f.wishabi.net/page_items/430353283/1786500164/extra_large.jpg
Walmart,8072271,1032338016,Banner - Partner Offers,,,,,,,,2026-08-13T00:00:00-04:00,2026-08-19T23:59:59-04:00,,43655.3,-51.7,44552.8,-1833.3,http://f.wishabi.net/page_items/430253874/1786399269/extra_large.jpg
Walmart,8072271,1032336947,Banner - Pharmacy,,,,,,,,2026-08-13T00:00:00-04:00,2026-08-19T23:59:59-04:00,,42664.0,-1522.58,43566.7,-1972.76,http://f.wishabi.net/page_items/430253452/1786399274/extra_large.jpg
Walmart,8072271,1032337013,Banner - Pharmacy App,,,,,,,,2026-08-13T00:00:00-04:00,2026-08-19T23:59:59-04:00,,42671.0,-1968.1,43569.0,-2450.93,http://f.wishabi.net/page_items/430253461/1786399274/extra_large.jpg
Walmart,8072271,1032574460,Banner - Protect your product,,,,,,,,2026-08-13T00:00:00-04:00,2026-08-19T23:59:59-04:00,,9633.66,-2429.09,10372.2,-2528.57,http://f.wishabi.net/page_items/430356492/1786500167/extra_large.jpg
Walmart,8033586,1026883181,Banner - Protect your product,,,,,,,,2026-07-30T00:00:00-04:00,2026-09-16T23:59:59-04:00,,7809.14,-42.53,8926.07,-212.66,http://f.wishabi.net/page_items/427467735/1784303069/extra_large.jpg
Walmart,8072271,1032575684,Banner - Quick snacks for on the go,,,,,,,,2026-08-13T00:00:00-04:00,2026-08-19T23:59:59-04:00,,23576.5,-22.73,24464.4,-150.97,http://f.wishabi.net/page_items/430348053/1786500169/extra_large.jpg
Walmart,8072271,1032576832,Banner - Ride away with low prices,,,,,,,,2026-08-13T00:00:00-04:00,2026-08-19T23:59:59-04:00,,33592.6,-37.04,34297.3,-146.7,http://f.wishabi.net/page_items/430353170/1786500180/extra_large.jpg
Walmart,8072271,1033389879,Banner - Rollback,,,,,,,,2026-08-13T00:00:00-04:00,2026-08-19T23:59:59-04:00,,45.5,-1261.75,901.5,-1363.75,http://f.wishabi.net/page_items/430724055/1786753909/extra_large.jpg
Walmart,8033586,1027166638,Banner - School supplies,,,,,,,,2026-07-30T00:00:00-04:00,2026-09-16T23:59:59-04:00,,25364.1,-1107.8,26655.7,-1348.21,http://f.wishabi.net/page_items/427745936/1784303071/extra_large.jpg
Walmart,8033586,1027189637,Banner - Shop all La Roche-Posay skincare,,,,,,,,2026-07-30T00:00:00-04:00,2026-09-16T23:59:59-04:00,,11966.6,-2072.58,12960.4,-2541.78,http://f.wishabi.net/page_items/427767909/1785251378/extra_large.jpg
Walmart,8033586,1032472761,Banner - Shop all Levi's fit,,,,,,,,2026-07-30T00:00:00-04:00,2026-09-16T23:59:59-04:00,,23771.7,-1758.09,24503.2,-1825.5,http://f.wishabi.net/page_items/430308566/1786464816/extra_large.jpg
Walmart,8033586,1032472478,Banner - Shop all No Boundaries collection,,,,,,,,2026-07-30T00:00:00-04:00,2026-09-16T23:59:59-04:00,,21878.9,-1073.12,22595.2,-1167.97,http://f.wishabi.net/page_items/430308529/1786463976/extra_large.jpg
Walmart,8033586,1032472066,Banner - Shop all backpacks,,,,,,,,2026-07-30T00:00:00-04:00,2026-09-16T23:59:59-04:00,,19499.3,-1772.67,20191.9,-1849.54,http://f.wishabi.net/page_items/430304240/1786461857/extra_large.jpg
Walmart,8033586,1032472775,Banner - Shop all bikes,,,,,,,,2026-07-30T00:00:00-04:00,2026-09-16T23:59:59-04:00,,23788.5,-1844.11,24481.0,-2514.11,http://f.wishabi.net/page_items/430308574/1786464817/extra_large.jpg
Walmart,8072271,1033390291,Banner - Shop all breakfast,,,,,,,,2026-08-13T00:00:00-04:00,2026-08-19T23:59:59-04:00,,29433.5,-846.19,30214.2,-1500.66,http://f.wishabi.net/page_items/430724025/1786754190/extra_large.jpg
Walmart,8033586,1032475423,Banner - Shop all breakfast must haves,,,,,,,,2026-07-30T00:00:00-04:00,2026-09-16T23:59:59-04:00,,5486.89,-1881.72,6171.67,-2538.13,http://f.wishabi.net/page_items/430308682/1786466330/extra_large.jpg
Walmart,8072271,1032575410,Banner - Shop all calculators,,,,,,,,2026-08-13T00:00:00-04:00,2026-08-19T23:59:59-04:00,,18295.4,-1445.18,19250.5,-1844.14,http://f.wishabi.net/page_items/430352850/1786500165/extra_large.jpg
Walmart,8072271,1032035954,Banner - Shop all dorm cleaning essentials,,,,,,,,2026-08-13T00:00:00-04:00,2026-08-19T23:59:59-04:00,,35246.9,-227.48,36193.9,-1022.75,http://f.wishabi.net/page_items/430012434/1786217446/extra_large.jpg
Walmart,8033586,1027488538,Banner - Shop all dorm cleaning faves,,,,,,,,2026-07-30T00:00:00-04:00,2026-09-16T23:59:59-04:00,,6958.25,-1373.8,7740.63,-2133.93,http://f.wishabi.net/page_items/427813175/1784384958/extra_large.jpg
Walmart,8033586,1032487664,Banner - Shop all dorm-sized rugs,,,,,,,,2026-07-30T00:00:00-04:00,2026-09-16T23:59:59-04:00,,2136.58,-32.1,2862.34,-717.3,http://f.wishabi.net/page_items/430305884/1786467289/extra_large.jpg
Walmart,8033586,1027492944,Banner - Shop all electronics,,,,,,,,2026-07-30T00:00:00-04:00,2026-09-16T23:59:59-04:00,,3972.72,-1057.03,4556.67,-1626.2,http://f.wishabi.net/page_items/427817471/1784386831/extra_large.jpg
Walmart,8033586,1032884219,Banner - Shop all hair styling products,,,,,,,,2026-07-30T00:00:00-04:00,2026-09-16T23:59:59-04:00,,15520.0,-1774.03,16293.7,-2542.34,http://f.wishabi.net/page_items/430507363/1786559441/extra_large.jpg
Walmart,8033586,1027488318,Banner - Shop all health & wellness,,,,,,,,2026-07-30T00:00:00-04:00,2026-09-16T23:59:59-04:00,,10007.3,-12.95,11191.3,-135.05,http://f.wishabi.net/page_items/427813068/1784382307/extra_large.jpg
Walmart,8072271,1032574614,Banner - Shop all ink and toner,,,,,,,,2026-08-13T00:00:00-04:00,2026-08-19T23:59:59-04:00,,14810.5,-1267.21,15992.9,-1401.81,http://f.wishabi.net/page_items/430349561/1786500163/extra_large.jpg
Walmart,8033586,1032458972,Banner - Shop all kids' school looks,,,,,,,,2026-07-30T00:00:00-04:00,2026-09-16T23:59:59-04:00,,16376.0,-2492.74,17080.8,-2555.64,http://f.wishabi.net/page_items/430301273/1786460506/extra_large.jpg
Walmart,8033586,1032487643,Banner - Shop all lamps,,,,,,,,2026-07-30T00:00:00-04:00,2026-09-16T23:59:59-04:00,,1361.86,-841.55,2023.88,-1150.7,http://f.wishabi.net/page_items/430304327/1786467245/extra_large.jpg
Walmart,8072271,1032575686,Banner - Shop all late night study snacks,,,,,,,,2026-08-13T00:00:00-04:00,2026-08-19T23:59:59-04:00,,23587.2,-193.13,24464.8,-910.87,http://f.wishabi.net/page_items/430348059/1786500170/extra_large.jpg
Walmart,8033586,1032471690,Banner - Shop all lunch bags,,,,,,,,2026-07-30T00:00:00-04:00,2026-09-16T23:59:59-04:00,,17928.5,-2464.23,18761.0,-2556.75,http://f.wishabi.net/page_items/430308478/1786460933/extra_large.jpg
Walmart,8033586,1032474416,Banner - Shop all lunch essentials,,,,,,,,2026-07-30T00:00:00-04:00,2026-09-16T23:59:59-04:00,,21310.0,-18.52,21821.2,-507.54,http://f.wishabi.net/page_items/427762035/1784311941/extra_large.jpg
Walmart,8033586,1027189616,Banner - Shop all makeup must-haves,,,,,,,,2026-07-30T00:00:00-04:00,2026-09-16T23:59:59-04:00,,11241.2,-2482.26,11916.7,-2548.7,http://f.wishabi.net/page_items/427767906/1784314629/extra_large.jpg
Walmart,8033586,1032475417,Banner - Shop all quick dinner options,,,,,,,,2026-07-30T00:00:00-04:00,2026-09-16T23:59:59-04:00,,5476.62,-1.86,6189.05,-693.88,http://f.wishabi.net/page_items/430308674/1786466328/extra_large.jpg
Walmart,8033586,1032475421,Banner - Shop all small appliances,,,,,,,,2026-07-30T00:00:00-04:00,2026-09-16T23:59:59-04:00,,5487.77,-1773.94,6177.54,-1842.51,http://f.wishabi.net/page_items/430308679/1786466329/extra_large.jpg
Walmart,8072271,1032277533,Banner - Shop all stationery,,,,,,,,2026-08-13T00:00:00-04:00,2026-08-19T23:59:59-04:00,,17486.5,-179.99,18213.5,-785.89,http://f.wishabi.net/page_items/430240218/1786401087/extra_large.jpg
Walmart,8033586,1030255368,Banner - Shop all trending in home,,,,,,,,2026-07-30T00:00:00-04:00,2026-09-16T23:59:59-04:00,,3210.08,-1909.32,3933.92,-1986.87,http://f.wishabi.net/page_items/429173375/1785429057/extra_large.jpg
Walmart,8072271,1032576834,Banner - Shop bikes and scoters,,,,,,,,2026-08-13T00:00:00-04:00,2026-08-19T23:59:59-04:00,,33591.7,-189.42,34300.1,-757.61,http://f.wishabi.net/page_items/430353185/1786500181/extra_large.jpg
Walmart,8033586,1032474427,Banner - Shop both collections,,,,,,,,2026-07-30T00:00:00-04:00,2026-09-16T23:59:59-04:00,,21313.7,-903.95,21824.9,-1396.67,http://f.wishabi.net/page_items/427762036/1784311942/extra_large.jpg
Walmart,8072271,1032574501,Banner - Smart savings on cool electronics,,,,,,,,2026-08-13T00:00:00-04:00,2026-08-19T23:59:59-04:00,,11626.1,-27.74,12783.4,-182.97,http://f.wishabi.net/page_items/430352985/1786500163/extra_large.jpg
Walmart,8072271,1033390290,Banner - Start the day with a good breakfast,,,,,,,,2026-08-13T00:00:00-04:00,2026-08-19T23:59:59-04:00,,29431.6,-20.41,30216.0,-123.93,http://f.wishabi.net/page_items/430724022/1786754190/extra_large.jpg
Walmart,8072271,1032277524,Banner - Stock up on school essentials,,,,,,,,2026-08-13T00:00:00-04:00,2026-08-19T23:59:59-04:00,,17477.1,-23.85,18208.9,-121.73,http://f.wishabi.net/page_items/430240210/1786401087/extra_large.jpg
Walmart,8072271,1032575406,Banner - Stock up on school supplies,,,,,,,,2026-08-13T00:00:00-04:00,2026-08-19T23:59:59-04:00,,18296.9,-21.76,19259.7,-145.88,http://f.wishabi.net/page_items/430352817/1786500165/extra_large.jpg
Walmart,8072271,1031545019,Banner - Subscribe to Save on Pet items,,,,,,,,2026-08-13T00:00:00-04:00,2026-08-19T23:59:59-04:00,,4913.5,-1263.62,5812.5,-1378.62,http://f.wishabi.net/page_items/429806674/1785993235/extra_large.jpg
Walmart,8072271,1031779944,Banner - Subscribe to Save on baby items,,,,,,,,2026-08-13T00:00:00-04:00,2026-08-19T23:59:59-04:00,,37793.6,-2249.91,38703.4,-2369.27,http://f.wishabi.net/page_items/429902869/1786396479/extra_large.jpg
Walmart,8072271,1032945945,Banner - Subscribe to Save on beauty essentials,,,,,,,,2026-08-13T00:00:00-04:00,2026-08-19T23:59:59-04:00,,38765.5,-2306.79,39676.5,-2428.79,http://f.wishabi.net/page_items/430536374/1786587824/extra_large.jpg
Walmart,8072271,1031563955,Banner - Subscribe to save on health & wellness items,,,,,,,,2026-08-13T00:00:00-04:00,2026-08-19T23:59:59-04:00,,5882.5,-1641.0,6782.5,-1767.0,http://f.wishabi.net/page_items/429805841/1785993244/extra_large.jpg
Walmart,8072271,1032277282,Banner - Tech and more for everyone,,,,,,,,2026-08-13T00:00:00-04:00,2026-08-19T23:59:59-04:00,,16117.3,-44.34,17407.0,-214.32,http://f.wishabi.net/page_items/430238594/1786401076/extra_large.jpg
Walmart,8072271,1033153009,Banner - Technology,,,,,,,,2026-08-13T00:00:00-04:00,2026-08-19T23:59:59-04:00,,37239.0,-1160.11,37733.3,-1208.06,http://f.wishabi.net/page_items/430635649/1786654685/extra_large.jpg
Walmart,8033586,1032471906,Banner - Vision Centre,,,,,,,,2026-07-30T00:00:00-04:00,2026-09-16T23:59:59-04:00,,18832.5,-1539.97,19413.4,-1622.12,http://f.wishabi.net/page_items/430308712/1786461088/extra_large.jpg
Walmart,8072271,1033389858,Banner - Walmart,,,,,,,,2026-08-13T00:00:00-04:00,2026-08-19T23:59:59-04:00,,30.5,-43.72,945.5,-292.72,http://f.wishabi.net/page_items/430724043/1786753907/extra_large.jpg
Walmart,8033586,1027492932,Banner - Warranty and tech support,,,,,,,,2026-07-30T00:00:00-04:00,2026-09-16T23:59:59-04:00,,3965.33,-336.33,4560.37,-413.94,http://f.wishabi.net/page_items/427817470/1784386831/extra_large.jpg
Walmart,8033586,1027166611,Banner - Young adult's apparel,,,,,,,,2026-07-30T00:00:00-04:00,2026-09-16T23:59:59-04:00,,25364.1,-386.57,26655.7,-626.98,http://f.wishabi.net/page_items/427745933/1784303069/extra_large.jpg
Walmart,8033586,1032884217,Batiste dry shampoo,Batiste,10.48,,,,$10.48,,2026-07-30T00:00:00-04:00,2026-09-16T23:59:59-04:00,,15932.2,-1388.33,16034.9,-1715.42,http://f.wishabi.net/page_items/430507360/1786559439/extra_large.jpg
Walmart,8072271,1031502196,Beggin' Dog Treats,Beggin',8.47,,,,$8.47,,2026-08-13T00:00:00-04:00,2026-08-19T23:59:59-04:00,,5386.67,-1914.27,5529.22,-2100.05,http://f.wishabi.net/page_items/429801871/1785993222/extra_large.jpg
Walmart,8080972,1032870525,"Beggin' Strips Bacon, Soft Dog Treats 708g, selected varieties",Beggin,8.47,,,,$8.47,,2026-08-13T00:00:00-04:00,2026-08-19T23:59:59-04:00,,3089.27,-247.49,3437.04,-909.92,http://f.wishabi.net/page_items/429768374/1785960818/extra_large.jpg
Walmart,8072271,1031571271,Beggin' dog treats!,Beggin',8.47,,,,$8.47,,2026-08-13T00:00:00-04:00,2026-08-19T23:59:59-04:00,,5531.67,-1967.27,5674.22,-2153.05,http://f.wishabi.net/page_items/429806683/1785993237/extra_large.jpg
Walmart,8080972,1032870632,"Benebone Essentials Wishbone Bacon, M/L, selected varieties",Benebone,16.48,,,,$16.48,,2026-08-13T00:00:00-04:00,2026-08-19T23:59:59-04:00,,4648.52,-1322.09,4996.29,-1912.75,http://f.wishabi.net/page_items/430250949/1786395236/extra_large.jpg
Walmart,8080972,1032870807,BestPet Indoor/Outdoor Metal Puppy Fence,BestPet,89.99,,,,$89.99,,2026-08-13T00:00:00-04:00,2026-08-19T23:59:59-04:00,,8488.9,-1958.76,8836.67,-2621.18,http://f.wishabi.net/page_items/429768436/1785960821/extra_large.jpg
Walmart,8072271,1032338665,"Bestier 42"" LED gaming desk",,79.99,,,,$79.99,,2026-08-13T00:00:00-04:00,2026-08-19T23:59:59-04:00,,36278.8,-1001.19,36560.8,-1346.3,http://f.wishabi.net/page_items/430253680/1786500154/extra_large.jpg
Walmart,8072271,1032338608,"Bestier 49.2"" high LED storage platform bed frame",,128.99,,,,$128.99,,2026-08-13T00:00:00-04:00,2026-08-19T23:59:59-04:00,,36875.2,-1360.32,37152.8,-1696.42,http://f.wishabi.net/page_items/430253670/1786500153/extra_large.jpg
Walmart,8080972,1032870688,"Beyond Wild Prey-Inspired Whitefish & Egg Recipe 4.5KG, selected varieties",Beyond,38.97,,,,$38.97,,2026-08-13T00:00:00-04:00,2026-08-19T23:59:59-04:00,,5803.52,-2698.47,6151.29,-3360.89,http://f.wishabi.net/page_items/429768410/1785960818/extra_large.jpg
Walmart,8072271,1032945113,Bioworld licensed backpack,,24.97,,,,$24.97,,2026-08-13T00:00:00-04:00,2026-08-19T23:59:59-04:00,,7343.85,-793.08,7451.44,-908.23,http://f.wishabi.net/page_items/430538572/1786586784/extra_large.jpg
Walmart,8080972,1032870990,Birdfy Solar Smart Bird House with Camera,Birdfy,139.99,,,,$139.99,,2026-08-13T00:00:00-04:00,2026-08-19T23:59:59-04:00,,12329.3,-2094.92,12677.0,-2685.58,http://f.wishabi.net/page_items/429768473/1785960822/extra_large.jpg
Walmart,8072271,1032035946,Black & White bathroom tissue or paper towel,,4.94,,,,$4.94,,2026-08-13T00:00:00-04:00,2026-09-16T23:59:59-04:00,,35837.0,-1959.53,36153.0,-2273.42,http://f.wishabi.net/page_items/430012431/1786217445/extra_large.jpg
Walmart,8072271,1033389956,Black Diamond cheese block,Black Diamond,4.92,,,,$4.92,,2026-08-13T00:00:00-04:00,2026-08-19T23:59:59-04:00,,713.47,-1764.18,948.43,-1848.29,http://f.wishabi.net/page_items/430724079/1786753915/extra_large.jpg
Walmart,8072271,1033389789,Black Diamond cheese block 400 g or shreds 320 g,Black Diamond,4.92,,,,$4.92,,2026-08-13T00:00:00-04:00,2026-08-19T23:59:59-04:00,,642.47,-1688.18,705.43,-1836.29,http://f.wishabi.net/page_items/430723921/1786753897/extra_large.jpg
Walmart,8072271,1031499261,Black Diamond cheese slices,Black Diamond,3.47,,,,$3.47,,2026-08-13T00:00:00-04:00,2026-08-19T23:59:59-04:00,,1330.15,-310.07,1597.56,-537.35,http://f.wishabi.net/page_items/429801022/1786393626/extra_large.jpg
Walmart,8072271,1033389814,Blueberries,,3.44,,,,$3.44,,2026-08-13T00:00:00-04:00,2026-08-19T23:59:59-04:00,,30.61,-619.05,471.2,-910.5,http://f.wishabi.net/page_items/430723986/1786753901/extra_large.jpg
Walmart,8072271,1031502208,Bounty paper towels 4 = 12 rolls,Bounty,14.98,,,,$14.98,,2026-08-13T00:00:00-04:00,2026-08-19T23:59:59-04:00,,5524.63,-439.45,5791.64,-693.99,http://f.wishabi.net/page_items/429801879/1785993224/extra_large.jpg
Walmart,8033586,1032471920,Boy's casual shoes,,,,,,,,2026-07-30T00:00:00-04:00,2026-09-16T23:59:59-04:00,,18917.4,-1353.1,19038.7,-1423.05,http://f.wishabi.net/page_items/430308716/1786461089/extra_large.jpg
Walmart,8072271,1031501409,Brar's vegetable samosas,Brar's,6.18,,,,$6.18,,2026-08-13T00:00:00-04:00,2026-08-19T23:59:59-04:00,,2608.19,-1915.01,2892.79,-2179.38,http://f.wishabi.net/page_items/429801134/1786394143/extra_large.jpg
Walmart,8033586,1032475404,Brita Denali water filter pitcher,Brita,19.97,,,,$19.97,,2026-07-30T00:00:00-04:00,2026-09-16T23:59:59-04:00,,5954.98,-1254.92,6162.34,-1543.39,http://f.wishabi.net/page_items/430308381/1786466326/extra_large.jpg
Walmart,8033586,1032475409,Brita filters 3-pack,Brita,24.97,,,,$24.97,,2026-07-30T00:00:00-04:00,2026-09-16T23:59:59-04:00,,5909.62,-1135.9,6064.33,-1252.85,http://f.wishabi.net/page_items/430308440/1786466327/extra_large.jpg
Walmart,8072271,1031501446,Broccoli stalks,,2.94,,,,$2.94,,2026-08-13T00:00:00-04:00,2026-08-19T23:59:59-04:00,,2085.83,-732.35,2247.45,-906.88,http://f.wishabi.net/page_items/429802027/1786394150/extra_large.jpg
Walmart,8033586,1026861216,Buckley's Complete Extra Strength plus Mucus Relief,Buckley's,15.97,,,,$15.97,,2026-07-30T00:00:00-04:00,2026-09-16T23:59:59-04:00,,10273.8,-302.73,10565.0,-927.08,http://f.wishabi.net/page_items/427464522/1784382305/extra_large.jpg
Walmart,8072271,1031502642,Buckley's Complete syrup,Buckley's,15.17,,,,$15.17,,2026-08-13T00:00:00-04:00,2026-08-19T23:59:59-04:00,,6180.55,-2060.77,6294.28,-2162.45,http://f.wishabi.net/page_items/429801930/1785993232/extra_large.jpg
Walmart,8033586,1026862827,Buckley's Soothing Mixture syrup,Buckley's,15.97,,,,$15.97,,2026-07-30T00:00:00-04:00,2026-09-16T23:59:59-04:00,,10033.7,-387.29,10266.7,-976.43,http://f.wishabi.net/page_items/427380806/1784382304/extra_large.jpg
Walmart,8072271,1031501813,Bush's beans,Bush's,1.84,,,,$1.84,,2026-08-13T00:00:00-04:00,2026-08-19T23:59:59-04:00,,3429.51,-1005.48,3554.74,-1210.53,http://f.wishabi.net/page_items/429801620/1786394454/extra_large.jpg
Walmart,8072271,1032945038,CANON PIXMA TR4725 inkjet printer,Canon,59.98,,,,$59.98,,2026-08-13T00:00:00-04:00,2026-08-19T23:59:59-04:00,,6849.19,-988.21,7145.54,-1189.41,http://f.wishabi.net/page_items/430538484/1786586772/extra_large.jpg
Walmart,8033586,1032487653,CHERRY SHAPED CUSH,,,,,,,,2026-07-30T00:00:00-04:00,2026-09-16T23:59:59-04:00,,1614.0,-361.0,1732.0,-430.0,http://f.wishabi.net/page_items/430304406/1786467248/extra_large.jpg
Walmart,8072271,1032576683,Cadbury Caramilk Minis,Cadbury,5.98,,,,$5.98,,2026-08-13T00:00:00-04:00,2026-09-16T23:59:59-04:00,,26152.9,-182.79,26344.0,-496.14,http://f.wishabi.net/page_items/430356590/1786500163/extra_large.jpg
Walmart,8072271,1032576687,Cadbury Caramilk Snack-Size bars,Cadbury,3.18,,,,$3.18,,2026-08-13T00:00:00-04:00,2026-09-16T23:59:59-04:00,,26684.4,-185.28,27217.7,-463.75,http://f.wishabi.net/page_items/430356635/1786500164/extra_large.jpg
Walmart,8072271,1031501801,Cadbury Dairy Milk Chocolate bars,Cadbury,2.62,,,,$2.62,,2026-08-13T00:00:00-04:00,2026-08-19T23:59:59-04:00,,2980.66,-1554.46,3049.46,-1763.93,http://f.wishabi.net/page_items/429801608/1786394451/extra_large.jpg
Walmart,8072271,1031547983,Cadbury Dairy Milk chocolate bars,Cadbury,2.62,,,,$2.62,,2026-08-13T00:00:00-04:00,2026-08-19T23:59:59-04:00,,3051.66,-1599.46,3120.46,-1808.93,http://f.wishabi.net/page_items/429806293/1785993221/extra_large.jpg
Walmart,8080972,1032870437,"Caledon Farms Chewy Lamb Sticks All Natural Dog Treats 200g, selected varieties",Caledon Farms,7.98,,,,$7.98,,2026-08-13T00:00:00-04:00,2026-08-19T23:59:59-04:00,,779.27,-2032.36,1127.04,-2694.79,http://f.wishabi.net/page_items/429768351/1785960824/extra_large.jpg
Walmart,8080972,1032870679,"Caledon Farms Freeze Dried Salmon Bites 90g, selected varieties",Caledon Farms,7.98,,,,$7.98,,2026-08-13T00:00:00-04:00,2026-08-19T23:59:59-04:00,,6178.9,-2001.08,6526.67,-2663.5,http://f.wishabi.net/page_items/429768408/1785960817/extra_large.jpg
Walmart,8072271,1031565291,Campbell's soup,Campbell's,1.77,,,,$1.77,,2026-08-13T00:00:00-04:00,2026-08-19T23:59:59-04:00,,3099.94,-212.04,3225.9,-433.64,http://f.wishabi.net/page_items/429810312/1786394466/extra_large.jpg
Walmart,8072271,1031561278,Campbell's soup or consomme,Campbell's,1.77,,,,$1.77,,2026-08-13T00:00:00-04:00,2026-08-19T23:59:59-04:00,,2983.31,-181.72,3099.94,-433.64,http://f.wishabi.net/page_items/429810311/1786394465/extra_large.jpg
Walmart,8072271,1032574610,Canon PIXMA TR4725 inkjet printer,Canon,59.98,,,,$59.98,,2026-08-13T00:00:00-04:00,2026-09-16T23:59:59-04:00,,15430.3,-1428.72,16014.2,-1903.85,http://f.wishabi.net/page_items/430349228/1786500163/extra_large.jpg
Walmart,8072271,1032574597,Canon PIXMA TR7122 wireless printer,Canon,99.98,,,,$99.98,,2026-08-13T00:00:00-04:00,2026-09-16T23:59:59-04:00,,14818.3,-1944.89,15370.5,-2417.16,http://f.wishabi.net/page_items/430349082/1786500161/extra_large.jpg
Walmart,8072271,1032574604,Canon PIXMA TS3720 wireless all-in-one printer,Canon,47.98,,,,$47.98,,2026-08-13T00:00:00-04:00,2026-09-16T23:59:59-04:00,,14810.2,-1436.83,15384.8,-1907.4,http://f.wishabi.net/page_items/430349168/1786500162/extra_large.jpg
Walmart,8072271,1032574592,Canon imageCLASS MF3010 laser printer,,99.98,,,,$99.98,,2026-08-13T00:00:00-04:00,2026-09-16T23:59:59-04:00,,15426.9,-1977.47,15992.1,-2422.92,http://f.wishabi.net/page_items/430349068/1786500160/extra_large.jpg
Walmart,8072271,1031501443,Cantaloupes,,2.84,,,,$2.84,,2026-08-13T00:00:00-04:00,2026-08-19T23:59:59-04:00,,2455.97,-393.55,2889.9,-656.01,http://f.wishabi.net/page_items/429802026/1786394149/extra_large.jpg
Walmart,8080972,1032870409,Cat Treats,,,,,,,,2026-08-13T00:00:00-04:00,2026-08-19T23:59:59-04:00,,403.9,-2834.63,751.67,-3090.4,http://f.wishabi.net/page_items/429768340/1785960816/extra_large.jpg
Walmart,8080972,1032870860,Catit PIXI Cat Fountain,Catit,47.97,,,,$47.97,,2026-08-13T00:00:00-04:00,2026-08-19T23:59:59-04:00,,9268.52,-1515.3,9616.29,-2105.96,http://f.wishabi.net/page_items/429768447/1785960819/extra_large.jpg
Walmart,8080972,1032870573,Catit Recipes Adult Dry Cat Food 1.36kg,RC HAGEN,11.98,,,,$11.98,,2026-08-13T00:00:00-04:00,2026-08-19T23:59:59-04:00,,3868.9,-729.59,4216.67,-1320.25,http://f.wishabi.net/page_items/429768385/1785960818/extra_large.jpg
Walmart,8080972,1032870568,Catit Recipes dry cat food 1.36kg,RC HAGEN,11.98,,,,$11.98,,2026-08-13T00:00:00-04:00,2026-08-19T23:59:59-04:00,,3493.52,-729.59,3841.29,-1320.25,http://f.wishabi.net/page_items/429768384/1785960817/extra_large.jpg
Walmart,8080972,1032870579,"Catit Smooth & Savoury Cat Treat, 4x15g",RC HAGEN,2.57,,,,$2.57,,2026-08-13T00:00:00-04:00,2026-08-19T23:59:59-04:00,,4244.27,-729.59,4592.04,-1320.25,http://f.wishabi.net/page_items/429768386/1785960819/extra_large.jpg
Walmart,8080972,1032870702,"Catit Smooth Lickable Cat Treats, Assorted Flavours, 50x15g",CATIT,17.98,,,,$17.98,,2026-08-13T00:00:00-04:00,2026-08-19T23:59:59-04:00,,5803.52,-3395.85,6151.29,-4058.28,http://f.wishabi.net/page_items/429768413/1785960820/extra_large.jpg
Walmart,8080972,1032870849,Catit Stainless Steel Cat Flower Fountain with Placemat Kit,Catit,59.97,,,,$59.97,,2026-08-13T00:00:00-04:00,2026-08-19T23:59:59-04:00,,9268.52,-245.65,9616.29,-836.31,http://f.wishabi.net/page_items/429768445/1785960818/extra_large.jpg
Walmart,8080972,1032870854,Catit Triple Action Cat Fountain Filters,Catit,12.97,,,,$12.97,,2026-08-13T00:00:00-04:00,2026-08-19T23:59:59-04:00,,9268.52,-884.16,9616.29,-1474.82,http://f.wishabi.net/page_items/429768446/1785960818/extra_large.jpg
Walmart,8080972,1032870822,Catstages Faux Fur Self Warming Grey Cat Bed,CatStages,19.97,,,,$19.97,,2026-08-13T00:00:00-04:00,2026-08-19T23:59:59-04:00,,8488.9,-2672.7,8836.67,-3335.13,http://f.wishabi.net/page_items/429768439/1785960823/extra_large.jpg
Walmart,8033586,1026859900,Centrum Junior MultiGummies multivitamins,Centrum,19.47,,,,$19.47,,2026-07-30T00:00:00-04:00,2026-09-16T23:59:59-04:00,,10043.8,-1436.27,10402.6,-2167.05,http://f.wishabi.net/page_items/427380805/1784382304/extra_large.jpg
Walmart,8033586,1027063413,Centrum Women or Men MultiGummies multivitamins,Centrum,21.93,,,,$21.93,,2026-07-30T00:00:00-04:00,2026-09-16T23:59:59-04:00,,10421.3,-1428.88,10586.7,-1741.05,http://f.wishabi.net/page_items/427708030/1784382306/extra_large.jpg
Walmart,8033586,1026870285,CeraVe Acne Cleanser,CeraVe,23.97,,,,$23.97,,2026-07-30T00:00:00-04:00,2026-09-16T23:59:59-04:00,,11969.0,-1036.11,12176.0,-1392.29,http://f.wishabi.net/page_items/427380749/1785251375/extra_large.jpg
Walmart,8033586,1027055488,CeraVe Retinol serum,,25.98,,,,$25.98,,2026-07-30T00:00:00-04:00,2026-09-16T23:59:59-04:00,,12081.5,-1411.8,12200.5,-1751.8,http://f.wishabi.net/page_items/427705362/1785251377/extra_large.jpg
Walmart,8033586,1027055479,CeraVe blemish barrier patches,CeraVe,16.98,,,,$16.98,,2026-07-30T00:00:00-04:00,2026-09-16T23:59:59-04:00,,12197.5,-1210.8,12428.5,-1583.8,http://f.wishabi.net/page_items/427705361/1785251376/extra_large.jpg
Walmart,8072271,1031502193,Cesar wet dog food,,16.47,,,,$16.47,,2026-08-13T00:00:00-04:00,2026-08-19T23:59:59-04:00,,4931.85,-2168.29,5124.86,-2344.44,http://f.wishabi.net/page_items/429801870/1785993222/extra_large.jpg
Walmart,8033586,1032472692,Champion backpack,Champion,34.97,,,,$34.97,,2026-07-30T00:00:00-04:00,2026-09-16T23:59:59-04:00,,23969.2,-33.21,24210.6,-332.98,http://f.wishabi.net/page_items/430308327/1786464813/extra_large.jpg
Walmart,8072271,1031502211,Charmin bathroom tissue,Charmin,21.98,,,,$21.98,,2026-08-13T00:00:00-04:00,2026-08-19T23:59:59-04:00,,5519.85,-715.84,5706.24,-781.28,http://f.wishabi.net/page_items/429801881/1785993225/extra_large.jpg
Walmart,8072271,1031571225,Cheez-It crackers,,1.97,,,,$1.97,,2026-08-13T00:00:00-04:00,2026-08-19T23:59:59-04:00,,2129.5,-2179.06,2248.5,-2324.06,http://f.wishabi.net/page_items/429807373/1786394157/extra_large.jpg
Walmart,8080972,1032870519,"Chewmasters Chicken Strips Dog Treats 40oz, selected varieties",Chewmasters,21.97,,,,$21.97,,2026-08-13T00:00:00-04:00,2026-08-19T23:59:59-04:00,,2713.9,-247.49,3061.67,-909.92,http://f.wishabi.net/page_items/429768373/1785960817/extra_large.jpg
Walmart,8072271,1032337731,Children's Tylenol Dye Free Chewables,,9.24,,,,$9.24,,2026-08-13T00:00:00-04:00,2026-08-19T23:59:59-04:00,,40716.3,-2105.72,41228.3,-2458.63,http://f.wishabi.net/page_items/430253743/1786500155/extra_large.jpg
Walmart,8072271,1032575708,Christie Chips Ahoy! Mini Cookies Snak Paks,Christie,2.48,,,,$2.48,,2026-08-13T00:00:00-04:00,2026-09-16T23:59:59-04:00,,24871.4,-1315.11,25074.5,-1566.89,http://f.wishabi.net/page_items/430350031/1786500170/extra_large.jpg
Walmart,8072271,1032575697,Christie Chips Ahoy! Mini cookies 200 g,Christie,2.48,,,,$2.48,,2026-08-13T00:00:00-04:00,2026-09-16T23:59:59-04:00,,25325.1,-1316.32,25983.5,-1871.16,http://f.wishabi.net/page_items/430349425/1786500166/extra_large.jpg
Walmart,8072271,1031565535,Christie mini Snak Paks cookies,Christie,2.48,,,,$2.48,,2026-08-13T00:00:00-04:00,2026-08-19T23:59:59-04:00,,1171.03,-782.01,1309.02,-919.06,http://f.wishabi.net/page_items/429806347/1786393634/extra_large.jpg
Walmart,8072271,1032574471,"Chromebook 311 11.6"" laptop",,269.98,,,,$269.98,,2026-08-13T00:00:00-04:00,2026-09-16T23:59:59-04:00,,11025.4,-663.62,11532.2,-1101.32,http://f.wishabi.net/page_items/430349146/1786500162/extra_large.jpg
Walmart,8080972,1032870629,Chuckit! Fetch Medley Gen 3 Medium Variety 3-Pack Fetch Ball Dog Toy,Chuckit!,15.98,,,,$15.98,,2026-08-13T00:00:00-04:00,2026-08-19T23:59:59-04:00,,4648.52,-681.75,4996.29,-1272.41,http://f.wishabi.net/page_items/430250946/1786395235/extra_large.jpg
Walmart,8072271,1032945918,Clairol Nice N Easy Permanent Hair Colour Dye,Clairol,7.98,,,,$7.98,,2026-08-13T00:00:00-04:00,2026-08-19T23:59:59-04:00,,38765.7,-1693.43,38869.9,-1792.93,http://f.wishabi.net/page_items/430536322/1786587813/extra_large.jpg
Walmart,8072271,1032945940,Clairol Nice n Easy Permanent Hair Color,,7.98,,,,$7.98,,2026-08-13T00:00:00-04:00,2026-08-19T23:59:59-04:00,,38799.7,-1791.43,38910.9,-1978.93,http://f.wishabi.net/page_items/430536364/1786587821/extra_large.jpg
Walmart,8072271,1031510647,Classico pasta sauce,,2.97,,,,$2.97,,2026-08-13T00:00:00-04:00,2026-08-19T23:59:59-04:00,,1109.0,-305.13,1186.64,-440.8,http://f.wishabi.net/page_items/429806330/1786393631/extra_large.jpg
Walmart,8080972,1032870414,Cleaning,,,,,,,,2026-08-13T00:00:00-04:00,2026-08-19T23:59:59-04:00,,403.9,-3103.28,751.67,-3359.05,http://f.wishabi.net/page_items/429768343/1785960818/extra_large.jpg
Walmart,8072271,1031780813,Clek Fllo convertible slim car seat with extended rear-facing,Clek Fllo,424.0,,,,$424.0,,2026-08-13T00:00:00-04:00,2026-08-19T23:59:59-04:00,,37789.3,-1681.38,38080.1,-1946.07,http://f.wishabi.net/page_items/429899433/1786396482/extra_large.jpg
Walmart,8072271,1032575675,Coca-Cola Pop,Coca-Cola,8.28,,,,$8.28,,2026-08-13T00:00:00-04:00,2026-09-16T23:59:59-04:00,,24155.2,-1753.87,24455.3,-1902.47,http://f.wishabi.net/page_items/430347859/1786500168/extra_large.jpg
Walmart,8072271,1032575663,Coca-Cola Pop,,2.87,,,,$2.87,,2026-08-13T00:00:00-04:00,2026-09-16T23:59:59-04:00,,23603.1,-1790.88,23712.2,-2156.72,http://f.wishabi.net/page_items/430347729/1786500165/extra_large.jpg
Walmart,8072271,1032575657,Coca-Cola mini cans Pop,Coca-Cola,3.97,,,,$3.97,,2026-08-13T00:00:00-04:00,2026-09-16T23:59:59-04:00,,23584.8,-1416.83,24010.4,-1757.28,http://f.wishabi.net/page_items/430347727/1786500164/extra_large.jpg
Walmart,8072271,1032575678,Coke Zero Pop,Coca-Cola,2.87,,,,$2.87,,2026-08-13T00:00:00-04:00,2026-09-16T23:59:59-04:00,,23721.5,-1790.88,23832.4,-2163.71,http://f.wishabi.net/page_items/430347890/1786500168/extra_large.jpg
Walmart,8072271,1031568679,Colgate 360° Advanced toothbrushes 2-pack,Colgate,7.97,,,,$7.97,,2026-08-13T00:00:00-04:00,2026-08-19T23:59:59-04:00,,6614.98,-413.82,6673.47,-601.53,http://f.wishabi.net/page_items/429805824/1785993237/extra_large.jpg
Walmart,8033586,1026869396,Colgate Max Fresh,Colgate,5.47,,,,$5.47,,2026-07-30T00:00:00-04:00,2026-09-16T23:59:59-04:00,,9251.31,-224.98,9459.37,-808.14,http://f.wishabi.net/page_items/427380796/1784303062/extra_large.jpg
Walmart,8033586,1027060115,Colgate Optic White Renewal toothpaste,Colgate,7.98,,,,$7.98,,2026-07-30T00:00:00-04:00,2026-09-16T23:59:59-04:00,,9670.26,-308.48,9908.91,-903.56,http://f.wishabi.net/page_items/427708024/1784303066/extra_large.jpg
Walmart,8072271,1031502543,Colgate Total 3 x 120 mL,Colgate,7.97,,,,$7.97,,2026-08-13T00:00:00-04:00,2026-08-19T23:59:59-04:00,,6596.98,-326.82,6779.47,-415.53,http://f.wishabi.net/page_items/429801908/1785993224/extra_large.jpg
Walmart,8033586,1027059863,Colgate Total Active Prevention toothpaste.,Colgate,5.98,,,,$5.98,,2026-07-30T00:00:00-04:00,2026-09-16T23:59:59-04:00,,9459.5,-275.93,9626.87,-892.71,http://f.wishabi.net/page_items/427708023/1784303066/extra_large.jpg
Walmart,8072271,1031571599,Collapsible bento lunch boxes,,12.97,,,,$12.97,,2026-08-13T00:00:00-04:00,2026-08-19T23:59:59-04:00,,1055.24,-1995.43,1227.67,-2067.55,http://f.wishabi.net/page_items/429806373/1786393639/extra_large.jpg
Walmart,8072271,1032945899,Conair 1875 W double ceramic hair dryer,Conair,29.97,,,,$29.97,,2026-08-13T00:00:00-04:00,2026-08-19T23:59:59-04:00,,38792.0,-1074.62,39204.9,-1363.6,http://f.wishabi.net/page_items/430536303/1786587808/extra_large.jpg
Walmart,8072271,1032575629,Cool Gear,,6.98,,,,$6.98,,2026-08-13T00:00:00-04:00,2026-09-16T23:59:59-04:00,,23099.4,-1057.76,23239.3,-1447.12,http://f.wishabi.net/page_items/430349681/1786500168/extra_large.jpg
Walmart,8072271,1032575576,Cool Gear 24-oz plastic bottle,Cool Gear,6.98,,,,$6.98,,2026-08-13T00:00:00-04:00,2026-09-16T23:59:59-04:00,,22948.6,-1079.94,23099.4,-1447.12,http://f.wishabi.net/page_items/430349001/1786500161/extra_large.jpg
Walmart,8072271,1032338751,CoolHut high-back ergonomic office chair,,137.99,,,,$137.99,,2026-08-13T00:00:00-04:00,2026-08-19T23:59:59-04:00,,36575.6,-1000.7,36857.4,-1346.38,http://f.wishabi.net/page_items/430253707/1786500157/extra_large.jpg
Walmart,8072271,1033389828,Corn,,0.34,,,,$0.34,,2026-08-13T00:00:00-04:00,2026-08-19T23:59:59-04:00,,27.86,-305.47,472.43,-607.89,http://f.wishabi.net/page_items/430724012/1786753903/extra_large.jpg
Walmart,8080972,1032870646,Cornmi Indoor Automatic Interactive Laser Feather Cat Toy,Cornmi,24.99,,,,$24.99,,2026-08-13T00:00:00-04:00,2026-08-19T23:59:59-04:00,,5399.27,-2192.45,5747.04,-2783.11,http://f.wishabi.net/page_items/430250954/1786395238/extra_large.jpg
Walmart,8072271,1031556601,Country Harvest Grain Bread,Country Harvest,2.98,,,,$2.98,,2026-08-13T00:00:00-04:00,2026-08-19T23:59:59-04:00,,2597.88,-1645.96,2714.05,-1891.18,http://f.wishabi.net/page_items/429807372/1786394157/extra_large.jpg
Walmart,8072271,1031501455,Country Harvest bagels,Country Harvest,2.98,,,,$2.98,,2026-08-13T00:00:00-04:00,2026-08-19T23:59:59-04:00,,1995.45,-1643.21,2123.94,-1902.51,http://f.wishabi.net/page_items/429802030/1786394151/extra_large.jpg
Walmart,8072271,1031501452,Country Harvest grain bread,Country Harvest,2.98,,,,$2.98,,2026-08-13T00:00:00-04:00,2026-08-19T23:59:59-04:00,,2474.88,-1645.96,2591.05,-1891.18,http://f.wishabi.net/page_items/429802029/1786394151/extra_large.jpg
Walmart,8072271,1032277434,Crayola 64ct Crayons or Crayola 20ct washable Super Tips markers,Crayola,2.0,,,,$2.0,,2026-08-13T00:00:00-04:00,2026-09-16T23:59:59-04:00,,18068.9,-816.68,18209.5,-944.73,http://f.wishabi.net/page_items/430240030/1786401080/extra_large.jpg
Walmart,8072271,1032277380,Crayola Clicks mechanical coloured pencils,Crayola,9.97,,,,$9.97,,2026-08-13T00:00:00-04:00,2026-09-16T23:59:59-04:00,,17921.9,-1139.78,18054.7,-1286.77,http://f.wishabi.net/page_items/430239875/1786401075/extra_large.jpg
Walmart,8072271,1032277452,Crayola Clicks retractable markers,Crayola,9.97,,,,$9.97,,2026-08-13T00:00:00-04:00,2026-09-16T23:59:59-04:00,,18047.9,-1144.78,18180.7,-1291.77,http://f.wishabi.net/page_items/430240074/1786401082/extra_large.jpg
Walmart,8072271,1032277362,Crayola Ultra-Clean washable broad line markers,Crayola,5.97,,,,$5.97,,2026-08-13T00:00:00-04:00,2026-09-16T23:59:59-04:00,,17481.3,-802.84,17836.2,-1097.03,http://f.wishabi.net/page_items/430239805/1786401074/extra_large.jpg
Walmart,8072271,1031562705,Crest 3D White Advanced toothpaste 135 mL,Crest,5.97,,,,$5.97,,2026-08-13T00:00:00-04:00,2026-08-19T23:59:59-04:00,,5890.34,-361.24,6085.24,-414.92,http://f.wishabi.net/page_items/429805820/1785993236/extra_large.jpg
Walmart,8072271,1031570592,Crest Gum Detoxify toothpaste,Crest,6.97,,,,$6.97,,2026-08-13T00:00:00-04:00,2026-08-19T23:59:59-04:00,,6249.71,-356.12,6327.53,-597.95,http://f.wishabi.net/page_items/429805822/1785993236/extra_large.jpg
Walmart,8072271,1031502588,Crest Gum mouthwash 1L,Crest,6.97,,,,$6.97,,2026-08-13T00:00:00-04:00,2026-08-19T23:59:59-04:00,,6174.71,-322.12,6255.53,-562.95,http://f.wishabi.net/page_items/429801918/1785993227/extra_large.jpg
Walmart,8080972,1032870539,"DENTASTIX Original Oral Care Dog Treats, 25 Sticks , selected varieties",Mars,11.98,,,,$11.98,,2026-08-13T00:00:00-04:00,2026-08-19T23:59:59-04:00,,2338.52,-3384.81,2686.29,-4047.24,http://f.wishabi.net/page_items/429768378/1785960820/extra_large.jpg
Walmart,8080972,1032870535,"DENTASTIX Original Oral Care Dog Treats, 40 Sticks , selected varieties",Mars,16.97,,,,$16.97,,2026-08-13T00:00:00-04:00,2026-08-19T23:59:59-04:00,,3089.27,-2661.66,3437.04,-3324.09,http://f.wishabi.net/page_items/429768377/1785960819/extra_large.jpg
Walmart,8033586,1030255378,"DITA BROWN 20"" 2PK",,,,,,,,2026-07-30T00:00:00-04:00,2026-09-16T23:59:59-04:00,,3762.0,-528.49,3868.0,-574.49,http://f.wishabi.net/page_items/429173395/1785429061/extra_large.jpg
Walmart,8072271,1032576695,Dairy Milk Mini chocolate bars,DAIRY MILK,5.98,,,,$5.98,,2026-08-13T00:00:00-04:00,2026-09-16T23:59:59-04:00,,26349.2,-241.1,26645.7,-551.63,http://f.wishabi.net/page_items/430356760/1786500165/extra_large.jpg
Walmart,8033586,1027053560,Daise body mats,Daise,6.96,,,,$6.96,,2026-07-30T00:00:00-04:00,2026-09-16T23:59:59-04:00,,11411.9,-1952.77,11726.5,-2129.01,http://f.wishabi.net/page_items/427705245/1784314625/extra_large.jpg
Walmart,8033586,1027053533,Daise body mists,,6.96,,,,$6.96,,2026-07-30T00:00:00-04:00,2026-09-16T23:59:59-04:00,,11658.2,-1484.83,11886.1,-1679.67,http://f.wishabi.net/page_items/427705242/1784314623/extra_large.jpg
Walmart,8072271,1032945161,Decorative regular mouth 500 mL or 250 mL Mason jars with lids and bands,,14.97,,,,$14.97,,2026-08-13T00:00:00-04:00,2026-08-19T23:59:59-04:00,,8131.52,-1095.53,8434.51,-1312.18,http://f.wishabi.net/page_items/430536562/1786586768/extra_large.jpg
Walmart,8080972,1032870710,"Delectables Chicken Squeeze Up Wet Cat Treat, 4x14g",Hartz,2.48,,,,$2.48,,2026-08-13T00:00:00-04:00,2026-08-19T23:59:59-04:00,,6554.27,-3395.85,6902.04,-4058.28,http://f.wishabi.net/page_items/429768415/1785960822/extra_large.jpg
Walmart,8072271,1031510654,"Deli Express breaded chicken burgers, nuggets or strips",Deli Express,5.98,,,,$5.98,,2026-08-13T00:00:00-04:00,2026-08-19T23:59:59-04:00,,1765.94,-552.22,1858.41,-640.12,http://f.wishabi.net/page_items/429806343/1786393634/extra_large.jpg
Walmart,8072271,1031498692,Deli Express breaded chicken nuggets,Deli Express,5.98,,,,$5.98,,2026-08-13T00:00:00-04:00,2026-08-19T23:59:59-04:00,,1667.94,-550.22,1760.41,-638.12,http://f.wishabi.net/page_items/429800979/1786393618/extra_large.jpg
Walmart,8072271,1032574488,"Dell 14"" productivity laptop",Dell,1098.0,,,,$1098.0,,2026-08-13T00:00:00-04:00,2026-09-16T23:59:59-04:00,,12215.5,-1201.08,12767.8,-1845.16,http://f.wishabi.net/page_items/430352674/1786500160/extra_large.jpg
Walmart,8072271,1032574492,"Dell 16"" Entertainment laptop",Dell,898.0,,,,$898.0,,2026-08-13T00:00:00-04:00,2026-09-16T23:59:59-04:00,,12235.3,-1886.25,12755.5,-2539.02,http://f.wishabi.net/page_items/430352738/1786500161/extra_large.jpg
Walmart,8080972,1032870542,"DentaLife Oral Care, Large Breed, Dental Dog Treats 587G, selected varieties",Dentalife,7.97,,,,$7.97,,2026-08-13T00:00:00-04:00,2026-08-19T23:59:59-04:00,,2713.9,-3384.81,3061.67,-4047.24,http://f.wishabi.net/page_items/429768379/1785960821/extra_large.jpg
Walmart,8072271,1032575660,Diet Coca-Cola Pop,,8.28,,,,$8.28,,2026-08-13T00:00:00-04:00,2026-09-16T23:59:59-04:00,,24075.9,-1580.6,24434.3,-1738.53,http://f.wishabi.net/page_items/430347728/1786500165/extra_large.jpg
Walmart,8072271,1032574470,Dime 3 XT true wireless earbuds,,29.98,,,,$29.98,,2026-08-13T00:00:00-04:00,2026-09-16T23:59:59-04:00,,10465.0,-673.6,10990.8,-1110.78,http://f.wishabi.net/page_items/430349125/1786500161/extra_large.jpg
Walmart,8072271,1032945297,Dinnerware,,6.38,,,,$6.38,,2026-08-13T00:00:00-04:00,2026-08-19T23:59:59-04:00,,7812.5,-1166.31,7951.5,-1231.31,http://f.wishabi.net/page_items/430536715/1786586785/extra_large.jpg
Walmart,8033586,1032475393,Dinnerware,,0.75,,,,$0.75,,2026-07-30T00:00:00-04:00,2026-09-16T23:59:59-04:00,,4623.86,-968.01,5410.27,-1346.04,http://f.wishabi.net/page_items/430308350/1786466276/extra_large.jpg
Walmart,8072271,1031556994,Direct Link,,,,,,,,2026-08-13T00:00:00-04:00,2026-08-19T23:59:59-04:00,,6539.5,-2393.0,6616.5,-2411.0,http://f.wishabi.net/page_items/429805850/1785993247/extra_large.jpg
Walmart,8072271,1031779701,Direct Link EN,,,,,,,,2026-08-13T00:00:00-04:00,2026-08-19T23:59:59-04:00,,38033.8,-2391.87,38095.8,-2407.37,http://f.wishabi.net/page_items/429902874/1786396491/extra_large.jpg
Walmart,8033586,1026867908,Dirt Devil 7-in-1 handheld steam cleaner or Scorpion Quick Flip corded hand vacuum,Dirt Devil,39.98,,,,$39.98,,2026-07-30T00:00:00-04:00,2026-09-16T23:59:59-04:00,,7578.47,-2324.99,7711.15,-2420.43,http://f.wishabi.net/page_items/427467395/1784384960/extra_large.jpg
Walmart,8033586,1026867723,Dirt Devil Express Lite canister vacuum,Dirt Devil,69.98,,,,$69.98,,2026-07-30T00:00:00-04:00,2026-09-16T23:59:59-04:00,,7324.74,-2185.33,7469.06,-2522.85,http://f.wishabi.net/page_items/427467393/1784384959/extra_large.jpg
Walmart,8072271,1032945214,Disney Junior a Story portable storage playset,,29.97,,,,$29.97,,2026-08-13T00:00:00-04:00,2026-08-19T23:59:59-04:00,,8141.93,-2005.18,8431.92,-2227.88,http://f.wishabi.net/page_items/430536608/1786586776/extra_large.jpg
Walmart,8080972,1032870408,Dog Treats,,,,,,,,2026-08-13T00:00:00-04:00,2026-08-19T23:59:59-04:00,,28.52,-2834.63,376.3,-3090.4,http://f.wishabi.net/page_items/429768339/1785960816/extra_large.jpg
Walmart,8072271,1032575614,Dome lunchbag,Dome,15.97,,,,$15.97,,2026-08-13T00:00:00-04:00,2026-09-16T23:59:59-04:00,,22916.5,-399.92,23478.7,-780.55,http://f.wishabi.net/page_items/430349543/1786500166/extra_large.jpg
Walmart,8033586,1033127788,Dorm decor & setup,,,,,,,,2026-07-30T00:00:00-04:00,2026-09-16T23:59:59-04:00,,964.87,-2110.33,1272.78,-2517.18,http://f.wishabi.net/page_items/427758927/1784307387/extra_large.jpg
Walmart,8033586,1026863263,Dove Advanced Care antiperspirant,Dove,8.96,,,,$8.96,,2026-07-30T00:00:00-04:00,2026-09-16T23:59:59-04:00,,14636.2,-648.39,14843.2,-1253.44,http://f.wishabi.net/page_items/427380777/1784303062/extra_large.jpg
Walmart,8033586,1026867791,Dove Advanced Care dry spray,Dove,9.46,,,,$9.46,,2026-07-30T00:00:00-04:00,2026-09-16T23:59:59-04:00,,14844.7,-574.11,15028.5,-1246.95,http://f.wishabi.net/page_items/427380787/1784303065/extra_large.jpg
Walmart,8072271,1031557007,Dove Men + Care Ted Lasso deodorant,Dove Men+Care,8.96,,,,$8.96,,2026-08-13T00:00:00-04:00,2026-08-19T23:59:59-04:00,,6277.44,-638.64,6344.42,-890.57,http://f.wishabi.net/page_items/429805828/1785993239/extra_large.jpg
Walmart,8033586,1032884213,Dove Men+Care Dryness & Itch Relief shampoo and conditioner,Dove Men+Care,8.47,,,,$8.47,,2026-07-30T00:00:00-04:00,2026-09-16T23:59:59-04:00,,16013.3,-206.68,16219.4,-749.06,http://f.wishabi.net/page_items/430507353/1786559436/extra_large.jpg
Walmart,8033586,1032884214,"Dove Men+Care Fresh & Clean, Thick & Strong or Dryness & Itch Relief shampoo and conditioner",Dove Men+Care,8.47,,,,$8.47,,2026-07-30T00:00:00-04:00,2026-09-16T23:59:59-04:00,,15799.5,-197.39,16005.6,-739.76,http://f.wishabi.net/page_items/430507354/1786559437/extra_large.jpg
Walmart,8033586,1032884212,"Dove Men+Care Fresh & Clean, Th•ck & Strong or Dryness & Itch Relief shampoo an conditioner",Dove,8.47,,,,$8.47,,2026-07-30T00:00:00-04:00,2026-09-16T23:59:59-04:00,,15594.9,-174.14,15801.0,-716.51,http://f.wishabi.net/page_items/430507351/1786559436/extra_large.jpg
Walmart,8072271,1031502597,Dove Men+Care Ted Lasso deodorant 107 g,,8.96,,,,$8.96,,2026-08-13T00:00:00-04:00,2026-08-19T23:59:59-04:00,,6185.44,-634.64,6273.42,-891.57,http://f.wishabi.net/page_items/429801920/1785993228/extra_large.jpg
Walmart,8072271,1032035877,Downy Unstopables scent booster,Downy,18.97,,,,$18.97,,2026-08-13T00:00:00-04:00,2026-09-16T23:59:59-04:00,,34490.3,-2252.62,34567.2,-2502.19,http://f.wishabi.net/page_items/429916845/1786217445/extra_large.jpg
Walmart,8072271,1031541079,Downy Unstoppables booster beads,Downy,18.97,,,,$18.97,,2026-08-13T00:00:00-04:00,2026-08-19T23:59:59-04:00,,1550.71,-1032.33,1603.75,-1166.32,http://f.wishabi.net/page_items/429806354/1786393636/extra_large.jpg
Walmart,8072271,1031780222,Dr. Brown's anti-colic Options+ narrow baby bottles 4-pack,Dr. Brown's,29.97,,,,$29.97,,2026-08-13T00:00:00-04:00,2026-08-19T23:59:59-04:00,,37992.7,-1399.93,38088.5,-1589.38,http://f.wishabi.net/page_items/429902868/1786396490/extra_large.jpg
Walmart,8072271,1031509235,Dr. Oetker Giuseppe Pizzeria thin,Dr. Oetker,5.84,,,,$5.84,,2026-08-13T00:00:00-04:00,2026-08-19T23:59:59-04:00,,3430.31,-2074.78,3563.5,-2197.68,http://f.wishabi.net/page_items/429806312/1786394463/extra_large.jpg
Walmart,8072271,1031501819,Dr. Oetker Giuseppe rising crust frozen pizza,,5.84,,,,$5.84,,2026-08-13T00:00:00-04:00,2026-08-19T23:59:59-04:00,,3270.5,-2079.45,3422.31,-2202.35,http://f.wishabi.net/page_items/429801628/1786394455/extra_large.jpg
Walmart,8072271,1031779687,Dream On Me Osko convertible toddler bed,,99.0,,,,$99.0,,2026-08-13T00:00:00-04:00,2026-08-19T23:59:59-04:00,,38095.7,-1969.46,38395.1,-2233.8,http://f.wishabi.net/page_items/429899449/1786396486/extra_large.jpg
Walmart,8072271,1032945089,Dry-erase markers,,5.48,,,,$5.48,,2026-08-13T00:00:00-04:00,2026-08-19T23:59:59-04:00,,7249.89,-377.36,7394.35,-463.12,http://f.wishabi.net/page_items/430538548/1786586780/extra_large.jpg
Walmart,8072271,1032575542,Dual-compartment lunch bag,,16.97,,,,$16.97,,2026-08-13T00:00:00-04:00,2026-09-16T23:59:59-04:00,,21879.2,-2014.82,22176.8,-2365.73,http://f.wishabi.net/page_items/430352908/1786500163/extra_large.jpg
Walmart,8072271,1032945050,EA Sports Madden NFL 27 for PlayStation 5,,89.96,,,,$89.96,,2026-08-13T00:00:00-04:00,2026-08-19T23:59:59-04:00,,6861.13,-1761.73,7302.25,-1966.28,http://f.wishabi.net/page_items/430538507/1786586774/extra_large.jpg
Walmart,8072271,1032544006,EN_1242x135_Klarna1-1,,,,,,,,2026-08-13T00:00:00-04:00,2026-08-19T23:59:59-04:00,,8786.1,-1291.24,9582.66,-1384.91,http://f.wishabi.net/page_items/430370411/1786485733/extra_large.jpg
Walmart,8072271,1032544004,EN_1242x210_Flash Deals 40-1,,,,,,,,2026-08-13T00:00:00-04:00,2026-08-19T23:59:59-04:00,,8782.4,0.0,9593.0,-115.79,http://f.wishabi.net/page_items/430370403/1786485732/extra_large.jpg
Walmart,8072271,1032574472,EPSON EcoTank ET-2803 wireless printer,Epson,199.98,,,,$199.98,,2026-08-13T00:00:00-04:00,2026-09-16T23:59:59-04:00,,11017.5,-2064.36,11530.1,-2493.87,http://f.wishabi.net/page_items/430349167/1786500163/extra_large.jpg
Walmart,8080972,1032870793,"Earth Rated All-in-1 Express Shampoo, All Coat Types, Gentle and Hypoallergenic, Jojoba Aloe Scent",Earth Rated,13.97,,,,$13.97,,2026-08-13T00:00:00-04:00,2026-08-19T23:59:59-04:00,,8488.9,-985.36,8836.67,-1647.78,http://f.wishabi.net/page_items/429768433/1785960819/extra_large.jpg
Walmart,8072271,1032574463,Electronics,,,,,,,,2026-08-13T00:00:00-04:00,2026-08-19T23:59:59-04:00,,9812.08,-815.15,10002.3,-1043.94,http://f.wishabi.net/page_items/430356593/1786500169/extra_large.jpg
Walmart,8072271,1032575352,Elmer's Toy Story 5 glue,Elmer's,2.48,,,,$2.48,,2026-08-13T00:00:00-04:00,2026-09-16T23:59:59-04:00,,18290.4,-1885.73,18755.8,-2353.49,http://f.wishabi.net/page_items/430352197/1786500158/extra_large.jpg
Walmart,8072271,1031502651,Enfamil A+ NeuroPro 2 x 445 g or NeuroPro Gentlease 2 x 431 g Powder Formula Refill,,65.47,,,,$65.47,,2026-08-13T00:00:00-04:00,2026-08-19T23:59:59-04:00,,6251.35,-1334.48,6335.11,-1470.22,http://f.wishabi.net/page_items/429801932/1785993233/extra_large.jpg
Walmart,8072271,1031561959,Enfamil A+ NeuroPro Gentlease 2 x 431 g powder formula refill,Enfamil,65.47,,,,$65.47,,2026-08-13T00:00:00-04:00,2026-08-19T23:59:59-04:00,,6335.5,-1335.0,6425.5,-1469.0,http://f.wishabi.net/page_items/429805839/1785993243/extra_large.jpg
Walmart,8033586,1027057008,Eos Body Lotion,EOS,16.88,,,,$16.88,,2026-07-30T00:00:00-04:00,2026-09-16T23:59:59-04:00,,13844.6,-1848.34,14128.9,-2510.18,http://f.wishabi.net/page_items/427707534/1784381088/extra_large.jpg
Walmart,8072271,1032945029,Epson Eco Tank ET-2803 wireless printer,Epson,199.98,,,,$199.98,,2026-08-13T00:00:00-04:00,2026-08-19T23:59:59-04:00,,7466.28,-991.72,7771.19,-1191.06,http://f.wishabi.net/page_items/430538468/1786586770/extra_large.jpg
Walmart,8072271,1031568863,Equate high protein meal replacement shakes,Equate,10.97,,,,$10.97,,2026-08-13T00:00:00-04:00,2026-08-19T23:59:59-04:00,,6090.5,-1807.0,6321.5,-1976.0,http://f.wishabi.net/page_items/429805843/1785993245/extra_large.jpg
Walmart,8072271,1031502570,Evenflo All4Stages Slim 4-in-1 convertible car seat,Evenflo,349.0,,,,$349.0,,2026-08-13T00:00:00-04:00,2026-08-19T23:59:59-04:00,,6500.76,-1330.05,6794.88,-1621.79,http://f.wishabi.net/page_items/429801913/1785993226/extra_large.jpg
Walmart,8072271,1031781282,Evenflo Revolve180 LiteMax NXT rotational infant car seat with SensorySoothe,Evenflo,299.97,,,,$299.97,,2026-08-13T00:00:00-04:00,2026-08-19T23:59:59-04:00,,38412.5,-1957.58,38708.6,-2228.81,http://f.wishabi.net/page_items/429899445/1786396485/extra_large.jpg
Walmart,8072271,1032575361,Expo dry erase markers 8-pack,EXPO,11.48,,,,$11.48,,2026-08-13T00:00:00-04:00,2026-09-16T23:59:59-04:00,,18307.2,-1054.72,18474.8,-1273.11,http://f.wishabi.net/page_items/430352285/1786500159/extra_large.jpg
Walmart,8080972,1032871045,"Fancy Feast Assorted Variety Pack, Wet Cat Food 85 g x 12",Fancy Feast,10.74,,,,$10.74,,2026-08-13T00:00:00-04:00,2026-08-19T23:59:59-04:00,,12733.5,-2698.47,13081.3,-3360.89,http://f.wishabi.net/page_items/429768481/1785960818/extra_large.jpg
Walmart,8072271,1032575669,Fanta Orange Pop,Fanta,3.97,,,,$3.97,,2026-08-13T00:00:00-04:00,2026-09-16T23:59:59-04:00,,23608.4,-1055.87,23874.6,-1234.87,http://f.wishabi.net/page_items/430347787/1786500167/extra_large.jpg
Walmart,8072271,1032575672,Fanta Orange zero sugar Pop,Fanta,8.28,,,,$8.28,,2026-08-13T00:00:00-04:00,2026-09-16T23:59:59-04:00,,23882.3,-1029.21,24431.7,-1233.54,http://f.wishabi.net/page_items/430347833/1786500167/extra_large.jpg
Walmart,8080972,1032870827,"Feandrea Cat Tree with Scratching Posts and Ramp, Light Gray",FEANDREA,53.99,,,,$53.99,,2026-08-13T00:00:00-04:00,2026-08-19T23:59:59-04:00,,8864.27,-2672.7,9212.04,-3335.13,http://f.wishabi.net/page_items/429768440/1785960823/extra_large.jpg
Walmart,8072271,1031549649,Financing,,,,,,,,2026-08-13T00:00:00-04:00,2026-08-19T23:59:59-04:00,,6347.0,-2435.14,6545.0,-2449.14,http://f.wishabi.net/page_items/429806968/1785993249/extra_large.jpg
Walmart,8072271,1031568995,Finish Quantum dishwasher detergent,Finish,19.97,,,,$19.97,,2026-08-13T00:00:00-04:00,2026-08-19T23:59:59-04:00,,5523.1,-189.15,5660.5,-360.56,http://f.wishabi.net/page_items/429806662/1785993232/extra_large.jpg
Walmart,8033586,1032471551,Fit + Fresh Townsend lunch bags,Fit & Fresh,16.97,,,,$16.97,,2026-07-30T00:00:00-04:00,2026-09-16T23:59:59-04:00,,18315.9,-2115.27,18693.3,-2423.51,http://f.wishabi.net/page_items/430308066/1786460925/extra_large.jpg
Walmart,8072271,1031501795,French's ketchup,French's,2.97,,,,$2.97,,2026-08-13T00:00:00-04:00,2026-08-19T23:59:59-04:00,,3266.66,-1282.59,3322.7,-1461.05,http://f.wishabi.net/page_items/429801601/1786394450/extra_large.jpg
Walmart,8080972,1032871036,"Friskies Pate Variety Pack, Wet Cat Food 32 X 156g",Friskies,25.96,,,,$25.96,,2026-08-13T00:00:00-04:00,2026-08-19T23:59:59-04:00,,13108.9,-2001.08,13456.7,-2663.5,http://f.wishabi.net/page_items/429768479/1785960817/extra_large.jpg
Walmart,8080972,1032871039,Friskies Seafood Sensations Dry Cat Food 7.26kg,Friskies,22.97,,,,$22.97,,2026-08-13T00:00:00-04:00,2026-08-19T23:59:59-04:00,,13484.3,-2001.08,13832.0,-2663.5,http://f.wishabi.net/page_items/429768480/1785960818/extra_large.jpg
Walmart,8072271,1031499366,Frito-Lay snacks 16-pack,Frito-Lay,8.87,,,,$8.87,,2026-08-13T00:00:00-04:00,2026-08-19T23:59:59-04:00,,1017.05,-1740.3,1446.56,-1928.77,http://f.wishabi.net/page_items/429801030/1786393627/extra_large.jpg
Walmart,8072271,1032945099,Funtainer 10-oz. food jar,FUNtainer,17.97,,,,$17.97,,2026-08-13T00:00:00-04:00,2026-08-19T23:59:59-04:00,,7516.75,-579.43,7557.13,-672.98,http://f.wishabi.net/page_items/430538553/1786586781/extra_large.jpg
Walmart,8072271,1032945103,Funtainer 12-oz. bottle or 10-OZ. food jar,,17.97,,,,$17.97,,2026-08-13T00:00:00-04:00,2026-08-19T23:59:59-04:00,,7559.75,-579.43,7600.13,-672.98,http://f.wishabi.net/page_items/430538560/1786586782/extra_large.jpg
Walmart,8072271,1032945107,Funtainer 12-oz. bottle or IO-OZ. food jar,,17.97,,,,$17.97,,2026-08-13T00:00:00-04:00,2026-08-19T23:59:59-04:00,,7607.75,-582.43,7648.13,-675.98,http://f.wishabi.net/page_items/430538565/1786586783/extra_large.jpg
Walmart,8072271,1032576670,Fuze iced tea,Fuze,7.47,,,,$7.47,,2026-08-13T00:00:00-04:00,2026-09-16T23:59:59-04:00,,26748.8,-2101.27,26934.1,-2316.57,http://f.wishabi.net/page_items/430356323/1786500160/extra_large.jpg
Walmart,8072271,1032576677,Fuze mango & pineapple iced tea,Fuze,7.47,,,,$7.47,,2026-08-13T00:00:00-04:00,2026-09-16T23:59:59-04:00,,26104.8,-1597.52,26662.9,-2035.07,http://f.wishabi.net/page_items/430356392/1786500162/extra_large.jpg
Walmart,8072271,1032576680,Fuze raspberry iced tea,Fuze,2.77,,,,$2.77,,2026-08-13T00:00:00-04:00,2026-09-16T23:59:59-04:00,,26106.9,-2085.08,26663.5,-2528.03,http://f.wishabi.net/page_items/430356502/1786500162/extra_large.jpg
Walmart,8072271,1032544027,"GE 14,000 BTU ASHRAE Portable Air Conditioner with Cooling & Heating functions - APSA13YBMW",,579.0,,,,$579.0,,2026-08-13T00:00:00-04:00,2026-08-19T23:59:59-04:00,,8799.26,-716.13,9033.32,-1182.29,http://f.wishabi.net/page_items/430370425/1786485737/extra_large.jpg
Walmart,8072271,1032574559,GO Wireless Keyboard,,19.98,,,,$19.98,,2026-08-13T00:00:00-04:00,2026-09-16T23:59:59-04:00,,13944.0,-30.02,14412.1,-254.28,http://f.wishabi.net/page_items/430352639/1786500161/extra_large.jpg
Walmart,8033586,1030255383,GREEN CHECK BOX,,,,,,,,2026-07-30T00:00:00-04:00,2026-09-16T23:59:59-04:00,,3583.0,-583.49,3619.0,-604.49,http://f.wishabi.net/page_items/429173405/1785429062/extra_large.jpg
Walmart,8033586,1030255380,GREEN CHECK TRAY,,,,,,,,2026-07-30T00:00:00-04:00,2026-09-16T23:59:59-04:00,,3607.0,-488.49,3679.0,-521.49,http://f.wishabi.net/page_items/429173401/1785429061/extra_large.jpg
Walmart,8033586,1030255385,GREEN STRIPE BLSTER,,,,,,,,2026-07-30T00:00:00-04:00,2026-09-16T23:59:59-04:00,,3675.0,-628.49,3726.0,-691.49,http://f.wishabi.net/page_items/429173410/1785429063/extra_large.jpg
Walmart,8033586,1030255358,GTRacing adjustable computer desk,GTRACING,139.97,,,,$139.97,,2026-07-30T00:00:00-04:00,2026-09-16T23:59:59-04:00,,3455.0,-1073.35,3702.0,-1208.35,http://f.wishabi.net/page_items/429173344/1785429054/extra_large.jpg
Walmart,8033586,1030255360,GTRacing gaming chair,GTRACING,139.97,,,,$139.97,,2026-07-30T00:00:00-04:00,2026-09-16T23:59:59-04:00,,3303.0,-1003.35,3456.0,-1340.35,http://f.wishabi.net/page_items/429173349/1785429055/extra_large.jpg
Walmart,8072271,1033153003,Galaxy S26 Postpaid Phone,,,,,,,,2026-08-13T00:00:00-04:00,2026-08-19T23:59:59-04:00,,37234.8,-1237.16,37733.6,-1504.17,http://f.wishabi.net/page_items/430635643/1786654681/extra_large.jpg
Walmart,8072271,1033153005,Galaxy S26 Ultra Postpaid Phone,Samsung,,,,,,,2026-08-13T00:00:00-04:00,2026-08-19T23:59:59-04:00,,37233.9,-1515.26,37732.1,-1785.45,http://f.wishabi.net/page_items/430635645/1786654682/extra_large.jpg
Walmart,8033586,1032884210,Garnier Fructis Grow Strong Thickening shampoo or conditioner,Garnier,3.98,,,,$3.98,,2026-07-30T00:00:00-04:00,2026-09-16T23:59:59-04:00,,15686.5,-960.73,15769.1,-1176.32,http://f.wishabi.net/page_items/430507349/1786559434/extra_large.jpg
Walmart,8072271,1032945942,Garnier Fructis Shampoo or Conditioner,Garnier,3.98,,,,$3.98,,2026-08-13T00:00:00-04:00,2026-08-19T23:59:59-04:00,,38850.1,-2041.21,38921.2,-2270.61,http://f.wishabi.net/page_items/430536368/1786587823/extra_large.jpg
Walmart,8072271,1032945920,Garnier Fructis shampoo,Garnier,3.98,,,,$3.98,,2026-08-13T00:00:00-04:00,2026-08-19T23:59:59-04:00,,38775.1,-1993.21,38850.2,-2219.61,http://f.wishabi.net/page_items/430536324/1786587813/extra_large.jpg
Walmart,8072271,1032945903,Garnier Pimple Patch 22s,,12.92,,,,$12.92,,2026-08-13T00:00:00-04:00,2026-08-19T23:59:59-04:00,,39386.6,-485.41,39653.5,-767.54,http://f.wishabi.net/page_items/430536308/1786587809/extra_large.jpg
Walmart,8033586,1026868974,Garnier vitamin C serum,Garnier,17.97,,,,$17.97,,2026-07-30T00:00:00-04:00,2026-09-16T23:59:59-04:00,,11973.7,-21.72,12964.7,-993.0,http://f.wishabi.net/page_items/427380747/1785251374/extra_large.jpg
Walmart,8072271,1032574515,"Gateway (by Acer) laptop 14""",Gateway,349.98,,,,$349.98,,2026-08-13T00:00:00-04:00,2026-09-16T23:59:59-04:00,,12892.2,-692.48,13269.7,-1164.63,http://f.wishabi.net/page_items/430349076/1786500160/extra_large.jpg
Walmart,8072271,1033389809,Gatorade,Gatorade,6.27,,,,$6.27,,2026-08-13T00:00:00-04:00,2026-08-19T23:59:59-04:00,,354.34,-1987.28,620.46,-2286.7,http://f.wishabi.net/page_items/430723971/1786753900/extra_large.jpg
Walmart,8080972,1032870830,Gen7Pets G7 Jogger Pet Stroller,Gen7Pets,329.97,,,,$329.97,,2026-08-13T00:00:00-04:00,2026-08-19T23:59:59-04:00,,8113.52,-3388.49,8461.29,-4050.92,http://f.wishabi.net/page_items/429768441/1785960824/extra_large.jpg
Walmart,8072271,1033389923,General Mills Family Size Cereal,General Mills,4.87,,,,$4.87,,2026-08-13T00:00:00-04:00,2026-08-19T23:59:59-04:00,,788.55,-1378.58,926.58,-1554.15,http://f.wishabi.net/page_items/430724074/1786753913/extra_large.jpg
Walmart,8072271,1031564568,General Mills KPop Demon Hunters cereal,General Mills,3.97,,,,$3.97,,2026-08-13T00:00:00-04:00,2026-08-19T23:59:59-04:00,,1702.21,-1530.99,1815.81,-1738.18,http://f.wishabi.net/page_items/429806369/1786393639/extra_large.jpg
Walmart,8072271,1033389785,General Mills family size cereal,General Mills,4.87,,,,$4.87,,2026-08-13T00:00:00-04:00,2026-08-19T23:59:59-04:00,,650.65,-1377.58,788.68,-1553.15,http://f.wishabi.net/page_items/430723908/1786753896/extra_large.jpg
Walmart,8072271,1031498652,General Mills fruit snacks,General Mills,2.47,,,,$2.47,,2026-08-13T00:00:00-04:00,2026-08-19T23:59:59-04:00,,1032.61,-1272.52,1171.2,-1420.27,http://f.wishabi.net/page_items/429800975/1786393617/extra_large.jpg
Walmart,8033586,1032471758,George Fleece Crew or Woven Pant,George,12.0,,,,$12.0,,2026-07-30T00:00:00-04:00,2026-09-16T23:59:59-04:00,,19208.8,-231.53,19427.1,-536.82,http://f.wishabi.net/page_items/430308250/1786461082/extra_large.jpg
Walmart,8033586,1032461837,George Girls' Slippers,,,,,,,,2026-07-30T00:00:00-04:00,2026-09-16T23:59:59-04:00,,17621.9,-579.87,17721.5,-698.87,http://f.wishabi.net/page_items/430309241/1786460598/extra_large.jpg
Walmart,8033586,1032458921,George Kids' Indoor/Outdoor Slippers,George,18.0,,,,$18.0,,2026-07-30T00:00:00-04:00,2026-09-16T23:59:59-04:00,,16759.3,-1454.98,16847.3,-1652.32,http://f.wishabi.net/page_items/430301239/1786460504/extra_large.jpg
Walmart,8072271,1032945261,George Kids' fashion boots,George,29.0,,,,$29.0,,2026-08-13T00:00:00-04:00,2026-08-19T23:59:59-04:00,,8594.05,-872.63,8667.55,-934.29,http://f.wishabi.net/page_items/430536644/1786586781/extra_large.jpg
Walmart,8033586,1032472789,George Women's Blazer,George,39.0,,,,$39.0,,2026-07-30T00:00:00-04:00,2026-09-16T23:59:59-04:00,,24820.5,-209.26,25032.3,-406.14,http://f.wishabi.net/page_items/430308235/1786464969/extra_large.jpg
Walmart,8033586,1033127782,George boys canvas jacket,George,35.0,,,,$35.0,,2026-07-30T00:00:00-04:00,2026-09-16T23:59:59-04:00,,870.16,-613.65,1263.85,-1978.08,http://f.wishabi.net/page_items/427380279/1784307384/extra_large.jpg
Walmart,8033586,1032461746,George canvas jacket or hooded quilted jacket,George,35.0,,,,$35.0,,2026-07-30T00:00:00-04:00,2026-09-16T23:59:59-04:00,,17635.0,-263.44,17769.0,-397.83,http://f.wishabi.net/page_items/430309011/1786460595/extra_large.jpg
Walmart,8033586,1032461774,George cargo jogger,George,14.0,,,,$14.0,,2026-07-30T00:00:00-04:00,2026-09-16T23:59:59-04:00,,17415.1,-1800.4,17518.8,-2065.67,http://f.wishabi.net/page_items/430309199/1786460597/extra_large.jpg
Walmart,8033586,1032458807,George dress,George,16.0,,,,$16.0,,2026-07-30T00:00:00-04:00,2026-09-16T23:59:59-04:00,,16481.2,-1953.99,16697.9,-2377.28,http://f.wishabi.net/page_items/430301153/1786460498/extra_large.jpg
Walmart,8033586,1032472864,George flannel shirt,George,18.0,,,,$18.0,,2026-07-30T00:00:00-04:00,2026-09-16T23:59:59-04:00,,24934.2,-799.93,25263.9,-1477.91,http://f.wishabi.net/page_items/430308504/1786464973/extra_large.jpg
Walmart,8033586,1032461602,George fleece hoodie,George,14.0,,,,$14.0,,2026-07-30T00:00:00-04:00,2026-09-16T23:59:59-04:00,,17354.1,-1612.6,17538.4,-1778.27,http://f.wishabi.net/page_items/430308120/1786460593/extra_large.jpg
Walmart,8033586,1032471803,George fleece hoodie,George,12.0,,,,$12.0,,2026-07-30T00:00:00-04:00,2026-09-16T23:59:59-04:00,,18986.0,-198.48,19212.0,-539.66,http://f.wishabi.net/page_items/430308367/1786461083/extra_large.jpg
Walmart,8033586,1032471816,"George fleece hoodie, fleece crew or woven pants",George,12.0,,,,$12.0,,2026-07-30T00:00:00-04:00,2026-09-16T23:59:59-04:00,,19224.4,-540.12,19406.7,-591.37,http://f.wishabi.net/page_items/430308395/1786461084/extra_large.jpg
Walmart,8033586,1032471742,George fleece jogger,George,10.0,,,,$10.0,,2026-07-30T00:00:00-04:00,2026-09-16T23:59:59-04:00,,19139.4,-608.45,19430.1,-1196.91,http://f.wishabi.net/page_items/430308227/1786461081/extra_large.jpg
Walmart,8033586,1032472888,George fleece sweatpants,George,18.0,,,,$18.0,,2026-07-30T00:00:00-04:00,2026-09-16T23:59:59-04:00,,24580.1,-1105.18,24905.7,-1255.15,http://f.wishabi.net/page_items/430308660/1786464974/extra_large.jpg
Walmart,8033586,1033127783,George girls' hooded quilted jacket,George,35.0,,,,$35.0,,2026-07-30T00:00:00-04:00,2026-09-16T23:59:59-04:00,,349.21,-1074.68,874.48,-1971.78,http://f.wishabi.net/page_items/427380280/1784307385/extra_large.jpg
Walmart,8033586,1032458873,George graphic tee,George,5.0,,,,$5.0,,2026-07-30T00:00:00-04:00,2026-09-16T23:59:59-04:00,,16612.1,-224.94,16766.8,-394.63,http://f.wishabi.net/page_items/430301224/1786460502/extra_large.jpg
Walmart,8033586,1032461629,George hooded quilted jacket,George,35.0,,,,$35.0,,2026-07-30T00:00:00-04:00,2026-09-16T23:59:59-04:00,,17457.5,-167.96,17587.5,-412.76,http://f.wishabi.net/page_items/430308441/1786460594/extra_large.jpg
Walmart,8033586,1032471841,George kid's casual shoes,George,24.0,,,,$24.0,,2026-07-30T00:00:00-04:00,2026-09-16T23:59:59-04:00,,18901.1,-624.63,19073.0,-690.59,http://f.wishabi.net/page_items/430308446/1786461085/extra_large.jpg
Walmart,8033586,1032471828,George kids' casual shoes,George,24.0,,,,$24.0,,2026-07-30T00:00:00-04:00,2026-09-16T23:59:59-04:00,,18895.4,-760.22,19061.0,-813.86,http://f.wishabi.net/page_items/430308419/1786461085/extra_large.jpg
Walmart,8033586,1032458841,George kids' indoor/outdoor slippers,George,18.0,,,,$18.0,,2026-07-30T00:00:00-04:00,2026-09-16T23:59:59-04:00,,16854.9,-1447.43,16948.8,-1656.29,http://f.wishabi.net/page_items/430301219/1786460500/extra_large.jpg
Walmart,8033586,1032458897,George kids' or toddlers' casual shoes,George,24.0,,,,$24.0,,2026-07-30T00:00:00-04:00,2026-09-16T23:59:59-04:00,,16455.7,-880.33,16615.7,-952.0,http://f.wishabi.net/page_items/430301233/1786460503/extra_large.jpg
Walmart,8033586,1032458829,George leggings,George,5.0,,,,$5.0,,2026-07-30T00:00:00-04:00,2026-09-16T23:59:59-04:00,,16378.3,-1092.6,16710.0,-1592.47,http://f.wishabi.net/page_items/430301216/1786460500/extra_large.jpg
Walmart,8033586,1032458887,George long sleeved tee,George,8.0,,,,$8.0,,2026-07-30T00:00:00-04:00,2026-09-16T23:59:59-04:00,,16798.3,-215.87,16969.5,-411.58,http://f.wishabi.net/page_items/430301227/1786460502/extra_large.jpg
Walmart,8033586,1032472820,George midi dress,George,22.0,,,,$22.0,,2026-07-30T00:00:00-04:00,2026-09-16T23:59:59-04:00,,24937.5,-1861.77,25265.1,-2524.62,http://f.wishabi.net/page_items/430308305/1786464971/extra_large.jpg
Walmart,8033586,1032471729,George oversized tee,George,7.0,,,,$7.0,,2026-07-30T00:00:00-04:00,2026-09-16T23:59:59-04:00,,18838.8,-918.83,19115.2,-1343.37,http://f.wishabi.net/page_items/430308165/1786461080/extra_large.jpg
Walmart,8033586,1032471711,George short- sleeved graphic tee,George,5.0,,,,$5.0,,2026-07-30T00:00:00-04:00,2026-09-16T23:59:59-04:00,,19151.3,-1853.42,19414.1,-2232.27,http://f.wishabi.net/page_items/430308152/1786461080/extra_large.jpg
Walmart,8033586,1032471857,George short-sleeved graphic tee,George,5.0,,,,$5.0,,2026-07-30T00:00:00-04:00,2026-09-16T23:59:59-04:00,,18941.7,-1908.12,19127.3,-2110.33,http://f.wishabi.net/page_items/430308645/1786461086/extra_large.jpg
Walmart,8033586,1032472166,George toddlers fleece sets,George,12.0,,,,$12.0,,2026-07-30T00:00:00-04:00,2026-09-16T23:59:59-04:00,,20565.7,-384.05,20826.3,-890.43,http://f.wishabi.net/page_items/430308568/1786461963/extra_large.jpg
Walmart,8033586,1032472095,George toddlers' flannel shirt and pants set,George,16.0,,,,$16.0,,2026-07-30T00:00:00-04:00,2026-09-16T23:59:59-04:00,,20795.5,-1117.96,21237.5,-1838.81,http://f.wishabi.net/page_items/430308251/1786461960/extra_large.jpg
Walmart,8033586,1032472119,George toddlers' fleece set,George,12.0,,,,$12.0,,2026-07-30T00:00:00-04:00,2026-09-16T23:59:59-04:00,,20845.9,-333.14,21138.5,-910.32,http://f.wishabi.net/page_items/430308308/1786461961/extra_large.jpg
Walmart,8033586,1032472151,George toddlers' long-sleeved tee or legging,George,4.0,,,,$4.0,,2026-07-30T00:00:00-04:00,2026-09-16T23:59:59-04:00,,20280.3,-1596.63,20745.3,-2134.97,http://f.wishabi.net/page_items/430308470/1786461963/extra_large.jpg
Walmart,8033586,1032471564,George varsity tee,George,8.0,,,,$8.0,,2026-07-30T00:00:00-04:00,2026-09-16T23:59:59-04:00,,17957.3,-450.11,18333.3,-1219.78,http://f.wishabi.net/page_items/430308070/1786460926/extra_large.jpg
Walmart,8033586,1032461765,George wide-leg denim,George,18.0,,,,$18.0,,2026-07-30T00:00:00-04:00,2026-09-16T23:59:59-04:00,,17544.9,-1840.58,17678.6,-2107.37,http://f.wishabi.net/page_items/430309137/1786460596/extra_large.jpg
Walmart,8033586,1032472806,George women's pants,George,25.0,,,,$25.0,,2026-07-30T00:00:00-04:00,2026-09-16T23:59:59-04:00,,24827.6,-415.7,25063.3,-771.91,http://f.wishabi.net/page_items/430308277/1786464970/extra_large.jpg
Walmart,8033586,1032472875,George zip-up hoodie,George,18.0,,,,$18.0,,2026-07-30T00:00:00-04:00,2026-09-16T23:59:59-04:00,,24587.6,-929.42,24901.9,-1101.78,http://f.wishabi.net/page_items/430308530/1786464973/extra_large.jpg
Walmart,8072271,1031502233,Glad black garbage bags,Glad,10.97,,,,$10.97,,2026-08-13T00:00:00-04:00,2026-08-19T23:59:59-04:00,,4928.8,-703.26,5197.94,-990.64,http://f.wishabi.net/page_items/429801895/1785993229/extra_large.jpg
Walmart,8072271,1031778633,Goodnites Value Pack Nighttime Underwear,,38.97,,,,$38.97,,2026-08-13T00:00:00-04:00,2026-08-19T23:59:59-04:00,,39742.7,-1646.93,40653.5,-2450.83,http://f.wishabi.net/page_items/429899467/1786083862/extra_large.jpg
Walmart,8033586,1032475407,"Gourmia GPM1270 all-in-one pizza oven, toaster and air fryer",Gourmia,224.0,,,,$224.0,,2026-07-30T00:00:00-04:00,2026-09-16T23:59:59-04:00,,5490.43,-724.64,6165.09,-1019.56,http://f.wishabi.net/page_items/430308413/1786466326/extra_large.jpg
Walmart,8072271,1031779444,Graco 4Ever DLX Grad 5-in-1 convertible car seat,Graco,480.0,,,,$480.0,,2026-08-13T00:00:00-04:00,2026-08-19T23:59:59-04:00,,38413.5,-1402.52,38706.9,-1665.51,http://f.wishabi.net/page_items/429899441/1786396483/extra_large.jpg
Walmart,8072271,1031781268,Graco Ready2Grow 2.0 double stroller,Graco,319.0,,,,$319.0,,2026-08-13T00:00:00-04:00,2026-08-19T23:59:59-04:00,,38095.0,-1685.28,38396.6,-1950.41,http://f.wishabi.net/page_items/429899435/1786396482/extra_large.jpg
Walmart,8072271,1031776392,Graco Ready2Jet Compact Stroller,Graco,250.0,,,,$250.0,,2026-08-13T00:00:00-04:00,2026-08-19T23:59:59-04:00,,38410.1,-1682.28,38707.5,-1943.87,http://f.wishabi.net/page_items/429899443/1786396484/extra_large.jpg
Walmart,8072271,1032035900,Great Value 2-ply facial tissues,Great Value,7.94,,,,$7.94,,2026-08-13T00:00:00-04:00,2026-09-16T23:59:59-04:00,,35805.4,-1474.86,35965.4,-1708.91,http://f.wishabi.net/page_items/430012399/1786217438/extra_large.jpg
Walmart,8072271,1032035942,Great Value 3-ply facial tissues,Great Value,7.94,,,,$7.94,,2026-08-13T00:00:00-04:00,2026-09-16T23:59:59-04:00,,35965.4,-1474.86,36130.8,-1708.91,http://f.wishabi.net/page_items/430012429/1786217444/extra_large.jpg
Walmart,8080972,1032870973,Great Value 8kg Rabbit Food,Great Value,19.98,,,,$19.98,,2026-08-13T00:00:00-04:00,2026-08-19T23:59:59-04:00,,12329.3,-729.59,12677.0,-1320.25,http://f.wishabi.net/page_items/429768470/1785960820/extra_large.jpg
Walmart,8080972,1032870980,Great Value Budgie & Parakeet Food 1.8kg,Great Value,12.98,,,,$12.98,,2026-08-13T00:00:00-04:00,2026-08-19T23:59:59-04:00,,11578.5,-2094.92,11926.3,-2685.58,http://f.wishabi.net/page_items/429768471/1785960821/extra_large.jpg
Walmart,8080972,1032870985,Great Value Parrot Food 3.6kg,Great Value,24.98,,,,$24.98,,2026-08-13T00:00:00-04:00,2026-08-19T23:59:59-04:00,,11953.9,-2094.92,12301.7,-2685.58,http://f.wishabi.net/page_items/429768472/1785960822/extra_large.jpg
Walmart,8080972,1032870969,"Great Value Timothy Hay, 48oz",Great Value,13.47,,,,$13.47,,2026-08-13T00:00:00-04:00,2026-08-19T23:59:59-04:00,,11953.9,-729.59,12301.7,-1320.25,http://f.wishabi.net/page_items/429768469/1785960819/extra_large.jpg
Walmart,8072271,1033389844,Great Value bacon,Great Value,3.97,,,,$3.97,,2026-08-13T00:00:00-04:00,2026-08-19T23:59:59-04:00,,340.22,-919.21,587.23,-996.46,http://f.wishabi.net/page_items/430724029/1786753905/extra_large.jpg
Walmart,8072271,1031501810,Great Value bowls,Great Value,3.97,,,,$3.97,,2026-08-13T00:00:00-04:00,2026-08-19T23:59:59-04:00,,2957.84,-2079.21,3102.5,-2203.51,http://f.wishabi.net/page_items/429801617/1786394453/extra_large.jpg
Walmart,8072271,1031564046,Great Value butter,Great Value,4.97,,,,$4.97,,2026-08-13T00:00:00-04:00,2026-08-19T23:59:59-04:00,,1617.62,-360.22,1772.86,-455.36,http://f.wishabi.net/page_items/429806794/1786393642/extra_large.jpg
Walmart,8072271,1031542173,"Great Value frozen meat, seafood or appetizers value packs",,9.98,,,,$9.98,,2026-08-13T00:00:00-04:00,2026-08-19T23:59:59-04:00,,3710.45,-2081.66,3873.77,-2207.56,http://f.wishabi.net/page_items/429806315/1786394464/extra_large.jpg
Walmart,8072271,1032575643,Great Value sandwich bags,,2.74,,,,$2.74,,2026-08-13T00:00:00-04:00,2026-09-16T23:59:59-04:00,,22558.4,-2091.9,22915.3,-2184.15,http://f.wishabi.net/page_items/430349765/1786500170/extra_large.jpg
Walmart,8072271,1032575593,Great Value zipper seal freezer bags,Great Value,4.94,,,,$4.94,,2026-08-13T00:00:00-04:00,2026-09-16T23:59:59-04:00,,22937.2,-2212.07,23245.1,-2329.15,http://f.wishabi.net/page_items/430349191/1786500163/extra_large.jpg
Walmart,8072271,1031502092,Green onions,,1.24,,,,$1.24,,2026-08-13T00:00:00-04:00,2026-08-19T23:59:59-04:00,,3935.33,-186.56,4368.65,-494.93,http://f.wishabi.net/page_items/429802035/1785993225/extra_large.jpg
Walmart,8072271,1032544033,"Greenworks 80V 17"" Brushless Cordless Push Lawn Mower, 2.0 Ah Battery and Charger Included [75+ Compatible Tools]",,424.99,,,,$424.99,,2026-08-13T00:00:00-04:00,2026-08-19T23:59:59-04:00,,9055.46,-716.13,9304.32,-1178.59,http://f.wishabi.net/page_items/430370429/1786485738/extra_large.jpg
Walmart,8072271,1032576825,Gyrocopters J30 electric scooter,,239.96,,,,$239.96,,2026-08-13T00:00:00-04:00,2026-09-16T23:59:59-04:00,,33592.7,-1572.34,33940.5,-1849.58,http://f.wishabi.net/page_items/430352766/1786500177/extra_large.jpg
Walmart,8072271,1032338777,Gyrocopters J30 electric scooter,,239.96,,,,$239.96,,2026-08-13T00:00:00-04:00,2026-08-19T23:59:59-04:00,,36874.3,-2057.92,37154.7,-2405.83,http://f.wishabi.net/page_items/430253718/1786500158/extra_large.jpg
Walmart,8072271,1032576819,Gyrocopters PixAl Electric foldable dual rider cargo bike,,399.96,,,,$399.96,,2026-08-13T00:00:00-04:00,2026-09-16T23:59:59-04:00,,33585.6,-1878.87,33930.5,-2170.98,http://f.wishabi.net/page_items/430352507/1786500175/extra_large.jpg
Walmart,8033586,1032475368,HOMCOM 1.1-cu. ft. compact mini freezer,HOMCOM,199.99,,,,$199.99,,2026-07-30T00:00:00-04:00,2026-09-16T23:59:59-04:00,,4617.75,-2061.19,5054.58,-2556.95,http://f.wishabi.net/page_items/430308182/1786466272/extra_large.jpg
Walmart,8072271,1032574484,"HP 17.3"" Full HD 17-cn3012Ca laptop",,699.98,,,,$699.98,,2026-08-13T00:00:00-04:00,2026-09-16T23:59:59-04:00,,11662.4,-1891.2,12181.2,-2530.27,http://f.wishabi.net/page_items/430352645/1786500159/extra_large.jpg
Walmart,8072271,1032574619,HP DeskJet 2942 all-in-one printer,,49.98,,,,$49.98,,2026-08-13T00:00:00-04:00,2026-09-16T23:59:59-04:00,,14862.8,-535.01,15328.2,-784.2,http://f.wishabi.net/page_items/430349612/1786500164/extra_large.jpg
Walmart,8072271,1032574589,HP Envy 6152E all-in-one printer,,79.98,,,,$79.98,,2026-08-13T00:00:00-04:00,2026-09-16T23:59:59-04:00,,15432.1,-262.91,16015.7,-727.98,http://f.wishabi.net/page_items/430349047/1786500159/extra_large.jpg
Walmart,8072271,1032574601,HP M110W Laser Printer,,99.98,,,,$99.98,,2026-08-13T00:00:00-04:00,2026-09-16T23:59:59-04:00,,15431.3,-798.61,16000.3,-1253.26,http://f.wishabi.net/page_items/430349145/1786500161/extra_large.jpg
Walmart,8072271,1032945186,Hamilton Beach 4-Slice stainless steel toaster oven,Hamilton Beach,24.97,,,,$24.97,,2026-08-13T00:00:00-04:00,2026-08-19T23:59:59-04:00,,8297.89,-1554.78,8744.4,-1771.05,http://f.wishabi.net/page_items/430536576/1786586773/extra_large.jpg
Walmart,8033586,1027053461,Hard Candy Blush On Lock duo,Hard Candy,12.98,,,,$12.98,,2026-07-30T00:00:00-04:00,2026-09-16T23:59:59-04:00,,11430.0,-1029.8,11568.0,-1238.8,http://f.wishabi.net/page_items/427705234/1784314618/extra_large.jpg
Walmart,8033586,1027053470,Hard Candy Blush on Lock Duo,Hard Candy,12.98,,,,$12.98,,2026-07-30T00:00:00-04:00,2026-09-16T23:59:59-04:00,,11399.0,-810.8,11537.0,-1019.8,http://f.wishabi.net/page_items/427705235/1784314619/extra_large.jpg
Walmart,8080972,1032870797,Hartz Ultraguard Flea & Tick Treatment for Dogs And Puppies,Hartz,13.97,,,,$13.97,,2026-08-13T00:00:00-04:00,2026-08-19T23:59:59-04:00,,8864.27,-985.36,9212.04,-1647.78,http://f.wishabi.net/page_items/429768434/1785960819/extra_large.jpg
Walmart,8072271,1031502624,Head & Shoulders shampoo or conditioner,Head & Shoulders,10.47,,,,$10.47,,2026-08-13T00:00:00-04:00,2026-08-19T23:59:59-04:00,,6495.02,-612.82,6574.47,-820.79,http://f.wishabi.net/page_items/429801926/1785993230/extra_large.jpg
Walmart,8072271,1033390298,Healthy Choice Gourmet Steamers frozen entrees,Healthy Choice,4.97,,,,$4.97,,2026-08-13T00:00:00-04:00,2026-09-16T23:59:59-04:00,,31169.0,-313.76,31540.7,-650.31,http://f.wishabi.net/page_items/430719998/1786753887/extra_large.jpg
Walmart,8072271,1033390297,Healthy Choice Simply Steamers,Healthy Choice,4.97,,,,$4.97,,2026-08-13T00:00:00-04:00,2026-09-16T23:59:59-04:00,,30807.4,-324.87,31139.6,-661.42,http://f.wishabi.net/page_items/430719989/1786753886/extra_large.jpg
Walmart,8072271,1033390296,Healthy Choice Simply Steamers frozen entrees,Healthy Choice,4.97,,,,$4.97,,2026-08-13T00:00:00-04:00,2026-09-16T23:59:59-04:00,,30425.5,-323.02,30780.9,-648.46,http://f.wishabi.net/page_items/430719982/1786753886/extra_large.jpg
Walmart,8072271,1033390293,Hellmann's mayonnaise type dressing,Hellmann's,3.77,,,,$3.77,,2026-08-13T00:00:00-04:00,2026-09-16T23:59:59-04:00,,31001.6,-1524.25,31145.3,-1913.33,http://f.wishabi.net/page_items/430719958/1786753884/extra_large.jpg
Walmart,8072271,1033390299,Hellmann's mayonnaise type dressing 325 mL - 340 mL,Hellmann's,3.77,,,,$3.77,,2026-08-13T00:00:00-04:00,2026-09-16T23:59:59-04:00,,31172.2,-1512.97,31322.8,-1909.8,http://f.wishabi.net/page_items/430720006/1786753888/extra_large.jpg
Walmart,8072271,1033390292,Hellmann's real mayonnaise,Hellmann's,6.47,,,,$6.47,,2026-08-13T00:00:00-04:00,2026-09-16T23:59:59-04:00,,30988.8,-903.16,31609.9,-1423.56,http://f.wishabi.net/page_items/430719946/1786753883/extra_large.jpg
Walmart,8072271,1032945941,Hello Daise body mist fragrance,,6.96,,,,$6.96,,2026-08-13T00:00:00-04:00,2026-08-19T23:59:59-04:00,,39071.8,-2014.86,39215.3,-2170.77,http://f.wishabi.net/page_items/430536367/1786587822/extra_large.jpg
Walmart,8072271,1032575478,Hello Hobby stretched canvases,,16.97,,,,$16.97,,2026-08-13T00:00:00-04:00,2026-09-16T23:59:59-04:00,,19620.0,-1333.4,19824.4,-1597.62,http://f.wishabi.net/page_items/430349892/1786500164/extra_large.jpg
Walmart,8072271,1032277506,Hello Kitty creativity case,Hello Kitty,12.97,,,,$12.97,,2026-08-13T00:00:00-04:00,2026-09-16T23:59:59-04:00,,17676.7,-2222.99,17809.0,-2369.83,http://f.wishabi.net/page_items/430240186/1786401085/extra_large.jpg
Walmart,8033586,1032461756,Hello Kitty licensed backpack,,24.97,,,,$24.97,,2026-07-30T00:00:00-04:00,2026-09-16T23:59:59-04:00,,17325.5,-764.6,17497.0,-1468.2,http://f.wishabi.net/page_items/430309136/1786460596/extra_large.jpg
Walmart,8072271,1032945935,Hero Mighty Patch 10s,HERO MIGHTY PATCH,12.67,,,,$12.67,,2026-08-13T00:00:00-04:00,2026-08-19T23:59:59-04:00,,39372.9,-1124.44,39511.9,-1343.09,http://f.wishabi.net/page_items/430536354/1786587819/extra_large.jpg
Walmart,8033586,1026867660,Hero Mighty Patch Body 4-pack,HERO,19.47,,,,$19.47,,2026-07-30T00:00:00-04:00,2026-09-16T23:59:59-04:00,,12518.1,-1039.42,12687.2,-1432.83,http://f.wishabi.net/page_items/427380748/1785251375/extra_large.jpg
Walmart,8033586,1027055497,Hero Mighty Patch Original pimple patches,HERO MIGHTY PATCH,12.67,,,,$12.67,,2026-07-30T00:00:00-04:00,2026-09-16T23:59:59-04:00,,12692.5,-1121.65,12874.5,-1394.65,http://f.wishabi.net/page_items/427705363/1785251378/extra_large.jpg
Walmart,8033586,1032474330,Heys 2-piece licensed backpack set,HEYS,19.97,,,,$19.97,,2026-07-30T00:00:00-04:00,2026-09-16T23:59:59-04:00,,21633.2,-544.27,21822.5,-767.69,http://f.wishabi.net/page_items/427380670/1784311934/extra_large.jpg
Walmart,8072271,1032574475,Heys backpack,,16.97,,,,$16.97,,2026-08-13T00:00:00-04:00,2026-09-16T23:59:59-04:00,,11022.1,-1155.68,11542.5,-2031.97,http://f.wishabi.net/page_items/430349719/1786500166/extra_large.jpg
Walmart,8072271,1032575501,Heys licensed backpack,,16.97,,,,$16.97,,2026-08-13T00:00:00-04:00,2026-09-16T23:59:59-04:00,,20859.6,-271.39,22165.0,-1372.73,http://f.wishabi.net/page_items/430352288/1786500159/extra_large.jpg
Walmart,8033586,1032471971,Heys licensed lunch bags,HEYS,15.97,,,,$15.97,,2026-07-30T00:00:00-04:00,2026-09-16T23:59:59-04:00,,19960.8,-69.89,20071.9,-226.43,http://f.wishabi.net/page_items/430304103/1786461853/extra_large.jpg
Walmart,8080972,1032870926,Hoover Excelerate Cordless Stick Vacuum Cleaner,,169.98,,,,$169.98,,2026-08-13T00:00:00-04:00,2026-08-19T23:59:59-04:00,,10986.6,-1406.73,11522.0,-2069.16,http://f.wishabi.net/page_items/429769900/1785962003/extra_large.jpg
Walmart,8072271,1032576821,Hot Wheels Barbie Jammer electric scooter,Hot Wheels,148.0,,,,$148.0,,2026-08-13T00:00:00-04:00,2026-09-16T23:59:59-04:00,,34016.3,-1113.14,34102.9,-1278.17,http://f.wishabi.net/page_items/430352534/1786500176/extra_large.jpg
Walmart,8072271,1032576829,Hot Wheels electric scooter,Hot Wheels,148.0,,,,$148.0,,2026-08-13T00:00:00-04:00,2026-09-16T23:59:59-04:00,,34110.3,-1117.24,34228.7,-1279.72,http://f.wishabi.net/page_items/430352970/1786500179/extra_large.jpg
Walmart,8072271,1032576812,Huffy Capitol cruiser bike,,198.0,,,,$198.0,,2026-08-13T00:00:00-04:00,2026-09-16T23:59:59-04:00,,33597.6,-833.6,33778.5,-983.39,http://f.wishabi.net/page_items/430352308/1786500172/extra_large.jpg
Walmart,8072271,1031780888,Huggies 10x or 11x wipes,,19.77,,,,$19.77,,2026-08-13T00:00:00-04:00,2026-08-19T23:59:59-04:00,,40017.6,-499.16,40256.1,-725.4,http://f.wishabi.net/page_items/429916910/1786083863/extra_large.jpg
Walmart,8072271,1031778241,Huggies Pull Ups Super Pack Training Pants,,28.78,,,,$28.78,,2026-08-13T00:00:00-04:00,2026-08-19T23:59:59-04:00,,39747.4,-869.45,40651.6,-1638.94,http://f.wishabi.net/page_items/429899465/1786083861/extra_large.jpg
Walmart,8072271,1031780422,Huggies Snug & Dry ultra value pack diapers,Huggies,44.94,,,,$44.94,,2026-08-13T00:00:00-04:00,2026-08-19T23:59:59-04:00,,40262.7,-455.72,40652.6,-860.95,http://f.wishabi.net/page_items/429899460/1786083859/extra_large.jpg
Walmart,8072271,1031779205,Huggies superpack diapers,Huggies,26.98,,,,$26.98,,2026-08-13T00:00:00-04:00,2026-08-19T23:59:59-04:00,,40088.8,-162.29,40344.3,-406.83,http://f.wishabi.net/page_items/429916973/1786083863/extra_large.jpg
Walmart,8072271,1032576816,Hyper 37 V folding electric scooter,,298.0,,,,$298.0,,2026-08-13T00:00:00-04:00,2026-09-16T23:59:59-04:00,,33967.9,-1571.63,34305.2,-1852.48,http://f.wishabi.net/page_items/430352337/1786500173/extra_large.jpg
Walmart,8080972,1032870609,"IAMS PROACTIVE HEALTHY Dry Cat Food Chicken & Turkey, 7.26kg",MARS PET,35.94,,,,$35.94,,2026-08-13T00:00:00-04:00,2026-08-19T23:59:59-04:00,,4244.27,-3460.26,4592.04,-4050.92,http://f.wishabi.net/page_items/429768392/1785960823/extra_large.jpg
Walmart,8080972,1032871066,"IAMS Proactive Health Large Breed Dry Dog Food 18.1KG, selected varieties",IAMS,64.98,,,,$64.98,,2026-08-13T00:00:00-04:00,2026-08-19T23:59:59-04:00,,13484.3,-3395.85,13832.0,-4058.28,http://f.wishabi.net/page_items/429768486/1785960821/extra_large.jpg
Walmart,8080972,1032870514,"IAMS Proactive Health Minichunks Dry Dog Food 6.80KG, selected varieties",IAMS,26.97,,,,$26.97,,2026-08-13T00:00:00-04:00,2026-08-19T23:59:59-04:00,,2338.52,-247.49,2686.29,-909.92,http://f.wishabi.net/page_items/429768372/1785960816/extra_large.jpg
Walmart,8072271,1031562787,IAMS dry dog food,IAMS,53.98,,,,$53.98,,2026-08-13T00:00:00-04:00,2026-08-19T23:59:59-04:00,,5523.9,-2211.16,5679.58,-2417.14,http://f.wishabi.net/page_items/429806687/1785993238/extra_large.jpg
Walmart,8072271,1032338816,IMgadgets adjustable standing electric desk,IMGadgets,109.96,,,,$109.96,,2026-08-13T00:00:00-04:00,2026-08-19T23:59:59-04:00,,36279.6,-2062.34,36559.1,-2406.68,http://f.wishabi.net/page_items/430253728/1786500160/extra_large.jpg
Walmart,8080972,1032870882,IRIS USA Open-Top Cat Litter Box,IRIS,26.99,,,,$26.99,,2026-08-13T00:00:00-04:00,2026-08-19T23:59:59-04:00,,10019.3,-2810.71,10367.0,-3401.37,http://f.wishabi.net/page_items/429768451/1785960822/extra_large.jpg
Walmart,8080972,1032870598,Iams Proactive Health Dry Cat Food 1.59kg,MARS PET,13.97,,,,$13.97,,2026-08-13T00:00:00-04:00,2026-08-19T23:59:59-04:00,,3493.52,-3460.26,3841.29,-4050.92,http://f.wishabi.net/page_items/429768390/1785960822/extra_large.jpg
Walmart,8080972,1032870603,Iams Proactive Health Healthy Adult Dry Cat Food 1.59kg,MARS PET,13.97,,,,$13.97,,2026-08-13T00:00:00-04:00,2026-08-19T23:59:59-04:00,,3868.9,-3460.26,4216.67,-4050.92,http://f.wishabi.net/page_items/429768391/1785960822/extra_large.jpg
Walmart,8072271,1031501786,Idahoan instant mashed potatoes,Idahoan,1.77,,,,$1.77,,2026-08-13T00:00:00-04:00,2026-08-19T23:59:59-04:00,,2984.9,-1013.07,3124.37,-1265.16,http://f.wishabi.net/page_items/429801592/1786394449/extra_large.jpg
Walmart,8072271,1032337815,Infants' Tylenol Fever & Pain,Tylenol,,,,,,,2026-08-13T00:00:00-04:00,2026-08-19T23:59:59-04:00,,41237.4,-2104.19,41629.6,-2459.19,http://f.wishabi.net/page_items/430253752/1786500159/extra_large.jpg
Walmart,8072271,1031544916,Irish Spring body wash,Irish Spring,3.97,,,,$3.97,,2026-08-13T00:00:00-04:00,2026-08-19T23:59:59-04:00,,6513.32,-51.95,6643.85,-316.35,http://f.wishabi.net/page_items/429805816/1785993234/extra_large.jpg
Walmart,8033586,1026877093,Irish Spring body wash,Irish Spring,5.97,,,,$5.97,,2026-07-30T00:00:00-04:00,2026-09-16T23:59:59-04:00,,14631.0,-1846.82,14820.3,-2197.14,http://f.wishabi.net/page_items/427380781/1784303063/extra_large.jpg
Walmart,8033586,1026868088,Irish Spring original bar soap,Irish Spring,6.47,,,,$6.47,,2026-07-30T00:00:00-04:00,2026-09-16T23:59:59-04:00,,14839.0,-1817.08,14998.5,-2081.95,http://f.wishabi.net/page_items/427462191/1784303070/extra_large.jpg
Walmart,8072271,1031502080,Itsuki Teppan Yakisoba stir-fried noodles,Itsuki,4.98,,,,$4.98,,2026-08-13T00:00:00-04:00,2026-08-19T23:59:59-04:00,,4411.95,-1489.14,4840.09,-1805.13,http://f.wishabi.net/page_items/429801365/1785993211/extra_large.jpg
Walmart,8072271,1032574574,JBuds Wireless mouse,,29.98,,,,$29.98,,2026-08-13T00:00:00-04:00,2026-09-16T23:59:59-04:00,,14431.0,-59.49,14586.0,-250.49,http://f.wishabi.net/page_items/430352779/1786500163/extra_large.jpg
Walmart,8072271,1032574550,JLAB GO Wireless Bluetooth mouse,JLab,12.98,,,,$12.98,,2026-08-13T00:00:00-04:00,2026-09-16T23:59:59-04:00,,13789.4,-480.41,14238.7,-865.0,http://f.wishabi.net/page_items/430352500/1786500159/extra_large.jpg
Walmart,8072271,1032574544,JLab JBuddies Studio 2 wired headphones,,14.98,,,,$14.98,,2026-08-13T00:00:00-04:00,2026-09-16T23:59:59-04:00,,14262.7,-482.44,14725.2,-851.07,http://f.wishabi.net/page_items/430352244/1786500158/extra_large.jpg
Walmart,8072271,1031508650,JML instant noodles,JML,4.98,,,,$4.98,,2026-08-13T00:00:00-04:00,2026-08-19T23:59:59-04:00,,4421.09,-2187.76,4642.3,-2369.5,http://f.wishabi.net/page_items/429805811/1785993232/extra_large.jpg
Walmart,8072271,1031501777,Janes Ultimates Chicken Wings,JANES,11.47,,,,$11.47,,2026-08-13T00:00:00-04:00,2026-08-19T23:59:59-04:00,,3433.04,-1852.79,3569.23,-2014.87,http://f.wishabi.net/page_items/429801583/1786394447/extra_large.jpg
Walmart,8072271,1031561204,Janes Ultimates chicken wings,JANES,11.47,,,,$11.47,,2026-08-13T00:00:00-04:00,2026-08-19T23:59:59-04:00,,3564.04,-1910.79,3731.23,-2065.87,http://f.wishabi.net/page_items/429806306/1786394462/extra_large.jpg
Walmart,8072271,1031545008,Jell-O snack cups,Jell-O,2.78,,,,$2.78,,2026-08-13T00:00:00-04:00,2026-08-19T23:59:59-04:00,,3419.5,-725.2,3834.69,-991.11,http://f.wishabi.net/page_items/429810318/1786394470/extra_large.jpg
Walmart,8072271,1032575524,Jetstream 3-Piece backpack set,JetStream,24.97,,,,$24.97,,2026-08-13T00:00:00-04:00,2026-09-16T23:59:59-04:00,,21213.0,-1452.89,21446.4,-1766.65,http://f.wishabi.net/page_items/430352778/1786500162/extra_large.jpg
Walmart,8072271,1032574469,Jetstream Backpack,JetStream,19.97,,,,$19.97,,2026-08-13T00:00:00-04:00,2026-09-16T23:59:59-04:00,,10511.3,-1152.36,10738.3,-1405.86,http://f.wishabi.net/page_items/430349069/1786500160/extra_large.jpg
Walmart,8072271,1032574474,Jetstream backpacks,,19.97,,,,$19.97,,2026-08-13T00:00:00-04:00,2026-09-16T23:59:59-04:00,,10741.9,-1148.7,10938.5,-1423.17,http://f.wishabi.net/page_items/430349689/1786500165/extra_large.jpg
Walmart,8072271,1032338855,Joyway 5-piece hardshell spinner luggage set,Joyway,139.99,,,,$139.99,,2026-08-13T00:00:00-04:00,2026-08-19T23:59:59-04:00,,36577.6,-2063.1,36857.5,-2408.89,http://f.wishabi.net/page_items/430253736/1786500161/extra_large.jpg
Walmart,8072271,1032277470,KPop Demon Hunters notebooks,,7.97,,,,$7.97,,2026-08-13T00:00:00-04:00,2026-09-16T23:59:59-04:00,,17522.7,-1649.62,17644.6,-1773.35,http://f.wishabi.net/page_items/430240117/1786401083/extra_large.jpg
Walmart,8072271,1032277407,KPop Demon Hunters pencil cases,,7.97,,,,$7.97,,2026-08-13T00:00:00-04:00,2026-09-16T23:59:59-04:00,,17522.7,-1568.62,17656.6,-1646.35,http://f.wishabi.net/page_items/430239934/1786401078/extra_large.jpg
Walmart,8072271,1032574452,"KPop Demon Hunters pencil cases, notebook or journals",,7.97,,,,$7.97,,2026-08-13T00:00:00-04:00,2026-09-16T23:59:59-04:00,,9684.39,-1988.82,9785.39,-2125.82,http://f.wishabi.net/page_items/430356419/1786500164/extra_large.jpg
Walmart,8072271,1032574449,"KPop Demon Hunters pencil cases, notebooks or journals",,7.97,,,,$7.97,,2026-08-13T00:00:00-04:00,2026-09-16T23:59:59-04:00,,9816.99,-1906.36,9916.99,-2029.36,http://f.wishabi.net/page_items/430356405/1786500164/extra_large.jpg
Walmart,8072271,1032277398,KPop Demon Hunters pens,,12.97,,,,$12.97,,2026-08-13T00:00:00-04:00,2026-09-16T23:59:59-04:00,,17498.7,-2195.99,17670.0,-2366.83,http://f.wishabi.net/page_items/430239922/1786401077/extra_large.jpg
Walmart,8072271,1031779627,Kendamil organic powder infant formula,Kendamil,49.97,,,,$49.97,,2026-08-13T00:00:00-04:00,2026-08-19T23:59:59-04:00,,38100.8,-1127.33,38397.1,-1395.71,http://f.wishabi.net/page_items/429899424/1786396480/extra_large.jpg
Walmart,8072271,1031780939,Kendamil ready-to-feed infant formula,Kendamil,29.97,,,,$29.97,,2026-08-13T00:00:00-04:00,2026-08-19T23:59:59-04:00,,38414.6,-573.71,38707.3,-838.94,http://f.wishabi.net/page_items/429899422/1786396479/extra_large.jpg
Walmart,8072271,1032945305,Keurig K-Express Essentials Single-Serve Coffee Maker,Keurig,74.98,,,,$74.98,,2026-08-13T00:00:00-04:00,2026-08-19T23:59:59-04:00,,7976.88,-1776.66,8101.33,-1994.8,http://f.wishabi.net/page_items/430536725/1786586786/extra_large.jpg
Walmart,8072271,1032945193,Keurig K-Express Essentials single-serve coffeemaker,Keurig,74.98,,,,$74.98,,2026-08-13T00:00:00-04:00,2026-08-19T23:59:59-04:00,,7839.33,-1776.66,7977.88,-1994.8,http://f.wishabi.net/page_items/430536585/1786586773/extra_large.jpg
Walmart,8033586,1026865278,Keurig® K-Express Essentials® single-serve coffee maker,Keurig,74.98,,,,$74.98,,2026-07-30T00:00:00-04:00,2026-09-16T23:59:59-04:00,,6244.79,-1539.55,6567.29,-2193.35,http://f.wishabi.net/page_items/427380832/1784303063/extra_large.jpg
Walmart,8033586,1026878982,Keurig® K-Mini Mate™ Plus single-serve coffee maker,Keurig,119.98,,,,$119.98,,2026-07-30T00:00:00-04:00,2026-09-16T23:59:59-04:00,,6270.62,-975.85,6459.0,-1324.2,http://f.wishabi.net/page_items/427466391/1784303067/extra_large.jpg
Walmart,8072271,1032945128,Kid's licensed graphic tee,,10.0,,,,$10.0,,2026-08-13T00:00:00-04:00,2026-08-19T23:59:59-04:00,,8261.1,-190.85,8320.29,-319.71,http://f.wishabi.net/page_items/430536537/1786586761/extra_large.jpg
Walmart,8033586,1026869559,Kids Ddrops® Booster liquid vitamin D3,DDROPS,10.97,,,,$10.97,,2026-07-30T00:00:00-04:00,2026-09-16T23:59:59-04:00,,10584.0,-1570.45,10911.6,-2487.67,http://f.wishabi.net/page_items/427380369/1784382303/extra_large.jpg
Walmart,8033586,1026868438,Kids Ddrops® probiotic drops,,13.47,,,,$13.47,,2026-07-30T00:00:00-04:00,2026-09-16T23:59:59-04:00,,10913.4,-1682.23,11187.3,-2484.03,http://f.wishabi.net/page_items/427380364/1784382302/extra_large.jpg
Walmart,8072271,1032945076,Kids' Scissors,,1.0,,,,$1.0,,2026-08-13T00:00:00-04:00,2026-08-19T23:59:59-04:00,,6976.35,-170.47,7037.33,-305.99,http://f.wishabi.net/page_items/430538538/1786586778/extra_large.jpg
Walmart,8033586,1033127784,Kids' apparel,,,,,,,,2026-07-30T00:00:00-04:00,2026-09-16T23:59:59-04:00,,42.53,-2110.05,350.44,-2516.89,http://f.wishabi.net/page_items/427758924/1784307385/extra_large.jpg
Walmart,8072271,1032945219,Kids' athletic shoes,,24.0,,,,$24.0,,2026-08-13T00:00:00-04:00,2026-08-19T23:59:59-04:00,,7845.5,-724.31,7984.5,-789.31,http://f.wishabi.net/page_items/430536612/1786586777/extra_large.jpg
Walmart,8072271,1032944966,Kids' bento lunch box,,8.97,,,,$8.97,,2026-08-13T00:00:00-04:00,2026-08-19T23:59:59-04:00,,6854.12,-575.92,7143.25,-767.56,http://f.wishabi.net/page_items/430538432/1786586760/extra_large.jpg
Walmart,8072271,1032945133,Kids' indoor/outdoor slippers,,18.0,,,,$18.0,,2026-08-13T00:00:00-04:00,2026-08-19T23:59:59-04:00,,7948.7,-934.2,8061.5,-984.38,http://f.wishabi.net/page_items/430536540/1786586762/extra_large.jpg
Walmart,8072271,1032945154,Kids' licensed graphic tee,,10.0,,,,$10.0,,2026-08-13T00:00:00-04:00,2026-08-19T23:59:59-04:00,,7829.9,-189.33,8117.9,-631.45,http://f.wishabi.net/page_items/430536557/1786586766/extra_large.jpg
Walmart,8033586,1032472186,Kids' or toddlers licensed athletic shoes,,29.97,,,,$29.97,,2026-07-30T00:00:00-04:00,2026-09-16T23:59:59-04:00,,20464.5,-1300.63,20729.9,-1396.64,http://f.wishabi.net/page_items/430308594/1786461964/extra_large.jpg
Walmart,8072271,1032945164,Kids' or toddlers' athletic shoes,,15.0,,,,$15.0,,2026-08-13T00:00:00-04:00,2026-08-19T23:59:59-04:00,,8234.36,-416.53,8364.78,-482.53,http://f.wishabi.net/page_items/430536565/1786586769/extra_large.jpg
Walmart,8072271,1032945237,Kids' or toddlers' licensed athletic shoes,,29.97,,,,$29.97,,2026-08-13T00:00:00-04:00,2026-08-19T23:59:59-04:00,,8549.03,-667.08,8605.42,-719.64,http://f.wishabi.net/page_items/430536623/1786586779/extra_large.jpg
Walmart,8033586,1032472136,Kids' or toddlers' licensed athletic shoes,,29.97,,,,$29.97,,2026-07-30T00:00:00-04:00,2026-09-16T23:59:59-04:00,,20493.7,-1120.72,20733.9,-1235.17,http://f.wishabi.net/page_items/430308404/1786461962/extra_large.jpg
Walmart,8072271,1032945071,Kids' scissors,Kids,1.0,,,,$1.0,,2026-08-13T00:00:00-04:00,2026-08-19T23:59:59-04:00,,6910.35,-168.47,6971.33,-303.99,http://f.wishabi.net/page_items/430538531/1786586777/extra_large.jpg
Walmart,8072271,1032576708,Kinder Chocolate,Kinder,1.98,,,,$1.98,,2026-08-13T00:00:00-04:00,2026-09-16T23:59:59-04:00,,28396.4,-981.48,29280.5,-1725.04,http://f.wishabi.net/page_items/430356517/1786500161/extra_large.jpg
Walmart,8072271,1032576734,Kinder Chocolate 6-pack or Kinder Surprise' 3-pack,Kinder,5.48,,,,$5.48,,2026-08-13T00:00:00-04:00,2026-09-16T23:59:59-04:00,,28444.4,-2016.15,28926.7,-2270.49,http://f.wishabi.net/page_items/430357160/1786500169/extra_large.jpg
Walmart,8072271,1032576705,Kinder Chocolate 6-pack or Kinder Surprises 3-pack,Kinder,5.48,,,,$5.48,,2026-08-13T00:00:00-04:00,2026-09-16T23:59:59-04:00,,28703.8,-1825.46,29216.6,-2016.32,http://f.wishabi.net/page_items/430356471/1786500160/extra_large.jpg
Walmart,8033586,1027060593,Kotex Bamboo or Biocare pads or liners 24-pack,Kotex,9.48,,,,$9.48,,2026-07-30T00:00:00-04:00,2026-09-16T23:59:59-04:00,,9716.75,-1975.94,9929.06,-2234.74,http://f.wishabi.net/page_items/427708026/1784303067/extra_large.jpg
Walmart,8033586,1026865382,Kotex Teen pads 26-pack,Kotex,7.97,,,,$7.97,,2026-07-30T00:00:00-04:00,2026-09-16T23:59:59-04:00,,9559.73,-1725.53,9773.33,-1964.51,http://f.wishabi.net/page_items/427380799/1784303063/extra_large.jpg
Walmart,8072271,1032574447,Kpop Demon Hunters Pencils Cases,,7.97,,,,$7.97,,2026-08-13T00:00:00-04:00,2026-09-16T23:59:59-04:00,,9687.71,-1901.7,9810.71,-1969.7,http://f.wishabi.net/page_items/430356395/1786500163/extra_large.jpg
Walmart,8072271,1033332903,Kraft Dinner Cheesy Ramen,,3.47,,,,$3.47,,2026-08-13T00:00:00-04:00,2026-08-19T23:59:59-04:00,,42118.3,-1403.98,42356.3,-1662.6,http://f.wishabi.net/page_items/430685905/1786718531/extra_large.jpg
Walmart,8072271,1033332909,Kraft Dinner Deluxe Entrees,Kraft,5.47,,,,$5.47,,2026-08-13T00:00:00-04:00,2026-08-19T23:59:59-04:00,,42159.5,-774.34,42354.5,-920.34,http://f.wishabi.net/page_items/430685921/1786718535/extra_large.jpg
Walmart,8072271,1033332906,Kraft Dinner Deluxe entrees,Kraft,5.47,,,,$5.47,,2026-08-13T00:00:00-04:00,2026-08-19T23:59:59-04:00,,42116.6,-661.46,42313.0,-768.28,http://f.wishabi.net/page_items/430685913/1786718533/extra_large.jpg
Walmart,8072271,1033332908,Kraft Dinner White Cheddar Macaroni and Cheese,Kraft,2.27,,,,$2.27,,2026-08-13T00:00:00-04:00,2026-08-19T23:59:59-04:00,,42193.3,-1846.57,42596.5,-2390.75,http://f.wishabi.net/page_items/430685918/1786718534/extra_large.jpg
Walmart,8072271,1033332912,Kraft Dinner cheesy ramen,Kraft,3.47,,,,$3.47,,2026-08-13T00:00:00-04:00,2026-08-19T23:59:59-04:00,,42357.5,-1521.34,42565.5,-1777.34,http://f.wishabi.net/page_items/430685927/1786718537/extra_large.jpg
Walmart,8072271,1033332905,Kraft Dinner macaroni and cheese,Kraft,1.27,,,,$1.27,,2026-08-13T00:00:00-04:00,2026-08-19T23:59:59-04:00,,41704.1,-652.23,42079.6,-946.28,http://f.wishabi.net/page_items/430685911/1786718532/extra_large.jpg
Walmart,8072271,1032576817,Kruzer 200 folding scooter,,99.97,,,,$99.97,,2026-08-13T00:00:00-04:00,2026-09-16T23:59:59-04:00,,33589.8,-1109.12,33940.9,-1399.28,http://f.wishabi.net/page_items/430352423/1786500174/extra_large.jpg
Walmart,8072271,1032338764,Ktaxon 4-drawer dresser,Ktaxon,100.99,,,,$100.99,,2026-08-13T00:00:00-04:00,2026-08-19T23:59:59-04:00,,36576.6,-1360.89,36859.1,-1696.88,http://f.wishabi.net/page_items/430253710/1786500157/extra_large.jpg
Walmart,8072271,1032945896,L'Oréal Paris Hair Expertise conditioner,L'Oréal,5.98,,,,$5.98,,2026-08-13T00:00:00-04:00,2026-08-19T23:59:59-04:00,,38778.2,-470.38,38836.5,-723.16,http://f.wishabi.net/page_items/430536299/1786587806/extra_large.jpg
Walmart,8072271,1032945932,L'Oréal Paris Hair Expertise shampoo,L'Oréal,5.98,,,,$5.98,,2026-08-13T00:00:00-04:00,2026-08-19T23:59:59-04:00,,38836.2,-508.38,38928.5,-761.16,http://f.wishabi.net/page_items/430536344/1786587818/extra_large.jpg
Walmart,8072271,1032945931,L. Ultra Thin Overnight Pads 36s,,12.47,,,,$12.47,,2026-08-13T00:00:00-04:00,2026-08-19T23:59:59-04:00,,38797.2,-199.95,38943.8,-336.24,http://f.wishabi.net/page_items/430536343/1786587817/extra_large.jpg
Walmart,8072271,1032945893,L. Ultra Thin Overnight Pads 36s or Multipack Tampons 30s,,12.47,,,,$12.47,,2026-08-13T00:00:00-04:00,2026-08-19T23:59:59-04:00,,38947.2,-185.95,39058.8,-329.24,http://f.wishabi.net/page_items/430536298/1786587806/extra_large.jpg
Walmart,8033586,1026868871,"LG 65"" UA7500 4K UHD Smart TV",LG,598.0,,,,$598.0,,2026-07-30T00:00:00-04:00,2026-09-16T23:59:59-04:00,,4264.33,-495.11,4552.98,-1023.0,http://f.wishabi.net/page_items/427380906/1784386834/extra_large.jpg
Walmart,8033586,1026867784,LG UA7500 Smart TV,LG,328.0,,,,$328.0,,2026-07-30T00:00:00-04:00,2026-09-16T23:59:59-04:00,,3971.81,-462.95,4261.54,-1027.55,http://f.wishabi.net/page_items/427380907/1784386835/extra_large.jpg
Walmart,8072271,1033389839,Lafleur pork and beef sausages,Lafleur,8.98,,,,$8.98,,2026-08-13T00:00:00-04:00,2026-08-19T23:59:59-04:00,,661.32,-933.97,943.76,-1226.52,http://f.wishabi.net/page_items/430724018/1786753904/extra_large.jpg
Walmart,8080972,1032870651,Lambchop Cat Toy,Lambchop,4.97,,,,$4.97,,2026-08-13T00:00:00-04:00,2026-08-19T23:59:59-04:00,,5399.27,-2816.23,5747.04,-3406.89,http://f.wishabi.net/page_items/430250956/1786395239/extra_large.jpg
Walmart,8072271,1033389834,Large seedless watermelon,,4.98,,,,$4.98,,2026-08-13T00:00:00-04:00,2026-08-19T23:59:59-04:00,,490.05,-617.55,943.95,-906.81,http://f.wishabi.net/page_items/430724016/1786753904/extra_large.jpg
Walmart,8072271,1032945042,LaserJet M110w printer,,99.98,,,,$99.98,,2026-08-13T00:00:00-04:00,2026-08-19T23:59:59-04:00,,7158.28,-990.0,7459.82,-1193.34,http://f.wishabi.net/page_items/430538493/1786586772/extra_large.jpg
Walmart,8072271,1033389862,Lay's chips,Lay's,2.97,,,,$2.97,,2026-08-13T00:00:00-04:00,2026-08-19T23:59:59-04:00,,190.04,-1987.77,327.8,-2174.99,http://f.wishabi.net/page_items/430724045/1786753908/extra_large.jpg
Walmart,8072271,1032338639,"Lecuneey 10"" gel memory foam mattress",,158.99,,,,$158.99,,2026-08-13T00:00:00-04:00,2026-08-19T23:59:59-04:00,,36873.9,-1004.37,37153.7,-1347.65,http://f.wishabi.net/page_items/430253677/1786500153/extra_large.jpg
Walmart,8033586,1032472721,Levi Strauss Signature Women's relaxed fit denim shirt,Levi Strauss Signature,34.98,,,,$34.98,,2026-07-30T00:00:00-04:00,2026-09-16T23:59:59-04:00,,24179.9,-1192.68,24353.3,-1399.2,http://f.wishabi.net/page_items/430308377/1786464814/extra_large.jpg
Walmart,8072271,1032945000,Licensed Backpack and Lunch Bag Set,,19.97,,,,$19.97,,2026-08-13T00:00:00-04:00,2026-08-19T23:59:59-04:00,,6852.36,-777.88,6963.32,-905.82,http://f.wishabi.net/page_items/430538443/1786586765/extra_large.jpg
Walmart,8072271,1032945110,Licensed backpack and lunch bag set,,19.97,,,,$19.97,,2026-08-13T00:00:00-04:00,2026-08-19T23:59:59-04:00,,6968.36,-768.88,7079.32,-896.82,http://f.wishabi.net/page_items/430538568/1786586783/extra_large.jpg
Walmart,8072271,1032945123,Licensed hoodie,,20.0,,,,$20.0,,2026-08-13T00:00:00-04:00,2026-08-19T23:59:59-04:00,,8456.75,-185.23,8745.24,-631.28,http://f.wishabi.net/page_items/430536535/1786586759/extra_large.jpg
Walmart,8072271,1032575610,Licensed lunch bag,,11.97,,,,$11.97,,2026-08-13T00:00:00-04:00,2026-09-16T23:59:59-04:00,,22605.4,-33.58,22855.8,-304.44,http://f.wishabi.net/page_items/430349514/1786500165/extra_large.jpg
Walmart,8072271,1032945095,Licensed lunch bag,,11.97,,,,$11.97,,2026-08-13T00:00:00-04:00,2026-08-19T23:59:59-04:00,,7311.21,-575.65,7455.38,-690.54,http://f.wishabi.net/page_items/430538552/1786586781/extra_large.jpg
Walmart,8072271,1032277353,Licensed pencil boxes,,11.98,,,,$11.98,,2026-08-13T00:00:00-04:00,2026-09-16T23:59:59-04:00,,17491.1,-1184.19,17650.1,-1283.28,http://f.wishabi.net/page_items/430239774/1786401073/extra_large.jpg
Walmart,8080972,1032870867,Litter Genie Litterbox,Litter Genie,29.67,,,,$29.67,,2026-08-13T00:00:00-04:00,2026-08-19T23:59:59-04:00,,9643.9,-1515.3,9991.67,-2105.96,http://f.wishabi.net/page_items/429768448/1785960820/extra_large.jpg
Walmart,8080972,1032870964,Living World Timothy Hay,Living World,16.98,,,,$16.98,,2026-08-13T00:00:00-04:00,2026-08-19T23:59:59-04:00,,11578.5,-729.59,11926.3,-1320.25,http://f.wishabi.net/page_items/429768468/1785960818/extra_large.jpg
Walmart,8072271,1032574473,Logitech USB computer headset,Logitech,19.98,,,,$19.98,,2026-08-13T00:00:00-04:00,2026-09-16T23:59:59-04:00,,10479.5,-2067.79,10979.1,-2481.34,http://f.wishabi.net/page_items/430349232/1786500164/extra_large.jpg
Walmart,8072271,1032574564,Logitech wireless keyboard and mouse,Logitech,29.98,,,,$29.98,,2026-08-13T00:00:00-04:00,2026-09-16T23:59:59-04:00,,13796.7,-2052.51,14255.5,-2506.09,http://f.wishabi.net/page_items/430352667/1786500162/extra_large.jpg
Walmart,8072271,1032574569,Logitech wireless mouse,,19.98,,,,$19.98,,2026-08-13T00:00:00-04:00,2026-09-16T23:59:59-04:00,,14259.1,-2049.84,14722.6,-2501.61,http://f.wishabi.net/page_items/430352728/1786500162/extra_large.jpg
Walmart,8072271,1031780283,Love Child Organics fruit purees,LOVE CHILD,1.97,,,,$1.97,,2026-08-13T00:00:00-04:00,2026-08-19T23:59:59-04:00,,38099.2,-567.03,38252.7,-754.76,http://f.wishabi.net/page_items/429899528/1786396487/extra_large.jpg
Walmart,8072271,1032035929,Lysol all-purpose cleaner,Lysol,5.47,,,,$5.47,,2026-08-13T00:00:00-04:00,2026-09-16T23:59:59-04:00,,35459.8,-1049.07,35572.5,-1255.65,http://f.wishabi.net/page_items/430012419/1786217442/extra_large.jpg
Walmart,8072271,1032035885,Lysol all-purpose cleaner 950 mL,,5.47,,,,$5.47,,2026-08-13T00:00:00-04:00,2026-09-16T23:59:59-04:00,,34977.8,-2238.62,35157.3,-2376.24,http://f.wishabi.net/page_items/429916847/1786217446/extra_large.jpg
Walmart,8072271,1032035880,Lysol disinfecting wipes 75s,Lysol,5.47,,,,$5.47,,2026-08-13T00:00:00-04:00,2026-09-16T23:59:59-04:00,,34856.5,-2257.28,34980.1,-2376.24,http://f.wishabi.net/page_items/429916846/1786217445/extra_large.jpg
Walmart,8072271,1032035933,Lysol multi-surface pours,Lysol,3.97,,,,$3.97,,2026-08-13T00:00:00-04:00,2026-09-16T23:59:59-04:00,,35855.6,-1076.84,35995.1,-1420.9,http://f.wishabi.net/page_items/430012422/1786217443/extra_large.jpg
Walmart,8072271,1032035914,Lysol toilet bowl cleaner or multi-surface pours,Lysol,3.97,,,,$3.97,,2026-08-13T00:00:00-04:00,2026-09-16T23:59:59-04:00,,35730.1,-1076.84,35855.6,-1420.9,http://f.wishabi.net/page_items/430012410/1786217440/extra_large.jpg
Walmart,8072271,1032035920,Lysol wipes,Lysol,5.47,,,,$5.47,,2026-08-13T00:00:00-04:00,2026-09-16T23:59:59-04:00,,35306.0,-1081.61,35385.4,-1255.65,http://f.wishabi.net/page_items/430012413/1786217441/extra_large.jpg
Walmart,8072271,1032035924,Lysol wipes 75s - 84s,Lysol,5.47,,,,$5.47,,2026-08-13T00:00:00-04:00,2026-09-16T23:59:59-04:00,,35385.4,-1081.61,35459.4,-1255.65,http://f.wishabi.net/page_items/430012416/1786217441/extra_large.jpg
Walmart,8072271,1032544060,"MERACH 3.5HP Treadmill with 15% Auto Incline, Folding Treadmill for Home with Bluetooth Speaker, APP, 350 lbs Capacity",,527.99,,,,$527.99,,2026-08-13T00:00:00-04:00,2026-08-19T23:59:59-04:00,,8790.21,-1970.09,9032.49,-2435.42,http://f.wishabi.net/page_items/430370445/1786485744/extra_large.jpg
Walmart,8072271,1033389817,MadeGood Granola Bars,Made Good,2.28,,,,$2.28,,2026-08-13T00:00:00-04:00,2026-08-19T23:59:59-04:00,,46.48,-1681.9,188.45,-1850.37,http://f.wishabi.net/page_items/430723992/1786753901/extra_large.jpg
Walmart,8072271,1031501412,MadeGood cookie bites,Made Good,2.78,,,,$2.78,,2026-08-13T00:00:00-04:00,2026-08-19T23:59:59-04:00,,2282.47,-2182.37,2433.91,-2383.35,http://f.wishabi.net/page_items/429801139/1786394144/extra_large.jpg
Walmart,8072271,1033389933,MadeGood granola bars,Made Good,2.28,,,,$2.28,,2026-08-13T00:00:00-04:00,2026-08-19T23:59:59-04:00,,199.03,-1680.45,341.0,-1848.92,http://f.wishabi.net/page_items/430724076/1786753913/extra_large.jpg
Walmart,8033586,1026861573,Mainstays 0.7-cu. ft. microwave,Mainstays,69.97,,,,$69.97,,2026-07-30T00:00:00-04:00,2026-09-16T23:59:59-04:00,,6414.63,-98.44,6737.33,-306.02,http://f.wishabi.net/page_items/427380834/1784303065/extra_large.jpg
Walmart,8033586,1032487636,"Mainstays 16"" x 16 2-pack cushions",Mainstays,22.98,,,,$22.98,,2026-07-30T00:00:00-04:00,2026-09-16T23:59:59-04:00,,1402.99,-1744.16,1849.71,-1954.33,http://f.wishabi.net/page_items/430304157/1786467240/extra_large.jpg
Walmart,8033586,1032487661,Mainstays 16-piece bath set,Mainstays,29.74,,,,$29.74,,2026-07-30T00:00:00-04:00,2026-09-16T23:59:59-04:00,,2148.63,-1060.25,3119.82,-2021.49,http://f.wishabi.net/page_items/430305606/1786467287/extra_large.jpg
Walmart,8033586,1032487663,Mainstays 2-pack bath towels,,16.92,,,,$16.92,,2026-07-30T00:00:00-04:00,2026-09-16T23:59:59-04:00,,2779.02,-2043.71,3076.53,-2305.35,http://f.wishabi.net/page_items/430305784/1786467289/extra_large.jpg
Walmart,8033586,1027063924,Mainstays 2—slice toaster,Mainstays,9.98,,,,$9.98,,2026-07-30T00:00:00-04:00,2026-09-16T23:59:59-04:00,,6741.5,-142.84,6844.5,-302.84,http://f.wishabi.net/page_items/427708283/1784303069/extra_large.jpg
Walmart,8033586,1032487642,Mainstays 3-drawer dresser,Mainstays,98.0,,,,$98.0,,2026-07-30T00:00:00-04:00,2026-09-16T23:59:59-04:00,,1961.0,-363.0,2030.0,-598.0,http://f.wishabi.net/page_items/430304308/1786467244/extra_large.jpg
Walmart,8033586,1032487641,Mainstays 4' x 6' area rug,Mainstays,69.87,,,,$69.87,,2026-07-30T00:00:00-04:00,2026-09-16T23:59:59-04:00,,1525.0,-619.0,2009.0,-806.0,http://f.wishabi.net/page_items/430304287/1786467243/extra_large.jpg
Walmart,8072271,1032035843,Mainstays 6-cube storage organizer,,39.97,,,,$39.97,,2026-08-13T00:00:00-04:00,2026-09-16T23:59:59-04:00,,34783.3,-1208.99,35172.6,-1522.64,http://f.wishabi.net/page_items/429840499/1786217437/extra_large.jpg
Walmart,8033586,1032487662,Mainstays 8-pack washcloths,Mainstays,9.92,,,,$9.92,,2026-07-30T00:00:00-04:00,2026-09-16T23:59:59-04:00,,2489.91,-2053.71,2738.15,-2306.9,http://f.wishabi.net/page_items/430305765/1786467288/extra_large.jpg
Walmart,8033586,1032487640,Mainstays Cozy throws,Mainstays,24.98,,,,$24.98,,2026-07-30T00:00:00-04:00,2026-09-16T23:59:59-04:00,,1585.45,-438.23,1953.26,-560.03,http://f.wishabi.net/page_items/430304264/1786467243/extra_large.jpg
Walmart,8072271,1032945150,Mainstays Density pillow,Mainstays,10.47,,,,$10.47,,2026-08-13T00:00:00-04:00,2026-08-19T23:59:59-04:00,,7832.06,-1331.45,8276.98,-1540.62,http://f.wishabi.net/page_items/430536552/1786586766/extra_large.jpg
Walmart,8033586,1032487665,Mainstays Novelty Bath Mat,Mainstays,9.92,,,,$9.92,,2026-07-30T00:00:00-04:00,2026-09-16T23:59:59-04:00,,2143.54,-2330.4,3126.24,-2524.14,http://f.wishabi.net/page_items/430305936/1786467290/extra_large.jpg
Walmart,8033586,1030255362,Mainstays RGB colour-change floor lamp,Mainstays,49.97,,,,$49.97,,2026-07-30T00:00:00-04:00,2026-09-16T23:59:59-04:00,,3703.83,-840.32,3762.76,-1321.11,http://f.wishabi.net/page_items/429173356/1785429055/extra_large.jpg
Walmart,8033586,1030255352,Mainstays black or gold aluminum curved mirror,Mainstays,79.97,,,,$79.97,,2026-07-30T00:00:00-04:00,2026-09-16T23:59:59-04:00,,3502.21,-263.12,3613.88,-415.12,http://f.wishabi.net/page_items/429173325/1785429052/extra_large.jpg
Walmart,8033586,1032487648,Mainstays furniture,,,,,,,,2026-07-30T00:00:00-04:00,2026-09-16T23:59:59-04:00,,1369.31,-409.31,1497.92,-567.61,http://f.wishabi.net/page_items/430304396/1786467246/extra_large.jpg
Walmart,8033586,1032475384,Mainstays kitchen gadgets,Mainstays,2.97,,,,$2.97,,2026-07-30T00:00:00-04:00,2026-09-16T23:59:59-04:00,,5046.3,-248.61,5100.21,-477.5,http://f.wishabi.net/page_items/430308269/1786466275/extra_large.jpg
Walmart,8033586,1032475398,Mainstays kitchen gadgets,,,,,,,,2026-07-30T00:00:00-04:00,2026-09-16T23:59:59-04:00,,4913.18,-807.42,5116.07,-928.23,http://f.wishabi.net/page_items/430308438/1786466278/extra_large.jpg
Walmart,8033586,1030255356,Mainstays lift-top coffee table,Mainstays,128.0,,,,$128.0,,2026-07-30T00:00:00-04:00,2026-09-16T23:59:59-04:00,,3480.0,-527.96,3723.0,-575.96,http://f.wishabi.net/page_items/429173335/1785429053/extra_large.jpg
Walmart,8033586,1030255354,Mainstays studio grey futon,Mainstays,178.0,,,,$178.0,,2026-07-30T00:00:00-04:00,2026-09-16T23:59:59-04:00,,3286.63,-429.97,3562.61,-472.17,http://f.wishabi.net/page_items/429173329/1785429053/extra_large.jpg
Walmart,8033586,1032487637,"Mainstays twin, double or queen bed in a bag",Mainstays,49.98,,,,$49.98,,2026-07-30T00:00:00-04:00,2026-09-16T23:59:59-04:00,,1380.35,-1955.5,2023.45,-2194.13,http://f.wishabi.net/page_items/430304175/1786467241/extra_large.jpg
Walmart,8072271,1031502083,Maple Leaf fresh air-chilled boneless skinless chicken thighs 12-pack,Maple Leaf,7.75,,,,$7.75,,2026-08-13T00:00:00-04:00,2026-08-19T23:59:59-04:00,,4404.71,-519.81,4841.27,-814.69,http://f.wishabi.net/page_items/429801370/1785993226/extra_large.jpg
Walmart,8072271,1033389851,Maple Leaf fresh chicken leg quarters,Maple Leaf,3.17,,,,$3.17,,2026-08-13T00:00:00-04:00,2026-08-19T23:59:59-04:00,,34.03,-930.96,316.64,-1224.24,http://f.wishabi.net/page_items/430724037/1786753906/extra_large.jpg
Walmart,8072271,1031501428,Maple Leaf half ham,Maple Leaf,10.97,,,,$10.97,,2026-08-13T00:00:00-04:00,2026-08-19T23:59:59-04:00,,2445.34,-943.66,2656.03,-1037.84,http://f.wishabi.net/page_items/429801158/1786394147/extra_large.jpg
Walmart,8072271,1031501425,Maple Leaf hot dogs,Maple Leaf,3.97,,,,$3.97,,2026-08-13T00:00:00-04:00,2026-08-19T23:59:59-04:00,,1984.42,-939.44,2190.97,-1104.16,http://f.wishabi.net/page_items/429801155/1786394146/extra_large.jpg
Walmart,8072271,1031501406,Marcangelo fresh chicken or pork kabobs,Marcangelo Chicken,9.97,,,,$9.97,,2026-08-13T00:00:00-04:00,2026-08-19T23:59:59-04:00,,2458.73,-726.41,2688.99,-872.15,http://f.wishabi.net/page_items/429801126/1786394142/extra_large.jpg
Walmart,8072271,1031565471,Marcangelo fresh pork kabobs,Marcangelo,9.97,,,,$9.97,,2026-08-13T00:00:00-04:00,2026-08-19T23:59:59-04:00,,2695.73,-666.41,2880.99,-804.15,http://f.wishabi.net/page_items/429806797/1786394153/extra_large.jpg
Walmart,8033586,1032472027,Mario licensed backpack,,24.97,,,,$24.97,,2026-07-30T00:00:00-04:00,2026-09-16T23:59:59-04:00,,19856.0,-2233.83,20163.9,-2532.74,http://f.wishabi.net/page_items/430304173/1786461855/extra_large.jpg
Walmart,8072271,1031502068,Marutai ramen vegetarian,,2.98,,,,$2.98,,2026-08-13T00:00:00-04:00,2026-08-19T23:59:59-04:00,,4081.9,-1501.09,4226.31,-1787.68,http://f.wishabi.net/page_items/429801344/1785993222/extra_large.jpg
Walmart,8072271,1031563747,Marutai vegetarian ramen,Marutai,2.98,,,,$2.98,,2026-08-13T00:00:00-04:00,2026-08-19T23:59:59-04:00,,3943.79,-1483.09,4088.2,-1769.68,http://f.wishabi.net/page_items/429805791/1785993230/extra_large.jpg
Walmart,8072271,1032575423,Math Roller Addition stamps,,12.97,,,,$12.97,,2026-08-13T00:00:00-04:00,2026-09-16T23:59:59-04:00,,20426.3,-92.22,20717.9,-633.16,http://f.wishabi.net/page_items/430349054/1786500159/extra_large.jpg
Walmart,8072271,1032575456,Math Roller Symbols Addition stamps,,12.97,,,,$12.97,,2026-08-13T00:00:00-04:00,2026-09-16T23:59:59-04:00,,20170.0,-87.22,20426.1,-626.16,http://f.wishabi.net/page_items/430349787/1786500162/extra_large.jpg
Walmart,8072271,1032945944,Maui conditioner,Maui,9.93,,,,$9.93,,2026-08-13T00:00:00-04:00,2026-08-19T23:59:59-04:00,,39480.7,-2025.03,39557.6,-2242.76,http://f.wishabi.net/page_items/430536371/1786587823/extra_large.jpg
Walmart,8072271,1032945934,Maybelline New York Fit Me concealers and powders,Maybelline,11.48,,,,$11.48,,2026-08-13T00:00:00-04:00,2026-08-19T23:59:59-04:00,,38985.5,-829.78,39048.5,-1045.79,http://f.wishabi.net/page_items/430536351/1786587819/extra_large.jpg
Walmart,8072271,1031501780,McCafé ground coffee,McCafé,25.97,,,,$25.97,,2026-08-13T00:00:00-04:00,2026-08-19T23:59:59-04:00,,3564.61,-1291.76,3843.96,-1546.05,http://f.wishabi.net/page_items/429801586/1786394448/extra_large.jpg
Walmart,8072271,1031541343,McCain Superfries,McCain,2.77,,,,$2.77,,2026-08-13T00:00:00-04:00,2026-08-19T23:59:59-04:00,,1181.78,-545.57,1273.13,-660.84,http://f.wishabi.net/page_items/429806336/1786393632/extra_large.jpg
Walmart,8072271,1031498790,McCain® Superfries,McCain,2.77,,,,$2.77,,2026-08-13T00:00:00-04:00,2026-08-19T23:59:59-04:00,,1091.78,-549.57,1183.13,-664.84,http://f.wishabi.net/page_items/429800989/1786393619/extra_large.jpg
Walmart,8072271,1031780904,Medela Pump In Style hands-free breast pump,Medela,198.0,,,,$198.0,,2026-08-13T00:00:00-04:00,2026-08-19T23:59:59-04:00,,38414.6,-1131.77,38707.1,-1392.8,http://f.wishabi.net/page_items/429899426/1786396480/extra_large.jpg
Walmart,8033586,1032472706,Men's loose cargo jean,,36.98,,,,$36.98,,2026-07-30T00:00:00-04:00,2026-09-16T23:59:59-04:00,,24031.4,-1396.16,24163.9,-1680.54,http://f.wishabi.net/page_items/430308365/1786464814/extra_large.jpg
Walmart,8033586,1032472674,Men's original denim shirt,,34.98,,,,$34.98,,2026-07-30T00:00:00-04:00,2026-09-16T23:59:59-04:00,,24006.9,-1181.19,24175.5,-1391.11,http://f.wishabi.net/page_items/430308312/1786464813/extra_large.jpg
Walmart,8072271,1031502065,Mi Sedaap Mi Goreng fried noodle 5-pack,Mi Sedaap,2.47,,,,$2.47,,2026-08-13T00:00:00-04:00,2026-08-19T23:59:59-04:00,,3932.24,-1156.55,4373.61,-1471.34,http://f.wishabi.net/page_items/429801337/1785993207/extra_large.jpg
Walmart,8072271,1031501798,Michelina's frozen entrees,Michelina's,1.37,,,,$1.37,,2026-08-13T00:00:00-04:00,2026-08-19T23:59:59-04:00,,2981.95,-1279.47,3099.26,-1391.44,http://f.wishabi.net/page_items/429801604/1786394451/extra_large.jpg
Walmart,8033586,1032471928,Mickey Mouse and Friends bomber jacket,,27.99,,,,$27.99,,2026-07-30T00:00:00-04:00,2026-09-16T23:59:59-04:00,,19505.4,-1091.93,20183.9,-1750.46,http://f.wishabi.net/page_items/430304046/1786461851/extra_large.jpg
Walmart,8072271,1032945891,Mighty Patch 24s,Mighty Patch,12.67,,,,$12.67,,2026-08-13T00:00:00-04:00,2026-08-19T23:59:59-04:00,,39248.8,-1098.79,39369.8,-1317.48,http://f.wishabi.net/page_items/430536296/1786587805/extra_large.jpg
Walmart,8033586,1029681644,Mighty Patch Invisible acne pimple patches,,,,,,,,2026-07-30T00:00:00-04:00,2026-09-16T23:59:59-04:00,,12734.0,-1579.47,12953.0,-2001.47,http://f.wishabi.net/page_items/428845683/1785251379/extra_large.jpg
Walmart,8033586,1026879813,Mighty Patch Invisible acne pimple patches,HERO MIGHTY PATCH™,16.46,,,,$16.46,,2026-07-30T00:00:00-04:00,2026-09-16T23:59:59-04:00,,12696.1,-1420.18,12922.5,-1568.52,http://f.wishabi.net/page_items/427380750/1785251376/extra_large.jpg
Walmart,8080972,1032870528,"Milkbone Flavour Snacks Assorted Crunchy Biscuits, selected varieties",Milkbone,7.47,,,,$7.47,,2026-08-13T00:00:00-04:00,2026-08-19T23:59:59-04:00,,2338.52,-1104.96,2686.29,-1767.39,http://f.wishabi.net/page_items/429768375/1785960818/extra_large.jpg
Walmart,8033586,1032472010,Minecraft licensed backpack,,24.97,,,,$24.97,,2026-07-30T00:00:00-04:00,2026-09-16T23:59:59-04:00,,19535.5,-2207.02,19848.6,-2529.04,http://f.wishabi.net/page_items/430304168/1786461855/extra_large.jpg
Walmart,8033586,1032471955,Minecraft short-sleeved tee,Minecraft,13.0,,,,$13.0,,2026-07-30T00:00:00-04:00,2026-09-16T23:59:59-04:00,,19511.5,-42.71,19836.8,-526.64,http://f.wishabi.net/page_items/430304086/1786461852/extra_large.jpg
Walmart,8072271,1031501419,Mini Babybel cheese 6-pack,MIni Babybel,3.68,,,,$3.68,,2026-08-13T00:00:00-04:00,2026-08-19T23:59:59-04:00,,2292.15,-1916.35,2455.07,-2039.31,http://f.wishabi.net/page_items/429801148/1786394145/extra_large.jpg
Walmart,8072271,1031778332,Momcozy Portable Milk Warmer,,99.97,,,,$99.97,,2026-08-13T00:00:00-04:00,2026-08-19T23:59:59-04:00,,38100.4,-1412.38,38398.0,-1672.44,http://f.wishabi.net/page_items/429899414/1786396477/extra_large.jpg
Walmart,8072271,1032574465,Move-in-ready,,,,,,,,2026-08-13T00:00:00-04:00,2026-08-19T23:59:59-04:00,,10198.8,-818.25,10378.2,-1045.49,http://f.wishabi.net/page_items/430356610/1786500170/extra_large.jpg
Walmart,8072271,1032544013,"NEXPOW Electric Pressure Washer, 4000PSI Max 2.6 GPM Power Washer with 30 ft Hose, 4 Different Pressure Tips, Foam Cannon, Perfect for Cars, Patios",,150.99,,,,$150.99,,2026-08-13T00:00:00-04:00,2026-08-19T23:59:59-04:00,,8790.33,-616.09,9031.17,-691.46,http://f.wishabi.net/page_items/430370416/1786485734/extra_large.jpg
Walmart,8033586,1030255370,NICO PORT LAMP OLIVE,,,,,,,,2026-07-30T00:00:00-04:00,2026-09-16T23:59:59-04:00,,3248.0,-464.32,3286.0,-541.32,http://f.wishabi.net/page_items/429173378/1785429058/extra_large.jpg
Walmart,8072271,1031568847,Natrel 1% chocolate milk,Natrel,4.44,,,,$4.44,,2026-08-13T00:00:00-04:00,2026-08-19T23:59:59-04:00,,2983.31,-463.96,3398.5,-713.54,http://f.wishabi.net/page_items/429810315/1786394468/extra_large.jpg
Walmart,8072271,1031549266,Natrel Lactose Free,Natrel,5.48,,,,$5.48,,2026-08-13T00:00:00-04:00,2026-08-19T23:59:59-04:00,,3442.82,-456.96,3564.11,-711.21,http://f.wishabi.net/page_items/429810316/1786394469/extra_large.jpg
Walmart,8072271,1032576693,Natrel chocolate milk,Natrel,6.46,,,,$6.46,,2026-08-13T00:00:00-04:00,2026-09-16T23:59:59-04:00,,26116.1,-590.43,26658.3,-1036.45,http://f.wishabi.net/page_items/430356720/1786500165/extra_large.jpg
Walmart,8072271,1031568920,Natrel lactose free,Natrel,5.48,,,,$5.48,,2026-08-13T00:00:00-04:00,2026-08-19T23:59:59-04:00,,3561.78,-461.63,3662.08,-711.21,http://f.wishabi.net/page_items/429810317/1786394470/extra_large.jpg
Walmart,8072271,1032576697,Natrel lactose free ice cream,Natrel,5.48,,,,$5.48,,2026-08-13T00:00:00-04:00,2026-09-16T23:59:59-04:00,,26920.6,-647.77,27060.7,-804.73,http://f.wishabi.net/page_items/430356802/1786500166/extra_large.jpg
Walmart,8072271,1033390282,Natrel lactose free milk,Natrel,5.48,,,,$5.48,,2026-08-13T00:00:00-04:00,2026-09-16T23:59:59-04:00,,29694.0,-2219.91,29943.8,-2511.59,http://f.wishabi.net/page_items/430723934/1786754186/extra_large.jpg
Walmart,8072271,1032576689,Natrel raspberry ice cream mochi 6-pack or lactose free ice cream,Natrel,5.48,,,,$5.48,,2026-08-13T00:00:00-04:00,2026-09-16T23:59:59-04:00,,26744.0,-617.11,26901.7,-808.07,http://f.wishabi.net/page_items/430356680/1786500164/extra_large.jpg
Walmart,8072271,1033390281,Natrel vanilla Coffee creamer,Natrel,3.98,,,,$3.98,,2026-08-13T00:00:00-04:00,2026-09-16T23:59:59-04:00,,29971.4,-2213.58,30215.5,-2515.26,http://f.wishabi.net/page_items/430723924/1786754185/extra_large.jpg
Walmart,8072271,1031510661,Nature Valley bars,Nature Valley,2.47,,,,$2.47,,2026-08-13T00:00:00-04:00,2026-08-19T23:59:59-04:00,,1174.06,-1272.52,1312.65,-1420.27,http://f.wishabi.net/page_items/429806358/1786393636/extra_large.jpg
Walmart,8080972,1032870941,Nature's Miracle Stain And Odour Remover For Cats 17.5 Oz,Nature's Miracle,11.98,,,,$11.98,,2026-08-13T00:00:00-04:00,2026-08-19T23:59:59-04:00,,10423.5,-3404.67,10959.0,-4067.09,http://f.wishabi.net/page_items/429769905/1785962005/extra_large.jpg
Walmart,8080972,1032870945,Nature's Miracle Stain And Odour Remover For Cats 32 Ounces,Nature's Miracle,18.98,,,,$18.98,,2026-08-13T00:00:00-04:00,2026-08-19T23:59:59-04:00,,10986.6,-3403.21,11522.0,-4065.64,http://f.wishabi.net/page_items/429769906/1785962006/extra_large.jpg
Walmart,8072271,1033390278,Nature's Path EnviroKidz Organic Koala Crisp,Nature's Path,9.42,,,,$9.42,,2026-08-13T00:00:00-04:00,2026-09-16T23:59:59-04:00,,29458.4,-1878.73,29565.2,-2043.88,http://f.wishabi.net/page_items/430723889/1786754183/extra_large.jpg
Walmart,8072271,1033390288,Nature's Path Honey'D corn flakes,Nature's Path,9.42,,,,$9.42,,2026-08-13T00:00:00-04:00,2026-09-16T23:59:59-04:00,,29574.5,-1886.49,29683.3,-1995.79,http://f.wishabi.net/page_items/430724005/1786754189/extra_large.jpg
Walmart,8072271,1033390279,Nature's Path Love Crunch organic protein chocolate and almond butter,Nature's Path,5.98,,,,$5.98,,2026-08-13T00:00:00-04:00,2026-09-16T23:59:59-04:00,,29480.9,-1550.1,29664.2,-1809.98,http://f.wishabi.net/page_items/430723900/1786754184/extra_large.jpg
Walmart,8072271,1033390287,Nature's Path Love Crunch organic protein strawberry cheesecake granola,Nature's Path,5.98,,,,$5.98,,2026-08-13T00:00:00-04:00,2026-09-16T23:59:59-04:00,,29679.3,-1556.3,29860.5,-1805.33,http://f.wishabi.net/page_items/430723995/1786754188/extra_large.jpg
Walmart,8072271,1033390277,Nature's Path Organic Heritage flakes eco pac cereal,Nature's Path,9.42,,,,$9.42,,2026-08-13T00:00:00-04:00,2026-09-16T23:59:59-04:00,,29838.7,-1870.32,30219.6,-2187.1,http://f.wishabi.net/page_items/430723878/1786754182/extra_large.jpg
Walmart,8072271,1033389882,Nectarines 2 L,,5.44,,,,$5.44,,2026-08-13T00:00:00-04:00,2026-08-19T23:59:59-04:00,,549.22,-416.31,742.83,-614.35,http://f.wishabi.net/page_items/430724058/1786753910/extra_large.jpg
Walmart,8072271,1031498603,Nerds Gummy Clusters,Nerds,3.18,,,,$3.18,,2026-08-13T00:00:00-04:00,2026-08-19T23:59:59-04:00,,1666.39,-787.46,1760.35,-920.97,http://f.wishabi.net/page_items/429800971/1786393617/extra_large.jpg
Walmart,8072271,1032945199,Nespresso Vertuo Pop coffee and espresso maker by Breville,Nespresso,89.0,,,,$89.0,,2026-08-13T00:00:00-04:00,2026-08-19T23:59:59-04:00,,8300.27,-1778.48,8741.17,-1997.55,http://f.wishabi.net/page_items/430536592/1786586774/extra_large.jpg
Walmart,8033586,1026860872,Nespresso Vertuo Pop coffee and espresso maker by Breville,Nespresso,89.0,,,,$89.0,,2026-07-30T00:00:00-04:00,2026-09-16T23:59:59-04:00,,6590.19,-1545.81,6911.95,-2195.47,http://f.wishabi.net/page_items/427380831/1784303062/extra_large.jpg
Walmart,8072271,1033389795,Nestle Drumstick,Nestle,3.97,,,,$3.97,,2026-08-13T00:00:00-04:00,2026-08-19T23:59:59-04:00,,354.17,-1685.71,468.11,-1834.46,http://f.wishabi.net/page_items/430723938/1786753898/extra_large.jpg
Walmart,8072271,1033389944,Nestlé Real Dairy confectioneries or tubs or Del Monte novelties,Nestle,3.97,,,,$3.97,,2026-08-13T00:00:00-04:00,2026-08-19T23:59:59-04:00,,478.17,-1685.71,605.11,-1834.46,http://f.wishabi.net/page_items/430724078/1786753914/extra_large.jpg
Walmart,8072271,1031501816,Nestlé chocolate pieces,Nestle,3.98,,,,$3.98,,2026-08-13T00:00:00-04:00,2026-08-19T23:59:59-04:00,,3262.8,-1554.83,3377.52,-1656.63,http://f.wishabi.net/page_items/429801623/1786394455/extra_large.jpg
Walmart,8033586,1026879419,Ninja Crispi air fryer,Ninja,199.98,,,,$199.98,,2026-07-30T00:00:00-04:00,2026-09-16T23:59:59-04:00,,7430.9,-309.73,7719.01,-546.72,http://f.wishabi.net/page_items/427467391/1784384958/extra_large.jpg
Walmart,8033586,1026861556,Ninja Grand kitchen system blender,Ninja,199.98,,,,$199.98,,2026-07-30T00:00:00-04:00,2026-09-16T23:59:59-04:00,,7008.97,-511.6,7534.43,-758.11,http://f.wishabi.net/page_items/427380395/1784384957/extra_large.jpg
Walmart,8033586,1026869803,Ninja SLUSHi frozen drink maker,Ninja,349.98,,,,$349.98,,2026-07-30T00:00:00-04:00,2026-09-16T23:59:59-04:00,,6968.59,-953.93,7366.64,-1342.67,http://f.wishabi.net/page_items/427467392/1784384959/extra_large.jpg
Walmart,8033586,1026865121,Ninja programmable drip coffee maker,Ninja,99.98,,,,$99.98,,2026-07-30T00:00:00-04:00,2026-09-16T23:59:59-04:00,,6964.9,-278.8,7207.63,-515.35,http://f.wishabi.net/page_items/427380394/1784384956/extra_large.jpg
Walmart,8033586,1026867117,Ninja single-serve coffee maker,Ninja Foodi,99.98,,,,$99.98,,2026-07-30T00:00:00-04:00,2026-09-16T23:59:59-04:00,,7370.65,-952.85,7747.47,-1337.35,http://f.wishabi.net/page_items/427380397/1784384957/extra_large.jpg
Walmart,8072271,1032945924,Nivea Real Madrid Value Pack,Nivea,17.97,,,,$17.97,,2026-08-13T00:00:00-04:00,2026-08-19T23:59:59-04:00,,39079.0,-1416.34,39370.4,-1673.03,http://f.wishabi.net/page_items/430536330/1786587814/extra_large.jpg
Walmart,8072271,1031568881,Nivea body wash 500 mL,Nivea,3.28,,,,$3.28,,2026-08-13T00:00:00-04:00,2026-08-19T23:59:59-04:00,,6031.02,-54.82,6140.52,-310.36,http://f.wishabi.net/page_items/429805818/1785993235/extra_large.jpg
Walmart,8072271,1031502669,Nivea body wash 500 mL or roll-on deodorant 50 mL,Nivea,3.28,,,,$3.28,,2026-08-13T00:00:00-04:00,2026-08-19T23:59:59-04:00,,5938.02,-99.82,6029.52,-305.36,http://f.wishabi.net/page_items/429801936/1785993234/extra_large.jpg
Walmart,8033586,1026861127,Nivea body wash or roll-on antiperspirant,Nivea,4.48,,,,$4.48,,2026-07-30T00:00:00-04:00,2026-09-16T23:59:59-04:00,,14904.1,-1276.74,15067.4,-1645.79,http://f.wishabi.net/page_items/427380779/1784303063/extra_large.jpg
Walmart,8033586,1026867864,Nivea roll-on antiperspirant,Nivea,4.48,,,,$4.48,,2026-07-30T00:00:00-04:00,2026-09-16T23:59:59-04:00,,15100.8,-1358.84,15197.6,-1534.27,http://f.wishabi.net/page_items/427462189/1784303069/extra_large.jpg
Walmart,8033586,1032474381,No Boundaries Denim Jorts,No Boundaries,22.0,,,,$22.0,,2026-07-30T00:00:00-04:00,2026-09-16T23:59:59-04:00,,21612.0,-2319.99,21755.0,-2520.99,http://f.wishabi.net/page_items/427695258/1784311938/extra_large.jpg
Walmart,8033586,1032472569,No Boundaries Flare Pants,No Boundaries,12.0,,,,$12.0,,2026-07-30T00:00:00-04:00,2026-09-16T23:59:59-04:00,,23191.3,-434.76,23648.1,-875.3,http://f.wishabi.net/page_items/430308425/1786464065/extra_large.jpg
Walmart,8033586,1032472582,No Boundaries Hats,No Boundaries,12.0,,,,$12.0,,2026-07-30T00:00:00-04:00,2026-09-16T23:59:59-04:00,,23440.3,-1204.0,23654.1,-1385.97,http://f.wishabi.net/page_items/430308475/1786464065/extra_large.jpg
Walmart,8033586,1032472633,No Boundaries Knit Skort,No Boundaries,15.0,,,,$15.0,,2026-07-30T00:00:00-04:00,2026-09-16T23:59:59-04:00,,23365.3,-2079.47,23640.6,-2388.84,http://f.wishabi.net/page_items/430308559/1786464068/extra_large.jpg
Walmart,8033586,1032472652,No Boundaries Women's Tiered Skort,No Boundaries,17.0,,,,$17.0,,2026-07-30T00:00:00-04:00,2026-09-16T23:59:59-04:00,,23005.5,-2196.53,23252.9,-2501.29,http://f.wishabi.net/page_items/430308583/1786464069/extra_large.jpg
Walmart,8033586,1032474390,No Boundaries baby tee,No Boundaries,10.0,,,,$10.0,,2026-07-30T00:00:00-04:00,2026-09-16T23:59:59-04:00,,21603.0,-2154.99,21733.0,-2315.99,http://f.wishabi.net/page_items/427695259/1784311939/extra_large.jpg
Walmart,8033586,1032472667,No Boundaries ball cap,No Boundaries,12.0,,,,$12.0,,2026-07-30T00:00:00-04:00,2026-09-16T23:59:59-04:00,,23804.9,-362.42,24482.6,-1030.28,http://f.wishabi.net/page_items/430308282/1786464812/extra_large.jpg
Walmart,8033586,1032474405,No Boundaries cropped cami,No Boundaries,5.0,,,,$5.0,,2026-07-30T00:00:00-04:00,2026-09-16T23:59:59-04:00,,21521.0,-2183.99,21590.0,-2254.99,http://f.wishabi.net/page_items/427695261/1784311940/extra_large.jpg
Walmart,8033586,1032472591,No Boundaries hats,,12.0,,,,$12.0,,2026-07-30T00:00:00-04:00,2026-09-16T23:59:59-04:00,,23357.0,-1044.86,23608.1,-1184.9,http://f.wishabi.net/page_items/430308503/1786464066/extra_large.jpg
Walmart,8033586,1032472425,No Boundaries lace cami,No Boundaries,8.0,,,,$8.0,,2026-07-30T00:00:00-04:00,2026-09-16T23:59:59-04:00,,22317.2,-1288.43,22465.1,-1411.88,http://f.wishabi.net/page_items/430308416/1786463974/extra_large.jpg
Walmart,8033586,1032472620,No Boundaries men's casual shoes,No Boundaries,29.0,,,,$29.0,,2026-07-30T00:00:00-04:00,2026-09-16T23:59:59-04:00,,22781.1,-1041.37,23039.4,-1121.22,http://f.wishabi.net/page_items/430308538/1786464067/extra_large.jpg
Walmart,8033586,1032472397,No Boundaries oversized hoodie,No Boundaries,24.0,,,,$24.0,,2026-07-30T00:00:00-04:00,2026-09-16T23:59:59-04:00,,22298.8,-2190.93,22511.9,-2423.68,http://f.wishabi.net/page_items/430308204/1786463972/extra_large.jpg
Walmart,8033586,1032472299,No Boundaries oversized hoodie.,,24.0,,,,$24.0,,2026-07-30T00:00:00-04:00,2026-09-16T23:59:59-04:00,,22309.2,-1982.54,22502.4,-2186.72,http://f.wishabi.net/page_items/430308073/1786463968/extra_large.jpg
Walmart,8033586,1032472382,No Boundaries oversized tee,No Boundaries,14.0,,,,$14.0,,2026-07-30T00:00:00-04:00,2026-09-16T23:59:59-04:00,,21908.3,-1880.71,22222.9,-2533.86,http://f.wishabi.net/page_items/430308173/1786463972/extra_large.jpg
Walmart,8033586,1032472504,No Boundaries oversized zip-up hoodie,No Boundaries,22.0,,,,$22.0,,2026-07-30T00:00:00-04:00,2026-09-16T23:59:59-04:00,,23262.1,-1812.0,23361.5,-2395.86,http://f.wishabi.net/page_items/430308177/1786464062/extra_large.jpg
Walmart,8033586,1032472525,No Boundaries picot trimmed tee,No Boundaries,10.0,,,,$10.0,,2026-07-30T00:00:00-04:00,2026-09-16T23:59:59-04:00,,22891.3,-272.38,23183.4,-671.44,http://f.wishabi.net/page_items/430308195/1786464063/extra_large.jpg
Walmart,8033586,1032474344,No Boundaries wide-leg barrel jeans,No Boundaries,28.0,,,,$28.0,,2026-07-30T00:00:00-04:00,2026-09-16T23:59:59-04:00,,21473.3,-2275.87,21603.7,-2529.72,http://f.wishabi.net/page_items/427380672/1784311936/extra_large.jpg
Walmart,8033586,1032472411,No Boundaries women's denim SKORT,No Boundaries,25.0,,,,$25.0,,2026-07-30T00:00:00-04:00,2026-09-16T23:59:59-04:00,,22331.1,-1424.93,22450.5,-1536.47,http://f.wishabi.net/page_items/430308384/1786463973/extra_large.jpg
Walmart,8033586,1032472313,No Boundaries women's empire top,No Boundaries,17.0,,,,$17.0,,2026-07-30T00:00:00-04:00,2026-09-16T23:59:59-04:00,,22249.6,-376.91,22569.6,-1067.74,http://f.wishabi.net/page_items/430308077/1786463969/extra_large.jpg
Walmart,8033586,1032472441,No Boundaries women's flats,No Boundaries,29.0,,,,$29.0,,2026-07-30T00:00:00-04:00,2026-09-16T23:59:59-04:00,,22298.3,-135.15,22537.2,-223.0,http://f.wishabi.net/page_items/430308444/1786463974/extra_large.jpg
Walmart,8033586,1032472341,No Boundaries women's oversized sweater,No Boundaries,22.0,,,,$22.0,,2026-07-30T00:00:00-04:00,2026-09-16T23:59:59-04:00,,21903.8,-31.83,22226.3,-706.32,http://f.wishabi.net/page_items/430308123/1786463970/extra_large.jpg
Walmart,8033586,1032472465,No Boundaries women's sneakers,No Boundaries,29.0,,,,$29.0,,2026-07-30T00:00:00-04:00,2026-09-16T23:59:59-04:00,,22106.8,-763.02,22189.7,-935.22,http://f.wishabi.net/page_items/430308500/1786463975/extra_large.jpg
Walmart,8033586,1032474397,No Boundaries zip-up sweater or cropped cami,No Boundaries,22.0,,,,$22.0,,2026-07-30T00:00:00-04:00,2026-09-16T23:59:59-04:00,,21479.0,-2128.99,21521.0,-2255.99,http://f.wishabi.net/page_items/427695260/1784311940/extra_large.jpg
Walmart,8072271,1031502074,Nongshim cup noodle soup,Nong Shim,1.38,,,,$1.38,,2026-08-13T00:00:00-04:00,2026-08-19T23:59:59-04:00,,3940.38,-1810.2,4143.51,-1908.6,http://f.wishabi.net/page_items/429801357/1785993223/extra_large.jpg
Walmart,8072271,1031508630,Nongshim cup noodles soup,Nongshim,1.38,,,,$1.38,,2026-08-13T00:00:00-04:00,2026-08-19T23:59:59-04:00,,4034.83,-1913.08,4217.96,-2110.48,http://f.wishabi.net/page_items/429805796/1785993230/extra_large.jpg
Walmart,8072271,1032576717,Nutella B-ready bars,Nutella,10.47,,,,$10.47,,2026-08-13T00:00:00-04:00,2026-09-16T23:59:59-04:00,,27442.6,-90.72,28022.4,-918.58,http://f.wishabi.net/page_items/430356785/1786500164/extra_large.jpg
Walmart,8072271,1032576720,Nutella biscuits,Nutella,6.67,,,,$6.67,,2026-08-13T00:00:00-04:00,2026-09-16T23:59:59-04:00,,28069.3,-86.85,28406.8,-522.37,http://f.wishabi.net/page_items/430356828/1786500165/extra_large.jpg
Walmart,8072271,1032576711,Nutella hazelnut or peanut,Nutella,8.47,,,,$8.47,,2026-08-13T00:00:00-04:00,2026-09-16T23:59:59-04:00,,28921.2,-194.03,29224.6,-522.43,http://f.wishabi.net/page_items/430356569/1786500162/extra_large.jpg
Walmart,8080972,1032870413,Nutrition,,,,,,,,2026-08-13T00:00:00-04:00,2026-08-19T23:59:59-04:00,,28.52,-3103.28,376.3,-3359.05,http://f.wishabi.net/page_items/429768342/1785960818/extra_large.jpg
Walmart,8033586,1027056999,Nutrius hand sanitizer spray,,5.27,,,,$5.27,,2026-07-30T00:00:00-04:00,2026-09-16T23:59:59-04:00,,13055.7,-298.8,14534.6,-1744.51,http://f.wishabi.net/page_items/427707527/1784381087/extra_large.jpg
Walmart,8072271,1031502579,OGX shampoo,OGX,7.97,,,,$7.97,,2026-08-13T00:00:00-04:00,2026-08-19T23:59:59-04:00,,5912.12,-607.64,6010.47,-767.47,http://f.wishabi.net/page_items/429801916/1785993227/extra_large.jpg
Walmart,8072271,1031565330,"OGX shampoo, conditioner or treatments",OGX,7.97,,,,$7.97,,2026-08-13T00:00:00-04:00,2026-08-19T23:59:59-04:00,,6012.5,-609.0,6105.5,-770.0,http://f.wishabi.net/page_items/429805830/1785993239/extra_large.jpg
Walmart,8072271,1032575704,OREO Bubble Tea cookies,Oreo,2.98,,,,$2.98,,2026-08-13T00:00:00-04:00,2026-09-16T23:59:59-04:00,,24675.9,-755.22,25012.0,-1063.74,http://f.wishabi.net/page_items/430349743/1786500169/extra_large.jpg
Walmart,8072271,1032575706,OREO Mini Snak Paks Pack.,Oreo,2.48,,,,$2.48,,2026-08-13T00:00:00-04:00,2026-09-16T23:59:59-04:00,,25280.0,-709.97,25565.3,-1062.49,http://f.wishabi.net/page_items/430349972/1786500169/extra_large.jpg
Walmart,8072271,1032575702,OREO Original or Bubble Tea cookies,,2.98,,,,$2.98,,2026-08-13T00:00:00-04:00,2026-09-16T23:59:59-04:00,,25022.1,-652.3,25269.0,-916.06,http://f.wishabi.net/page_items/430349643/1786500168/extra_large.jpg
Walmart,8080972,1032870937,OUT! Advanced Cat Stain & Odor Remover Cat Spray Cleaner,OUT!,10.98,,,,$10.98,,2026-08-13T00:00:00-04:00,2026-08-19T23:59:59-04:00,,11176.1,-2759.19,11523.9,-3349.85,http://f.wishabi.net/page_items/429769903/1785962004/extra_large.jpg
Walmart,8072271,1033390284,Oasis beverages or Juice coxes,Oasis®,3.47,,,,$3.47,,2026-08-13T00:00:00-04:00,2026-09-16T23:59:59-04:00,,30044.6,-518.57,30179.4,-642.6,http://f.wishabi.net/page_items/430723958/1786754187/extra_large.jpg
Walmart,8072271,1033390286,Oasis beverages or juice boxes,oasis,3.47,,,,$3.47,,2026-08-13T00:00:00-04:00,2026-09-16T23:59:59-04:00,,29856.1,-589.18,30036.9,-701.81,http://f.wishabi.net/page_items/430723984/1786754188/extra_large.jpg
Walmart,8072271,1033390283,Oasis ready-to-drink smoothies,oasis,6.98,,,,$6.98,,2026-08-13T00:00:00-04:00,2026-09-16T23:59:59-04:00,,29836.9,-176.4,30213.8,-479.92,http://f.wishabi.net/page_items/430723946/1786754186/extra_large.jpg
Walmart,8080972,1032870493,Ol Roy Complete Nutrition 18KG Dry Dog Food,Ol' Roy,27.98,,,,$27.98,,2026-08-13T00:00:00-04:00,2026-08-19T23:59:59-04:00,,1934.27,-2672.7,2282.04,-3335.13,http://f.wishabi.net/page_items/429768367/1785960822/extra_large.jpg
Walmart,8080972,1032870488,"Ol' Roy Long Lasting Chew, Beef Collagen, 6 Chews, selected varieties",Ol' Roy,14.97,,,,$14.97,,2026-08-13T00:00:00-04:00,2026-08-19T23:59:59-04:00,,1183.52,-2672.7,1531.3,-3335.13,http://f.wishabi.net/page_items/429768365/1785960820/extra_large.jpg
Walmart,8080972,1032870498,Ol' Roy Maximum High Protein Formula Dry Dog Food 18kg,Ol' Roy,36.97,,,,$36.97,,2026-08-13T00:00:00-04:00,2026-08-19T23:59:59-04:00,,1183.52,-3388.49,1531.3,-4050.92,http://f.wishabi.net/page_items/429768368/1785960822/extra_large.jpg
Walmart,8080972,1032870490,"Ol' Roy Meaty Loaf with Chopped Beef Dog Food, 374G, selected varieties",Ol' Roy,1.98,,,,$1.98,,2026-08-13T00:00:00-04:00,2026-08-19T23:59:59-04:00,,1558.9,-2672.7,1906.67,-3335.13,http://f.wishabi.net/page_items/429768366/1785960821/extra_large.jpg
Walmart,8072271,1031564549,Ol' Roy dry dog food,Ol' Roy,27.98,,,,$27.98,,2026-08-13T00:00:00-04:00,2026-08-19T23:59:59-04:00,,1377.86,-1976.35,1448.85,-2121.6,http://f.wishabi.net/page_items/429806376/1786393640/extra_large.jpg
Walmart,8080972,1032871058,Ol'Roy Meaty Chunks and Gravy Dry Dog Food 18kg,Ol Roy,27.98,,,,$27.98,,2026-08-13T00:00:00-04:00,2026-08-19T23:59:59-04:00,,12733.5,-3395.85,13081.3,-4058.28,http://f.wishabi.net/page_items/429768484/1785960820/extra_large.jpg
Walmart,8072271,1032945898,Olay Regenerist micro-sculpting face cream,Olay,35.96,,,,$35.96,,2026-08-13T00:00:00-04:00,2026-08-19T23:59:59-04:00,,39399.1,-1399.95,39668.5,-1684.78,http://f.wishabi.net/page_items/430536301/1786587807/extra_large.jpg
Walmart,8072271,1032945926,Old Spice deodorant 85 g,Old Spice,4.97,,,,$4.97,,2026-08-13T00:00:00-04:00,2026-08-19T23:59:59-04:00,,38774.7,-1406.51,38952.0,-1582.57,http://f.wishabi.net/page_items/430536333/1786587815/extra_large.jpg
Walmart,8072271,1032574464,On-the-go,,,,,,,,2026-08-13T00:00:00-04:00,2026-08-19T23:59:59-04:00,,10011.6,-816.7,10191.0,-1048.59,http://f.wishabi.net/page_items/430356600/1786500169/extra_large.jpg
Walmart,8080972,1032870762,"One Paw, 3 Pack Bamboo Fiber Bone Dog Toys, Durable and Good for Dental Health, Bacon Flavour, Fiber and Nylon Material",One Paw,21.98,,,,$21.98,,2026-08-13T00:00:00-04:00,2026-08-19T23:59:59-04:00,,6958.52,-2359.51,7493.98,-3021.93,http://f.wishabi.net/page_items/429768426/1785960822/extra_large.jpg
Walmart,8080972,1032870728,"One Paw, Art Frame Cat Scratcher",One Paw,24.97,,,,$24.97,,2026-08-13T00:00:00-04:00,2026-08-19T23:59:59-04:00,,7709.27,-236.45,8057.04,-898.88,http://f.wishabi.net/page_items/429768419/1785960817/extra_large.jpg
Walmart,8080972,1032870818,"One Paw, Cat Cozy Cave Bed",One Paw,29.97,,,,$29.97,,2026-08-13T00:00:00-04:00,2026-08-19T23:59:59-04:00,,8113.52,-2672.7,8461.29,-3335.13,http://f.wishabi.net/page_items/429768438/1785960822/extra_large.jpg
Walmart,8080972,1032870738,"One Paw, Cat Harness & Leash Set, Lightweight, Light Blue",One Paw,15.97,,,,$15.97,,2026-08-13T00:00:00-04:00,2026-08-19T23:59:59-04:00,,7333.9,-944.88,7681.67,-1607.3,http://f.wishabi.net/page_items/429768421/1785960819/extra_large.jpg
Walmart,8080972,1032870751,"One Paw, Fashion Mesh Dog Harness, Pink",One Paw,19.98,,,,$19.98,,2026-08-13T00:00:00-04:00,2026-08-19T23:59:59-04:00,,7333.9,-1651.46,7681.67,-2313.89,http://f.wishabi.net/page_items/429768424/1785960821/extra_large.jpg
Walmart,8080972,1032870747,"One Paw, Hiker Reflective Rope Dog Leash",One Paw,14.98,,,,$14.98,,2026-08-13T00:00:00-04:00,2026-08-19T23:59:59-04:00,,6958.52,-1651.46,7306.29,-2313.89,http://f.wishabi.net/page_items/429768423/1785960820/extra_large.jpg
Walmart,8080972,1032870744,"One Paw, Soft Carrier Bag, Small Pet Carrier",One Paw,39.97,,,,$39.97,,2026-08-13T00:00:00-04:00,2026-08-19T23:59:59-04:00,,7709.27,-944.88,8057.04,-1607.3,http://f.wishabi.net/page_items/429768422/1785960819/extra_large.jpg
Walmart,8080972,1032870734,"One Paw, Stainless Steel Cat Litter Box",One Paw,29.97,,,,$29.97,,2026-08-13T00:00:00-04:00,2026-08-19T23:59:59-04:00,,6958.52,-944.88,7306.29,-1607.3,http://f.wishabi.net/page_items/429768420/1785960818/extra_large.jpg
Walmart,8080972,1032870756,"One Paw, Textured Ceramic Dog Bowls with Bamboo Stand, Non-Slip and Easy to Clean",One Paw,22.97,,,,$22.97,,2026-08-13T00:00:00-04:00,2026-08-19T23:59:59-04:00,,7709.27,-1651.46,8057.04,-2313.89,http://f.wishabi.net/page_items/429768425/1785960821/extra_large.jpg
Walmart,8080972,1032870764,"One Paw, Trapezoidal Labyrinth Slow Down Dog Bowl, Anti-Slip and Easy to Clean",One Paw,12.97,,,,$12.97,,2026-08-13T00:00:00-04:00,2026-08-19T23:59:59-04:00,,7521.58,-2358.05,8057.04,-3020.48,http://f.wishabi.net/page_items/429768427/1785960823/extra_large.jpg
Walmart,8080972,1032870416,Other Animals,,,,,,,,2026-08-13T00:00:00-04:00,2026-08-19T23:59:59-04:00,,779.27,-3103.28,1127.04,-3359.05,http://f.wishabi.net/page_items/429768344/1785960819/extra_large.jpg
Walmart,8072271,1031502077,Ottogi Jin Ramen multipack,,5.98,,,,$5.98,,2026-08-13T00:00:00-04:00,2026-08-19T23:59:59-04:00,,4407.81,-1823.25,4559.7,-2053.58,http://f.wishabi.net/page_items/429801362/1785993223/extra_large.jpg
Walmart,8072271,1031509231,Our Finest entrees,Our Finest,3.97,,,,$3.97,,2026-08-13T00:00:00-04:00,2026-08-19T23:59:59-04:00,,3102.5,-2078.21,3237.84,-2202.51,http://f.wishabi.net/page_items/429806309/1786394463/extra_large.jpg
Walmart,8072271,1032035850,OxiClean MaxForce Laundry Stain Remover Spray,OxiClean,7.47,,,,$7.47,,2026-08-13T00:00:00-04:00,2026-09-16T23:59:59-04:00,,34374.2,-1883.47,34760.5,-2209.96,http://f.wishabi.net/page_items/429840501/1786217439/extra_large.jpg
Walmart,8072271,1032035891,OxiClean stain remover powder,,10.97,,,,$10.97,,2026-08-13T00:00:00-04:00,2026-09-16T23:59:59-04:00,,34576.6,-1580.88,34732.8,-1720.83,http://f.wishabi.net/page_items/429916849/1786217448/extra_large.jpg
Walmart,8072271,1032035888,Oxiclean Stain Remover Powder,OxiClean,10.97,,,,$10.97,,2026-08-13T00:00:00-04:00,2026-09-16T23:59:59-04:00,,34387.7,-1615.87,34576.6,-1720.83,http://f.wishabi.net/page_items/429916848/1786217447/extra_large.jpg
Walmart,8072271,1032945210,PAW Patrol Roaring Rhubarb figure,,39.97,,,,$39.97,,2026-08-13T00:00:00-04:00,2026-08-19T23:59:59-04:00,,8456.03,-2005.19,8744.65,-2230.73,http://f.wishabi.net/page_items/430536605/1786586775/extra_large.jpg
Walmart,8072271,1032945204,PAW Patrol: The Dino Movie vehicles,,19.97,,,,$19.97,,2026-08-13T00:00:00-04:00,2026-08-19T23:59:59-04:00,,7832.31,-2006.4,7946.37,-2147.53,http://f.wishabi.net/page_items/430536601/1786586775/extra_large.jpg
Walmart,8080972,1032870931,PG50 Pet Grooming Kit & Vacuum,AIROBO,64.99,,,,$64.99,,2026-08-13T00:00:00-04:00,2026-08-19T23:59:59-04:00,,11176.1,-2122.52,11523.9,-2713.19,http://f.wishabi.net/page_items/429769901/1785962004/extra_large.jpg
Walmart,8080972,1032870665,PLAYOLOGY SUCTION CUP SPRING BIRD,Playology,12.97,,,,$12.97,,2026-08-13T00:00:00-04:00,2026-08-19T23:59:59-04:00,,5399.27,-3474.98,5747.04,-4065.64,http://f.wishabi.net/page_items/430250962/1786395241/extra_large.jpg
Walmart,8072271,1032035905,Palmolive dish soap,Palmolive,1.97,,,,$1.97,,2026-08-13T00:00:00-04:00,2026-09-16T23:59:59-04:00,,35259.2,-1510.73,35375.4,-1793.28,http://f.wishabi.net/page_items/430012403/1786217438/extra_large.jpg
Walmart,8072271,1031502534,Pampers EasyUps Training Underwear,Pampers,36.94,,,,$36.94,,2026-08-13T00:00:00-04:00,2026-08-19T23:59:59-04:00,,6353.02,-1046.11,6592.07,-1177.81,http://f.wishabi.net/page_items/429801906/1785993223/extra_large.jpg
Walmart,8072271,1031572559,Pampers EasyUps training underwear,Pampers,36.94,,,,$36.94,,2026-08-13T00:00:00-04:00,2026-08-19T23:59:59-04:00,,6402.5,-1178.0,6638.5,-1323.0,http://f.wishabi.net/page_items/429805834/1785993241/extra_large.jpg
Walmart,8072271,1032277497,Paper Mate Flair! felt-tip pens,Paper Mate,15.98,,,,$15.98,,2026-08-13T00:00:00-04:00,2026-09-16T23:59:59-04:00,,18056.6,-1774.01,18226.3,-1934.54,http://f.wishabi.net/page_items/430240163/1786401085/extra_large.jpg
Walmart,8072271,1032277371,Paper Mate InkJoy gel pens 14-pack,Paper Mate,15.98,,,,$15.98,,2026-08-13T00:00:00-04:00,2026-09-16T23:59:59-04:00,,17878.6,-1771.01,18048.3,-1931.54,http://f.wishabi.net/page_items/430239845/1786401074/extra_large.jpg
Walmart,8072271,1031779075,Parent's Choice Gentle+ iron-fortified infant formula powder,,26.94,,,,$26.94,,2026-08-13T00:00:00-04:00,2026-08-19T23:59:59-04:00,,38265.2,-292.55,38704.0,-559.7,http://f.wishabi.net/page_items/429899438/1786396483/extra_large.jpg
Walmart,8072271,1031727610,Parent's Choice Wipes,,19.94,,,,$19.94,,2026-08-13T00:00:00-04:00,2026-08-19T23:59:59-04:00,,37791.0,-846.82,37995.6,-907.21,http://f.wishabi.net/page_items/429899420/1786396479/extra_large.jpg
Walmart,8072271,1031779433,Parent's Choice organic baby food puree,Parent's Choice,1.0,,,,$1.0,,2026-08-13T00:00:00-04:00,2026-08-19T23:59:59-04:00,,37798.2,-287.46,37927.0,-555.71,http://f.wishabi.net/page_items/429899529/1786396487/extra_large.jpg
Walmart,8072271,1031780199,Parent's Choice organic baby food purée,Parent's Choice,1.0,,,,$1.0,,2026-08-13T00:00:00-04:00,2026-08-19T23:59:59-04:00,,37934.6,-287.46,38063.4,-555.71,http://f.wishabi.net/page_items/429903068/1786396492/extra_large.jpg
Walmart,8072271,1031727601,Parent's Choice training pants,Parent's Choice,24.94,,,,$24.94,,2026-08-13T00:00:00-04:00,2026-08-19T23:59:59-04:00,,38099.4,-847.75,38225.3,-982.65,http://f.wishabi.net/page_items/429899416/1786396478/extra_large.jpg
Walmart,8072271,1031780374,Parent's Choice wipes,Parent's Choice,19.94,,,,$19.94,,2026-08-13T00:00:00-04:00,2026-08-19T23:59:59-04:00,,37874.7,-908.82,38065.4,-1011.06,http://f.wishabi.net/page_items/429902862/1786396488/extra_large.jpg
Walmart,8033586,1032471986,PatPat kids' slip-on canvas shoes,PatPat,34.99,,,,$34.99,,2026-07-30T00:00:00-04:00,2026-09-16T23:59:59-04:00,,19514.1,-745.64,19834.3,-1059.31,http://f.wishabi.net/page_items/430304121/1786461853/extra_large.jpg
Walmart,8072271,1033389799,Peaches 3 L,,5.44,,,,$5.44,,2026-08-13T00:00:00-04:00,2026-08-19T23:59:59-04:00,,494.96,-306.25,704.08,-414.39,http://f.wishabi.net/page_items/430723951/1786753898/extra_large.jpg
Walmart,8072271,1031568878,Pearl Milling Company pancake,PEARL MILLING,3.97,,,,$3.97,,2026-08-13T00:00:00-04:00,2026-08-19T23:59:59-04:00,,3400.84,-188.72,3559.45,-445.3,http://f.wishabi.net/page_items/429810313/1786394467/extra_large.jpg
Walmart,8072271,1031543102,Pearl Milling Company syrup,Pearl Milling Company,3.97,,,,$3.97,,2026-08-13T00:00:00-04:00,2026-08-19T23:59:59-04:00,,3559.45,-188.72,3680.74,-414.98,http://f.wishabi.net/page_items/429810314/1786394467/extra_large.jpg
Walmart,8072271,1031780696,Pedialyte electrolyte oral rehydration solution,Pedialyte,8.97,,,,$8.97,,2026-08-13T00:00:00-04:00,2026-08-19T23:59:59-04:00,,37881.9,-562.39,37968.9,-732.78,http://f.wishabi.net/page_items/429899527/1786396486/extra_large.jpg
Walmart,8080972,1032870547,Pedigree Adult Wet Dog Food Choice Cuts Pouch Variety 1.8kg,Pedigree,17.88,,,,$17.88,,2026-08-13T00:00:00-04:00,2026-08-19T23:59:59-04:00,,3089.27,-3384.81,3437.04,-4047.24,http://f.wishabi.net/page_items/429768380/1785960821/extra_large.jpg
Walmart,8080972,1032870533,"Pedigree Vitality+ Hearty Beef Dry Dog Food, 20KG, selected varieties",Mars,49.98,,,,$49.98,,2026-08-13T00:00:00-04:00,2026-08-19T23:59:59-04:00,,3089.27,-1960.6,3437.04,-2623.02,http://f.wishabi.net/page_items/429768376/1785960819/extra_large.jpg
Walmart,8072271,1032574456,Pen+Gear binders,,4.97,,,,$4.97,,2026-08-13T00:00:00-04:00,2026-09-16T23:59:59-04:00,,10109.7,-1795.42,10150.2,-1883.1,http://f.wishabi.net/page_items/430356442/1786500166/extra_large.jpg
Walmart,8072271,1032575442,Pen+Gear laminator,,24.97,,,,$24.97,,2026-08-13T00:00:00-04:00,2026-09-16T23:59:59-04:00,,19393.9,-1882.35,20723.6,-2523.34,http://f.wishabi.net/page_items/430349288/1786500161/extra_large.jpg
Walmart,8072271,1032574461,Pen+Gear pencil cases,Pen+Gear,7.0,,,,$7.0,,2026-08-13T00:00:00-04:00,2026-09-16T23:59:59-04:00,,10216.5,-2120.64,10286.9,-2313.75,http://f.wishabi.net/page_items/430356527/1786500168/extra_large.jpg
Walmart,8072271,1032574440,Pen+Gear report cover,,0.22,,,,$0.22,,2026-08-13T00:00:00-04:00,2026-09-16T23:59:59-04:00,,9853.65,-1118.76,10085.5,-1395.34,http://f.wishabi.net/page_items/430356364/1786500162/extra_large.jpg
Walmart,8072271,1032277389,Pen+Gear school list kit,,16.98,,,,$16.98,,2026-08-13T00:00:00-04:00,2026-09-16T23:59:59-04:00,,17858.9,-2079.46,18225.6,-2524.4,http://f.wishabi.net/page_items/430239906/1786401076/extra_large.jpg
Walmart,8072271,1032575372,Pen+Gear scientific calculator,,14.98,,,,$14.98,,2026-08-13T00:00:00-04:00,2026-09-16T23:59:59-04:00,,18297.4,-215.01,19253.5,-641.83,http://f.wishabi.net/page_items/430352384/1786500160/extra_large.jpg
Walmart,8072271,1032574428,Pen-Gear pencil cases,,7.0,,,,$7.0,,2026-08-13T00:00:00-04:00,2026-09-16T23:59:59-04:00,,10062.4,-2209.58,10211.3,-2314.65,http://f.wishabi.net/page_items/430356286/1786500159/extra_large.jpg
Walmart,8072271,1032338790,"Pentantan 6-qt. air fryer, 8-in-1 electric hot oven with digital LED touchscreen, visible window, 1500 W",,71.99,,,,$71.99,,2026-08-13T00:00:00-04:00,2026-08-19T23:59:59-04:00,,36875.2,-1704.05,37152.9,-2049.62,http://f.wishabi.net/page_items/430253721/1786500158/extra_large.jpg
Walmart,8072271,1031499580,Pepsi,Pepsi,13.97,,,,$13.97,,2026-08-13T00:00:00-04:00,2026-08-19T23:59:59-04:00,,1467.31,-1745.2,1916.89,-1933.05,http://f.wishabi.net/page_items/429802023/1786393630/extra_large.jpg
Walmart,8080972,1032871074,Pet Pharmacy,,,,,,,,2026-08-13T00:00:00-04:00,2026-08-19T23:59:59-04:00,,13888.3,-2068.96,15580.8,-4085.28,http://f.wishabi.net/page_items/429768690/1785961037/extra_large.jpg
Walmart,8080972,1032870411,Pet Toys,,,,,,,,2026-08-13T00:00:00-04:00,2026-08-19T23:59:59-04:00,,779.27,-2834.63,1127.04,-3090.4,http://f.wishabi.net/page_items/429768341/1785960817/extra_large.jpg
Walmart,8080972,1032870616,Pet_EN_1884x324_PG6-5,,,,,,,,2026-08-13T00:00:00-04:00,2026-08-19T23:59:59-04:00,,4620.0,-1958.76,5776.49,-2159.32,http://f.wishabi.net/page_items/430250942/1786395233/extra_large.jpg
Walmart,8080972,1032870769,Pet_EN_1884x324_PG9A-8,,,,,,,,2026-08-13T00:00:00-04:00,2026-08-19T23:59:59-04:00,,8085.0,0.0,9241.49,-199.65,http://f.wishabi.net/page_items/429768428/1785960815/extra_large.jpg
Walmart,8080972,1032870776,Pet_EN_1884x324_PG9B-8,,,,,,,,2026-08-13T00:00:00-04:00,2026-08-19T23:59:59-04:00,,8085.0,-1706.67,9241.49,-1907.23,http://f.wishabi.net/page_items/429768430/1785960817/extra_large.jpg
Walmart,8033586,1026859486,"Philips 43"" FHD OLED Smart TV",Philips,248.0,,,,$248.0,,2026-07-30T00:00:00-04:00,2026-09-16T23:59:59-04:00,,3976.52,-1955.93,4544.14,-2242.26,http://f.wishabi.net/page_items/427380903/1784386833/extra_large.jpg
Walmart,8033586,1026882780,"Philips 50"" 4K UHD QLED Smart TV",Philips,358.0,,,,$358.0,,2026-07-30T00:00:00-04:00,2026-09-16T23:59:59-04:00,,3973.6,-1650.09,4246.72,-1928.62,http://f.wishabi.net/page_items/427380904/1784386833/extra_large.jpg
Walmart,8033586,1026868997,"Philips 65"" 4K UHD QLED Smart TV",Philips,578.0,,,,$578.0,,2026-07-30T00:00:00-04:00,2026-09-16T23:59:59-04:00,,4274.29,-1652.83,4554.42,-1931.41,http://f.wishabi.net/page_items/427380902/1784386832/extra_large.jpg
Walmart,8033586,1026879837,Philips OneBlade 1st Shave,Philips,34.97,,,,$34.97,,2026-07-30T00:00:00-04:00,2026-09-16T23:59:59-04:00,,15059.9,-1824.13,15247.3,-2522.3,http://f.wishabi.net/page_items/427380785/1784303064/extra_large.jpg
Walmart,8033586,1026869275,Philips OneBlade Intimate,Philips,39.97,,,,$39.97,,2026-07-30T00:00:00-04:00,2026-09-16T23:59:59-04:00,,15250.4,-1764.63,15457.8,-2528.58,http://f.wishabi.net/page_items/427380788/1784303066/extra_large.jpg
Walmart,8072271,1032338842,"PhiloDeco tower fan for home, 40"" silent bladeless fan",,84.99,,,,$84.99,,2026-08-13T00:00:00-04:00,2026-08-19T23:59:59-04:00,,36577.6,-1709.75,36858.8,-2050.34,http://f.wishabi.net/page_items/430253734/1786500161/extra_large.jpg
Walmart,8072271,1032576831,"Phoenix adults' 27.5"" electric bike",,698.0,,,,$698.0,,2026-08-13T00:00:00-04:00,2026-09-16T23:59:59-04:00,,33848.0,-2206.99,34114.8,-2350.3,http://f.wishabi.net/page_items/430353030/1786500179/extra_large.jpg
Walmart,8072271,1032338699,Pillows 2-pack,,29.99,,,,$29.99,,2026-08-13T00:00:00-04:00,2026-08-19T23:59:59-04:00,,36279.9,-1361.55,36559.3,-1698.81,http://f.wishabi.net/page_items/430253688/1786500155/extra_large.jpg
Walmart,8072271,1031502214,Pine-Sol multi-surface cleaner,Pine-Sol,11.97,,,,$11.97,,2026-08-13T00:00:00-04:00,2026-08-19T23:59:59-04:00,,4934.16,-433.38,5021.6,-593.35,http://f.wishabi.net/page_items/429801883/1785993225/extra_large.jpg
Walmart,8072271,1033153006,Pixel 10 Postpaid Phone,Google,,,,,,,2026-08-13T00:00:00-04:00,2026-08-19T23:59:59-04:00,,37236.6,-1796.29,37730.4,-2061.78,http://f.wishabi.net/page_items/430635646/1786654683/extra_large.jpg
Walmart,8072271,1032945025,PlayStation 5 slim disc console 1TB,PlayStation,819.96,,,,$819.96,,2026-08-13T00:00:00-04:00,2026-08-19T23:59:59-04:00,,7319.08,-1760.66,7769.02,-1967.75,http://f.wishabi.net/page_items/430538459/1786586770/extra_large.jpg
Walmart,8080972,1032870623,"Playology Small Squeaky Femur, Peanut Butter Scented Dog Toy",Playology,9.47,,,,$9.47,,2026-08-13T00:00:00-04:00,2026-08-19T23:59:59-04:00,,4648.52,-45.08,4996.29,-635.74,http://f.wishabi.net/page_items/430250944/1786395234/extra_large.jpg
Walmart,8072271,1033390302,Pogo Original,Pogo,12.97,,,,$12.97,,2026-08-13T00:00:00-04:00,2026-09-16T23:59:59-04:00,,30333.0,-894.4,30954.9,-1958.12,http://f.wishabi.net/page_items/430720028/1786753890/extra_large.jpg
Walmart,8072271,1032544024,"PowerSmart Portable Gas Powered Generator 3600W, CO Detect USB Output, Low Noise for Camping & Home",,413.99,,,,$413.99,,2026-08-13T00:00:00-04:00,2026-08-19T23:59:59-04:00,,9314.21,-619.8,9569.85,-691.46,http://f.wishabi.net/page_items/430370423/1786485737/extra_large.jpg
Walmart,8072271,1032337776,Precise Pain Relief Cream,,16.34,,,,$16.34,,2026-08-13T00:00:00-04:00,2026-08-19T23:59:59-04:00,,40836.0,-1735.41,40982.2,-2084.82,http://f.wishabi.net/page_items/430253749/1786500157/extra_large.jpg
Walmart,8072271,1032576801,Premier Protein Al'mazing vanilla non-dairy shakes,Premier Protein,12.97,,,,$12.97,,2026-08-13T00:00:00-04:00,2026-09-16T23:59:59-04:00,,32794.6,-394.84,33045.9,-710.35,http://f.wishabi.net/page_items/430348057/1786500163/extra_large.jpg
Walmart,8072271,1032576805,Premier Protein Al'mazing vanilla or coffee non-dairy shakes,,12.97,,,,$12.97,,2026-08-13T00:00:00-04:00,2026-09-16T23:59:59-04:00,,33059.8,-389.14,33359.8,-712.06,http://f.wishabi.net/page_items/430348151/1786500164/extra_large.jpg
Walmart,8072271,1032576799,Premier Protein cafe latte shakes,Premier Protein,33.97,,,,$33.97,,2026-08-13T00:00:00-04:00,2026-09-16T23:59:59-04:00,,31791.1,-363.02,32596.9,-1034.02,http://f.wishabi.net/page_items/430347968/1786500162/extra_large.jpg
Walmart,8080972,1032870692,"PrettyLitter Health Monitoring Cat Litter, 8lb",Pretty Litter,34.98,,,,$34.98,,2026-08-13T00:00:00-04:00,2026-08-19T23:59:59-04:00,,6178.9,-2698.47,6526.67,-3360.89,http://f.wishabi.net/page_items/429768411/1785960819/extra_large.jpg
Walmart,8072271,1032945168,Propane cylinders,,29.88,,,,$29.88,,2026-08-13T00:00:00-04:00,2026-08-19T23:59:59-04:00,,7838.83,-2239.58,8274.44,-2457.54,http://f.wishabi.net/page_items/430536568/1786586770/extra_large.jpg
Walmart,8080972,1032870477,"Pure Balance Assorted Dog Treats, Value Size 1 kg, selected varieties",Pure Balance Pro+,19.97,,,,$19.97,,2026-08-13T00:00:00-04:00,2026-08-19T23:59:59-04:00,,1934.27,-985.36,2282.04,-1647.78,http://f.wishabi.net/page_items/429768361/1785960818/extra_large.jpg
Walmart,8080972,1032870471,"Pure Balance Grain Free Salmon & Pea Dry Dog Food, 14KG, selected varieties",Pure Balance Pro+,52.98,,,,$52.98,,2026-08-13T00:00:00-04:00,2026-08-19T23:59:59-04:00,,1183.52,-985.36,1531.3,-1647.78,http://f.wishabi.net/page_items/429768359/1785960817/extra_large.jpg
Walmart,8080972,1032870474,"Pure Balance Pro + Dry Dog Food 7kg, selected varieties",Pure Balance Pro+,32.98,,,,$32.98,,2026-08-13T00:00:00-04:00,2026-08-19T23:59:59-04:00,,1558.9,-985.36,1906.67,-1647.78,http://f.wishabi.net/page_items/429768360/1785960817/extra_large.jpg
Walmart,8080972,1032870484,Pure Balance Pro+ Dry Cat Food 1.5kg,Pure Balance Pro+,11.97,,,,$11.97,,2026-08-13T00:00:00-04:00,2026-08-19T23:59:59-04:00,,1934.27,-1958.76,2282.04,-2621.18,http://f.wishabi.net/page_items/429768364/1785960820/extra_large.jpg
Walmart,8080972,1032870482,Pure Balance Pro+ Dry Cat Food 7kg,Pure Balance Pro+,34.94,,,,$34.94,,2026-08-13T00:00:00-04:00,2026-08-19T23:59:59-04:00,,1558.9,-1958.76,1906.67,-2621.18,http://f.wishabi.net/page_items/429768363/1785960819/extra_large.jpg
Walmart,8080972,1032870480,Pure Balance Pro+ Urinary Care Dry Cat Food 3kg,Pure Balance Pro+,19.97,,,,$19.97,,2026-08-13T00:00:00-04:00,2026-08-19T23:59:59-04:00,,1183.52,-1958.76,1531.3,-2621.18,http://f.wishabi.net/page_items/429768362/1785960818/extra_large.jpg
Walmart,8072271,1031565539,Pure Protein bars,,19.47,,,,$19.47,,2026-08-13T00:00:00-04:00,2026-08-19T23:59:59-04:00,,6637.5,-2080.0,6789.5,-2262.0,http://f.wishabi.net/page_items/429805848/1785993247/extra_large.jpg
Walmart,8080972,1032870594,Purina ONE +Plus Dry Kitten Food 1.8 kg,PURINA,14.77,,,,$14.77,,2026-08-13T00:00:00-04:00,2026-08-19T23:59:59-04:00,,4244.27,-2094.92,4592.04,-2685.58,http://f.wishabi.net/page_items/429768389/1785960821/extra_large.jpg
Walmart,8080972,1032870707,"Purina ONE +Plus Indoor Advantage Turkey, Dry Cat Food 7.2kg",Purina One,39.98,,,,$39.98,,2026-08-13T00:00:00-04:00,2026-08-19T23:59:59-04:00,,6178.9,-3395.85,6526.67,-4058.28,http://f.wishabi.net/page_items/429768414/1785960821/extra_large.jpg
Walmart,8080972,1032870672,"Purina ONE +Plus Whole Body Support, Dry Dog Food 9.5 kg, selected varieties",Purina One,53.67,,,,$53.67,,2026-08-13T00:00:00-04:00,2026-08-19T23:59:59-04:00,,5803.52,-2001.08,6151.29,-2663.5,http://f.wishabi.net/page_items/429768407/1785960816/extra_large.jpg
Walmart,8080972,1032870584,"Purina ONE LiveClear Dry Cat Food, 1.36 kg",PURINA,19.47,,,,$19.47,,2026-08-13T00:00:00-04:00,2026-08-19T23:59:59-04:00,,3493.52,-2094.92,3841.29,-2685.58,http://f.wishabi.net/page_items/429768387/1785960819/extra_large.jpg
Walmart,8080972,1032870434,"Purina ONE True Instinct Beef & Bison, Dry Dog Food 6.8kg, selected varieties",Purina One,28.63,,,,$28.63,,2026-08-13T00:00:00-04:00,2026-08-19T23:59:59-04:00,,403.9,-2032.36,751.67,-2694.79,http://f.wishabi.net/page_items/429768350/1785960823/extra_large.jpg
Walmart,8080972,1032870589,Purina ONE True Instinct Dry Cat Food 1.45kg,PURINA,14.77,,,,$14.77,,2026-08-13T00:00:00-04:00,2026-08-19T23:59:59-04:00,,3868.9,-2094.92,4216.67,-2685.58,http://f.wishabi.net/page_items/429768388/1785960820/extra_large.jpg
Walmart,8072271,1032544015,"Queen Bed Frame, GELBIY Queen Size Platform Bed with Fabric Upholstered Headboard, Black, No Box Spring Needed",,159.88,,,,$159.88,,2026-08-13T00:00:00-04:00,2026-08-19T23:59:59-04:00,,9051.75,-138.33,9304.32,-611.89,http://f.wishabi.net/page_items/430370417/1786485735/extra_large.jpg
Walmart,8080972,1032870660,"Quirky Kitty Glow in the Dark Mouse Cat Toy, 3pk",Quirky Kitty,12.97,,,,$12.97,,2026-08-13T00:00:00-04:00,2026-08-19T23:59:59-04:00,,5023.9,-3474.98,5371.67,-4065.64,http://f.wishabi.net/page_items/430250960/1786395240/extra_large.jpg
Walmart,8080972,1032870657,Quirky Kitty Glow in the Dark Night Owl Kicker Cat Toy,Quirky Kitty,9.97,,,,$9.97,,2026-08-13T00:00:00-04:00,2026-08-19T23:59:59-04:00,,4648.52,-3474.98,4996.29,-4065.64,http://f.wishabi.net/page_items/430250958/1786395239/extra_large.jpg
Walmart,8072271,1032544070,"Quook Baby Food Maker, Bottle Warmer and Sterilizer by Quark",,134.99,,,,$134.99,,2026-08-13T00:00:00-04:00,2026-08-19T23:59:59-04:00,,9053.63,-2446.41,9309.95,-2537.14,http://f.wishabi.net/page_items/430370448/1786485746/extra_large.jpg
Walmart,8072271,1032575698,RITZ Drizzled minis,Ritz,4.98,,,,$4.98,,2026-08-13T00:00:00-04:00,2026-09-16T23:59:59-04:00,,25305.7,-45.82,25983.9,-593.87,http://f.wishabi.net/page_items/430349500/1786500167/extra_large.jpg
Walmart,8072271,1032575690,RITZ Handi-Snacks crackers 'n cheesy dip,Ritz,9.48,,,,$9.48,,2026-08-13T00:00:00-04:00,2026-09-16T23:59:59-04:00,,25316.9,-1923.63,25970.9,-2475.39,http://f.wishabi.net/page_items/430349206/1786500164/extra_large.jpg
Walmart,8072271,1032575700,RITZ family size crackers,Ritz,4.48,,,,$4.48,,2026-08-13T00:00:00-04:00,2026-09-16T23:59:59-04:00,,24588.4,-27.83,25261.8,-582.63,http://f.wishabi.net/page_items/430349574/1786500167/extra_large.jpg
Walmart,8033586,1030255387,RNBW MTN LMP,,,,,,,,2026-07-30T00:00:00-04:00,2026-09-16T23:59:59-04:00,,3745.0,-1560.33,3916.0,-1821.33,http://f.wishabi.net/page_items/429173414/1785429063/extra_large.jpg
Walmart,8072271,1031727619,Rascals premium superpack diapers,Rascals,21.88,,,,$21.88,,2026-08-13T00:00:00-04:00,2026-08-19T23:59:59-04:00,,38417.6,-852.7,38548.5,-1022.55,http://f.wishabi.net/page_items/429899429/1786396481/extra_large.jpg
Walmart,8072271,1031498898,Red Baron classic crust frozen pizza,Red Baron,2.97,,,,$2.97,,2026-08-13T00:00:00-04:00,2026-08-19T23:59:59-04:00,,1376.47,-547.24,1470.32,-643.27,http://f.wishabi.net/page_items/429800996/1786393621/extra_large.jpg
Walmart,8072271,1031542017,Red baron classic or thin crust frozen pizza,,2.97,,,,$2.97,,2026-08-13T00:00:00-04:00,2026-08-19T23:59:59-04:00,,1472.47,-542.24,1566.32,-638.27,http://f.wishabi.net/page_items/429806339/1786393633/extra_large.jpg
Walmart,8033586,1032474336,Reebok backpack,Reebok,34.97,,,,$34.97,,2026-07-30T00:00:00-04:00,2026-09-16T23:59:59-04:00,,21638.2,-1423.56,21822.0,-1633.36,http://f.wishabi.net/page_items/427380671/1784311935/extra_large.jpg
Walmart,8033586,1032474323,Reebok game day fleece hoodie,Reebok,24.97,,,,$24.97,,2026-07-30T00:00:00-04:00,2026-09-16T23:59:59-04:00,,21403.9,-1476.9,21546.3,-1634.62,http://f.wishabi.net/page_items/427380669/1784311934/extra_large.jpg
Walmart,8033586,1032474363,Reebok game day fleece jogger,Reebok,24.97,,,,$24.97,,2026-07-30T00:00:00-04:00,2026-09-16T23:59:59-04:00,,21343.5,-1637.21,21546.6,-1815.52,http://f.wishabi.net/page_items/427695256/1784311937/extra_large.jpg
Walmart,8033586,1032471607,Reebok lunch bags,Reebok,16.97,,,,$16.97,,2026-07-30T00:00:00-04:00,2026-09-16T23:59:59-04:00,,18487.9,-1689.75,18722.8,-2016.3,http://f.wishabi.net/page_items/430308223/1786460929/extra_large.jpg
Walmart,8033586,1032458910,Reebok spotlight flare leggings,Reebok,19.97,,,,$19.97,,2026-07-30T00:00:00-04:00,2026-09-16T23:59:59-04:00,,16813.0,-1120.0,16895.0,-1337.33,http://f.wishabi.net/page_items/430301237/1786460503/extra_large.jpg
Walmart,8072271,1032576714,Reese's Big Cup stuffed with Pieces King,Reese's,2.18,,,,$2.18,,2026-08-13T00:00:00-04:00,2026-09-16T23:59:59-04:00,,27431.3,-986.98,28327.5,-1710.92,http://f.wishabi.net/page_items/430356698/1786500163/extra_large.jpg
Walmart,8072271,1032576723,Reese's Minis Peanut Butter Cups candy,Reese's,4.48,,,,$4.48,,2026-08-13T00:00:00-04:00,2026-09-16T23:59:59-04:00,,27586.7,-1811.23,27847.1,-2130.92,http://f.wishabi.net/page_items/430356896/1786500166/extra_large.jpg
Walmart,8072271,1032576730,Reese's Pieces candy,Reese's,4.48,,,,$4.48,,2026-08-13T00:00:00-04:00,2026-09-16T23:59:59-04:00,,27869.1,-1820.2,28149.8,-2124.17,http://f.wishabi.net/page_items/430357151/1786500168/extra_large.jpg
Walmart,8072271,1032544052,Restored Samsung Galaxy S23 Ultra 256GB Unlocked Smartphone Like New,,519.99,,,,$519.99,,2026-08-13T00:00:00-04:00,2026-08-19T23:59:59-04:00,,9046.91,-1886.91,9306.25,-1962.28,http://f.wishabi.net/page_items/430370441/1786485742/extra_large.jpg
Walmart,8033586,1027053506,Rimmel Multi Tasker Concealer,Rimmel,9.97,,,,$9.97,,2026-07-30T00:00:00-04:00,2026-09-16T23:59:59-04:00,,11820.1,-873.7,11849.1,-1027.73,http://f.wishabi.net/page_items/427705239/1784314621/extra_large.jpg
Walmart,8033586,1027053488,Rimmel Multi Tasker concealer,Rimmel,9.97,,,,$9.97,,2026-07-30T00:00:00-04:00,2026-09-16T23:59:59-04:00,,11744.1,-871.7,11773.1,-1025.73,http://f.wishabi.net/page_items/427705237/1784314620/extra_large.jpg
Walmart,8033586,1027053524,Rimmel Stay Glossy lip gloss or Wonder'Bond mascara,Rimmel,7.97,,,,$7.97,,2026-07-30T00:00:00-04:00,2026-09-16T23:59:59-04:00,,11810.4,-1148.39,11900.9,-1386.48,http://f.wishabi.net/page_items/427705241/1784314623/extra_large.jpg
Walmart,8033586,1026868154,Rimmel Wonder Bond mascara,Rimmel,7.97,,,,$7.97,,2026-07-30T00:00:00-04:00,2026-09-16T23:59:59-04:00,,11717.4,-1146.39,11807.9,-1384.48,http://f.wishabi.net/page_items/427380724/1784314615/extra_large.jpg
Walmart,8072271,1032575695,Ritz Bits Snackwiches 10-Snak Paks,Ritz,4.98,,,,$4.98,,2026-08-13T00:00:00-04:00,2026-09-16T23:59:59-04:00,,24593.4,-1932.24,25263.2,-2461.21,http://f.wishabi.net/page_items/430349297/1786500165/extra_large.jpg
Walmart,8072271,1031501440,Romaine lettuce hearts,,3.97,,,,$3.97,,2026-08-13T00:00:00-04:00,2026-08-19T23:59:59-04:00,,1987.31,-398.36,2422.16,-653.66,http://f.wishabi.net/page_items/429802025/1786394149/extra_large.jpg
Walmart,8072271,1032575470,Royal & Langnickel Essentials paint set,Royal & Langnickel,7.97,,,,$7.97,,2026-08-13T00:00:00-04:00,2026-09-16T23:59:59-04:00,,20293.9,-767.01,20464.5,-1222.42,http://f.wishabi.net/page_items/430349832/1786500164/extra_large.jpg
Walmart,8072271,1033389872,Royale 2-ply bathroom tissue 24 = 48 rolls,,11.97,,,,$11.97,,2026-08-13T00:00:00-04:00,2026-08-19T23:59:59-04:00,,649.92,-1986.86,772.64,-2157.33,http://f.wishabi.net/page_items/430724053/1786753908/extra_large.jpg
Walmart,8072271,1031563971,Royale Facial Tissue,Royale,19.97,,,,$19.97,,2026-08-13T00:00:00-04:00,2026-08-19T23:59:59-04:00,,5303.76,-743.77,5455.06,-857.84,http://f.wishabi.net/page_items/429806668/1785993233/extra_large.jpg
Walmart,8072271,1031502245,Royale facial tissue,,19.97,,,,$19.97,,2026-08-13T00:00:00-04:00,2026-08-19T23:59:59-04:00,,5218.76,-695.77,5303.06,-817.84,http://f.wishabi.net/page_items/429801898/1785993230/extra_large.jpg
Walmart,8072271,1032944979,S-Gel gel pens,,3.0,,,,$3.0,,2026-08-13T00:00:00-04:00,2026-08-19T23:59:59-04:00,,7478.41,-174.07,7579.87,-296.63,http://f.wishabi.net/page_items/430538436/1786586762/extra_large.jpg
Walmart,8072271,1032338738,SKIMI hair dryer and hot styling brush set,SKIMI,45.99,,,,$45.99,,2026-08-13T00:00:00-04:00,2026-08-19T23:59:59-04:00,,36281.1,-1711.46,36559.1,-2050.81,http://f.wishabi.net/page_items/430253698/1786500156/extra_large.jpg
Walmart,8072271,1032338829,"SKYWORTH 40"" QLED Smart TV, FHD Compatible with Google TV",SKYWORTH,259.99,,,,$259.99,,2026-08-13T00:00:00-04:00,2026-08-19T23:59:59-04:00,,36724.9,-294.84,37149.7,-634.44,http://f.wishabi.net/page_items/430253731/1786500160/extra_large.jpg
Walmart,8033586,1030255374,STACK BLOCK LIGHTS,,,,,,,,2026-07-30T00:00:00-04:00,2026-09-16T23:59:59-04:00,,3595.31,-876.41,3686.23,-939.35,http://f.wishabi.net/page_items/429173386/1785429059/extra_large.jpg
Walmart,8033586,1027053569,Sally Hansen Insta-Dri Color Shift nail colour,Sally Hansen,8.47,,,,$8.47,,2026-07-30T00:00:00-04:00,2026-09-16T23:59:59-04:00,,11577.0,-2216.17,11640.0,-2394.17,http://f.wishabi.net/page_items/427705246/1784314626/extra_large.jpg
Walmart,8033586,1027053605,Sally Hansen Insta—Dri Color Shift nail colour,Sally Hansen,8.47,,,,$8.47,,2026-07-30T00:00:00-04:00,2026-09-16T23:59:59-04:00,,11799.0,-2271.17,11849.0,-2430.17,http://f.wishabi.net/page_items/427705250/1784314628/extra_large.jpg
Walmart,8033586,1026869081,Sally Hansen Miracle Gel Super Shiny Shield top coat,Sally Hansen,10.76,,,,$10.76,,2026-07-30T00:00:00-04:00,2026-09-16T23:59:59-04:00,,11469.7,-2200.19,11542.3,-2373.65,http://f.wishabi.net/page_items/427380726/1784314616/extra_large.jpg
Walmart,8072271,1032277250,Samsung Galaxy A17 128 GB unlocked phone,Samsung,219.98,,,,$219.98,,2026-08-07T00:00:00-04:00,2026-09-16T23:59:59-04:00,,16784.7,-1748.5,17408.3,-2491.04,http://f.wishabi.net/page_items/430238497/1786401073/extra_large.jpg
Walmart,8072271,1032945022,Samsung Galaxy Tab S10 Lite 128GB,Samsung,369.98,,,,$369.98,,2026-08-13T00:00:00-04:00,2026-08-19T23:59:59-04:00,,7318.48,-1206.84,7771.97,-1398.75,http://f.wishabi.net/page_items/430538453/1786586769/extra_large.jpg
Walmart,8072271,1031508640,Samyang Buldak ramen noodles,Samyang,2.98,,,,$2.98,,2026-08-13T00:00:00-04:00,2026-08-19T23:59:59-04:00,,4036.68,-2150.98,4218.99,-2293.4,http://f.wishabi.net/page_items/429805806/1785993231/extra_large.jpg
Walmart,8072271,1031557033,Schneiders Original Recipe wieners,Schneiders,3.97,,,,$3.97,,2026-08-13T00:00:00-04:00,2026-08-19T23:59:59-04:00,,2195.42,-939.44,2401.97,-1104.16,http://f.wishabi.net/page_items/429806799/1786394154/extra_large.jpg
Walmart,8072271,1031542038,Schneiders half ham,Schneiders,10.97,,,,$10.97,,2026-08-13T00:00:00-04:00,2026-08-19T23:59:59-04:00,,2477.34,-1037.66,2719.03,-1203.84,http://f.wishabi.net/page_items/429806801/1786394154/extra_large.jpg
Walmart,8033586,1032471943,School Yard Vibes 3-piece backpack set,,29.97,,,,$29.97,,2026-07-30T00:00:00-04:00,2026-09-16T23:59:59-04:00,,19768.6,-1865.03,20166.2,-2205.49,http://f.wishabi.net/page_items/430304052/1786461852/extra_large.jpg
Walmart,8072271,1032945004,Schoolyard Vibes Backpack and lunchbag set,,29.97,,,,$29.97,,2026-08-13T00:00:00-04:00,2026-08-19T23:59:59-04:00,,7464.24,-783.42,7768.73,-981.86,http://f.wishabi.net/page_items/430538444/1786586766/extra_large.jpg
Walmart,8072271,1031502552,Scope Outlast mouthwash 1 L,Scope,5.97,,,,$5.97,,2026-08-13T00:00:00-04:00,2026-08-19T23:59:59-04:00,,6090.35,-324.24,6164.24,-457.92,http://f.wishabi.net/page_items/429801910/1785993225/extra_large.jpg
Walmart,8072271,1032574522,Scosche 20W USB-C wall charger,,24.98,,,,$24.98,,2026-08-13T00:00:00-04:00,2026-09-16T23:59:59-04:00,,12884.6,-1662.92,13268.7,-1989.17,http://f.wishabi.net/page_items/430349195/1786500161/extra_large.jpg
Walmart,8072271,1032574527,Scosche magnetic wireless phone charger,,34.98,,,,$34.98,,2026-08-13T00:00:00-04:00,2026-09-16T23:59:59-04:00,,13308.0,-1673.37,13687.7,-1979.54,http://f.wishabi.net/page_items/430349294/1786500162/extra_large.jpg
Walmart,8072271,1033389823,Sealtest 1% chocolate milk,Sealtest,0.98,,,,$0.98,,2026-08-13T00:00:00-04:00,2026-08-19T23:59:59-04:00,,41.11,-1384.32,102.13,-1607.98,http://f.wishabi.net/page_items/430724001/1786753902/extra_large.jpg
Walmart,8072271,1033390285,Sealtest chocolate milk,Sealtest,0.98,,,,$0.98,,2026-08-13T00:00:00-04:00,2026-09-16T23:59:59-04:00,,29434.3,-2222.61,29500.4,-2364.45,http://f.wishabi.net/page_items/430723972/1786754187/extra_large.jpg
Walmart,8072271,1032945936,Secret antiperspirant 73 g,Secret,4.97,,,,$4.97,,2026-08-13T00:00:00-04:00,2026-08-19T23:59:59-04:00,,38954.3,-1395.52,39046.7,-1678.87,http://f.wishabi.net/page_items/430536356/1786587820/extra_large.jpg
Walmart,8072271,1032574431,Selected Stationery,,2.0,,,,$2.0,,2026-08-13T00:00:00-04:00,2026-09-16T23:59:59-04:00,,9775.95,-1515.58,9856.43,-1727.29,http://f.wishabi.net/page_items/430356290/1786500159/extra_large.jpg
Walmart,8072271,1032574444,Selected Stationery,,3.0,,,,$3.0,,2026-08-13T00:00:00-04:00,2026-09-16T23:59:59-04:00,,10226.8,-1475.68,10363.4,-1715.28,http://f.wishabi.net/page_items/430356386/1786500163/extra_large.jpg
Walmart,8072271,1032575378,Selected padlocks,,9.97,,,,$9.97,,2026-08-13T00:00:00-04:00,2026-09-16T23:59:59-04:00,,18298.4,-655.69,19251.4,-1000.48,http://f.wishabi.net/page_items/430352404/1786500161/extra_large.jpg
Walmart,8072271,1032574426,Selected stationery,,3.0,,,,$3.0,,2026-08-13T00:00:00-04:00,2026-09-16T23:59:59-04:00,,10151.9,-1472.58,10228.3,-1718.38,http://f.wishabi.net/page_items/430356277/1786500158/extra_large.jpg
Walmart,8072271,1032574433,Selected stationery,,2.0,,,,$2.0,,2026-08-13T00:00:00-04:00,2026-09-16T23:59:59-04:00,,9868.89,-1467.82,9964.13,-1737.45,http://f.wishabi.net/page_items/430356344/1786500160/extra_large.jpg
Walmart,8080972,1032870875,Self Cleaning Litter Box,Neakasa,599.99,,,,$599.99,,2026-08-13T00:00:00-04:00,2026-08-19T23:59:59-04:00,,10019.3,-2174.04,10367.0,-2764.71,http://f.wishabi.net/page_items/429768450/1785960821/extra_large.jpg
Walmart,8072271,1031568969,Sensible Portions Garden Veggie Straws,,2.96,,,,$2.96,,2026-08-13T00:00:00-04:00,2026-08-19T23:59:59-04:00,,2759.87,-2183.63,2878.89,-2348.42,http://f.wishabi.net/page_items/429806810/1786394156/extra_large.jpg
Walmart,8072271,1032945929,Sensodyne Clinical Repair Toothpaste,,7.97,,,,$7.97,,2026-08-13T00:00:00-04:00,2026-08-19T23:59:59-04:00,,39435.7,-190.26,39512.4,-471.41,http://f.wishabi.net/page_items/430536338/1786587816/extra_large.jpg
Walmart,8033586,1026859877,Sensodyne Clinical Repair or White toothpaste,Sensodyne,7.97,,,,$7.97,,2026-07-30T00:00:00-04:00,2026-09-16T23:59:59-04:00,,9516.84,-1143.74,9671.81,-1540.47,http://f.wishabi.net/page_items/427462200/1784303065/extra_large.jpg
Walmart,8033586,1026865926,Sensodyne Clinical Repair toothpaste,Sensodyne,7.97,,,,$7.97,,2026-07-30T00:00:00-04:00,2026-09-16T23:59:59-04:00,,9327.78,-1139.1,9482.75,-1535.82,http://f.wishabi.net/page_items/427462199/1784303064/extra_large.jpg
Walmart,8072271,1032945901,Sensodyne Clinical White Enamel Strengthening,Sensodyne,7.97,,,,$7.97,,2026-08-13T00:00:00-04:00,2026-08-19T23:59:59-04:00,,39389.2,-184.06,39434.9,-424.91,http://f.wishabi.net/page_items/430536305/1786587808/extra_large.jpg
Walmart,8072271,1032945930,Sensodyne Toothpaste,Sensodyne,4.94,,,,$4.94,,2026-08-13T00:00:00-04:00,2026-08-19T23:59:59-04:00,,39139.0,-260.03,39345.1,-315.86,http://f.wishabi.net/page_items/430536340/1786587817/extra_large.jpg
Walmart,8072271,1032945916,Sensodyne or Pronamel toothpaste,,4.94,,,,$4.94,,2026-08-13T00:00:00-04:00,2026-08-19T23:59:59-04:00,,39099.0,-202.03,39305.1,-257.86,http://f.wishabi.net/page_items/430536320/1786587812/extra_large.jpg
Walmart,8072271,1031568839,Shanghai bok choy,,1.98,,,,$1.98,,2026-08-13T00:00:00-04:00,2026-08-19T23:59:59-04:00,,4429.35,-223.15,4581.26,-402.96,http://f.wishabi.net/page_items/429810086/1785993229/extra_large.jpg
Walmart,8033586,1026859840,Shark BU1620C cordless stick vacuum,Shark,249.98,,,,$249.98,,2026-07-30T00:00:00-04:00,2026-09-16T23:59:59-04:00,,8213.8,-304.17,8574.46,-1368.25,http://f.wishabi.net/page_items/427380404/1784303067/extra_large.jpg
Walmart,8033586,1026865947,Shark HV340WMC corded stick vacuum,Shark,249.98,,,,$249.98,,2026-07-30T00:00:00-04:00,2026-09-16T23:59:59-04:00,,7820.92,-278.21,8214.03,-1374.01,http://f.wishabi.net/page_items/427380401/1784303065/extra_large.jpg
Walmart,8080972,1032870921,Shark HV370C Rocket Pro Corded Stick Vacuum,Shark,179.98,,,,$179.98,,2026-08-13T00:00:00-04:00,2026-08-19T23:59:59-04:00,,10423.5,-1406.73,10959.0,-2069.16,http://f.wishabi.net/page_items/429769898/1785962002/extra_large.jpg
Walmart,8033586,1026860904,Shark LU240C upright vacuum,Shark,299.98,,,,$299.98,,2026-07-30T00:00:00-04:00,2026-09-16T23:59:59-04:00,,8581.0,-304.32,8946.19,-1357.85,http://f.wishabi.net/page_items/427380403/1784303067/extra_large.jpg
Walmart,8072271,1032575395,Sharpie Toy Story 5 permanent markers,Sharpie,3.48,,,,$3.48,,2026-08-13T00:00:00-04:00,2026-09-16T23:59:59-04:00,,18770.1,-1871.84,19268.4,-2341.82,http://f.wishabi.net/page_items/430352514/1786500163/extra_large.jpg
Walmart,8072271,1032277488,Sharpie bullet-tip creative markers 5-pack.,Sharpie,10.98,,,,$10.98,,2026-08-13T00:00:00-04:00,2026-09-16T23:59:59-04:00,,18035.5,-1511.6,18206.8,-1639.28,http://f.wishabi.net/page_items/430240142/1786401084/extra_large.jpg
Walmart,8072271,1032575367,Sharpie original 12-pack,Sharpie,7.98,,,,$7.98,,2026-08-13T00:00:00-04:00,2026-09-16T23:59:59-04:00,,18873.1,-1047.57,19029.7,-1204.66,http://f.wishabi.net/page_items/430352328/1786500160/extra_large.jpg
Walmart,8072271,1032575384,Sharpie original 12-pack or Mystic Gems fine-point 14-pack permanent markers,,7.98,,,,$7.98,,2026-08-13T00:00:00-04:00,2026-09-16T23:59:59-04:00,,19036.8,-1073.63,19178.1,-1214.47,http://f.wishabi.net/page_items/430352427/1786500162/extra_large.jpg
Walmart,8072271,1033389911,Silk Almond Protein soy beverage,Silk,3.98,,,,$3.98,,2026-08-13T00:00:00-04:00,2026-08-19T23:59:59-04:00,,406.45,-1466.11,489.66,-1671.84,http://f.wishabi.net/page_items/430724070/1786753912/extra_large.jpg
Walmart,8072271,1033389802,Silk Almond beverage,Silk,3.98,,,,$3.98,,2026-08-13T00:00:00-04:00,2026-08-19T23:59:59-04:00,,342.25,-1383.36,402.66,-1592.09,http://f.wishabi.net/page_items/430723956/1786753899/extra_large.jpg
Walmart,8072271,1031562839,Similac 360 Total Care step 1 or 2 powder infant formula,Similac,59.98,,,,$59.98,,2026-08-13T00:00:00-04:00,2026-08-19T23:59:59-04:00,,6031.5,-1334.0,6164.5,-1484.0,http://f.wishabi.net/page_items/429805837/1785993242/extra_large.jpg
Walmart,8072271,1031502606,Similac 360 Total Care step 1 powder infant formula,Similac,59.98,,,,$59.98,,2026-08-13T00:00:00-04:00,2026-08-19T23:59:59-04:00,,5888.34,-1329.19,6028.49,-1487.93,http://f.wishabi.net/page_items/429801922/1785993229/extra_large.jpg
Walmart,8072271,1031780980,Similac Pro-Advance step 1 ready-to-feed bottles,Similac,59.98,,,,$59.98,,2026-08-13T00:00:00-04:00,2026-08-19T23:59:59-04:00,,37790.5,-1122.1,38082.0,-1392.1,http://f.wishabi.net/page_items/429899418/1786396478/extra_large.jpg
Walmart,8033586,1032475396,Simplehuman plastic step garbage bin,simplehuman,70.0,,,,$70.0,,2026-07-30T00:00:00-04:00,2026-09-16T23:59:59-04:00,,5054.14,-1988.85,5360.21,-2552.69,http://f.wishabi.net/page_items/430308361/1786466277/extra_large.jpg
Walmart,8072271,1032575634,Sistema food storage containers,,9.97,,,,$9.97,,2026-08-13T00:00:00-04:00,2026-09-16T23:59:59-04:00,,22522.3,-1517.44,22788.1,-1648.08,http://f.wishabi.net/page_items/430349705/1786500169/extra_large.jpg
Walmart,8072271,1032575536,Skross backpack,,34.97,,,,$34.97,,2026-08-13T00:00:00-04:00,2026-09-16T23:59:59-04:00,,21177.6,-2025.28,21445.6,-2353.43,http://f.wishabi.net/page_items/430352884/1786500163/extra_large.jpg
Walmart,8033586,1030255364,Skylight calendar,,449.99,,,,$449.99,,2026-07-30T00:00:00-04:00,2026-09-16T23:59:59-04:00,,3222.0,-1557.36,3740.0,-1899.36,http://f.wishabi.net/page_items/429173364/1785429056/extra_large.jpg
Walmart,8072271,1032575666,Snack Pack puddings,Snack Pack,1.98,,,,$1.98,,2026-08-13T00:00:00-04:00,2026-09-16T23:59:59-04:00,,24288.1,-2189.33,24436.0,-2386.25,http://f.wishabi.net/page_items/430347741/1786500166/extra_large.jpg
Walmart,8033586,1032475413,SodaStream Pepsi drink mixes*,SodaStream,5.98,,,,$5.98,,2026-07-30T00:00:00-04:00,2026-09-16T23:59:59-04:00,,5591.96,-1285.44,5654.33,-1511.24,http://f.wishabi.net/page_items/430308653/1786466328/extra_large.jpg
Walmart,8033586,1032475402,SodaStream Terra sparkling water maker,SodaStream,79.98,,,,$79.98,,2026-07-30T00:00:00-04:00,2026-09-16T23:59:59-04:00,,5659.1,-1085.32,5800.54,-1677.19,http://f.wishabi.net/page_items/430308355/1786466325/extra_large.jpg
Walmart,8033586,1032475427,SodaStream classic drink mixes,,,,,,,,2026-07-30T00:00:00-04:00,2026-09-16T23:59:59-04:00,,5505.73,-1515.68,5652.44,-1702.45,http://f.wishabi.net/page_items/430308693/1786466331/extra_large.jpg
Walmart,8033586,1032475400,Sodastream Pepsi or classic drink mixes,SodaStream,5.98,,,,$5.98,,2026-07-30T00:00:00-04:00,2026-09-16T23:59:59-04:00,,5506.39,-1320.53,5581.42,-1511.0,http://f.wishabi.net/page_items/430308320/1786466324/extra_large.jpg
Walmart,8072271,1031502615,Softsoap body wash,Softsoap,3.97,,,,$3.97,,2026-08-13T00:00:00-04:00,2026-08-19T23:59:59-04:00,,6381.87,-50.95,6512.4,-315.35,http://f.wishabi.net/page_items/429801924/1785993230/extra_large.jpg
Walmart,8072271,1032945013,Solo 4 wireless headphones,,169.94,,,,$169.94,,2026-08-13T00:00:00-04:00,2026-08-19T23:59:59-04:00,,6852.79,-1203.76,7305.5,-1399.69,http://f.wishabi.net/page_items/430538446/1786586767/extra_large.jpg
Walmart,8072271,1031501783,Sour Patch Kids candy,Sour Patch Kids,3.98,,,,$3.98,,2026-08-13T00:00:00-04:00,2026-08-19T23:59:59-04:00,,3566.43,-1555.06,3683.0,-1650.61,http://f.wishabi.net/page_items/429801589/1786394448/extra_large.jpg
Walmart,8072271,1031780922,Spark Create Imagine activity centre,,69.97,,,,$69.97,,2026-08-13T00:00:00-04:00,2026-08-19T23:59:59-04:00,,37790.0,-1959.3,38079.1,-2230.74,http://f.wishabi.net/page_items/429899447/1786396485/extra_large.jpg
Walmart,8080972,1032870892,Special Kitty Clumping Cat Litter with Baking Soda 18kg,Special Kitty,9.98,,,,$9.98,,2026-08-13T00:00:00-04:00,2026-08-19T23:59:59-04:00,,9643.9,-3469.46,9991.67,-4060.12,http://f.wishabi.net/page_items/429768453/1785960823/extra_large.jpg
Walmart,8080972,1032870698,Special Kitty Health Monitoring Cat Litter 3.6kg,Special Kitty,16.97,,,,$16.97,,2026-08-13T00:00:00-04:00,2026-08-19T23:59:59-04:00,,6554.27,-2698.47,6902.04,-3360.89,http://f.wishabi.net/page_items/429768412/1785960819/extra_large.jpg
Walmart,8080972,1032870897,Special Kitty Lightweight Clumping Unscented Cat Litter 9kg,Special Kitty,18.97,,,,$18.97,,2026-08-13T00:00:00-04:00,2026-08-19T23:59:59-04:00,,10019.3,-3469.46,10367.0,-4060.12,http://f.wishabi.net/page_items/429768454/1785960824/extra_large.jpg
Walmart,8072271,1031502190,Special Kitty clumping cat litter,Special Kitty,9.98,,,,$9.98,,2026-08-13T00:00:00-04:00,2026-08-19T23:59:59-04:00,,5372.46,-1650.45,5507.29,-1829.94,http://f.wishabi.net/page_items/429801869/1785993221/extra_large.jpg
Walmart,8072271,1031502220,Special Kitty health monitoring cat litter,Special Kitty,16.97,,,,$16.97,,2026-08-13T00:00:00-04:00,2026-08-19T23:59:59-04:00,,4911.84,-1686.4,5042.95,-1885.62,http://f.wishabi.net/page_items/429801887/1785993227/extra_large.jpg
Walmart,8033586,1032471994,Spider-Man short-sleeved tee,Spider-Man,10.0,,,,$10.0,,2026-07-30T00:00:00-04:00,2026-09-16T23:59:59-04:00,,19856.1,-392.39,20185.1,-1057.69,http://f.wishabi.net/page_items/430304137/1786461854/extra_large.jpg
Walmart,8072271,1031502226,SpongeTowels UltraPRO paper towels,SpongeTowels,19.98,,,,$19.98,,2026-08-13T00:00:00-04:00,2026-08-19T23:59:59-04:00,,5223.9,-441.88,5497.47,-692.7,http://f.wishabi.net/page_items/429801891/1785993228/extra_large.jpg
Walmart,8072271,1032945933,St. Ives body lotion,St. Ives,4.97,,,,$4.97,,2026-08-13T00:00:00-04:00,2026-08-19T23:59:59-04:00,,39134.9,-507.19,39219.5,-765.72,http://f.wishabi.net/page_items/430536348/1786587818/extra_large.jpg
Walmart,8072271,1032944992,Staedtler Graphite Pencils,STAEDTLER,2.0,,,,$2.0,,2026-08-13T00:00:00-04:00,2026-08-19T23:59:59-04:00,,7163.78,-177.21,7458.92,-371.14,http://f.wishabi.net/page_items/430538439/1786586764/extra_large.jpg
Walmart,8072271,1032575463,Stamp 'N Stick DIY kit or Math Roller Addition or Symbols Addition stamps,,12.97,,,,$12.97,,2026-08-13T00:00:00-04:00,2026-09-16T23:59:59-04:00,,19754.1,-61.52,20129.6,-587.79,http://f.wishabi.net/page_items/430349810/1786500163/extra_large.jpg
Walmart,8072271,1032575580,Starfrit Lock & Lock Easy Match food storage containers,Starfrit,6.97,,,,$6.97,,2026-08-13T00:00:00-04:00,2026-09-16T23:59:59-04:00,,22929.9,-1640.57,23250.3,-1758.83,http://f.wishabi.net/page_items/430349079/1786500161/extra_large.jpg
Walmart,8072271,1032575639,Starfrit Lock&Lock Easy Match food storage containers,,6.97,,,,$6.97,,2026-08-13T00:00:00-04:00,2026-09-16T23:59:59-04:00,,23138.7,-1542.96,23470.2,-1640.75,http://f.wishabi.net/page_items/430349741/1786500170/extra_large.jpg
Walmart,8033586,1032475371,Starfrit The Rock Terra ceramic 8 non-stick fry pan,Starfrit,9.97,,,,$9.97,,2026-07-30T00:00:00-04:00,2026-09-16T23:59:59-04:00,,4750.34,-215.6,4912.83,-514.01,http://f.wishabi.net/page_items/430308201/1786466273/extra_large.jpg
Walmart,8072271,1032574462,Stationery,,,,,,,,2026-08-13T00:00:00-04:00,2026-08-19T23:59:59-04:00,,9621.85,-812.05,9804.34,-1048.59,http://f.wishabi.net/page_items/430356579/1786500168/extra_large.jpg
Walmart,8033586,1032475390,Sterilite 2-piece sink set,Sterilite,9.97,,,,$9.97,,2026-07-30T00:00:00-04:00,2026-09-16T23:59:59-04:00,,4772.4,-531.72,5265.05,-733.81,http://f.wishabi.net/page_items/430308318/1786466276/extra_large.jpg
Walmart,8072271,1032035863,Sterilite 3-drawer medium cart,Sterilite,21.97,,,,$21.97,,2026-08-13T00:00:00-04:00,2026-09-16T23:59:59-04:00,,34655.7,-197.39,34912.9,-834.23,http://f.wishabi.net/page_items/429840509/1786217442/extra_large.jpg
Walmart,8072271,1032035854,Sterilite 3-drawer wide cart,Sterilite,39.97,,,,$39.97,,2026-08-13T00:00:00-04:00,2026-09-16T23:59:59-04:00,,34371.2,-871.31,34763.0,-1185.08,http://f.wishabi.net/page_items/429840502/1786217439/extra_large.jpg
Walmart,8072271,1032035857,Sterilite rectangular open laundry hamper,Sterilite,9.97,,,,$9.97,,2026-08-13T00:00:00-04:00,2026-09-16T23:59:59-04:00,,34377.5,-264.66,34653.6,-835.81,http://f.wishabi.net/page_items/429840507/1786217440/extra_large.jpg
Walmart,8072271,1032035860,Sterilite storage tote,Sterilite,8.47,,,,$8.47,,2026-08-13T00:00:00-04:00,2026-09-16T23:59:59-04:00,,34911.2,-177.8,35168.8,-836.83,http://f.wishabi.net/page_items/429840508/1786217441/extra_large.jpg
Walmart,8072271,1032035846,Sterilite wheeled under-bed tote,,26.97,,,,$26.97,,2026-08-13T00:00:00-04:00,2026-09-16T23:59:59-04:00,,34372.6,-1202.22,34762.9,-1525.49,http://f.wishabi.net/page_items/429840500/1786217438/extra_large.jpg
Walmart,8072271,1032575530,Steve Madden backpack,,34.97,,,,$34.97,,2026-08-13T00:00:00-04:00,2026-09-16T23:59:59-04:00,,21845.9,-1469.02,22106.7,-1764.3,http://f.wishabi.net/page_items/430352864/1786500162/extra_large.jpg
Walmart,8033586,1033127787,Stock up,,,,,,,,2026-07-30T00:00:00-04:00,2026-09-16T23:59:59-04:00,,657.89,-2110.33,965.79,-2517.18,http://f.wishabi.net/page_items/427758926/1784307386/extra_large.jpg
Walmart,8072271,1032945174,Stretch denim,,16.0,,,,$16.0,,2026-08-13T00:00:00-04:00,2026-08-19T23:59:59-04:00,,8141.93,-652.45,8435.79,-1083.57,http://f.wishabi.net/page_items/430536572/1786586771/extra_large.jpg
Walmart,8033586,1026879927,Suave antiperspirant,Suave,3.97,,,,$3.97,,2026-07-30T00:00:00-04:00,2026-09-16T23:59:59-04:00,,15363.6,-98.35,15447.5,-274.64,http://f.wishabi.net/page_items/427462181/1784303067/extra_large.jpg
Walmart,8072271,1032945910,Suave body wash,Suave,3.97,,,,$3.97,,2026-08-13T00:00:00-04:00,2026-08-19T23:59:59-04:00,,39533.8,-1687.86,39615.9,-1877.0,http://f.wishabi.net/page_items/430536313/1786587811/extra_large.jpg
Walmart,8033586,1026859829,Suave body wash,Suave,3.97,,,,$3.97,,2026-07-30T00:00:00-04:00,2026-09-16T23:59:59-04:00,,15269.6,-16.26,15361.3,-263.8,http://f.wishabi.net/page_items/427462183/1784303067/extra_large.jpg
Walmart,8033586,1026869411,Suave body wash or antiperspirant,Suave,3.97,,,,$3.97,,2026-07-30T00:00:00-04:00,2026-09-16T23:59:59-04:00,,15178.8,-30.2,15270.4,-277.74,http://f.wishabi.net/page_items/427380783/1784303064/extra_large.jpg
Walmart,8072271,1032945937,Suave body wash or deodorant,Suave,3.97,,,,$3.97,,2026-08-13T00:00:00-04:00,2026-08-19T23:59:59-04:00,,39449.8,-1688.86,39531.9,-1878.0,http://f.wishabi.net/page_items/430536359/1786587820/extra_large.jpg
Walmart,8072271,1031555944,Summer Fresh dips or hummus,Summer Fresh,3.47,,,,$3.47,,2026-08-13T00:00:00-04:00,2026-08-19T23:59:59-04:00,,2133.4,-1919.34,2266.53,-2050.17,http://f.wishabi.net/page_items/429805988/1786394152/extra_large.jpg
Walmart,8072271,1032945084,Super Sticky Notes,,3.47,,,,$3.47,,2026-08-13T00:00:00-04:00,2026-08-19T23:59:59-04:00,,6935.19,-370.96,7016.4,-483.91,http://f.wishabi.net/page_items/430538544/1786586779/extra_large.jpg
Walmart,8072271,1032944974,Super Sticky notes,,3.47,,,,$3.47,,2026-08-13T00:00:00-04:00,2026-08-19T23:59:59-04:00,,6853.19,-373.96,6934.4,-486.91,http://f.wishabi.net/page_items/430538435/1786586761/extra_large.jpg
Walmart,8072271,1033390294,Swanson fettuccini Alfredo or cheesy rice with broccoli & chicken frozen entrees,,4.97,,,,$4.97,,2026-08-13T00:00:00-04:00,2026-09-16T23:59:59-04:00,,30380.0,-2067.37,30648.7,-2273.69,http://f.wishabi.net/page_items/430719966/1786753884/extra_large.jpg
Walmart,8072271,1033390300,Swanson fettuccini Alfredo with broccoli & chicken frozen entrees,,4.97,,,,$4.97,,2026-08-13T00:00:00-04:00,2026-09-16T23:59:59-04:00,,30657.5,-2073.23,30941.4,-2282.65,http://f.wishabi.net/page_items/430720013/1786753889/extra_large.jpg
Walmart,8072271,1033390295,Swanson lasagna,Swanson,4.97,,,,$4.97,,2026-08-13T00:00:00-04:00,2026-09-16T23:59:59-04:00,,31013.1,-2073.14,31296.8,-2275.33,http://f.wishabi.net/page_items/430719971/1786753885/extra_large.jpg
Walmart,8072271,1033390301,Swanson sweet & sour chicken frozen entrees,Swanson,4.97,,,,$4.97,,2026-08-13T00:00:00-04:00,2026-09-16T23:59:59-04:00,,31310.9,-2080.35,31581.3,-2279.44,http://f.wishabi.net/page_items/430720019/1786753889/extra_large.jpg
Walmart,8072271,1031562858,Swiffer Mop wet pads refill 24s,Swiffer,9.97,,,,$9.97,,2026-08-13T00:00:00-04:00,2026-08-19T23:59:59-04:00,,5476.32,-1103.76,5665.44,-1224.31,http://f.wishabi.net/page_items/429806672/1785993234/extra_large.jpg
Walmart,8072271,1031502217,Swiffer Sweep + Mop wet pads refill 24s,,9.97,,,,$9.97,,2026-08-13T00:00:00-04:00,2026-08-19T23:59:59-04:00,,5393.32,-1013.76,5475.44,-1231.31,http://f.wishabi.net/page_items/429801885/1785993226/extra_large.jpg
Walmart,8072271,1031498737,Swiss Chalet fully cooked pork,,10.76,,,,$10.76,,2026-08-13T00:00:00-04:00,2026-08-19T23:59:59-04:00,,1480.12,-1330.14,1701.7,-1404.98,http://f.wishabi.net/page_items/429800983/1786393619/extra_large.jpg
Walmart,8072271,1031556860,Swiss Chalet fully cooked pork back ribs,Swiss Chalet,10.76,,,,$10.76,,2026-08-13T00:00:00-04:00,2026-08-19T23:59:59-04:00,,1713.12,-1280.14,1878.7,-1356.98,http://f.wishabi.net/page_items/429806362/1786393637/extra_large.jpg
Walmart,8033586,1032475363,T-fal Essential 15-piece cookware set,T-fal,69.97,,,,$69.97,,2026-07-30T00:00:00-04:00,2026-09-16T23:59:59-04:00,,5035.18,-1380.48,5402.87,-1745.07,http://f.wishabi.net/page_items/430308100/1786466271/extra_large.jpg
Walmart,8033586,1032475360,T-fal Essential 2-piece fry pan set,T-fal,16.97,,,,$16.97,,2026-07-30T00:00:00-04:00,2026-09-16T23:59:59-04:00,,4614.27,-1382.95,4993.74,-1764.16,http://f.wishabi.net/page_items/430308088/1786466271/extra_large.jpg
Walmart,8072271,1032575555,TAL 24-oz. stainless steel 2-in-1 straw and chug water bottle,,18.98,,,,$18.98,,2026-08-13T00:00:00-04:00,2026-09-16T23:59:59-04:00,,22332.5,-1047.24,22465.3,-1461.1,http://f.wishabi.net/page_items/430348948/1786500159/extra_large.jpg
Walmart,8072271,1032575623,TAL 24-oz. stainless steel 2-in-l straw and chug water bottle,,18.98,,,,$18.98,,2026-08-13T00:00:00-04:00,2026-09-16T23:59:59-04:00,,22487.5,-1050.93,22604.4,-1461.1,http://f.wishabi.net/page_items/430349654/1786500168/extra_large.jpg
Walmart,8080972,1032870420,"TEMPTATIONS Cat Treats, Tasty Chicken Flavour, 180g",Temptations,2.58,,,,$2.58,,2026-08-13T00:00:00-04:00,2026-08-19T23:59:59-04:00,,28.52,-1333.13,376.3,-1995.56,http://f.wishabi.net/page_items/429768346/1785960820/extra_large.jpg
Walmart,8080972,1032871049,"TEMPTATIONS Mix-Ups Cat Treats , 850g Tub",Temptations,12.97,,,,$12.97,,2026-08-13T00:00:00-04:00,2026-08-19T23:59:59-04:00,,13108.9,-2698.47,13456.7,-3360.89,http://f.wishabi.net/page_items/429768482/1785960819/extra_large.jpg
Walmart,8033586,1032884209,TRESemmé shampoo,TRESemmé,6.97,,,,$6.97,,2026-07-30T00:00:00-04:00,2026-09-16T23:59:59-04:00,,16026.6,-951.55,16123.2,-1206.11,http://f.wishabi.net/page_items/430507346/1786559433/extra_large.jpg
Walmart,8033586,1032884215,"TRESemmé shampoo, conditioner or styling products",TRESemmé,6.97,,,,$6.97,,2026-07-30T00:00:00-04:00,2026-09-16T23:59:59-04:00,,16124.2,-948.45,16220.9,-1203.01,http://f.wishabi.net/page_items/430507355/1786559438/extra_large.jpg
Walmart,8033586,1027063954,TRU Stainless Steel Kettle,TRU,19.88,,,,$19.88,,2026-07-30T00:00:00-04:00,2026-09-16T23:59:59-04:00,,6482.5,-2278.84,6612.5,-2383.84,http://f.wishabi.net/page_items/427708288/1784303072/extra_large.jpg
Walmart,8033586,1026861273,TRU glass kettle,TRU,24.88,,,,$24.88,,2026-07-30T00:00:00-04:00,2026-09-16T23:59:59-04:00,,6773.52,-2338.32,6909.9,-2488.35,http://f.wishabi.net/page_items/427380835/1784303065/extra_large.jpg
Walmart,8033586,1027063948,TRU glass kettle or digital coffee maker,TRU,24.88,,,,$24.88,,2026-07-30T00:00:00-04:00,2026-09-16T23:59:59-04:00,,6646.5,-2260.84,6757.5,-2478.84,http://f.wishabi.net/page_items/427708287/1784303071/extra_large.jpg
Walmart,8072271,1032574479,"TUCCI Italy CityRider 17.7"" backpack",TUCCI,60.0,,,,$60.0,,2026-08-13T00:00:00-04:00,2026-09-16T23:59:59-04:00,,12228.3,-237.47,12758.8,-674.43,http://f.wishabi.net/page_items/430352207/1786500158/extra_large.jpg
Walmart,8072271,1032574482,"TUCCI Italy SportSurge 17.3"" laptop backpack",TUCCI,61.99,,,,$61.99,,2026-08-13T00:00:00-04:00,2026-09-16T23:59:59-04:00,,12224.5,-725.98,12769.8,-1161.09,http://f.wishabi.net/page_items/430352545/1786500159/extra_large.jpg
Walmart,8072271,1033332904,Taco Bell Dips,Taco Bell,5.47,,,,$5.47,,2026-08-13T00:00:00-04:00,2026-08-19T23:59:59-04:00,,41698.3,-952.6,42083.2,-1200.64,http://f.wishabi.net/page_items/430685908/1786718532/extra_large.jpg
Walmart,8072271,1033332910,Taco Bell Meal Kits,Taco Bell,4.47,,,,$4.47,,2026-08-13T00:00:00-04:00,2026-08-19T23:59:59-04:00,,42196.5,-1010.34,42355.5,-1171.34,http://f.wishabi.net/page_items/430685923/1786718536/extra_large.jpg
Walmart,8072271,1033332907,Taco Bell meal kits,Taco Bell,4.47,,,,$4.47,,2026-08-13T00:00:00-04:00,2026-08-19T23:59:59-04:00,,42100.3,-931.93,42194.7,-1099.04,http://f.wishabi.net/page_items/430685915/1786718534/extra_large.jpg
Walmart,8072271,1031502187,Temptations Lickable Singles 40 g or 48 g,Temptations,2.58,,,,$2.58,,2026-08-13T00:00:00-04:00,2026-08-19T23:59:59-04:00,,4908.24,-1906.29,5027.75,-2098.06,http://f.wishabi.net/page_items/429801867/1785993221/extra_large.jpg
Walmart,8072271,1031570894,Temptations cat treats,Temptations,2.58,,,,$2.58,,2026-08-13T00:00:00-04:00,2026-08-19T23:59:59-04:00,,5032.24,-1961.29,5176.75,-2149.06,http://f.wishabi.net/page_items/429806685/1785993238/extra_large.jpg
Walmart,8072271,1031498954,Terra Delyssa extra virgin olive oil,Terra Delyssa,11.97,,,,$11.97,,2026-08-13T00:00:00-04:00,2026-08-19T23:59:59-04:00,,1031.44,-1033.09,1300.37,-1263.26,http://f.wishabi.net/page_items/429801000/1786393621/extra_large.jpg
Walmart,8080972,1032871004,Tetra Pond Fish Food for Koi and Goldfish,Tetra,17.98,,,,$17.98,,2026-08-13T00:00:00-04:00,2026-08-19T23:59:59-04:00,,12329.3,-3460.26,12677.0,-4050.92,http://f.wishabi.net/page_items/429768476/1785960824/extra_large.jpg
Walmart,8080972,1032870995,TetraFin Fish Food Flakes for Goldfish,Tetra,17.98,,,,$17.98,,2026-08-13T00:00:00-04:00,2026-08-19T23:59:59-04:00,,11578.5,-3460.26,11926.3,-4050.92,http://f.wishabi.net/page_items/429768474/1785960823/extra_large.jpg
Walmart,8080972,1032870999,TetraMin Fish Food Flakes for Tropical Fish,Tetra,17.98,,,,$17.98,,2026-08-13T00:00:00-04:00,2026-08-19T23:59:59-04:00,,11953.9,-3460.26,12301.7,-4050.92,http://f.wishabi.net/page_items/429768475/1785960824/extra_large.jpg
Walmart,8072271,1031502056,Thai Chef instant noodles 5-pack,Thai Chef,2.97,,,,$2.97,,2026-08-13T00:00:00-04:00,2026-08-19T23:59:59-04:00,,4401.56,-1162.67,4603.63,-1381.27,http://f.wishabi.net/page_items/429801322/1785993219/extra_large.jpg
Walmart,8072271,1031572423,The Laughing Cow spreadable cheese 8-pack,The Laughing Cow,3.68,,,,$3.68,,2026-08-13T00:00:00-04:00,2026-08-19T23:59:59-04:00,,2455.07,-1917.35,2576.15,-2040.31,http://f.wishabi.net/page_items/429805994/1786394153/extra_large.jpg
Walmart,8033586,1026869060,TheraBreath Deep Clean oral rinse,TheraBreath,14.98,,,,$14.98,,2026-07-30T00:00:00-04:00,2026-09-16T23:59:59-04:00,,9010.99,-1610.91,9455.15,-2055.34,http://f.wishabi.net/page_items/427380795/1784303062/extra_large.jpg
Walmart,8033586,1026868290,TheraBreath Healthy Gums oral rinse,TheraBreath,14.98,,,,$14.98,,2026-07-30T00:00:00-04:00,2026-09-16T23:59:59-04:00,,9132.33,-2105.67,9235.55,-2379.46,http://f.wishabi.net/page_items/427380798/1784303063/extra_large.jpg
Walmart,8033586,1027060372,TheraBreath Whitening oral rinse,TheraBreath,14.98,,,,$14.98,,2026-07-30T00:00:00-04:00,2026-09-16T23:59:59-04:00,,9247.01,-2107.22,9350.23,-2381.01,http://f.wishabi.net/page_items/427708025/1784303067/extra_large.jpg
Walmart,8072271,1032944963,Thermos Funtainer bottle 10-oz,Thermos,17.97,,,,$17.97,,2026-08-13T00:00:00-04:00,2026-08-19T23:59:59-04:00,,7474.75,-577.43,7515.13,-670.98,http://f.wishabi.net/page_items/430538431/1786586759/extra_large.jpg
Walmart,8033586,1032472039,Thermos licensed 16-oz bottle,Thermos,15.97,,,,$15.97,,2026-07-30T00:00:00-04:00,2026-09-16T23:59:59-04:00,,20078.8,-99.23,20122.2,-229.25,http://f.wishabi.net/page_items/430304183/1786461856/extra_large.jpg
Walmart,8033586,1032472103,Thermos licensed 16-oz. bottle or 10-oz food jar.,Thermos,17.97,,,,$17.97,,2026-07-30T00:00:00-04:00,2026-09-16T23:59:59-04:00,,20847.6,-2229.29,20940.1,-2328.64,http://f.wishabi.net/page_items/430308275/1786461960/extra_large.jpg
Walmart,8033586,1032472052,Thermos licensed 16-oz. bottle or 10-oz. food jar.,,15.97,,,,$15.97,,2026-07-30T00:00:00-04:00,2026-09-16T23:59:59-04:00,,20129.0,-137.83,20180.7,-222.4,http://f.wishabi.net/page_items/430304198/1786461856/extra_large.jpg
Walmart,8033586,1032472235,Thermos licensed 16-oz. bottle or 10-oz. food jar. Heys licensed lunch bags,,17.97,,,,$17.97,,2026-07-30T00:00:00-04:00,2026-09-16T23:59:59-04:00,,21042.3,-2164.51,21210.0,-2346.45,http://f.wishabi.net/page_items/430308632/1786461966/extra_large.jpg
Walmart,8033586,1032472219,Thermos licensed 16-oz. bottle or 10-oz. food jar. Heys licensed lunch bags,,15.97,,,,$15.97,,2026-07-30T00:00:00-04:00,2026-09-16T23:59:59-04:00,,20955.6,-2179.82,21039.9,-2358.67,http://f.wishabi.net/page_items/430308612/1786461966/extra_large.jpg
Walmart,8072271,1031499006,"Tide Pods laundry detergent 45,57 or 76 loads",Tide,18.97,,,,$18.97,,2026-08-13T00:00:00-04:00,2026-08-19T23:59:59-04:00,,1452.71,-1030.33,1550.75,-1108.32,http://f.wishabi.net/page_items/429801003/1786393622/extra_large.jpg
Walmart,8072271,1031502229,Tide Simply laundry detergent,Tide,7.97,,,,$7.97,,2026-08-13T00:00:00-04:00,2026-08-19T23:59:59-04:00,,4920.35,-175.97,5074.04,-312.45,http://f.wishabi.net/page_items/429801893/1785993228/extra_large.jpg
Walmart,8072271,1032035869,Tide Simply laundry detergent,Tide,7.97,,,,$7.97,,2026-08-13T00:00:00-04:00,2026-09-16T23:59:59-04:00,,34791.2,-1793.13,35108.4,-2017.04,http://f.wishabi.net/page_items/429916843/1786217443/extra_large.jpg
Walmart,8080972,1032871032,Tidy Cats LightWeight Multi-Cat Clumping Cat Litter 7.71 kg,Tidy Cat,28.88,,,,$28.88,,2026-08-13T00:00:00-04:00,2026-08-19T23:59:59-04:00,,12733.5,-2001.08,13081.3,-2663.5,http://f.wishabi.net/page_items/429768478/1785960817/extra_large.jpg
Walmart,8033586,1026868306,Tineco GO HammerHead wet/dry vacuum cleaner,Tineco,179.98,,,,$179.98,,2026-07-30T00:00:00-04:00,2026-09-16T23:59:59-04:00,,7816.38,-1435.05,8084.39,-2526.66,http://f.wishabi.net/page_items/427380398/1784303064/extra_large.jpg
Walmart,8033586,1026860919,Tineco GO Slim cordless stick vacuum,Tineco,169.98,,,,$169.98,,2026-07-30T00:00:00-04:00,2026-09-16T23:59:59-04:00,,8085.67,-1441.54,8353.99,-2529.99,http://f.wishabi.net/page_items/427380400/1784303065/extra_large.jpg
Walmart,8033586,1027063960,Toastmaster chopper,Toastmaster,19.88,,,,$19.88,,2026-07-30T00:00:00-04:00,2026-09-16T23:59:59-04:00,,6524.5,-2382.84,6629.5,-2489.84,http://f.wishabi.net/page_items/427708289/1784303073/extra_large.jpg
Walmart,8033586,1026860910,Toastmaster rice cooker or single burner,Toastmaster,14.88,,,,$14.88,,2026-07-30T00:00:00-04:00,2026-09-16T23:59:59-04:00,,6729.52,-407.43,6839.93,-531.8,http://f.wishabi.net/page_items/427380833/1784303064/extra_large.jpg
Walmart,8033586,1027063942,Toastmaster sandwich maker,Toastmaster,14.88,,,,$14.88,,2026-07-30T00:00:00-04:00,2026-09-16T23:59:59-04:00,,6563.5,-500.84,6726.5,-624.84,http://f.wishabi.net/page_items/427708286/1784303071/extra_large.jpg
Walmart,8033586,1027063930,Toastmaster single burner,Toastmaster®,14.88,,,,$14.88,,2026-07-30T00:00:00-04:00,2026-09-16T23:59:59-04:00,,6779.52,-532.43,6915.93,-612.8,http://f.wishabi.net/page_items/427708284/1784303069/extra_large.jpg
Walmart,8033586,1027063936,Toastmaster toaster or sandwich maker,Toastmaster,14.88,,,,$14.88,,2026-07-30T00:00:00-04:00,2026-09-16T23:59:59-04:00,,6526.5,-385.84,6603.5,-495.84,http://f.wishabi.net/page_items/427708285/1784303070/extra_large.jpg
Walmart,8033586,1032472283,Toddler boys casual shoes,,,,,,,,2026-07-30T00:00:00-04:00,2026-09-16T23:59:59-04:00,,20953.4,-1862.5,21162.4,-1952.92,http://f.wishabi.net/page_items/430308686/1786461969/extra_large.jpg
Walmart,8033586,1032472248,Toddler boys fashion boots,,,,,,,,2026-07-30T00:00:00-04:00,2026-09-16T23:59:59-04:00,,20575.3,-911.29,20808.8,-996.71,http://f.wishabi.net/page_items/430308654/1786461967/extra_large.jpg
Walmart,8033586,1032472259,Toddler girls fashion boots,,,,,,,,2026-07-30T00:00:00-04:00,2026-09-16T23:59:59-04:00,,20841.4,-926.39,21090.6,-1007.41,http://f.wishabi.net/page_items/430308669/1786461967/extra_large.jpg
Walmart,8072271,1032337687,Tylenol Dual Action Acetaminophen + Ibuprofen,Tylenol,14.77,,,,$14.77,,2026-08-13T00:00:00-04:00,2026-08-19T23:59:59-04:00,,41177.6,-1015.62,41632.2,-1368.47,http://f.wishabi.net/page_items/430253660/1786500153/extra_large.jpg
Walmart,8072271,1032337789,Tylenol Dual Action Acetaminophen + Ibuprofen,Tylenol,8.77,,,,$8.77,,2026-08-13T00:00:00-04:00,2026-08-19T23:59:59-04:00,,40726.8,-638.9,41627.3,-1002.66,http://f.wishabi.net/page_items/430253750/1786500157/extra_large.jpg
Walmart,8072271,1032337802,Tylenol Extra Strength,Tylenol,16.34,,,,$16.34,,2026-08-13T00:00:00-04:00,2026-08-19T23:59:59-04:00,,41262.4,-1735.24,41420.5,-1991.86,http://f.wishabi.net/page_items/430253751/1786500158/extra_large.jpg
Walmart,8072271,1032337750,Tylenol Extra Strength Liquid Gels,,15.78,,,,$15.78,,2026-08-13T00:00:00-04:00,2026-08-19T23:59:59-04:00,,40715.3,-1382.16,41156.8,-1726.35,http://f.wishabi.net/page_items/430253747/1786500155/extra_large.jpg
Walmart,8072271,1032337763,Tylenol Extra Strength liquid gels,Tylenol,7.47,,,,$7.47,,2026-08-13T00:00:00-04:00,2026-08-19T23:59:59-04:00,,40715.1,-1015.75,41164.8,-1368.74,http://f.wishabi.net/page_items/430253748/1786500156/extra_large.jpg
Walmart,8072271,1032337711,Tylenol Muscle & Body,Tylenol,20.67,,,,$20.67,,2026-08-13T00:00:00-04:00,2026-08-19T23:59:59-04:00,,41191.0,-1380.74,41334.0,-1672.79,http://f.wishabi.net/page_items/430253711/1786500154/extra_large.jpg
Walmart,8072271,1032337828,Tylenol Muscle & Body or Arthritis pain relief,Tylenol,20.67,,,,$20.67,,2026-08-13T00:00:00-04:00,2026-08-19T23:59:59-04:00,,41334.6,-1427.93,41467.6,-1715.57,http://f.wishabi.net/page_items/430253753/1786500160/extra_large.jpg
Walmart,8072271,1032575430,Uni Posca PC-5M water-based paint markers,Posca,23.44,,,,$23.44,,2026-08-13T00:00:00-04:00,2026-09-16T23:59:59-04:00,,19377.5,-719.67,20033.7,-1272.17,http://f.wishabi.net/page_items/430349077/1786500160/extra_large.jpg
Walmart,8072271,1032544039,"VEAT00L F11 Android 13 Tablet 2026, 6GB(4+2) RAM, 64GB ROM, 128GB Expand, Quad-Core Processor up to 2.0 GHz, Dual Camera, WiFi, BT, 6000mAh with Fast Charge, 1280x800 HD Touch Screen",,152.99,,,,$152.99,,2026-08-13T00:00:00-04:00,2026-08-19T23:59:59-04:00,,9322.75,-716.13,9560.51,-1185.99,http://f.wishabi.net/page_items/430370432/1786485740/extra_large.jpg
Walmart,8072271,1032338712,VUSIGN magnetic dry-erase whiteboard,,27.99,,,,$27.99,,2026-08-13T00:00:00-04:00,2026-08-19T23:59:59-04:00,,36278.7,-657.18,36561.8,-991.89,http://f.wishabi.net/page_items/430253691/1786500155/extra_large.jpg
Walmart,8033586,1026868468,Vaseline lotion,Vaseline,9.96,,,,$9.96,,2026-07-30T00:00:00-04:00,2026-09-16T23:59:59-04:00,,15242.7,-482.26,15450.5,-1089.96,http://f.wishabi.net/page_items/427462185/1784303068/extra_large.jpg
Walmart,8072271,1032576803,Vega Protein & Supergreens plant-based powder,Vega,21.97,,,,$21.97,,2026-08-13T00:00:00-04:00,2026-09-16T23:59:59-04:00,,31790.0,-1105.14,32593.6,-1748.77,http://f.wishabi.net/page_items/430348110/1786500164/extra_large.jpg
Walmart,8072271,1032576807,Vega protein Made Simple protein powder,Vega Protein,19.97,,,,$19.97,,2026-08-13T00:00:00-04:00,2026-09-16T23:59:59-04:00,,32073.3,-1812.61,32247.4,-2117.61,http://f.wishabi.net/page_items/430348162/1786500165/extra_large.jpg
Walmart,8033586,1030255388,Velvet Mustard Bean Bag Chair,,,,,,,,2026-07-30T00:00:00-04:00,2026-09-16T23:59:59-04:00,,3739.85,-599.61,3926.35,-816.42,http://f.wishabi.net/page_items/429173417/1785429064/extra_large.jpg
Walmart,8072271,1032945887,Venus ComfortGlide women's 8 razor blade refills,Venus,29.97,,,,$29.97,,2026-08-13T00:00:00-04:00,2026-08-19T23:59:59-04:00,,39239.6,-787.03,39652.0,-1056.8,http://f.wishabi.net/page_items/430536292/1786587804/extra_large.jpg
Walmart,8080972,1032870429,Vibrant Life 5 Level Cat Tree,Vibrant Life,63.97,,,,$63.97,,2026-08-13T00:00:00-04:00,2026-08-19T23:59:59-04:00,,28.52,-2032.36,376.3,-2694.79,http://f.wishabi.net/page_items/429768349/1785960822/extra_large.jpg
Walmart,8080972,1032870812,Vibrant Life Cat Tree with Top Perch,Vibrant Life,39.97,,,,$39.97,,2026-08-13T00:00:00-04:00,2026-08-19T23:59:59-04:00,,8864.27,-1958.76,9212.04,-2621.18,http://f.wishabi.net/page_items/429768437/1785960821/extra_large.jpg
Walmart,8080972,1032870439,"Vibrant Life Dog Pee Pads and Puppy Training Pads L 150ct, selectes sizes.",Vibrant Life,29.98,,,,$29.98,,2026-08-13T00:00:00-04:00,2026-08-19T23:59:59-04:00,,28.52,-3395.85,376.3,-4058.28,http://f.wishabi.net/page_items/429768352/1785960824/extra_large.jpg
Walmart,8080972,1032871054,"Vibrant Life Dog Poop Bags, 120 Bags, selectes sizes.",Vibrant Life,4.98,,,,$4.98,,2026-08-13T00:00:00-04:00,2026-08-19T23:59:59-04:00,,13484.3,-2698.47,13832.0,-3360.89,http://f.wishabi.net/page_items/429768483/1785960819/extra_large.jpg
Walmart,8080972,1032870870,Vibrant Life Litter Box,Vibrant Life,34.94,,,,$34.94,,2026-08-13T00:00:00-04:00,2026-08-19T23:59:59-04:00,,10019.3,-1515.3,10367.0,-2105.96,http://f.wishabi.net/page_items/429768449/1785960820/extra_large.jpg
Walmart,8080972,1032870787,"Vibrant Life Round Dreamer Dog Bed, Small, 22""x22""",Vibrant Life,29.98,,,,$29.98,,2026-08-13T00:00:00-04:00,2026-08-19T23:59:59-04:00,,8113.52,-985.36,8461.29,-1647.78,http://f.wishabi.net/page_items/429768432/1785960818/extra_large.jpg
Walmart,8080972,1032870638,"Vibrant Life Tough Buddy Farm Friends with Rope Dog Toys, selected varieties",Vibrant Life,9.97,,,,$9.97,,2026-08-13T00:00:00-04:00,2026-08-19T23:59:59-04:00,,5023.9,-1322.09,5371.67,-1912.75,http://f.wishabi.net/page_items/430250950/1786395237/extra_large.jpg
Walmart,8033586,1026860893,Vitamasques lip butter balm,VITAMASQUES,6.97,,,,$6.97,,2026-07-30T00:00:00-04:00,2026-09-16T23:59:59-04:00,,11249.5,-122.42,11912.6,-776.23,http://f.wishabi.net/page_items/427455953/1784314618/extra_large.jpg
Walmart,8080972,1032870407,WK28_PETS_PAGE01_POS02_ENG-1,,,,,,,,2026-08-13T00:00:00-04:00,2026-08-19T23:59:59-04:00,,0.0,-267.73,1156.49,-1298.17,http://f.wishabi.net/page_items/429768338/1785960815/extra_large.jpg
Walmart,8080972,1032870454,WK28_PETS_PAGE02_POS01_ENG-2,,,,,,,,2026-08-13T00:00:00-04:00,2026-08-19T23:59:59-04:00,,1155.0,0.0,2311.49,-199.65,http://f.wishabi.net/page_items/429768355/1785960814/extra_large.jpg
Walmart,8080972,1032870461,WK28_PETS_PAGE02_POS03_ENG-2,,,,,,,,2026-08-13T00:00:00-04:00,2026-08-19T23:59:59-04:00,,1155.0,-1706.67,2311.49,-1907.23,http://f.wishabi.net/page_items/429768357/1785960815/extra_large.jpg
Walmart,8080972,1032870467,WK28_PETS_PAGE02_POS04_ENG-2,,,,,,,,2026-08-13T00:00:00-04:00,2026-08-19T23:59:59-04:00,,1558.9,-3388.49,2311.49,-4089.56,http://f.wishabi.net/page_items/429768358/1785960816/extra_large.jpg
Walmart,8080972,1032871027,WK28_PETS_PAGE03_POS01_ENG-12,,,,,,,,2026-08-13T00:00:00-04:00,2026-08-19T23:59:59-04:00,,12733.5,-32.2,13832.0,-1966.12,http://f.wishabi.net/page_items/429768477/1785960816/extra_large.jpg
Walmart,8080972,1032870502,WK28_PETS_PAGE04_POS01_ENG-3,,,,,,,,2026-08-13T00:00:00-04:00,2026-08-19T23:59:59-04:00,,2310.0,0.0,3466.49,-199.65,http://f.wishabi.net/page_items/429768369/1785960814/extra_large.jpg
Walmart,8080972,1032870506,WK28_PETS_PAGE04_POS02-3,,,,,,,,2026-08-13T00:00:00-04:00,2026-08-19T23:59:59-04:00,,2713.9,-963.28,3466.49,-1912.75,http://f.wishabi.net/page_items/429768370/1785960815/extra_large.jpg
Walmart,8080972,1032870511,WK28_PETS_PAGE04_POS03_ENG-3,,,,,,,,2026-08-13T00:00:00-04:00,2026-08-19T23:59:59-04:00,,2310.0,-1955.08,3061.67,-3333.29,http://f.wishabi.net/page_items/429768371/1785960815/extra_large.jpg
Walmart,8080972,1032870550,WK28_PETS_PAGE05_POS01-4,,,,,,,,2026-08-13T00:00:00-04:00,2026-08-19T23:59:59-04:00,,3465.0,0.0,4621.49,-685.43,http://f.wishabi.net/page_items/429768381/1785960815/extra_large.jpg
Walmart,8080972,1032870556,WK28_PETS_PAGE05_POS02-4,,,,,,,,2026-08-13T00:00:00-04:00,2026-08-19T23:59:59-04:00,,3465.0,-1364.41,4621.49,-2050.76,http://f.wishabi.net/page_items/429768382/1785960816/extra_large.jpg
Walmart,8080972,1032870561,WK28_PETS_PAGE05_POS03_ENG-4,,,,,,,,2026-08-13T00:00:00-04:00,2026-08-19T23:59:59-04:00,,3465.0,-2729.75,4621.49,-3416.09,http://f.wishabi.net/page_items/429768383/1785960816/extra_large.jpg
Walmart,8080972,1032870611,WK28_PETS_PAGE06_POS01-5,,,,,,,,2026-08-13T00:00:00-04:00,2026-08-19T23:59:59-04:00,,5023.9,-8.28,5776.49,-1285.29,http://f.wishabi.net/page_items/430250940/1786395232/extra_large.jpg
Walmart,8080972,1032870620,WK28_PETS_PAGE06_POS02-5,,,,,,,,2026-08-13T00:00:00-04:00,2026-08-19T23:59:59-04:00,,4620.0,-2157.48,5371.67,-3434.49,http://f.wishabi.net/page_items/430250943/1786395234/extra_large.jpg
Walmart,8080972,1032870669,WK28_PETS_PAGE07_POS01_ENG-6,,,,,,,,2026-08-13T00:00:00-04:00,2026-08-19T23:59:59-04:00,,5803.52,-32.2,6902.04,-1966.12,http://f.wishabi.net/page_items/429768406/1785960815/extra_large.jpg
Walmart,8080972,1032870716,WK28_PETS_PAGE08_POS01_ENG_NEW-7,,,,,,,,2026-08-13T00:00:00-04:00,2026-08-19T23:59:59-04:00,,6930.0,0.0,8086.49,-199.65,http://f.wishabi.net/page_items/429768416/1785960815/extra_large.jpg
Walmart,8080972,1032870723,WK28_PETS_PAGE08_POS02_NEW-7,,,,,,,,2026-08-13T00:00:00-04:00,2026-08-19T23:59:59-04:00,,6930.0,-3060.96,8086.49,-4091.4,http://f.wishabi.net/page_items/429768418/1785960817/extra_large.jpg
Walmart,8080972,1032870721,WK28_PETS_PAGE08_POS03_NEW-7,,,,,,,,2026-08-13T00:00:00-04:00,2026-08-19T23:59:59-04:00,,6930.0,-197.81,7681.67,-898.88,http://f.wishabi.net/page_items/429768417/1785960816/extra_large.jpg
Walmart,8080972,1032870772,WK28_PETS_PAGE09_POS01_ENG-8,,,,,,,,2026-08-13T00:00:00-04:00,2026-08-19T23:59:59-04:00,,8085.0,-197.81,9241.49,-933.84,http://f.wishabi.net/page_items/429768429/1785960816/extra_large.jpg
Walmart,8080972,1032870782,WK28_PETS_PAGE09_POS02-8,,,,,,,,2026-08-13T00:00:00-04:00,2026-08-19T23:59:59-04:00,,8488.9,-3388.49,9241.49,-4089.56,http://f.wishabi.net/page_items/429768431/1785960817/extra_large.jpg
Walmart,8080972,1032870836,WK28_PETS_PAGE10_POS01_ENG-9,,,,,,,,2026-08-13T00:00:00-04:00,2026-08-19T23:59:59-04:00,,9240.0,0.0,10396.5,-199.65,http://f.wishabi.net/page_items/429768442/1785960815/extra_large.jpg
Walmart,8080972,1032870841,WK28_PETS_PAGE10_POS02-9,,,,,,,,2026-08-13T00:00:00-04:00,2026-08-19T23:59:59-04:00,,9643.9,-197.81,10396.5,-1474.82,http://f.wishabi.net/page_items/429768443/1785960816/extra_large.jpg
Walmart,8080972,1032870843,WK28_PETS_PAGE10_POS03-9,,,,,,,,2026-08-13T00:00:00-04:00,2026-08-19T23:59:59-04:00,,9240.0,-2151.96,9991.67,-3428.97,http://f.wishabi.net/page_items/429768444/1785960817/extra_large.jpg
Walmart,8080972,1032870902,WK28_PETS_PAGE11_POS01-10,,,,,,,,2026-08-13T00:00:00-04:00,2026-08-19T23:59:59-04:00,,10395.0,0.0,11551.5,-685.43,http://f.wishabi.net/page_items/429769893/1785961999/extra_large.jpg
Walmart,8080972,1032870907,WK28_PETS_PAGE11_POS02-10,,,,,,,,2026-08-13T00:00:00-04:00,2026-08-19T23:59:59-04:00,,10395.0,-2100.44,11146.7,-3377.45,http://f.wishabi.net/page_items/429769894/1785962000/extra_large.jpg
Walmart,8080972,1032870950,WK28_PETS_PAGE12_POS01-11,,,,,,,,2026-08-13T00:00:00-04:00,2026-08-19T23:59:59-04:00,,11550.0,0.0,12706.5,-685.43,http://f.wishabi.net/page_items/429768465/1785960816/extra_large.jpg
Walmart,8080972,1032870954,WK28_PETS_PAGE12_POS02-11,,,,,,,,2026-08-13T00:00:00-04:00,2026-08-19T23:59:59-04:00,,11550.0,-1364.41,12706.5,-2050.76,http://f.wishabi.net/page_items/429768466/1785960816/extra_large.jpg
Walmart,8080972,1032870960,WK28_PETS_PAGE12_POS03-11,,,,,,,,2026-08-13T00:00:00-04:00,2026-08-19T23:59:59-04:00,,11550.0,-2729.75,12706.5,-3416.09,http://f.wishabi.net/page_items/429768467/1785960817/extra_large.jpg
Walmart,8033586,1032472853,Waffle henley top,,16.0,,,,$16.0,,2026-07-30T00:00:00-04:00,2026-09-16T23:59:59-04:00,,24576.6,-1873.66,24908.9,-2544.94,http://f.wishabi.net/page_items/430308364/1786464972/extra_large.jpg
Walmart,8080972,1032871072,Walmart Plus,,,,,,,,2026-08-13T00:00:00-04:00,2026-08-19T23:59:59-04:00,,13872.1,-12.15,15580.8,-2020.37,http://f.wishabi.net/page_items/429768689/1785961035/extra_large.jpg
Walmart,8072271,1032307531,Walmart's Canadian Farmers,,,,,,,,2026-08-13T00:00:00-04:00,2026-08-19T23:59:59-04:00,,1975.85,-48.01,2585.23,-387.78,http://f.wishabi.net/page_items/430250813/1786394158/extra_large.jpg
Walmart,8072271,1031570838,Watson Ridge chicken nuggets,Watson Ridge,5.97,,,,$5.97,,2026-08-13T00:00:00-04:00,2026-08-19T23:59:59-04:00,,2978.65,-746.2,3389.18,-965.46,http://f.wishabi.net/page_items/429810319/1786394471/extra_large.jpg
Walmart,8072271,1031502678,Webber Naturals Omega 3-6-9 180s,webber naturals,18.97,,,,$18.97,,2026-08-13T00:00:00-04:00,2026-08-19T23:59:59-04:00,,6353.71,-1782.19,6507.89,-2056.31,http://f.wishabi.net/page_items/429802238/1785993235/extra_large.jpg
Walmart,8072271,1031541872,Webber Naturals Omega-3 80s,webber naturals,18.97,,,,$18.97,,2026-08-13T00:00:00-04:00,2026-08-19T23:59:59-04:00,,6509.71,-1778.19,6657.89,-2054.31,http://f.wishabi.net/page_items/429806967/1785993249/extra_large.jpg
Walmart,8072271,1031498844,Westinghouse Top-Loading Water Dispenser,Westinghouse,124.0,,,,$124.0,,2026-08-13T00:00:00-04:00,2026-08-19T23:59:59-04:00,,1622.59,-1031.71,1894.64,-1265.9,http://f.wishabi.net/page_items/429800993/1786393620/extra_large.jpg
Walmart,8072271,1031502205,Whiskas Perfect Portions 24 x 75 g,Whiskas,24.98,,,,$24.98,,2026-08-13T00:00:00-04:00,2026-08-19T23:59:59-04:00,,5382.54,-1388.62,5633.94,-1507.46,http://f.wishabi.net/page_items/429801877/1785993224/extra_large.jpg
Walmart,8080972,1032870424,"Whiskas Perfect Portions Wet Cat Food, 75g",Whiskas,1.18,,,,$1.18,,2026-08-13T00:00:00-04:00,2026-08-19T23:59:59-04:00,,403.9,-1333.13,751.67,-1995.56,http://f.wishabi.net/page_items/429768347/1785960821/extra_large.jpg
Walmart,8072271,1031565466,Whiskas Perfect pate 24 x 100 g wet cat food variety pack,Whiskas,24.98,,,,$24.98,,2026-08-13T00:00:00-04:00,2026-08-19T23:59:59-04:00,,5382.54,-1506.62,5633.94,-1625.46,http://f.wishabi.net/page_items/429806676/1785993235/extra_large.jpg
Walmart,8072271,1031543496,Whiskas dry cat food,Whiskas,6.98,,,,$6.98,,2026-08-13T00:00:00-04:00,2026-08-19T23:59:59-04:00,,5050.09,-1395.74,5171.65,-1637.03,http://f.wishabi.net/page_items/429806678/1785993236/extra_large.jpg
Walmart,8072271,1031501458,White Cauliflower,,2.94,,,,$2.94,,2026-08-13T00:00:00-04:00,2026-08-19T23:59:59-04:00,,1984.14,-685.36,2087.56,-857.38,http://f.wishabi.net/page_items/429802031/1786394152/extra_large.jpg
Walmart,8033586,1032472733,Women's cinched waist jean,,36.98,,,,$36.98,,2026-07-30T00:00:00-04:00,2026-09-16T23:59:59-04:00,,24172.9,-1413.84,24360.6,-1725.44,http://f.wishabi.net/page_items/430308409/1786464815/extra_large.jpg
Walmart,8072271,1032574442,Wood pencils,,1.0,,,,$1.0,,2026-08-13T00:00:00-04:00,2026-09-16T23:59:59-04:00,,10098.6,-1124.37,10369.5,-1418.29,http://f.wishabi.net/page_items/430356378/1786500162/extra_large.jpg
Walmart,8033586,1030255376,YELLOW STRIPE BLSTER,,,,,,,,2026-07-30T00:00:00-04:00,2026-09-16T23:59:59-04:00,,3354.0,-477.49,3458.0,-513.49,http://f.wishabi.net/page_items/429173390/1785429060/extra_large.jpg
Walmart,8072271,1033390280,Yop strawberry-banana,Yoplait,5.76,,,,$5.76,,2026-08-13T00:00:00-04:00,2026-09-16T23:59:59-04:00,,29432.0,-169.02,29812.6,-473.52,http://f.wishabi.net/page_items/430723914/1786754184/extra_large.jpg
Walmart,8072271,1033390276,Yoplait Tubes yogurt,Yoplait,2.47,,,,$2.47,,2026-08-13T00:00:00-04:00,2026-09-16T23:59:59-04:00,,29430.5,-509.08,29810.1,-819.7,http://f.wishabi.net/page_items/430723865/1786754182/extra_large.jpg
Walmart,8072271,1031570872,Yoplait Yop drinkable yogurt,Yoplait,0.97,,,,$0.97,,2026-08-13T00:00:00-04:00,2026-08-19T23:59:59-04:00,,1168.92,-1530.0,1279.87,-1735.0,http://f.wishabi.net/page_items/429806366/1786393638/extra_large.jpg
Walmart,8033586,1033127785,Young adults' apparel,,,,,,,,2026-07-30T00:00:00-04:00,2026-09-16T23:59:59-04:00,,350.9,-2110.33,658.81,-2517.18,http://f.wishabi.net/page_items/427758925/1784307386/extra_large.jpg
Walmart,8072271,1031501449,Your Fresh Market™ all-purpose potatoes,Your Fresh Market™,3.94,,,,$3.94,,2026-08-13T00:00:00-04:00,2026-08-19T23:59:59-04:00,,2596.96,-55.73,2890.73,-373.0,http://f.wishabi.net/page_items/429802028/1786394151/extra_large.jpg
Walmart,8072271,1031502086,Your Fresh Market™ beef stir fry strips,Your Fresh Market™,15.39,,,,$15.39,,2026-08-13T00:00:00-04:00,2026-08-19T23:59:59-04:00,,4401.16,-832.4,4842.68,-1151.47,http://f.wishabi.net/page_items/429802033/1785993225/extra_large.jpg
Walmart,8072271,1031501422,Your Fresh Market™ muffins,Your Fresh Market™,5.78,,,,$5.78,,2026-08-13T00:00:00-04:00,2026-08-19T23:59:59-04:00,,2450.4,-1364.9,2888.47,-1632.01,http://f.wishabi.net/page_items/429801152/1786394145/extra_large.jpg
Walmart,8072271,1031502059,Yu choy junior,,5.91,,,,$5.91,,2026-08-13T00:00:00-04:00,2026-08-19T23:59:59-04:00,,3934.87,-516.03,4370.48,-819.57,http://f.wishabi.net/page_items/429801329/1785993206/extra_large.jpg
Walmart,8072271,1032544053,"ZDZA Electric Bike 26"", 1000W Peak Motor E-Mountain Bike, 35KM/H 36V 10.4AH Removable Ebike for Adults, 7 Speed Electric Bicycle UL2849",,483.99,,,,$483.99,,2026-08-13T00:00:00-04:00,2026-08-19T23:59:59-04:00,,9326.46,-1398.04,9564.22,-1882.7,http://f.wishabi.net/page_items/430370443/1786485743/extra_large.jpg
Walmart,8072271,1032576674,Zevia Orange Creamsicle soda,Zevia,6.48,,,,$6.48,,2026-08-13T00:00:00-04:00,2026-09-16T23:59:59-04:00,,26110.3,-1095.55,26656.9,-1545.8,http://f.wishabi.net/page_items/430356341/1786500161/extra_large.jpg
Walmart,8072271,1032576666,Zevia Strawberry Lemon Burst soda,Zevia,6.48,,,,$6.48,,2026-08-13T00:00:00-04:00,2026-09-16T23:59:59-04:00,,26716.2,-1091.82,27252.5,-2026.03,http://f.wishabi.net/page_items/430356274/1786500160/extra_large.jpg
Walmart,8080972,1032870644,Zippy Paws Happy Hour Crushers Rose Dog Toy,Zippy Paws,9.97,,,,$9.97,,2026-08-13T00:00:00-04:00,2026-08-19T23:59:59-04:00,,5399.27,-1322.09,5747.04,-1912.75,http://f.wishabi.net/page_items/430250952/1786395237/extra_large.jpg
Walmart,8033586,1026876041,eos body lotion,EOS,16.88,,,,$16.88,,2026-07-30T00:00:00-04:00,2026-09-16T23:59:59-04:00,,13538.2,-1843.15,13850.6,-2509.13,http://f.wishabi.net/page_items/427380772/1784381086/extra_large.jpg
Walmart,8072271,1031780773,financial-services,,,,,,,,2026-08-13T00:00:00-04:00,2026-08-19T23:59:59-04:00,,38269.4,-2431.27,38455.4,-2449.87,http://f.wishabi.net/page_items/429902872/1786396491/extra_large.jpg
Walmart,8072271,1032944969,fx-300MS Plus-2 scientific calculator,,14.97,,,,$14.97,,2026-08-13T00:00:00-04:00,2026-08-19T23:59:59-04:00,,7478.54,-375.99,7770.03,-572.43,http://f.wishabi.net/page_items/430538433/1786586761/extra_large.jpg
Walmart,8072271,1032574467,"iPad Air 11"" Wi-Fi 128GB (M4)",,849.0,,,,$849.0,,2026-08-13T00:00:00-04:00,2026-09-16T23:59:59-04:00,,10467.8,-8.89,10992.0,-615.89,http://f.wishabi.net/page_items/430348967/1786500159/extra_large.jpg
Walmart,8072271,1033153007,iPhone 16 Postpaid phone,Apple,,,,,,,2026-08-13T00:00:00-04:00,2026-08-19T23:59:59-04:00,,37234.9,-863.29,37732.7,-1125.09,http://f.wishabi.net/page_items/430635647/1786654684/extra_large.jpg
Walmart,8072271,1033153004,iPhone 17 Postpaid phone,Apple,,,,,,,2026-08-13T00:00:00-04:00,2026-08-19T23:59:59-04:00,,37234.6,-304.4,37730.7,-565.09,http://f.wishabi.net/page_items/430635644/1786654681/extra_large.jpg
Walmart,8072271,1033153002,iPhone 17 Pro Postpaid phone,Apple,,,,,,,2026-08-13T00:00:00-04:00,2026-08-19T23:59:59-04:00,,37234.0,-576.76,37733.4,-847.65,http://f.wishabi.net/page_items/430635642/1786654680/extra_large.jpg
Walmart,8072271,1032035839,neatfreak! basic hangers,,2.97,,,,$2.97,,2026-08-13T00:00:00-04:00,2026-09-16T23:59:59-04:00,,34783.3,-862.01,35170.0,-1184.17,http://f.wishabi.net/page_items/429840498/1786217436/extra_large.jpg
Walmart,8072271,1032277258,"onn. 11"" tablet (2026)",Onn,199.98,,,,$199.98,,2026-08-13T00:00:00-04:00,2026-09-16T23:59:59-04:00,,16117.8,-1749.13,16740.9,-2487.71,http://f.wishabi.net/page_items/430238527/1786401074/extra_large.jpg
Walmart,8072271,1032574512,"onn. 24"" Full HD monitor",ONN. ™,109.98,,,,$109.98,,2026-08-13T00:00:00-04:00,2026-09-16T23:59:59-04:00,,12880.5,-2018.84,13262.4,-2317.67,http://f.wishabi.net/page_items/430349027/1786500160/extra_large.jpg
Walmart,8033586,1026861159,"onn. 24"" HD 720p TV",,128.0,,,,$128.0,,2026-07-30T00:00:00-04:00,2026-09-16T23:59:59-04:00,,3967.29,-6.27,4250.3,-289.42,http://f.wishabi.net/page_items/427380901/1784386832/extra_large.jpg
Walmart,8072271,1032945055,"onn. 27"" Monitor",Onn,129.98,,,,$129.98,,2026-08-13T00:00:00-04:00,2026-08-19T23:59:59-04:00,,7321.4,-1978.87,7770.2,-2176.87,http://f.wishabi.net/page_items/430538512/1786586775/extra_large.jpg
Walmart,8072271,1032574555,onn. 30W I-port USB-C charger with 3' Type-C cable,Onn,27.98,,,,$27.98,,2026-08-13T00:00:00-04:00,2026-09-16T23:59:59-04:00,,13794.7,-1654.64,14711.7,-2039.61,http://f.wishabi.net/page_items/430352564/1786500160/extra_large.jpg
Walmart,8033586,1030255366,"onn. 55"" 4K UHD HDR TV",Onn,388.0,,,,$388.0,,2026-07-30T00:00:00-04:00,2026-09-16T23:59:59-04:00,,3222.31,-2000.36,3921.69,-2550.53,http://f.wishabi.net/page_items/429173369/1785429057/extra_large.jpg
Walmart,8072271,1032277242,"onn. 8"" Kids' tablet",Onn,149.98,,,,$149.98,,2026-08-13T00:00:00-04:00,2026-09-16T23:59:59-04:00,,16787.1,-298.4,17408.2,-1029.23,http://f.wishabi.net/page_items/430238469/1786401073/extra_large.jpg
Walmart,8072271,1032277274,"onn. 8"" tablet (2026)",,169.98,,,,$169.98,,2026-08-13T00:00:00-04:00,2026-09-16T23:59:59-04:00,,16115.2,-1081.64,17408.5,-1701.12,http://f.wishabi.net/page_items/430238583/1786401075/extra_large.jpg
Walmart,8033586,1026868824,"onn. fixed TV wall mount for 32"" - 86"" TVs",ONN. ™,32.94,,,,$32.94,,2026-07-30T00:00:00-04:00,2026-09-16T23:59:59-04:00,,4277.66,-6.18,4551.93,-287.52,http://f.wishabi.net/page_items/427380893/1784386831/extra_large.jpg
Walmart,8072271,1032574505,onn. wireless mouse and keyboard combo,,19.98,,,,$19.98,,2026-08-13T00:00:00-04:00,2026-09-16T23:59:59-04:00,,13297.9,-2017.19,13683.7,-2320.02,http://f.wishabi.net/page_items/430348982/1786500158/extra_large.jpg
Walmart,8072271,1032576797,vega protein shake 4-pack,Vega,14.97,,,,$14.97,,2026-08-13T00:00:00-04:00,2026-09-16T23:59:59-04:00,,31862.4,-1870.98,32051.0,-2095.96,http://f.wishabi.net/page_items/430347907/1786500161/extra_large.jpg
Walmart,8072271,1031565659,walmart,,,,,,,,2026-08-13T00:00:00-04:00,2026-08-19T23:59:59-04:00,,1353.0,-2417.22,1430.0,-2443.22,http://f.wishabi.net/page_items/429806384/1786393641/extra_large.jpg
